apu_origen_id,apu_v1_id,concepto_id,source_id,dataset_origen,codigo_original,descripcion,unidad,rendimiento_general,costo_directo,porcentaje_indirecto,costo_indirecto,otros_indirectos,costo_total,valor_propuesto,cantidad_componentes,archivo_origen,hoja_origen,fila_inicio,fingerprint_estructura
EC-GAD-DAULE-LPI-GADIMCD-2025-03:0001,APUV1-b448ba2703b7451350bee5a1,APUCON-f82a743ac442cb15edfaa872,EC-GAD-DAULE-LPI-GADIMCD-2025-03,MALECON,1,REPLANTEO Y TRAZADO,m2,0.008000,0.819284,0.2000,0.163857,0.000000,0.983141,0.980000,9,ANALISIS-DE-PRECIOS-UNITARIOS-1-1000-EXCEL.xlsx,sheet1,10,b448ba2703b7451350bee5a10b6f7b65e4e63a443a93f6ee01d1d7b04754571d
EC-GAD-DAULE-LPI-GADIMCD-2025-03:0002,APUV1-75776469b7cb2a0c494f4ac4,APUCON-bba4033b8fe430636633ec99,EC-GAD-DAULE-LPI-GADIMCD-2025-03,MALECON,2,DESBROCE Y LIMPIEZA DEL TERRENO (INCLUYE DESALOJO),m2,0.040000,3.393220,0.2000,0.678644,0.000000,4.071864,4.070000,7,ANALISIS-DE-PRECIOS-UNITARIOS-1-1000-EXCEL.xlsx,sheet1,95,75776469b7cb2a0c494f4ac42cd4cca4378994e5a106606ad551541307dc1574
EC-GAD-DAULE-LPI-GADIMCD-2025-03:0003,APUV1-98534b244c07cd4c85431631,APUCON-d94896114284f128216cb56f,EC-GAD-DAULE-LPI-GADIMCD-2025-03,MALECON,3,CERRAMIENTO PROVISIONAL DE LONA BRANDEADA H=3m,m,0.111000,48.382619,0.2000,9.676524,0.000000,58.059143,58.060000,6,ANALISIS-DE-PRECIOS-UNITARIOS-1-1000-EXCEL.xlsx,sheet1,180,98534b244c07cd4c8543163149bf01350a6ff70b43551f626c751713fc6a5a5f
EC-GAD-DAULE-LPI-GADIMCD-2025-03:0004,APUV1-f48efcf45c9f9c1b77351d12,APUCON-7affdc76673324b0dc5b9ea9,EC-GAD-DAULE-LPI-GADIMCD-2025-03,MALECON,4,"LETRERO INFORMATIVO DE OBRA 3,00x2.50m (INCLUYE ESTRUCTURA METALICA Y LONA REFLECTIVA)",u,5.000900,1147.153486,0.2000,229.430697,0.000000,1376.584183,1376.580000,4,ANALISIS-DE-PRECIOS-UNITARIOS-1-1000-EXCEL.xlsx,sheet1,265,f48efcf45c9f9c1b77351d127c3ffaec8aaf23f9c32ce775b3022395ae4c73f6
EC-GAD-DAULE-LPI-GADIMCD-2025-03:0005,APUV1-adc3b921289dddca0009970b,APUCON-7af3157af270eb1e528e663b,EC-GAD-DAULE-LPI-GADIMCD-2025-03,MALECON,5,BODEGA PROVISIONAL,m2,2.000000,56.534500,0.2000,11.306900,0.000000,67.841400,67.840000,15,ANALISIS-DE-PRECIOS-UNITARIOS-1-1000-EXCEL.xlsx,sheet1,350,adc3b921289dddca0009970bfea0f72c707573ccb121ad5e3815caa4178d2e14
EC-GAD-DAULE-LPI-GADIMCD-2025-03:0006,APUV1-f1cb9932cdd3ad61a274a261,APUCON-66855de4d5c38d3778918220,EC-GAD-DAULE-LPI-GADIMCD-2025-03,MALECON,6,"EXCAVACION MECANICA EN SUELO SIN CLASIFICAR 0,00 < H < 2,00m",m3,0.029760,3.198560,0.2000,0.639712,0.000000,3.838272,3.840000,7,ANALISIS-DE-PRECIOS-UNITARIOS-1-1000-EXCEL.xlsx,sheet1,435,f1cb9932cdd3ad61a274a26179a699159a8b0e62898b87ca99c16c1b933f8582
EC-GAD-DAULE-LPI-GADIMCD-2025-03:0007,APUV1-34b233ad709c151d01f184ea,APUCON-154bc66efa9589c542172f6b,EC-GAD-DAULE-LPI-GADIMCD-2025-03,MALECON,7,DESALOJO DEL MATERIAL SOBRANTE (BOTADERO MUNICIPAL),m3,0.092500,2.916617,0.2000,0.583323,0.000000,3.499941,3.500000,3,ANALISIS-DE-PRECIOS-UNITARIOS-1-1000-EXCEL.xlsx,sheet1,520,34b233ad709c151d01f184ea900c462d2f9c3768eb44b57fc199aab9337e1d3e
EC-GAD-DAULE-LPI-GADIMCD-2025-03:0008,APUV1-57527dab3b1b07812a7c362c,APUCON-a88294e2263cd254550a5617,EC-GAD-DAULE-LPI-GADIMCD-2025-03,MALECON,8,RELLENO COMPACTADO CON RODILLO DE MATERIAL IMPORTADO (INCLUYE TRANSPORTE),m3,0.023750,14.036501,0.2000,2.807300,0.000000,16.843801,16.840000,14,ANALISIS-DE-PRECIOS-UNITARIOS-1-1000-EXCEL.xlsx,sheet1,605,57527dab3b1b07812a7c362c4ac67a49a3d27f58f957d892b6c707473a03baa0
EC-GAD-DAULE-LPI-GADIMCD-2025-03:0009,APUV1-307ea5069e9eb533c326a11b,APUCON-11676ea6edec58571325a200,EC-GAD-DAULE-LPI-GADIMCD-2025-03,MALECON,9,SUMINISTRO DE PILOTES F´C=350 Kg/cm2 DE 40x40 L=25.0m,u,0.000000,2450.000000,0.2000,490.000000,0.000000,2940.000000,2940.000000,2,ANALISIS-DE-PRECIOS-UNITARIOS-1-1000-EXCEL.xlsx,sheet1,690,307ea5069e9eb533c326a11bda45830b2619189c7ecb406ad140d4ed809f462f
EC-GAD-DAULE-LPI-GADIMCD-2025-03:0010,APUV1-bf840277a5e2408786e3ecfa,APUCON-74c28954157a82a89f0047d3,EC-GAD-DAULE-LPI-GADIMCD-2025-03,MALECON,10,SUMINISTRO DE PILOTES F´C=350 Kg/cm2 DE 40x40 L=21.0m,u,0.000000,2058.000000,0.2000,411.600000,0.000000,2469.600000,2469.600000,2,ANALISIS-DE-PRECIOS-UNITARIOS-1-1000-EXCEL.xlsx,sheet1,775,bf840277a5e2408786e3ecfa080515fb36c7b46ccadee439db09c1c365a83a43
EC-GAD-DAULE-LPI-GADIMCD-2025-03:0011,APUV1-f7d483c12951dc28a0c7b78a,APUCON-3e8320fe70f0ee4a8187b927,EC-GAD-DAULE-LPI-GADIMCD-2025-03,MALECON,11,SUMINISTRO DE PILOTES F´C=350 Kg/cm2 DE 40x40 L=17.0m,u,0.000000,1666.000000,0.2000,333.200000,0.000000,1999.200000,1999.200000,2,ANALISIS-DE-PRECIOS-UNITARIOS-1-1000-EXCEL.xlsx,sheet1,860,f7d483c12951dc28a0c7b78a5aef0df3c3ae5b2eee7b044f9eab656427b9c403
EC-GAD-DAULE-LPI-GADIMCD-2025-03:0012,APUV1-12034057b3f1afdf82ca7713,APUCON-39f15b0e285d46b6387fcef2,EC-GAD-DAULE-LPI-GADIMCD-2025-03,MALECON,12,SUMINISTRO DE PILOTES F´C=350 Kg/cm2 DE 40x40 L=13.0m,u,0.000000,1274.000000,0.2000,254.800000,0.000000,1528.800000,1528.800000,2,ANALISIS-DE-PRECIOS-UNITARIOS-1-1000-EXCEL.xlsx,sheet1,945,12034057b3f1afdf82ca771354b54721bf0e844fdfaadb0d18005413618df729
EC-GAD-DAULE-LPI-GADIMCD-2025-03:0013,APUV1-238ee35bb7216a91e0002a29,APUCON-5c179b43b7d7b903ab054df0,EC-GAD-DAULE-LPI-GADIMCD-2025-03,MALECON,13,SUMINISTRO DE PILOTES F´C=350 Kg/cm2 DE 45x45 L=25.0m,u,0.000000,2722.220000,0.2000,544.444000,0.000000,3266.664000,3266.660000,2,ANALISIS-DE-PRECIOS-UNITARIOS-1-1000-EXCEL.xlsx,sheet1,1030,238ee35bb7216a91e0002a29e9f06cf94deafab9ac685753660b4966ef90a665
EC-GAD-DAULE-LPI-GADIMCD-2025-03:0014,APUV1-79e4d32a47b6fdb0cf5489f4,APUCON-60a9717b323215f2e23b5d3e,EC-GAD-DAULE-LPI-GADIMCD-2025-03,MALECON,14,HINCADO Y TRANSPORTE DE PILOTES PREFABRICADOS DE HORMIGON EN TIERRA,m,0.121030,39.285067,0.2000,7.857013,0.000000,47.142081,47.140000,11,ANALISIS-DE-PRECIOS-UNITARIOS-1-1000-EXCEL.xlsx,sheet1,1115,79e4d32a47b6fdb0cf5489f4d715518a3eada0ad7ead78b70f4ec5b893c929af
EC-GAD-DAULE-LPI-GADIMCD-2025-03:0015,APUV1-c3df30990ae9512843152486,APUCON-245c9a5f8567db1bd82a6b63,EC-GAD-DAULE-LPI-GADIMCD-2025-03,MALECON,15,HINCADO Y TRANSPORTE DE PILOTES PREFABRICADOS DE HORMIGON EN AGUA,m,0.242710,123.682468,0.2000,24.736494,0.000000,148.418961,148.420000,13,ANALISIS-DE-PRECIOS-UNITARIOS-1-1000-EXCEL.xlsx,sheet1,1200,c3df30990ae9512843152486af22d3f8f0cecdc83972f56036324b017d7649e5
EC-GAD-DAULE-LPI-GADIMCD-2025-03:0016,APUV1-f8c67e1cb2c4ac3b7324dbe4,APUCON-4f47db4df8c20cfe41e957ea,EC-GAD-DAULE-LPI-GADIMCD-2025-03,MALECON,16,"PRUEBAS DE CARGA DINAMICAS PDA EN PILOTES (PILE DYNAMIC ANALYSIS), SEGUN ASTM D4945-97 (STANDARD TEST METHOD FOR HIGH STRAIN DYNAMIC TESTING OF PILES) D=0.60m",u,0.000000,3200.000000,0.2000,640.000000,0.000000,3840.000000,3840.000000,2,ANALISIS-DE-PRECIOS-UNITARIOS-1-1000-EXCEL.xlsx,sheet1,1285,f8c67e1cb2c4ac3b7324dbe4ad5eee28b87438dbd73d6e8d595a1ffa5a72c00e
EC-GAD-DAULE-LPI-GADIMCD-2025-03:0017,APUV1-cced14bf7231c7780dddc326,APUCON-c0b5f1ce9b75c9080815eb43,EC-GAD-DAULE-LPI-GADIMCD-2025-03,MALECON,17,DESCABEZADO DE PILOTE EN AGUA,u,3.000000,202.889625,0.2000,40.577925,0.000000,243.467550,243.470000,6,ANALISIS-DE-PRECIOS-UNITARIOS-1-1000-EXCEL.xlsx,sheet1,1370,cced14bf7231c7780dddc326147af1462794219ac8752ee0004a965a8aa937eb
EC-GAD-DAULE-LPI-GADIMCD-2025-03:0018,APUV1-f33e22c0bdd3afac7d45e4df,APUCON-631bc7517c637ed21a999ee1,EC-GAD-DAULE-LPI-GADIMCD-2025-03,MALECON,18,DESCABEZADO DE PILOTE EN TIERRA,u,2.000100,75.263513,0.2000,15.052703,0.000000,90.316216,90.320000,5,ANALISIS-DE-PRECIOS-UNITARIOS-1-1000-EXCEL.xlsx,sheet1,1455,f33e22c0bdd3afac7d45e4dfef6d9323ff9b9160d6ee86a5b6963a34da3b0736
EC-GAD-DAULE-LPI-GADIMCD-2025-03:0019,APUV1-f8c67e1cb2c4ac3b7324dbe4,APUCON-4f47db4df8c20cfe41e957ea,EC-GAD-DAULE-LPI-GADIMCD-2025-03,MALECON,19,"PRUEBAS DE CARGA DINAMICAS PDA EN PILOTES (PILE DYNAMIC ANALYSIS), SEGUN ASTM D4945-97 (STANDARD TEST METHOD FOR HIGH STRAIN DYNAMIC TESTING OF PILES) D=0.60m",u,0.000000,3200.000000,0.2000,640.000000,0.000000,3840.000000,3840.000000,2,ANALISIS-DE-PRECIOS-UNITARIOS-1-1000-EXCEL.xlsx,sheet1,1540,f8c67e1cb2c4ac3b7324dbe4ad5eee28b87438dbd73d6e8d595a1ffa5a72c00e
EC-GAD-DAULE-LPI-GADIMCD-2025-03:0020,APUV1-f4633cb7001811f35bf1aacc,APUCON-978b7daa156478e9f4e1c8c3,EC-GAD-DAULE-LPI-GADIMCD-2025-03,MALECON,20,"PILOTE TUBULAR METALICO HINCADO D=0.60m, PERFORADO EN AGUA",m,0.400000,820.356850,0.2000,164.071370,0.000000,984.428220,984.430000,21,ANALISIS-DE-PRECIOS-UNITARIOS-1-1000-EXCEL.xlsx,sheet1,1625,f4633cb7001811f35bf1aacc0e53c48fa3a5b66a19b7703f92916a5a03950901
EC-GAD-DAULE-LPI-GADIMCD-2025-03:0021,APUV1-a03c94345dca2933ed47122c,APUCON-cbe7af2ff220d371b1fb0391,EC-GAD-DAULE-LPI-GADIMCD-2025-03,MALECON,21,"PILOTE TUBULAR METALICO HINCADO D=0.60m, PERFORADO EN TIERRA",m,0.199990,686.114115,0.2000,137.222823,0.000000,823.336938,823.340000,20,ANALISIS-DE-PRECIOS-UNITARIOS-1-1000-EXCEL.xlsx,sheet1,1710,a03c94345dca2933ed47122c4c26e6ddb4a5aa460eeb45c3421259f947fab752
EC-GAD-DAULE-LPI-GADIMCD-2025-03:0022,APUV1-03e1287f0d767e1547be17c7,APUCON-2f2c9d3d698ad877a4e94f22,EC-GAD-DAULE-LPI-GADIMCD-2025-03,MALECON,22,ACERO DE REFUERZO EN BARRAS FY=4200 Kg/cm2,Kg,0.025000,1.931563,0.2000,0.386313,0.000000,2.317875,2.320000,7,ANALISIS-DE-PRECIOS-UNITARIOS-1-1000-EXCEL.xlsx,sheet1,1795,03e1287f0d767e1547be17c7f382c830483aeaa52945a4df6a8be7fafa676a03
EC-GAD-DAULE-LPI-GADIMCD-2025-03:0023,APUV1-6ec285c5522b69d7b32e01c6,APUCON-1e44f906aa4249c611c050d1,EC-GAD-DAULE-LPI-GADIMCD-2025-03,MALECON,23,HORMIGON PREMEZCLADO BOMBEABLE AUTOCOMPACTANTE F´C=350 Kg/cm2 CON INHIBIDOR DE CORROSION DE ALTA RESISTENCIA INICIAL EN PILOTES,m3,1.150000,257.524625,0.2000,51.504925,0.000000,309.029550,309.030000,6,ANALISIS-DE-PRECIOS-UNITARIOS-1-1000-EXCEL.xlsx,sheet1,1880,6ec285c5522b69d7b32e01c679596fb5ae4cb0cf1a5d41694b5536173278d86c
EC-GAD-DAULE-LPI-GADIMCD-2025-03:0024,APUV1-03e1287f0d767e1547be17c7,APUCON-2f2c9d3d698ad877a4e94f22,EC-GAD-DAULE-LPI-GADIMCD-2025-03,MALECON,24,ACERO DE REFUERZO EN BARRAS FY=4200 Kg/cm2,Kg,0.025000,1.931563,0.2000,0.386313,0.000000,2.317875,2.320000,7,ANALISIS-DE-PRECIOS-UNITARIOS-1-1000-EXCEL.xlsx,sheet1,1965,03e1287f0d767e1547be17c7f382c830483aeaa52945a4df6a8be7fafa676a03
EC-GAD-DAULE-LPI-GADIMCD-2025-03:0025,APUV1-f623334eb03dc4a99d9d4fe0,APUCON-b4aabb9b3e2b9fd4f4514321,EC-GAD-DAULE-LPI-GADIMCD-2025-03,MALECON,25,HORMIGON ESTRUCTURAL/CEMENTO PORTLAND CL.-A; F'C=350 Kg/cm2 (INCLUYE CURADO),m3,1.750000,198.332500,0.2000,39.666500,0.000000,237.999000,238.000000,8,ANALISIS-DE-PRECIOS-UNITARIOS-1-1000-EXCEL.xlsx,sheet1,2050,f623334eb03dc4a99d9d4fe02c576ced6be7a783ad6295c4d1cab15f76f03560
EC-GAD-DAULE-LPI-GADIMCD-2025-03:0026,APUV1-032bc02611b234f39f13de0e,APUCON-9a2424c95a8127904ac5c99b,EC-GAD-DAULE-LPI-GADIMCD-2025-03,MALECON,26,"SUMINISTRO DE VIGAS T, SEGUN DISEÑO",m,0.000000,117.590000,0.2000,23.518000,0.000000,141.108000,141.110000,2,ANALISIS-DE-PRECIOS-UNITARIOS-1-1000-EXCEL.xlsx,sheet1,2135,032bc02611b234f39f13de0ed4914c0e5ffc4317adef072dda2a9446cb2982fa
EC-GAD-DAULE-LPI-GADIMCD-2025-03:0027,APUV1-d928f898fd003bd13567f1e9,APUCON-daab8f4792ebf7dc72e24c22,EC-GAD-DAULE-LPI-GADIMCD-2025-03,MALECON,27,"SUMINISTRO DE VIGAS DOBLE T, ANCHO= 1,40m A 1,70m",m,0.000000,108.880000,0.2000,21.776000,0.000000,130.656000,130.660000,2,ANALISIS-DE-PRECIOS-UNITARIOS-1-1000-EXCEL.xlsx,sheet1,2220,d928f898fd003bd13567f1e9c9e9bce859f562ccb92e2eaa93eb3a22b2000911
EC-GAD-DAULE-LPI-GADIMCD-2025-03:0028,APUV1-031893bfb56e83d2595e6b8d,APUCON-a811271b6404aec3033c8cdb,EC-GAD-DAULE-LPI-GADIMCD-2025-03,MALECON,28,"SUMINISTRO DE VIGAS DOBLE T TIPOX, ANCHO= 1,71m A 2,11m",m,0.000000,122.210000,0.2000,24.442000,0.000000,146.652000,146.650000,2,ANALISIS-DE-PRECIOS-UNITARIOS-1-1000-EXCEL.xlsx,sheet1,2305,031893bfb56e83d2595e6b8d6fdfb84817947e38747b838732c4e48e3cb7d9e2
EC-GAD-DAULE-LPI-GADIMCD-2025-03:0029,APUV1-fcd1f45b07b5c776220be209,APUCON-d230d226bb98a3bef0038eef,EC-GAD-DAULE-LPI-GADIMCD-2025-03,MALECON,29,COLOCACION Y TRANSPORTE DE VIGAS T - VIGA DOBLE T - VIGA L,m,0.250000,47.214500,0.2000,9.442900,0.000000,56.657400,56.660000,5,ANALISIS-DE-PRECIOS-UNITARIOS-1-1000-EXCEL.xlsx,sheet1,2390,fcd1f45b07b5c776220be20949fe2fe8fa5a205b8edd41d8c58920ee6db25a11
EC-GAD-DAULE-LPI-GADIMCD-2025-03:0030,APUV1-4da4579ca028833f36c38edc,APUCON-9fc21dea5765984f368e2e44,EC-GAD-DAULE-LPI-GADIMCD-2025-03,MALECON,30,"SUMINISTRO DE VIGAS L, SEGUN DISEÑO",m,0.000000,144.530000,0.2000,28.906000,0.000000,173.436000,173.440000,2,ANALISIS-DE-PRECIOS-UNITARIOS-1-1000-EXCEL.xlsx,sheet1,2475,4da4579ca028833f36c38edc9f8523cdd40d4a9c4bca1221aa8415e1f1c2414d
EC-GAD-DAULE-LPI-GADIMCD-2025-03:0031,APUV1-7dbd281ea35da9b2b77bcc51,APUCON-501151ae534cf2925cf37b9a,EC-GAD-DAULE-LPI-GADIMCD-2025-03,MALECON,31,SUMINISTRO DE VIGA RECTANGULAR 250 X 470,m,0.000000,109.030000,0.2000,21.806000,0.000000,130.836000,130.840000,2,ANALISIS-DE-PRECIOS-UNITARIOS-1-1000-EXCEL.xlsx,sheet1,2560,7dbd281ea35da9b2b77bcc51365fe3a242343b8a5fec6d88ad6e159b5da3e280
EC-GAD-DAULE-LPI-GADIMCD-2025-03:0032,APUV1-5e4719deb0e68ed0df4dfeeb,APUCON-0693742c22d576e5ae32ce34,EC-GAD-DAULE-LPI-GADIMCD-2025-03,MALECON,32,COLOCACION Y TRANSPORTE DE VIGA RECTANGULAR 250 X 470,m,0.300000,56.657400,0.2000,11.331480,0.000000,67.988880,67.990000,5,ANALISIS-DE-PRECIOS-UNITARIOS-1-1000-EXCEL.xlsx,sheet1,2645,5e4719deb0e68ed0df4dfeeb86a147769cd4946793959ac62c8a511a0f154d90
EC-GAD-DAULE-LPI-GADIMCD-2025-03:0033,APUV1-5aaa11bdfe6f76afda4652f1,APUCON-76f225aa2b4b202b19fa6d4f,EC-GAD-DAULE-LPI-GADIMCD-2025-03,MALECON,33,SUMINISTRO DE VIGA R19R,m,0.000000,64.960000,0.2000,12.992000,0.000000,77.952000,77.950000,2,ANALISIS-DE-PRECIOS-UNITARIOS-1-1000-EXCEL.xlsx,sheet1,2730,5aaa11bdfe6f76afda4652f15f1681ea35cd9400f5ecdfc77a6bfd4a8f570da8
EC-GAD-DAULE-LPI-GADIMCD-2025-03:0034,APUV1-5893fbe960c472491448a9a5,APUCON-b4c0f73fc2af4391df23d22c,EC-GAD-DAULE-LPI-GADIMCD-2025-03,MALECON,34,COLOCACION Y TRANSPORTE DE VIGAS R19R,m,0.120000,36.462960,0.2000,7.292592,0.000000,43.755552,43.760000,6,ANALISIS-DE-PRECIOS-UNITARIOS-1-1000-EXCEL.xlsx,sheet1,2815,5893fbe960c472491448a9a5b35cb78f7d18a07390071bd00a914a77687b8812
EC-GAD-DAULE-LPI-GADIMCD-2025-03:0035,APUV1-587fe4ddd71760b75b41cb68,APUCON-cce645c0712f69269ef214c6,EC-GAD-DAULE-LPI-GADIMCD-2025-03,MALECON,35,SUMINISTRO DE VIGA R14R,m,0.000000,17.630000,0.2000,3.526000,0.000000,21.156000,21.160000,2,ANALISIS-DE-PRECIOS-UNITARIOS-1-1000-EXCEL.xlsx,sheet1,2900,587fe4ddd71760b75b41cb68b0ea9cf6e48a036ebefa26ee242131b1ba4daa45
EC-GAD-DAULE-LPI-GADIMCD-2025-03:0036,APUV1-f367e4a54bb8144628775292,APUCON-a4168bc6848fa0cd80e42b4b,EC-GAD-DAULE-LPI-GADIMCD-2025-03,MALECON,36,COLOCACION Y TRANSPORTE DE VIGA R14R,m,0.216500,35.475257,0.2000,7.095051,0.000000,42.570308,42.570000,5,ANALISIS-DE-PRECIOS-UNITARIOS-1-1000-EXCEL.xlsx,sheet1,2985,f367e4a54bb81446287752928f6f034f6738f9b3e952d1972dc898b6c3dcaa90
EC-GAD-DAULE-LPI-GADIMCD-2025-03:0037,APUV1-a6f116ced3ac75bafc30d43f,APUCON-2b0bf0a19c9804a9e06664a1,EC-GAD-DAULE-LPI-GADIMCD-2025-03,MALECON,37,"SUMINISTRO E INSTALACION DE JUNTAS ELASTOMERICAS DE DILATACION, DE ACUERDO A ESPECIFICACIONES TECNICAS.",m,0.993700,490.296634,0.2000,98.059327,0.000000,588.355961,588.360000,4,ANALISIS-DE-PRECIOS-UNITARIOS-1-1000-EXCEL.xlsx,sheet1,3070,a6f116ced3ac75bafc30d43f664ac1f61c5937f610fdaf22da3a7f8c6654e797
EC-GAD-DAULE-LPI-GADIMCD-2025-03:0038,APUV1-f623334eb03dc4a99d9d4fe0,APUCON-b4aabb9b3e2b9fd4f4514321,EC-GAD-DAULE-LPI-GADIMCD-2025-03,MALECON,38,HORMIGON ESTRUCTURAL/CEMENTO PORTLAND CL.-A; F'C=350 Kg/cm2 (INCLUYE CURADO),m3,1.750000,198.332500,0.2000,39.666500,0.000000,237.999000,238.000000,8,ANALISIS-DE-PRECIOS-UNITARIOS-1-1000-EXCEL.xlsx,sheet1,3155,f623334eb03dc4a99d9d4fe02c576ced6be7a783ad6295c4d1cab15f76f03560
EC-GAD-DAULE-LPI-GADIMCD-2025-03:0039,APUV1-03e1287f0d767e1547be17c7,APUCON-2f2c9d3d698ad877a4e94f22,EC-GAD-DAULE-LPI-GADIMCD-2025-03,MALECON,39,ACERO DE REFUERZO EN BARRAS FY=4200 Kg/cm2,Kg,0.025000,1.931563,0.2000,0.386313,0.000000,2.317875,2.320000,7,ANALISIS-DE-PRECIOS-UNITARIOS-1-1000-EXCEL.xlsx,sheet1,3240,03e1287f0d767e1547be17c7f382c830483aeaa52945a4df6a8be7fafa676a03
EC-GAD-DAULE-LPI-GADIMCD-2025-03:0040,APUV1-540f5ac3f70478fce4e8d4a2,APUCON-ae752b87c39917f29f3aa691,EC-GAD-DAULE-LPI-GADIMCD-2025-03,MALECON,40,HORMIGON PREMEZCLADO F´C=180 Kg/cm2PARA REPLANTILLO INCLUYE ENCOFRADO,m3,1.750500,175.301003,0.2000,35.060201,0.000000,210.361204,210.360000,8,ANALISIS-DE-PRECIOS-UNITARIOS-1-1000-EXCEL.xlsx,sheet1,3325,540f5ac3f70478fce4e8d4a2061ec2f90eb83a4fac3aa34bcdcdf1494412f178
EC-GAD-DAULE-LPI-GADIMCD-2025-03:0041,APUV1-47f96e8a80fd17d18034103d,APUCON-e8192d05469acfe5d28e5529,EC-GAD-DAULE-LPI-GADIMCD-2025-03,MALECON,41,"MALLA ELECTROSOLDADA 15x15 - 5,5mm",m2,0.045000,5.021822,0.2000,1.004365,0.000000,6.026187,6.030000,9,ANALISIS-DE-PRECIOS-UNITARIOS-1-1000-EXCEL.xlsx,sheet1,3410,47f96e8a80fd17d18034103ddc91b9f679b4ef05f5f52163a1d36b5333f13478
EC-GAD-DAULE-LPI-GADIMCD-2025-03:0042,APUV1-39b06b8481a40e498e99fb22,APUCON-a24b00e8d4936f6861c581d2,EC-GAD-DAULE-LPI-GADIMCD-2025-03,MALECON,42,SUMINISTRO Y FABRICACION DE ELEMENTOS DE ACERO ESTRUCTURAL ASTM A-588,Kg,0.016300,2.409036,0.2000,0.481807,0.000000,2.890843,2.890000,14,ANALISIS-DE-PRECIOS-UNITARIOS-1-1000-EXCEL.xlsx,sheet1,3495,39b06b8481a40e498e99fb22521381712ce19bda0d2eec5166b2dd4aa591d146
EC-GAD-DAULE-LPI-GADIMCD-2025-03:0043,APUV1-8f36933c6102ecbb55bf707f,APUCON-88622254115b63bdc86eccc1,EC-GAD-DAULE-LPI-GADIMCD-2025-03,MALECON,43,MONTAJE DE ELEMENTOS DE ACERO ESTRUCTURAL ASTM A-588,Kg,0.002350,0.463532,0.2000,0.092706,0.000000,0.556238,0.560000,5,ANALISIS-DE-PRECIOS-UNITARIOS-1-1000-EXCEL.xlsx,sheet1,3580,8f36933c6102ecbb55bf707fc5bf9386d4367e1f3064d46b1cd2280c00ce1546
EC-GAD-DAULE-LPI-GADIMCD-2025-03:0044,APUV1-f8d5675c56756cb927fbc31f,APUCON-59d3109448b1462e400ac914,EC-GAD-DAULE-LPI-GADIMCD-2025-03,MALECON,44,SUMINISTRO E INSTALACION DE CORNAMUSAS GALVANIZADAS,u,1.000000,454.756500,0.2000,90.951300,0.000000,545.707800,545.710000,6,ANALISIS-DE-PRECIOS-UNITARIOS-1-1000-EXCEL.xlsx,sheet1,3665,f8d5675c56756cb927fbc31faac1c9f1fc55d378f31e218e8f5b25b2353fdf84
EC-GAD-DAULE-LPI-GADIMCD-2025-03:0045,APUV1-c319ab8111c049c6b68a9d17,APUCON-f10d689c43abf0d586c8df7b,EC-GAD-DAULE-LPI-GADIMCD-2025-03,MALECON,45,SUMINISTRO E INSTALACION DE DECK DE MADERA PLASTICA PARA PISO,m2,1.500000,145.950000,0.2000,29.190000,0.000000,175.140000,175.140000,6,ANALISIS-DE-PRECIOS-UNITARIOS-1-1000-EXCEL.xlsx,sheet1,3750,c319ab8111c049c6b68a9d17eecc039cdb40ae49b4edeb86373b2dbe178b5b2c
EC-GAD-DAULE-LPI-GADIMCD-2025-03:0046,APUV1-f26eedfa22d7c828a84dd3ee,APUCON-df8612dbdcb6fbe65d48ae94,EC-GAD-DAULE-LPI-GADIMCD-2025-03,MALECON,46,SUMINISTRO E INSTALACION DE PORCELANATO 18.5X150X9mm,m2,0.500000,54.652000,0.2000,10.930400,0.000000,65.582400,65.580000,9,ANALISIS-DE-PRECIOS-UNITARIOS-1-1000-EXCEL.xlsx,sheet1,3835,f26eedfa22d7c828a84dd3ee402ac1df82a7052984033ba09cb5ecb8e228657d
EC-GAD-DAULE-LPI-GADIMCD-2025-03:0047,APUV1-03f88bd1a42b4b8444ae5187,APUCON-6984530abb68d2e7b21c3762,EC-GAD-DAULE-LPI-GADIMCD-2025-03,MALECON,47,SUMINISTRO E INSTALACION DE BARANDA METALICA (INCLUYE PINTURA),m,0.750000,97.287230,0.2000,19.457446,0.000000,116.744676,116.740000,11,ANALISIS-DE-PRECIOS-UNITARIOS-1-1000-EXCEL.xlsx,sheet1,3920,03f88bd1a42b4b8444ae51870a35661181587ded9828707f366c4dac2e046a6e
EC-GAD-DAULE-LPI-GADIMCD-2025-03:0048,APUV1-2002fcd95b8722bf135b7365,APUCON-da08326ca763a093af19f9b5,EC-GAD-DAULE-LPI-GADIMCD-2025-03,MALECON,48,ACERO ESTRUCTURAL (A36),Kg,0.025000,5.034400,0.2000,1.006880,0.000000,6.041280,6.040000,17,ANALISIS-DE-PRECIOS-UNITARIOS-1-1000-EXCEL.xlsx,sheet1,4005,2002fcd95b8722bf135b73655387141c30448e61c378b193b47621c5376db821
EC-GAD-DAULE-LPI-GADIMCD-2025-03:0049,APUV1-03e1287f0d767e1547be17c7,APUCON-2f2c9d3d698ad877a4e94f22,EC-GAD-DAULE-LPI-GADIMCD-2025-03,MALECON,49,ACERO DE REFUERZO EN BARRAS FY=4200 Kg/cm2,Kg,0.025000,1.931563,0.2000,0.386313,0.000000,2.317875,2.320000,7,ANALISIS-DE-PRECIOS-UNITARIOS-1-1000-EXCEL.xlsx,sheet1,4090,03e1287f0d767e1547be17c7f382c830483aeaa52945a4df6a8be7fafa676a03
EC-GAD-DAULE-LPI-GADIMCD-2025-03:0050,APUV1-f623334eb03dc4a99d9d4fe0,APUCON-b4aabb9b3e2b9fd4f4514321,EC-GAD-DAULE-LPI-GADIMCD-2025-03,MALECON,50,HORMIGON ESTRUCTURAL/CEMENTO PORTLAND CL.-A; F'C=350 Kg/cm2 (INCLUYE CURADO),m3,1.750000,198.332500,0.2000,39.666500,0.000000,237.999000,238.000000,8,ANALISIS-DE-PRECIOS-UNITARIOS-1-1000-EXCEL.xlsx,sheet1,4175,f623334eb03dc4a99d9d4fe02c576ced6be7a783ad6295c4d1cab15f76f03560
EC-GAD-DAULE-LPI-GADIMCD-2025-03:0051,APUV1-9696e9d58e89ae43ad364a8f,APUCON-e2a993d8d97b1315284e5254,EC-GAD-DAULE-LPI-GADIMCD-2025-03,MALECON,51,ROTURA Y DESALOJO DE HORMIGON,m3,0.150000,11.940225,0.2000,2.388045,0.000000,14.328270,14.330000,6,ANALISIS-DE-PRECIOS-UNITARIOS-1-1000-EXCEL.xlsx,sheet1,4260,9696e9d58e89ae43ad364a8ff76a112478a8f030a2e52b1a4407c7abe622fd9f
EC-GAD-DAULE-LPI-GADIMCD-2025-03:0052,APUV1-57527dab3b1b07812a7c362c,APUCON-a88294e2263cd254550a5617,EC-GAD-DAULE-LPI-GADIMCD-2025-03,MALECON,52,RELLENO COMPACTADO CON RODILLO DE MATERIAL IMPORTADO (INCLUYE TRANSPORTE),m3,0.023750,14.036501,0.2000,2.807300,0.000000,16.843801,16.840000,14,ANALISIS-DE-PRECIOS-UNITARIOS-1-1000-EXCEL.xlsx,sheet1,4345,57527dab3b1b07812a7c362c4ac67a49a3d27f58f957d892b6c707473a03baa0
EC-GAD-DAULE-LPI-GADIMCD-2025-03:0053,APUV1-a313473160da69ba0380eacc,APUCON-1a8b79caa9359003c1500b2f,EC-GAD-DAULE-LPI-GADIMCD-2025-03,MALECON,53,"SUMINISTRO E INSTALACION DE MATERIAL SUB-BASE CLASE 1A (INCLUYE TENDIDO CONFORMACION, COMPACTACION Y TRANSPORTE)",m3,0.038500,16.659094,0.2000,3.331819,0.000000,19.990913,19.990000,14,ANALISIS-DE-PRECIOS-UNITARIOS-1-1000-EXCEL.xlsx,sheet1,4430,a313473160da69ba0380eacc6857c7a2d8f7e1a20535a20a1eda93e9e3a2f14f
EC-GAD-DAULE-LPI-GADIMCD-2025-03:0054,APUV1-6cbefe7a4220fda980b2d544,APUCON-7c32707892258b04438e1e7e,EC-GAD-DAULE-LPI-GADIMCD-2025-03,MALECON,54,"SUMINISTRO E INSTALACION DE MATERIAL BASE CLASE 1A (INCLUYE TENDIDO, CONFORMACION, COMPACTACION Y TRANSPORTE)",m3,0.038000,25.407125,0.2000,5.081425,0.000000,30.488550,30.490000,14,ANALISIS-DE-PRECIOS-UNITARIOS-1-1000-EXCEL.xlsx,sheet1,4515,6cbefe7a4220fda980b2d54421e2fc5ce32b881a0abc24370e0547325e1144bf
EC-GAD-DAULE-LPI-GADIMCD-2025-03:0055,APUV1-3284e037c0661e8cb2ed7a21,APUCON-d063eba320f0a0a66f676330,EC-GAD-DAULE-LPI-GADIMCD-2025-03,MALECON,55,HORMIGON PAVIMENTADO 4.5 MPA PARA CALLES (INCLUIDO CURADO Y JUNTAS),m3,2.600000,251.720400,0.2000,50.344080,0.000000,302.064480,302.060000,13,ANALISIS-DE-PRECIOS-UNITARIOS-1-1000-EXCEL.xlsx,sheet1,4600,3284e037c0661e8cb2ed7a2168c2a42ad67d2fe6635e52f81d70577c941dc60e
EC-GAD-DAULE-LPI-GADIMCD-2025-03:0056,APUV1-835f1420a93191b49ccda564,APUCON-edfe5a4e260755764a3e3e1f,EC-GAD-DAULE-LPI-GADIMCD-2025-03,MALECON,56,BORDILLO CUNETA F´C= 210 Kg/cm2,m,0.200000,26.904800,0.2000,5.380960,0.000000,32.285760,32.290000,11,ANALISIS-DE-PRECIOS-UNITARIOS-1-1000-EXCEL.xlsx,sheet1,4685,835f1420a93191b49ccda564b310bbd7a3c1fe1520491e0eef5bc6b9edaa12c5
EC-GAD-DAULE-LPI-GADIMCD-2025-03:0057,APUV1-aacf15148d6a108872581c1f,APUCON-6e9979691429ffc0ef6bd4bc,EC-GAD-DAULE-LPI-GADIMCD-2025-03,MALECON,57,"ACERA F´C=210 Kg/cm2, E=10cm",m2,0.200000,19.562750,0.2000,3.912550,0.000000,23.475300,23.480000,9,ANALISIS-DE-PRECIOS-UNITARIOS-1-1000-EXCEL.xlsx,sheet1,4770,aacf15148d6a108872581c1f80ebe9c67e04de28028af4c316646738756cd370
EC-GAD-DAULE-LPI-GADIMCD-2025-03:0058,APUV1-649b3a2e7ff0bf4282ff139e,APUCON-0d037aefb0c9f8a27588850e,EC-GAD-DAULE-LPI-GADIMCD-2025-03,MALECON,58,HORMIGON PREMEZCLADO F'C=210 Kg/cm2 PARA RAMPAS (INCLUYE ENCOFRADO),m3,2.500000,212.888750,0.2000,42.577750,0.000000,255.466500,255.470000,9,ANALISIS-DE-PRECIOS-UNITARIOS-1-1000-EXCEL.xlsx,sheet1,4855,649b3a2e7ff0bf4282ff139e459762cc78446512003f62a1cdbddd51d657654f
EC-GAD-DAULE-LPI-GADIMCD-2025-03:0059,APUV1-335516869dda954419e88ee1,APUCON-6bcbcea3a1a3167207659cf2,EC-GAD-DAULE-LPI-GADIMCD-2025-03,MALECON,59,SUMINISTRO E INSTALACION DE TACHAS RETROREFLECTIVAS,u,0.100000,8.025150,0.2000,1.605030,0.000000,9.630180,9.630000,8,ANALISIS-DE-PRECIOS-UNITARIOS-1-1000-EXCEL.xlsx,sheet1,4940,335516869dda954419e88ee145d78380a6347b31533833d8ec304e8aaf0c4071
EC-GAD-DAULE-LPI-GADIMCD-2025-03:0060,APUV1-d43c920620200de656a91c1b,APUCON-4b5d6def8bc2c8cdab6f647f,EC-GAD-DAULE-LPI-GADIMCD-2025-03,MALECON,60,SUMINISTRO E INSTALACION DE DELINEADOR VERTICAL,u,0.150000,27.080575,0.2000,5.416115,0.000000,32.496690,32.500000,4,ANALISIS-DE-PRECIOS-UNITARIOS-1-1000-EXCEL.xlsx,sheet1,5025,d43c920620200de656a91c1b4cdf2bfee99fbde1bec3a10519ba7b8819aa8a7b
EC-GAD-DAULE-LPI-GADIMCD-2025-03:0061,APUV1-1c2237c0348fc999ecf3d3ec,APUCON-983bd48efdf2580e5e32dd37,EC-GAD-DAULE-LPI-GADIMCD-2025-03,MALECON,61,"SEÑALIZACION HORIZONTAL CON PINTURA TERMOPLASTICA E=2.3mm, LINEAS DE A=15cm (INCLUYE MICROESFERA)",m,0.020000,5.677070,0.2000,1.135414,0.000000,6.812484,6.810000,16,ANALISIS-DE-PRECIOS-UNITARIOS-1-1000-EXCEL.xlsx,sheet1,5110,1c2237c0348fc999ecf3d3ecb8a1ba8056848bab58f5a750b42b087bc1d00801
EC-GAD-DAULE-LPI-GADIMCD-2025-03:0062,APUV1-28ee68eefb79b2a51a045c40,APUCON-bc00562608f1c4a0eef65fe3,EC-GAD-DAULE-LPI-GADIMCD-2025-03,MALECON,62,DEMARCACION VIAL CON PINTURA TERMOPLASTICA ALTO TRAFICO (INCLUYE MICROESFERA),m2,0.120000,54.843880,0.2000,10.968776,0.000000,65.812656,65.810000,11,ANALISIS-DE-PRECIOS-UNITARIOS-1-1000-EXCEL.xlsx,sheet1,5195,28ee68eefb79b2a51a045c40b47ff4c809d30182e5af0044e2345db62a838751
EC-GAD-DAULE-LPI-GADIMCD-2025-03:0063,APUV1-03e1287f0d767e1547be17c7,APUCON-2f2c9d3d698ad877a4e94f22,EC-GAD-DAULE-LPI-GADIMCD-2025-03,MALECON,63,ACERO DE REFUERZO EN BARRAS FY=4200 Kg/cm2,Kg,0.025000,1.931563,0.2000,0.386313,0.000000,2.317875,2.320000,7,ANALISIS-DE-PRECIOS-UNITARIOS-1-1000-EXCEL.xlsx,sheet1,5280,03e1287f0d767e1547be17c7f382c830483aeaa52945a4df6a8be7fafa676a03
EC-GAD-DAULE-LPI-GADIMCD-2025-03:0064,APUV1-f623334eb03dc4a99d9d4fe0,APUCON-b4aabb9b3e2b9fd4f4514321,EC-GAD-DAULE-LPI-GADIMCD-2025-03,MALECON,64,HORMIGON ESTRUCTURAL/CEMENTO PORTLAND CL.-A; F'C=350 Kg/cm2 (INCLUYE CURADO),m3,1.750000,198.332500,0.2000,39.666500,0.000000,237.999000,238.000000,8,ANALISIS-DE-PRECIOS-UNITARIOS-1-1000-EXCEL.xlsx,sheet1,5365,f623334eb03dc4a99d9d4fe02c576ced6be7a783ad6295c4d1cab15f76f03560
EC-GAD-DAULE-LPI-GADIMCD-2025-03:0065,APUV1-03f88bd1a42b4b8444ae5187,APUCON-6984530abb68d2e7b21c3762,EC-GAD-DAULE-LPI-GADIMCD-2025-03,MALECON,65,SUMINISTRO E INSTALACION DE BARANDA METALICA (INCLUYE PINTURA),m,0.750000,97.287230,0.2000,19.457446,0.000000,116.744676,116.740000,11,ANALISIS-DE-PRECIOS-UNITARIOS-1-1000-EXCEL.xlsx,sheet1,5450,03f88bd1a42b4b8444ae51870a35661181587ded9828707f366c4dac2e046a6e
EC-GAD-DAULE-LPI-GADIMCD-2025-03:0066,APUV1-c6c96a8913ad7eab236a1542,APUCON-e90be3b5bf98692cc735a5be,EC-GAD-DAULE-LPI-GADIMCD-2025-03,MALECON,66,"CERRAMIENTO PERIMETRAL TUBULAR DE ACERO GALVANIZADO SEGUN DISEÑO, H=2m",m,2.500000,212.188350,0.2000,42.437670,0.000000,254.626020,254.630000,15,ANALISIS-DE-PRECIOS-UNITARIOS-1-1000-EXCEL.xlsx,sheet1,5535,c6c96a8913ad7eab236a1542d06e6d8763bbef02502561926fccd220371ffede
EC-GAD-DAULE-LPI-GADIMCD-2025-03:0067,APUV1-aa0af708aad811c0537d867c,APUCON-038a76241eaf3f56858c2749,EC-GAD-DAULE-LPI-GADIMCD-2025-03,MALECON,67,"LETRAS CORPOREAS AUTOILUMINADAS ""MALECON AURORA"" SOBRE PILARES DE INGRESO PRINCIPAL",u,6.000000,2832.687000,0.2000,566.537400,0.000000,3399.224400,3399.220000,6,ANALISIS-DE-PRECIOS-UNITARIOS-1-1000-EXCEL.xlsx,sheet1,5620,aa0af708aad811c0537d867c774a67537e23381cfad6b786af5d07d1ef859e20
EC-GAD-DAULE-LPI-GADIMCD-2025-03:0068,APUV1-6f68491c2f9bd5e08a7196bc,APUCON-b177200fa3c1d3b2f1b46421,EC-GAD-DAULE-LPI-GADIMCD-2025-03,MALECON,68,PUERTA DE INGRESO DESLIZABLE P1 (10.00X2.00)m,u,6.000000,2416.556400,0.2000,483.311280,0.000000,2899.867680,2899.870000,17,ANALISIS-DE-PRECIOS-UNITARIOS-1-1000-EXCEL.xlsx,sheet1,5705,6f68491c2f9bd5e08a7196bc9ccdc41ce1a2bc3a14363e574fed0afd9e96623d
EC-GAD-DAULE-LPI-GADIMCD-2025-03:0069,APUV1-1822f4e457418e275f2ae644,APUCON-f701aa5336b013fb8dfbfa8a,EC-GAD-DAULE-LPI-GADIMCD-2025-03,MALECON,69,PUERTA DE INGRESO ABATIBLE P2 (10.00X2.00) m,u,6.000000,2390.396400,0.2000,478.079280,0.000000,2868.475680,2868.480000,16,ANALISIS-DE-PRECIOS-UNITARIOS-1-1000-EXCEL.xlsx,sheet1,5790,1822f4e457418e275f2ae6443df9d04fa58f2af786349a5445ccc9e2bbd5cab0
EC-GAD-DAULE-LPI-GADIMCD-2025-03:0070,APUV1-c1597ea618007141b0d53ac2,APUCON-0dd79f793aabd6bbb03d8948,EC-GAD-DAULE-LPI-GADIMCD-2025-03,MALECON,70,PUERTA DE INGRESO ABATIBLE P3 (4.00X2.00) m,u,5.000000,1160.082000,0.2000,232.016400,0.000000,1392.098400,1392.100000,16,ANALISIS-DE-PRECIOS-UNITARIOS-1-1000-EXCEL.xlsx,sheet1,5875,c1597ea618007141b0d53ac20014a4d2e6a692b2c936a30a1272b90c4c5f6803
EC-GAD-DAULE-LPI-GADIMCD-2025-03:0071,APUV1-1c2237c0348fc999ecf3d3ec,APUCON-983bd48efdf2580e5e32dd37,EC-GAD-DAULE-LPI-GADIMCD-2025-03,MALECON,71,"SEÑALIZACION HORIZONTAL CON PINTURA TERMOPLASTICA E=2.3mm, LINEAS DE A=15cm (INCLUYE MICROESFERA)",m,0.020000,5.677490,0.2000,1.135498,0.000000,6.812988,6.810000,16,ANALISIS-DE-PRECIOS-UNITARIOS-1-1000-EXCEL.xlsx,sheet1,5960,1c2237c0348fc999ecf3d3ecb8a1ba8056848bab58f5a750b42b087bc1d00801
EC-GAD-DAULE-LPI-GADIMCD-2025-03:0072,APUV1-28ee68eefb79b2a51a045c40,APUCON-bc00562608f1c4a0eef65fe3,EC-GAD-DAULE-LPI-GADIMCD-2025-03,MALECON,72,DEMARCACION VIAL CON PINTURA TERMOPLASTICA ALTO TRAFICO (INCLUYE MICROESFERA),m2,0.120000,54.843880,0.2000,10.968776,0.000000,65.812656,65.810000,11,ANALISIS-DE-PRECIOS-UNITARIOS-1-1000-EXCEL.xlsx,sheet1,6045,28ee68eefb79b2a51a045c40b47ff4c809d30182e5af0044e2345db62a838751
EC-GAD-DAULE-LPI-GADIMCD-2025-03:0073,APUV1-759e38f8553eb4e6f2bbf2ef,APUCON-83bbbc1c4c5469b049793a85,EC-GAD-DAULE-LPI-GADIMCD-2025-03,MALECON,73,"SUMINISTRO E INSTALACION DE SEÑALETICA VERTICAL ""LIMITE DE VELOCIDAD""",u,3.000000,238.869100,0.2000,47.773820,0.000000,286.642920,286.640000,8,ANALISIS-DE-PRECIOS-UNITARIOS-1-1000-EXCEL.xlsx,sheet1,6130,759e38f8553eb4e6f2bbf2efb797f15e51b57e3bde96f057489969fb5ad1faf1
EC-GAD-DAULE-LPI-GADIMCD-2025-03:0074,APUV1-c82cee4fed40cd772ed4f50c,APUCON-50e5867fd92d2bb15e91f55f,EC-GAD-DAULE-LPI-GADIMCD-2025-03,MALECON,74,"SUMINISTRO E INSTALACION DE SEÑALETICA VERTICAL ""NO DETENER/NO ESTACIONAR""",u,3.000000,238.790500,0.2000,47.758100,0.000000,286.548600,286.550000,8,ANALISIS-DE-PRECIOS-UNITARIOS-1-1000-EXCEL.xlsx,sheet1,6215,c82cee4fed40cd772ed4f50ce60bd224a44b48a34a43be8dd188ec5ccab9cc79
EC-GAD-DAULE-LPI-GADIMCD-2025-03:0075,APUV1-be68b5239adf5947f8a8e750,APUCON-85184bf707405c1ed3c70e38,EC-GAD-DAULE-LPI-GADIMCD-2025-03,MALECON,75,"SUMINISTRO E INSTALACION DE SEÑALETICA VERTICAL ""PEATON""",u,3.000000,238.777400,0.2000,47.755480,0.000000,286.532880,286.530000,8,ANALISIS-DE-PRECIOS-UNITARIOS-1-1000-EXCEL.xlsx,sheet1,6300,be68b5239adf5947f8a8e750851cc6efe23517a2b7f75c438d2cad7831eb20be
EC-GAD-DAULE-LPI-GADIMCD-2025-03:0076,APUV1-6a4958b7c4e625e5ebc24f56,APUCON-7185bd4bda65c8d8c5f0eaf8,EC-GAD-DAULE-LPI-GADIMCD-2025-03,MALECON,76,"SUMINISTRO E INSTALACION DE SEÑALETICA VERTICAL ""PARE""",u,3.000000,238.751200,0.2000,47.750240,0.000000,286.501440,286.500000,8,ANALISIS-DE-PRECIOS-UNITARIOS-1-1000-EXCEL.xlsx,sheet1,6385,6a4958b7c4e625e5ebc24f56492e77d99cf91d182931378e1084363a6f3aa18d
EC-GAD-DAULE-LPI-GADIMCD-2025-03:0077,APUV1-a82738246b3baf6ddeef903e,APUCON-56406ae4b57061d7fce4c3c6,EC-GAD-DAULE-LPI-GADIMCD-2025-03,MALECON,77,SUMINISTRO E INSTALACION DE SEÑALETICA VERTICAL DE SENTIDO VIAL,u,3.000000,238.738100,0.2000,47.747620,0.000000,286.485720,286.490000,8,ANALISIS-DE-PRECIOS-UNITARIOS-1-1000-EXCEL.xlsx,sheet1,6470,a82738246b3baf6ddeef903e96bccb49279d9c8530673089bff45f702d720b10
EC-GAD-DAULE-LPI-GADIMCD-2025-03:0078,APUV1-6b0f694ea3c44de63dab3111,APUCON-79f7b24b60543af4d147b51d,EC-GAD-DAULE-LPI-GADIMCD-2025-03,MALECON,78,"SUMINISTRO E INSTALACION DE SEÑALETICA VERTICAL ""BIFURCACION IZQUIERDA""",u,3.000000,238.829800,0.2000,47.765960,0.000000,286.595760,286.600000,8,ANALISIS-DE-PRECIOS-UNITARIOS-1-1000-EXCEL.xlsx,sheet1,6555,6b0f694ea3c44de63dab31115160ca8936fa61057b38896a340371ec43e43c87
EC-GAD-DAULE-LPI-GADIMCD-2025-03:0079,APUV1-1832580493bdc1c015a3a306,APUCON-e45e6d21e3d8d41193f905c2,EC-GAD-DAULE-LPI-GADIMCD-2025-03,MALECON,79,"SUMINISTRO E INSTALACION DE SEÑALETICA VERTICAL ""CICLISTAS EN LA VIA""",u,3.000000,238.842900,0.2000,47.768580,0.000000,286.611480,286.610000,8,ANALISIS-DE-PRECIOS-UNITARIOS-1-1000-EXCEL.xlsx,sheet1,6640,1832580493bdc1c015a3a306d82dac0c4fc64eccf9eced747d1bbfb8f887ba77
EC-GAD-DAULE-LPI-GADIMCD-2025-03:0080,APUV1-8f23a2d82a38bcdd716f9219,APUCON-4452a626616556f5e6cd41bb,EC-GAD-DAULE-LPI-GADIMCD-2025-03,MALECON,80,"SUMINISTRO E INSTALACION DE SEÑALETICA VERTICAL ""GIRO EN U""",u,3.000000,238.856000,0.2000,47.771200,0.000000,286.627200,286.630000,8,ANALISIS-DE-PRECIOS-UNITARIOS-1-1000-EXCEL.xlsx,sheet1,6725,8f23a2d82a38bcdd716f921945bf28cab2bad8b8e7114d8c22281bf724255e90
EC-GAD-DAULE-LPI-GADIMCD-2025-03:0081,APUV1-1c3d6597dcb6b675c637ab11,APUCON-e7148fc4b4635689b195f986,EC-GAD-DAULE-LPI-GADIMCD-2025-03,MALECON,81,"SUMINISTRO E INSTALACION DE SEÑALETICA VERTICAL ""APROXIMACION A REDONDEL""",u,3.000000,238.869100,0.2000,47.773820,0.000000,286.642920,286.640000,8,ANALISIS-DE-PRECIOS-UNITARIOS-1-1000-EXCEL.xlsx,sheet1,6810,1c3d6597dcb6b675c637ab1175f0b27db1adc6ca84736bae85438dddc1c3a8bd
EC-GAD-DAULE-LPI-GADIMCD-2025-03:0082,APUV1-d46cef173574fc6fddd1e40c,APUCON-4eb79262067e08367349810a,EC-GAD-DAULE-LPI-GADIMCD-2025-03,MALECON,82,"SUMINISTRO E INSTALACION DE SEÑALETICA VERTICAL ""ESTACIONAMIENTO RESERVADO PARA DISCAPACITADOS""",u,3.000000,238.882200,0.2000,47.776440,0.000000,286.658640,286.660000,8,ANALISIS-DE-PRECIOS-UNITARIOS-1-1000-EXCEL.xlsx,sheet1,6895,d46cef173574fc6fddd1e40c455d0652e661350c6926fcb0d21d17903cd0a0c3
EC-GAD-DAULE-LPI-GADIMCD-2025-03:0083,APUV1-31d2a151863f936836f73982,APUCON-93222b3b0d6c69f8784c211d,EC-GAD-DAULE-LPI-GADIMCD-2025-03,MALECON,83,"TIERRA: SUMINISTRO, COLOCACION , TENDIDO Y NIVELACION",m3,0.100300,16.600211,0.2000,3.320042,0.000000,19.920253,19.920000,5,ANALISIS-DE-PRECIOS-UNITARIOS-1-1000-EXCEL.xlsx,sheet1,6980,31d2a151863f936836f73982e23317ee69faf72a4f4498e0d517e13bf22bf63d
EC-GAD-DAULE-LPI-GADIMCD-2025-03:0084,APUV1-0be8f29ff1b2f522f302a061,APUCON-5a9f3f29c02741f5f8f0dba4,EC-GAD-DAULE-LPI-GADIMCD-2025-03,MALECON,84,"ARBOL DE LEUCAENA/LEUCAENA TRICHODES: H= 2m; SUMINISTRO, SIEMBRA, ABONADO Y TUTORADO",u,1.000000,36.473200,0.2000,7.294640,0.000000,43.767840,43.770000,8,ANALISIS-DE-PRECIOS-UNITARIOS-1-1000-EXCEL.xlsx,sheet1,7065,0be8f29ff1b2f522f302a061ac8a832dd85c43dd0660bd8c88020d086d39741d
EC-GAD-DAULE-LPI-GADIMCD-2025-03:0085,APUV1-2d7338d7f2e7e2deb07a5406,APUCON-edca67ee90cd84c394bde6e2,EC-GAD-DAULE-LPI-GADIMCD-2025-03,MALECON,85,"ARBOL DE GUAYACAN NEGRO/TABEBUIA CHRYSANTHA: H= 2m; SUMINISTRO, SIEMBRA, ABONADO Y TUTORADO",u,1.000000,36.646000,0.2000,7.329200,0.000000,43.975200,43.980000,8,ANALISIS-DE-PRECIOS-UNITARIOS-1-1000-EXCEL.xlsx,sheet1,7150,2d7338d7f2e7e2deb07a54067db47a8827114517b0d063dd0defc814ef0ab759
EC-GAD-DAULE-LPI-GADIMCD-2025-03:0086,APUV1-9bada7de3326e7e81dae5fc4,APUCON-50e66c284e2ff37f9fd73919,EC-GAD-DAULE-LPI-GADIMCD-2025-03,MALECON,86,"ARBOL DE ROBLE/TABEBUIA ROSEA: H= 2m; SUMINISTRO, SIEMBRA, ABONADO Y TUTORADO",u,1.000000,36.481100,0.2000,7.296220,0.000000,43.777320,43.780000,8,ANALISIS-DE-PRECIOS-UNITARIOS-1-1000-EXCEL.xlsx,sheet1,7235,9bada7de3326e7e81dae5fc431d16d691cc5b79081a9ee7b997769cc609f90f9
EC-GAD-DAULE-LPI-GADIMCD-2025-03:0087,APUV1-d43ea70c0c8cd50757b70d61,APUCON-4c28418b69f16e0ba53b2184,EC-GAD-DAULE-LPI-GADIMCD-2025-03,MALECON,87,"ARBOL DE AMARILLO/CENTROLOBIUM OCHROXYLUM: H= 2m; SUMINISTRO, SIEMBRA, ABONADO Y TUTORADO",u,1.000000,36.609100,0.2000,7.321820,0.000000,43.930920,43.930000,8,ANALISIS-DE-PRECIOS-UNITARIOS-1-1000-EXCEL.xlsx,sheet1,7320,d43ea70c0c8cd50757b70d612b881d7985a557a29eddf405304ef1cd08f725b5
EC-GAD-DAULE-LPI-GADIMCD-2025-03:0088,APUV1-58f81d752ab4979c0f4c25f2,APUCON-f94c282fdb210bd10ae99d73,EC-GAD-DAULE-LPI-GADIMCD-2025-03,MALECON,88,"ARBOL DE FERNAN SANCHEZ/TRIPLARIS CUMINGIANA: H= 2m; SUMINISTRO, SIEMBRA, ABONADO Y TUTORADO",u,1.000000,36.586600,0.2000,7.317320,0.000000,43.903920,43.900000,8,ANALISIS-DE-PRECIOS-UNITARIOS-1-1000-EXCEL.xlsx,sheet1,7405,58f81d752ab4979c0f4c25f2d982554fa63c1bc12396dca850d8a64dfae554ad
EC-GAD-DAULE-LPI-GADIMCD-2025-03:0089,APUV1-dc13fbd947f26c215c413760,APUCON-56a06fac74bab3dc158a780a,EC-GAD-DAULE-LPI-GADIMCD-2025-03,MALECON,89,"ARBOL DE SAMANCILLO/ALBIZIA PISTACIFOLIA: H= 2m; SUMINISTRO, SIEMBRA, ABONADO Y TUTORADO",u,1.000000,36.466600,0.2000,7.293320,0.000000,43.759920,43.760000,8,ANALISIS-DE-PRECIOS-UNITARIOS-1-1000-EXCEL.xlsx,sheet1,7490,dc13fbd947f26c215c41376026b6a2629b257ea27e04f290a940470dace8cb02
EC-GAD-DAULE-LPI-GADIMCD-2025-03:0090,APUV1-f510cc903b672c464c217250,APUCON-2b36734b09c14ac6083c9bdb,EC-GAD-DAULE-LPI-GADIMCD-2025-03,MALECON,90,"PLANTA ORNAMENTAL FITONIA/FITTONIA ALBIVENSIS: H= 0,15m; SUMINISTRO, SIEMBRA Y ABONADO",u,0.070050,1.654629,0.2000,0.330926,0.000000,1.985554,1.990000,6,ANALISIS-DE-PRECIOS-UNITARIOS-1-1000-EXCEL.xlsx,sheet1,7575,f510cc903b672c464c217250861aaa3444c0acd708e767c5713881f42280e9fe
EC-GAD-DAULE-LPI-GADIMCD-2025-03:0091,APUV1-1ae4859eb07df72538269aca,APUCON-270ba72313f2d7072320feda,EC-GAD-DAULE-LPI-GADIMCD-2025-03,MALECON,91,"PLANTA ORNAMENTAL AJUGA/AJUGA REPTANS PURPUREA: H= 0,20m; SUMINISTRO, SIEMBRA Y ABONADO",u,0.070000,1.653935,0.2000,0.330787,0.000000,1.984722,1.980000,6,ANALISIS-DE-PRECIOS-UNITARIOS-1-1000-EXCEL.xlsx,sheet1,7660,1ae4859eb07df72538269acac9e1c4d98cdadc927d4990f4cab5a2cf14015bc6
EC-GAD-DAULE-LPI-GADIMCD-2025-03:0092,APUV1-b2e3d83728f13eac0f584b39,APUCON-6d26503e527855925bec2ee1,EC-GAD-DAULE-LPI-GADIMCD-2025-03,MALECON,92,"PLANTA CESPED SAN AGUSTIN/STENOTAPHRUM SECUNDATUM: U=m2; SUMINISTRO, TENDIDO DE ARENA Y SIEMBRA",m2,0.071000,5.979806,0.2000,1.195961,0.000000,7.175767,7.180000,5,ANALISIS-DE-PRECIOS-UNITARIOS-1-1000-EXCEL.xlsx,sheet1,7745,b2e3d83728f13eac0f584b39089839123a3af273e4b1d8cee1beda932bcc8802
EC-GAD-DAULE-LPI-GADIMCD-2025-03:0093,APUV1-4b3da73a4d5d505eaaad72b0,APUCON-6caa6e82c87c062a94ca7d00,EC-GAD-DAULE-LPI-GADIMCD-2025-03,MALECON,93,"PLANTA ORNAMENTAL MONEDITA/SOLEIROLIA SOLEIROLII: H=0,10m; SUMINISTRO, SIEMBRA Y ABONADO",u,0.070050,1.666629,0.2000,0.333326,0.000000,1.999954,2.000000,6,ANALISIS-DE-PRECIOS-UNITARIOS-1-1000-EXCEL.xlsx,sheet1,7830,4b3da73a4d5d505eaaad72b0ef9774a61125f7046659b3498caf95dd0c3fb43c
EC-GAD-DAULE-LPI-GADIMCD-2025-03:0094,APUV1-2fd64a7439401dc0ea386efa,APUCON-8417dfe2034d448aeea8d739,EC-GAD-DAULE-LPI-GADIMCD-2025-03,MALECON,94,"PLANTA ORNAMENTAL PLANTA DEL DINERO/PLECTRANTHRUS AUSTRALIS: H=0,15m; SUMINISTRO, SIEMBRA Y ABONADO",u,0.070050,1.674629,0.2000,0.334926,0.000000,2.009554,2.010000,6,ANALISIS-DE-PRECIOS-UNITARIOS-1-1000-EXCEL.xlsx,sheet1,7915,2fd64a7439401dc0ea386efa22a5bce3ddf204ec010a633fa26268b535a133fe
EC-GAD-DAULE-LPI-GADIMCD-2025-03:0095,APUV1-67a621644e26ddfc59901562,APUCON-13119d4126b88125a0e94c75,EC-GAD-DAULE-LPI-GADIMCD-2025-03,MALECON,95,"PLANTA ORNAMENTAL PILEA/PILEA CARDIEREI: H= 0,20m; SUMINISTRO, SIEMBRA Y ABONADO",u,0.070500,2.216654,0.2000,0.443331,0.000000,2.659985,2.660000,5,ANALISIS-DE-PRECIOS-UNITARIOS-1-1000-EXCEL.xlsx,sheet1,8000,67a621644e26ddfc5990156237a8ac48348a65a8b24747f8a5f9b0bbdf525435
EC-GAD-DAULE-LPI-GADIMCD-2025-03:0096,APUV1-350a4adf0eafc9f765ec6702,APUCON-3f4129eddaa6361fa86a4e3b,EC-GAD-DAULE-LPI-GADIMCD-2025-03,MALECON,96,"PLANTA ORNAMENTAL PILEA/PILEA PEPEROMIOIDES: H=0,20m; SUMINISTRO, SIEMBRA Y ABONADO",u,0.070500,2.560870,0.2000,0.512174,0.000000,3.073044,3.070000,6,ANALISIS-DE-PRECIOS-UNITARIOS-1-1000-EXCEL.xlsx,sheet1,8085,350a4adf0eafc9f765ec670297f08015e0f588399bef4a706473c9b37b91bc46
EC-GAD-DAULE-LPI-GADIMCD-2025-03:0097,APUV1-3dd5c0698058a886d0ee0f05,APUCON-aaa1a0820fd9a12218466ba2,EC-GAD-DAULE-LPI-GADIMCD-2025-03,MALECON,97,"PLANTA ORNAMENTAL TREBOL MORADO/OXALIS REGNELLI ATROPURPUREA: H=0,30m; SUMINISTRO, SIEMBRA Y ABONADO",u,0.070500,2.060870,0.2000,0.412174,0.000000,2.473044,2.470000,6,ANALISIS-DE-PRECIOS-UNITARIOS-1-1000-EXCEL.xlsx,sheet1,8170,3dd5c0698058a886d0ee0f051ff8b3a21fe0e0f01ec4e6a05223176a12556c61
EC-GAD-DAULE-LPI-GADIMCD-2025-03:0098,APUV1-bb78b555df1aae9e388db33e,APUCON-aff57b52b3940cf4bd74436b,EC-GAD-DAULE-LPI-GADIMCD-2025-03,MALECON,98,"PLANTA ORNAMENTAL CEBOLLIN/THULBALGIA VIOLACEA: H=0,40m; SUMINISTRO, SIEMBRA Y ABONADO",u,0.070500,1.760870,0.2000,0.352174,0.000000,2.113044,2.110000,6,ANALISIS-DE-PRECIOS-UNITARIOS-1-1000-EXCEL.xlsx,sheet1,8255,bb78b555df1aae9e388db33e086c99211c9c375f6f68281510f5b310e95b7aa1
EC-GAD-DAULE-LPI-GADIMCD-2025-03:0099,APUV1-612e21874f005373255b60b2,APUCON-a5dbd116a6b1efbb2f795a6e,EC-GAD-DAULE-LPI-GADIMCD-2025-03,MALECON,99,"PLANTA ORNAMENTAL ROELIA/RUELLIA BRITTONIANA: H= 0,80m; SUMINISTRO, SIEMBRA Y ABONADO",u,0.070050,1.654629,0.2000,0.330926,0.000000,1.985554,1.990000,6,ANALISIS-DE-PRECIOS-UNITARIOS-1-1000-EXCEL.xlsx,sheet1,8340,612e21874f005373255b60b225f46f2f59d1d7b801c2ba5522ad9c4d6a051e15
EC-GAD-DAULE-LPI-GADIMCD-2025-03:0100,APUV1-4d3ff4fedd89b1a9433b0a05,APUCON-efee178639785cf5cfb8eac6,EC-GAD-DAULE-LPI-GADIMCD-2025-03,MALECON,100,"PLANTA ORNAMENTAL AMANCAY/CRINUM XANTHOPHYLLUM: H= 0,70m; SUMINISTRO, SIEMBRA Y ABONADO",u,0.070500,2.060870,0.2000,0.412174,0.000000,2.473044,2.470000,6,ANALISIS-DE-PRECIOS-UNITARIOS-1-1000-EXCEL.xlsx,sheet1,8425,4d3ff4fedd89b1a9433b0a05ac3c045ed8c3c8a2deffda6c88421f6b6684d1bf
EC-GAD-DAULE-LPI-GADIMCD-2025-03:0101,APUV1-8158b379dda2b1ef1251e851,APUCON-1e3b371756c0fc0d4dcf87ce,EC-GAD-DAULE-LPI-GADIMCD-2025-03,MALECON,101,"PLANTA ORNAMENTAL LIRIO ARAÑA/HYMENOCALLIS LITTORALIS: H=0,30m; SUMINISTRO, SIEMBRA Y ABONADO",u,0.070500,2.310870,0.2000,0.462174,0.000000,2.773044,2.770000,6,ANALISIS-DE-PRECIOS-UNITARIOS-1-1000-EXCEL.xlsx,sheet1,8527,8158b379dda2b1ef1251e851d2e5fa61515c5ddd2ce745944d76d539b3b3d0f4
EC-GAD-DAULE-LPI-GADIMCD-2025-03:0102,APUV1-a012d89b395d6657585dc0c6,APUCON-21cee78a7e291f43372840cf,EC-GAD-DAULE-LPI-GADIMCD-2025-03,MALECON,102,"PLANTA ORNAMENTAL LLUVIA DE FUEGO/RUSSELIA EQUISETIFORMIS: H=1,00m; SUMINISTRO, SIEMBRA Y ABONADO",u,0.080500,2.199575,0.2000,0.439915,0.000000,2.639490,2.640000,6,ANALISIS-DE-PRECIOS-UNITARIOS-1-1000-EXCEL.xlsx,sheet1,8612,a012d89b395d6657585dc0c6811adeba4f65644901539f308371d30fb9a59109
EC-GAD-DAULE-LPI-GADIMCD-2025-03:0103,APUV1-e108d4356665f4247b83a7f6,APUCON-2fd288246c4f4ce0fe63a376,EC-GAD-DAULE-LPI-GADIMCD-2025-03,MALECON,103,"PLANTA ORNAMENTAL HELICONIA/HELICONIA ROSTRATA: H=1,00m; SUMINISTRO, SIEMBRA Y ABONADO",u,0.072500,2.088611,0.2000,0.417722,0.000000,2.506334,2.510000,6,ANALISIS-DE-PRECIOS-UNITARIOS-1-1000-EXCEL.xlsx,sheet1,8697,e108d4356665f4247b83a7f61f932c36850ca942c3d931be5054ae118f24aea3
EC-GAD-DAULE-LPI-GADIMCD-2025-03:0104,APUV1-a572ecd85dbbad170b256569,APUCON-9a6e4f6ec7abd1e63fd4888c,EC-GAD-DAULE-LPI-GADIMCD-2025-03,MALECON,104,"PLANTA ORNAMENTAL BROMELIA GIGANTE/TILLANDSIA CLAVIGERA: H=0,70m; SUMINISTRO, SIEMBRA Y ABONADO",u,0.070500,16.060870,0.2000,3.212174,0.000000,19.273044,19.270000,6,ANALISIS-DE-PRECIOS-UNITARIOS-1-1000-EXCEL.xlsx,sheet1,8782,a572ecd85dbbad170b256569dfd3a95de4371f349aa954db30299b0f8601c950
EC-GAD-DAULE-LPI-GADIMCD-2025-03:0105,APUV1-32e88420cd9d8f0801b74ebe,APUCON-d3b1af7252bb8806fa9209f4,EC-GAD-DAULE-LPI-GADIMCD-2025-03,MALECON,105,"PLANTA ORNAMENTAL BROMELIA ROJA/GUZMANIA SP.: H=0,25m; SUMINISTRO, SIEMBRA Y ABONADO",u,0.070500,2.560870,0.2000,0.512174,0.000000,3.073044,3.070000,6,ANALISIS-DE-PRECIOS-UNITARIOS-1-1000-EXCEL.xlsx,sheet1,8867,32e88420cd9d8f0801b74ebe672c639b4c42dbf8099e912f51139c32b619c234
EC-GAD-DAULE-LPI-GADIMCD-2025-03:0106,APUV1-3e0422c7d738a0452b8d400a,APUCON-03a6ab822d39d7c9ac8041d5,EC-GAD-DAULE-LPI-GADIMCD-2025-03,MALECON,106,"PLANTA ORNAMENTAL PALMA RAFIS/RAPHIS EXCELSA: H=1,70m; SUMINISTRO, SIEMBRA Y ABONADO",u,0.070500,11.060870,0.2000,2.212174,0.000000,13.273044,13.270000,6,ANALISIS-DE-PRECIOS-UNITARIOS-1-1000-EXCEL.xlsx,sheet1,8952,3e0422c7d738a0452b8d400a5a1ce7b97a9a0392cff09582b5bd0cf94f3de4c3
EC-GAD-DAULE-LPI-GADIMCD-2025-03:0107,APUV1-b36c28046f66c72d5f4e5689,APUCON-d67e5151a01297b09de75a45,EC-GAD-DAULE-LPI-GADIMCD-2025-03,MALECON,107,"PLANTA ORNAMENTAL BIJAO/CALATHEA LUTEA: H=0,80m; SUMINISTRO, SIEMBRA Y ABONADO",u,0.070500,6.060870,0.2000,1.212174,0.000000,7.273044,7.270000,6,ANALISIS-DE-PRECIOS-UNITARIOS-1-1000-EXCEL.xlsx,sheet1,9037,b36c28046f66c72d5f4e568951335dcc1c01338492274a3f15efa412b35f395c
EC-GAD-DAULE-LPI-GADIMCD-2025-03:0108,APUV1-ae3dc89a6c10dfad8c020f6e,APUCON-cabefab60ce4a6acb0c96d8d,EC-GAD-DAULE-LPI-GADIMCD-2025-03,MALECON,108,APLICACION DE BIOESTIMULANTES Y FERTILIZANTES: SUMINISTRO Y APLICACION DE PRODUCTOS FOLIARES,m2,0.001000,0.015237,0.2000,0.003047,0.000000,0.018284,0.020000,7,ANALISIS-DE-PRECIOS-UNITARIOS-1-1000-EXCEL.xlsx,sheet1,9122,ae3dc89a6c10dfad8c020f6e4cf568fff03cc33c74b249c72d3d7498810891f4
EC-GAD-DAULE-LPI-GADIMCD-2025-03:0109,APUV1-9f09aa9b12d8d1c45d025489,APUCON-1910be935af1ede512a9de1b,EC-GAD-DAULE-LPI-GADIMCD-2025-03,MALECON,109,"ARENA GRUESA: SUMINISTRO, COLOCACION Y NIVELACION",m3,0.109000,21.896008,0.2000,4.379202,0.000000,26.275210,26.280000,4,ANALISIS-DE-PRECIOS-UNITARIOS-1-1000-EXCEL.xlsx,sheet1,9207,9f09aa9b12d8d1c45d0254892dd733f98f80d86b0cd9c43fee47ba52f991b331
EC-GAD-DAULE-LPI-GADIMCD-2025-03:0110,APUV1-66f99f571c87121791b0bf34,APUCON-348fb2ee18a83db6c040a1c7,EC-GAD-DAULE-LPI-GADIMCD-2025-03,MALECON,110,SUMINISTRO E INSTALACION DE JARDIN VERTICAL,m2,2.500000,164.839350,0.2000,32.967870,0.000000,197.807220,197.810000,16,ANALISIS-DE-PRECIOS-UNITARIOS-1-1000-EXCEL.xlsx,sheet1,9292,66f99f571c87121791b0bf343f8bf45b10bdb283e3d2814045621258e5b1984d
EC-GAD-DAULE-LPI-GADIMCD-2025-03:0111,APUV1-9870b2409e7442603957252a,APUCON-783273ebc043a8aa86d9d9a4,EC-GAD-DAULE-LPI-GADIMCD-2025-03,MALECON,111,SUMINISTRO E INSTALACION DE CUBIERTA VERDE,m2,1.400000,155.348000,0.2000,31.069600,0.000000,186.417600,186.420000,11,ANALISIS-DE-PRECIOS-UNITARIOS-1-1000-EXCEL.xlsx,sheet1,9377,9870b2409e7442603957252aa54b09b1ad78b69173a8401a2e37326d4af0681c
EC-GAD-DAULE-LPI-GADIMCD-2025-03:0112,APUV1-9334532c350546f102660b95,APUCON-8d78a09f53bf619bd5a79ad2,EC-GAD-DAULE-LPI-GADIMCD-2025-03,MALECON,112,PORCELANATO GRIS/ANTRACITA/ARENA 30x60 cm,m2,0.500000,35.722750,0.2000,7.144550,0.000000,42.867300,42.870000,9,ANALISIS-DE-PRECIOS-UNITARIOS-1-1000-EXCEL.xlsx,sheet1,9462,9334532c350546f102660b95671e475f1350e9d7508c5b81651c1a508a5ab31c
EC-GAD-DAULE-LPI-GADIMCD-2025-03:0113,APUV1-5c15b6ab625e1fba34543daa,APUCON-0c7b0eb610039765d554e35a,EC-GAD-DAULE-LPI-GADIMCD-2025-03,MALECON,113,PORCELANATO GRIS/ANTRACITA/ARENA 60x120 cm,m2,0.600000,47.844300,0.2000,9.568860,0.000000,57.413160,57.410000,9,ANALISIS-DE-PRECIOS-UNITARIOS-1-1000-EXCEL.xlsx,sheet1,9547,5c15b6ab625e1fba34543daac4e0235a75af96ce92649d1e3f1d4247bd661621
EC-GAD-DAULE-LPI-GADIMCD-2025-03:0114,APUV1-f26eedfa22d7c828a84dd3ee,APUCON-df8612dbdcb6fbe65d48ae94,EC-GAD-DAULE-LPI-GADIMCD-2025-03,MALECON,114,SUMINISTRO E INSTALACION DE PORCELANATO 18.5x150x9mm,m2,0.500000,54.652000,0.2000,10.930400,0.000000,65.582400,65.580000,9,ANALISIS-DE-PRECIOS-UNITARIOS-1-1000-EXCEL.xlsx,sheet1,9632,f26eedfa22d7c828a84dd3ee402ac1df82a7052984033ba09cb5ecb8e228657d
EC-GAD-DAULE-LPI-GADIMCD-2025-03:0115,APUV1-04db00826cc1d8fcdb5ebb90,APUCON-b48c66e1d8a1ce75992e04e3,EC-GAD-DAULE-LPI-GADIMCD-2025-03,MALECON,115,SUMINISTRO E INSTALACION DE PIEDRA MARTELINADA 30x30cm E=6mm,m2,0.600000,58.221600,0.2000,11.644320,0.000000,69.865920,69.870000,13,ANALISIS-DE-PRECIOS-UNITARIOS-1-1000-EXCEL.xlsx,sheet1,9717,04db00826cc1d8fcdb5ebb90f48a0e674697f67331ccf344caadd7258fb751fa
EC-GAD-DAULE-LPI-GADIMCD-2025-03:0116,APUV1-c319ab8111c049c6b68a9d17,APUCON-f10d689c43abf0d586c8df7b,EC-GAD-DAULE-LPI-GADIMCD-2025-03,MALECON,116,SUMINISTRO E INSTALACION DE DECK DE MADERA PLASTICA PARA PISO,m2,1.500000,145.950000,0.2000,29.190000,0.000000,175.140000,175.140000,6,ANALISIS-DE-PRECIOS-UNITARIOS-1-1000-EXCEL.xlsx,sheet1,9802,c319ab8111c049c6b68a9d17eecc039cdb40ae49b4edeb86373b2dbe178b5b2c
EC-GAD-DAULE-LPI-GADIMCD-2025-03:0117,APUV1-03e1287f0d767e1547be17c7,APUCON-2f2c9d3d698ad877a4e94f22,EC-GAD-DAULE-LPI-GADIMCD-2025-03,MALECON,117,ACERO DE REFUERZO EN BARRAS FY=4200 Kg/cm2,Kg,0.025000,1.931563,0.2000,0.386313,0.000000,2.317875,2.320000,7,ANALISIS-DE-PRECIOS-UNITARIOS-1-1000-EXCEL.xlsx,sheet1,9887,03e1287f0d767e1547be17c7f382c830483aeaa52945a4df6a8be7fafa676a03
EC-GAD-DAULE-LPI-GADIMCD-2025-03:0118,APUV1-493d5cad39550cc04d2e6c2f,APUCON-14f8b49d40ccc852fea34b6c,EC-GAD-DAULE-LPI-GADIMCD-2025-03,MALECON,118,HORMIGON PREMEZCLADO F´C=280 Kg/cm2 INCLUYE ENCOFRADO,m3,3.000000,302.396000,0.2000,60.479200,0.000000,362.875200,362.880000,10,ANALISIS-DE-PRECIOS-UNITARIOS-1-1000-EXCEL.xlsx,sheet1,9972,493d5cad39550cc04d2e6c2f4980f8c0db2611fe931d4d9ee0460222bb9985b8
EC-GAD-DAULE-LPI-GADIMCD-2025-03:0119,APUV1-124aa947f8a5202036f0ea51,APUCON-fa19a4bf8fbac1228b8377dc,EC-GAD-DAULE-LPI-GADIMCD-2025-03,MALECON,119,HORMIGON PREMEZCLADO F'C=180 Kg/cm2 PARA REPLANTILLO INCLUYE ENCOFRADO,m3,1.500000,167.534000,0.2000,33.506800,0.000000,201.040800,201.040000,8,ANALISIS-DE-PRECIOS-UNITARIOS-1-1000-EXCEL.xlsx,sheet1,10057,124aa947f8a5202036f0ea512f67107a82f2082f94578962618b0a31a959b5dd
EC-GAD-DAULE-LPI-GADIMCD-2025-03:0120,APUV1-2002fcd95b8722bf135b7365,APUCON-da08326ca763a093af19f9b5,EC-GAD-DAULE-LPI-GADIMCD-2025-03,MALECON,120,ACERO ESTRUCTURAL (A36),Kg,0.025000,5.034400,0.2000,1.006880,0.000000,6.041280,6.040000,17,ANALISIS-DE-PRECIOS-UNITARIOS-1-1000-EXCEL.xlsx,sheet1,10142,2002fcd95b8722bf135b73655387141c30448e61c378b193b47621c5376db821
EC-GAD-DAULE-LPI-GADIMCD-2025-03:0121,APUV1-4d2110ac62c9d556ed749685,APUCON-2b455ecbfb1fc80ccc64c2bf,EC-GAD-DAULE-LPI-GADIMCD-2025-03,MALECON,121,"PERNO ASTM A325 EN PLACA BASE D=1/2"" L=30cm",u,0.101000,8.160920,0.2000,1.632184,0.000000,9.793105,9.790000,4,ANALISIS-DE-PRECIOS-UNITARIOS-1-1000-EXCEL.xlsx,sheet1,10227,4d2110ac62c9d556ed7496852abe343dec8088f69ad19532c95f7821c18bf7ba
EC-GAD-DAULE-LPI-GADIMCD-2025-03:0122,APUV1-a1b7925758b8f9d95ba8203f,APUCON-f7ebca4ed996e542c7ece410,EC-GAD-DAULE-LPI-GADIMCD-2025-03,MALECON,122,ESCULTURA METALICA EN ACERO INOXIDABLE H=8.5m,u,0.000000,3772.280000,0.2000,754.456000,0.000000,4526.736000,4526.740000,2,ANALISIS-DE-PRECIOS-UNITARIOS-1-1000-EXCEL.xlsx,sheet1,10312,a1b7925758b8f9d95ba8203f2b1b0a0a09a0b09384e378b77ad4464fc9de070e
EC-GAD-DAULE-LPI-GADIMCD-2025-03:0123,APUV1-937d5021906c062d10e24f20,APUCON-b70bf408e634660076db74f4,EC-GAD-DAULE-LPI-GADIMCD-2025-03,MALECON,123,"LETRAS CORPOREAS AUTOILUMINADAS ""MALECON AURORA"" SOBRE TOTEM DE INGRESO",u,6.000000,3732.687000,0.2000,746.537400,0.000000,4479.224400,4479.220000,6,ANALISIS-DE-PRECIOS-UNITARIOS-1-1000-EXCEL.xlsx,sheet1,10397,937d5021906c062d10e24f20ea4cb5f2e2c3339e15d56c27a466908e8f69ebf1
EC-GAD-DAULE-LPI-GADIMCD-2025-03:0124,APUV1-2b74c8c3ceca3eec1dd15b88,APUCON-18cc89740e8f85eace87b316,EC-GAD-DAULE-LPI-GADIMCD-2025-03,MALECON,124,STENOTAPHRUM SECUNDATUM (CESPED SAN AGUSTIN),m2,0.126000,5.685502,0.2000,1.137100,0.000000,6.822602,6.820000,4,ANALISIS-DE-PRECIOS-UNITARIOS-1-1000-EXCEL.xlsx,sheet1,10482,2b74c8c3ceca3eec1dd15b886067859977656fe9610e77a960099c5766e4f198
EC-GAD-DAULE-LPI-GADIMCD-2025-03:0125,APUV1-66f99f571c87121791b0bf34,APUCON-348fb2ee18a83db6c040a1c7,EC-GAD-DAULE-LPI-GADIMCD-2025-03,MALECON,125,SUMINISTRO E INSTALACION DE JARDIN VERTICAL,m2,2.500000,164.839350,0.2000,32.967870,0.000000,197.807220,197.810000,16,ANALISIS-DE-PRECIOS-UNITARIOS-1-1000-EXCEL.xlsx,sheet1,10567,66f99f571c87121791b0bf343f8bf45b10bdb283e3d2814045621258e5b1984d
EC-GAD-DAULE-LPI-GADIMCD-2025-03:0126,APUV1-79def99286a6b172c7782e13,APUCON-c3b85645f6a3295f5405039a,EC-GAD-DAULE-LPI-GADIMCD-2025-03,MALECON,126,PLANCHA DE ACERO INOXIDABLE E=4mm,m2,2.000000,202.658200,0.2000,40.531640,0.000000,243.189840,243.190000,9,ANALISIS-DE-PRECIOS-UNITARIOS-1-1000-EXCEL.xlsx,sheet1,10652,79def99286a6b172c7782e1373533fe5baab504afa347a8223453ade3ad6d4a3
EC-GAD-DAULE-LPI-GADIMCD-2025-03:0127,APUV1-357a28e789106bccce8a30f3,APUCON-56288cb24a53a05be632cbaa,EC-GAD-DAULE-LPI-GADIMCD-2025-03,MALECON,127,SUMINISTRO E INSTALACION DE PIEDRA ANDESITA BUSARDEADA GRIS 30x30x3cm,m2,0.500000,53.745850,0.2000,10.749170,0.000000,64.495020,64.500000,13,ANALISIS-DE-PRECIOS-UNITARIOS-1-1000-EXCEL.xlsx,sheet1,10737,357a28e789106bccce8a30f368a61545977be5ccbb02a2649716d443d7affcc5
EC-GAD-DAULE-LPI-GADIMCD-2025-03:0128,APUV1-47d31d599cb023f65ed10ec9,APUCON-22a2dcd4d19ca6be4be392fc,EC-GAD-DAULE-LPI-GADIMCD-2025-03,MALECON,128,SUMINISTRO Y COLOCACION DE BANCA CIRCULAR DE HORMIGON SEGUN DISEÑO,u,4.000000,1100.014000,0.2000,220.002800,0.000000,1320.016800,1320.020000,5,ANALISIS-DE-PRECIOS-UNITARIOS-1-1000-EXCEL.xlsx,sheet1,10822,47d31d599cb023f65ed10ec904516229c13341abb71b18304689c29e1f9e9a9d
EC-GAD-DAULE-LPI-GADIMCD-2025-03:0129,APUV1-58bf1fb62c7ce817c5f5fd73,APUCON-4b4a225f0e71de7fea0e7e9f,EC-GAD-DAULE-LPI-GADIMCD-2025-03,MALECON,129,SUMINISTRO Y COLOCACION DE TACHO DE BASURA DE HORMIGON SEGUN DISEÑO,u,4.000000,834.014000,0.2000,166.802800,0.000000,1000.816800,1000.820000,5,ANALISIS-DE-PRECIOS-UNITARIOS-1-1000-EXCEL.xlsx,sheet1,10907,58bf1fb62c7ce817c5f5fd73efd2f3a48b1ff091fea489a3116c8ec9e05dc972
EC-GAD-DAULE-LPI-GADIMCD-2025-03:0130,APUV1-b9c52800df525c7e0969073c,APUCON-159f12ca0b01defe5cd05a4c,EC-GAD-DAULE-LPI-GADIMCD-2025-03,MALECON,130,SUMINISTRO Y COLOCACION DE MACETA TIPO ASIENTO DE HORMIGON SEGUN DISEÑO,u,4.000000,684.014000,0.2000,136.802800,0.000000,820.816800,820.820000,5,ANALISIS-DE-PRECIOS-UNITARIOS-1-1000-EXCEL.xlsx,sheet1,10992,b9c52800df525c7e0969073c46988840ced7183d4484b532381d6e57f728583a
EC-GAD-DAULE-LPI-GADIMCD-2025-03:0131,APUV1-1c4545620e8b308bb408f4e8,APUCON-f5ff8c7f5907bf44cc9a6646,EC-GAD-DAULE-LPI-GADIMCD-2025-03,MALECON,131,SUMINISTRO Y COLOCACION DE BANCA TIPO SERPENTINA DE HORMIGON SEGUN DISEÑO,u,4.000000,692.014000,0.2000,138.402800,0.000000,830.416800,830.420000,5,ANALISIS-DE-PRECIOS-UNITARIOS-1-1000-EXCEL.xlsx,sheet1,11077,1c4545620e8b308bb408f4e828700cf36465c5b62339f8b2cbea066d6469503d
EC-GAD-DAULE-LPI-GADIMCD-2025-03:0132,APUV1-97a63bb3c6f76105d1e0dadd,APUCON-8de0969e8ac2bd6968eb996c,EC-GAD-DAULE-LPI-GADIMCD-2025-03,MALECON,132,SUMINISTRO Y COLOCACION DE BANCA SEMICIRCULAR DE HORMIGON SEGUN DISEÑO,u,4.000000,701.014000,0.2000,140.202800,0.000000,841.216800,841.220000,5,ANALISIS-DE-PRECIOS-UNITARIOS-1-1000-EXCEL.xlsx,sheet1,11162,97a63bb3c6f76105d1e0dadd3179381ec859546984bb9f07e6cd3268990a18e1
EC-GAD-DAULE-LPI-GADIMCD-2025-03:0133,APUV1-d3c797a989d280f015e108b3,APUCON-a9c872b85b278ca841077689,EC-GAD-DAULE-LPI-GADIMCD-2025-03,MALECON,133,JUEGO MULTIPLE INFANTIL (MODELO 1: 1000x630x460cm),u,50.000000,23564.225000,0.2000,4712.845000,0.000000,28277.070000,28277.070000,6,ANALISIS-DE-PRECIOS-UNITARIOS-1-1000-EXCEL.xlsx,sheet1,11247,d3c797a989d280f015e108b320c2ccbf8af42d57b4c85ad32e903f15f8cce00d
EC-GAD-DAULE-LPI-GADIMCD-2025-03:0134,APUV1-534b9574ac944b626c26dd16,APUCON-3525f2269cba0d7b70b4e570,EC-GAD-DAULE-LPI-GADIMCD-2025-03,MALECON,134,JUEGO MULTIPLE INFANTIL (MODELO 2: 800x600cm),u,50.000000,15064.225000,0.2000,3012.845000,0.000000,18077.070000,18077.070000,6,ANALISIS-DE-PRECIOS-UNITARIOS-1-1000-EXCEL.xlsx,sheet1,11332,534b9574ac944b626c26dd16bc956d7f927f56a462eb487bed279b5d63862595
EC-GAD-DAULE-LPI-GADIMCD-2025-03:0135,APUV1-4ae72063cacccde853cce68a,APUCON-c869340e1538fcb3c0514926,EC-GAD-DAULE-LPI-GADIMCD-2025-03,MALECON,135,JUEGO INFANTIL COLUMPIO DE TRES ASIENTOS,u,6.000000,1456.018000,0.2000,291.203600,0.000000,1747.221600,1747.220000,7,ANALISIS-DE-PRECIOS-UNITARIOS-1-1000-EXCEL.xlsx,sheet1,11417,4ae72063cacccde853cce68a6f82a5c5cce364261334553b72d143228260632b
EC-GAD-DAULE-LPI-GADIMCD-2025-03:0136,APUV1-8e6f81dd64618ddd6e4b5ef3,APUCON-9b95575975c78df1dbe68461,EC-GAD-DAULE-LPI-GADIMCD-2025-03,MALECON,136,MOSAICO VITREO 20x20mm,m2,0.600000,70.629200,0.2000,14.125840,0.000000,84.755040,84.760000,9,ANALISIS-DE-PRECIOS-UNITARIOS-1-1000-EXCEL.xlsx,sheet1,11502,8e6f81dd64618ddd6e4b5ef30abd29cd800c034ab4f7d11a75bdab0c5de2fc55
EC-GAD-DAULE-LPI-GADIMCD-2025-03:0137,APUV1-6b0743734946d7d7437018e9,APUCON-9ff5df8bba28fbcc4c95c324,EC-GAD-DAULE-LPI-GADIMCD-2025-03,MALECON,137,PISO DE GRANITO LAVADO ALREDEDOR DE LA PISCINA,m2,0.600000,25.010780,0.2000,5.002156,0.000000,30.012936,30.010000,10,ANALISIS-DE-PRECIOS-UNITARIOS-1-1000-EXCEL.xlsx,sheet1,11587,6b0743734946d7d7437018e972f1b59293af064140a64a3532b04e401837dd6c
EC-GAD-DAULE-LPI-GADIMCD-2025-03:0138,APUV1-5fb629886bc68fd92ffb8123,APUCON-1fab344a27dc96ce3274891d,EC-GAD-DAULE-LPI-GADIMCD-2025-03,MALECON,138,SUMINISTRO E INSTALACION DE BOMBA CENTRIFUGA 2 HP,u,7.000000,1343.903500,0.2000,268.780700,0.000000,1612.684200,1612.680000,6,ANALISIS-DE-PRECIOS-UNITARIOS-1-1000-EXCEL.xlsx,sheet1,11672,5fb629886bc68fd92ffb812325b8b12dc60727eba688adeba295c5e9548eb7df
EC-GAD-DAULE-LPI-GADIMCD-2025-03:0139,APUV1-8cd5c0d27e5fc2e1426fa18a,APUCON-d2c5be67ac7a46cc3f6d62ce,EC-GAD-DAULE-LPI-GADIMCD-2025-03,MALECON,139,SUMINISTRO E INSTALACION DE BOMBA CENTRIFUGA 5 HP TRIFASICA,u,8.000000,1885.066000,0.2000,377.013200,0.000000,2262.079200,2262.080000,8,ANALISIS-DE-PRECIOS-UNITARIOS-1-1000-EXCEL.xlsx,sheet1,11757,8cd5c0d27e5fc2e1426fa18aa447c1a8361e3d2621fdf9caf8f568b375ec2985
EC-GAD-DAULE-LPI-GADIMCD-2025-03:0140,APUV1-8f87c7a281e08c45a2af2efe,APUCON-14c8ff0490bcb7c0176abd25,EC-GAD-DAULE-LPI-GADIMCD-2025-03,MALECON,140,SUMINISTRO E INSTALACION DE CODO 90' PP 2 IN ROSCABLE,u,0.250000,10.660750,0.2000,2.132150,0.000000,12.792900,12.790000,5,ANALISIS-DE-PRECIOS-UNITARIOS-1-1000-EXCEL.xlsx,sheet1,11842,8f87c7a281e08c45a2af2efe26503f82a906212301f007b03de144537e469a62
EC-GAD-DAULE-LPI-GADIMCD-2025-03:0141,APUV1-48c7300b641bbdfe340557d2,APUCON-3509b2a2f8ff6658bc82f6cd,EC-GAD-DAULE-LPI-GADIMCD-2025-03,MALECON,141,SUMINISTRO DE TUBERIA PP UNION ROSCABLE DI=2 plg 1.25 MPA,m,0.000000,10.740000,0.2000,2.148000,0.000000,12.888000,12.890000,3,ANALISIS-DE-PRECIOS-UNITARIOS-1-1000-EXCEL.xlsx,sheet1,11927,48c7300b641bbdfe340557d2337fb70ba22b5a3090c2a3213aad3b3312c03425
EC-GAD-DAULE-LPI-GADIMCD-2025-03:0142,APUV1-f4dfd9d20fff45d730d7828c,APUCON-fe4e5d274daf8d5d8dddf065,EC-GAD-DAULE-LPI-GADIMCD-2025-03,MALECON,142,INSTALACION DE TUBERIA PP UNION ROSCABLE DI=2 plg 1.25 MPA,m,0.100000,2.965450,0.2000,0.593090,0.000000,3.558540,3.560000,7,ANALISIS-DE-PRECIOS-UNITARIOS-1-1000-EXCEL.xlsx,sheet1,12012,f4dfd9d20fff45d730d7828c44a009e7eced3d23105af85901af5dfb2f6f8863
EC-GAD-DAULE-LPI-GADIMCD-2025-03:0143,APUV1-e4cd5889373f60ab3b104287,APUCON-aa548ccb0dacd672757df992,EC-GAD-DAULE-LPI-GADIMCD-2025-03,MALECON,143,COLGADOR PARA TUBERIA 2 IN,u,0.100000,2.142300,0.2000,0.428460,0.000000,2.570760,2.570000,5,ANALISIS-DE-PRECIOS-UNITARIOS-1-1000-EXCEL.xlsx,sheet1,12097,e4cd5889373f60ab3b1042871d8de91b9025101495e9f21fd14f7814a031a59b
EC-GAD-DAULE-LPI-GADIMCD-2025-03:0144,APUV1-c7f7d0f46bb3bfbf0bd3e333,APUCON-e77fae3e4118af8fdc3cdb3a,EC-GAD-DAULE-LPI-GADIMCD-2025-03,MALECON,144,"MANOMETRO VERTICAL 1/2""",u,0.500000,58.565250,0.2000,11.713050,0.000000,70.278300,70.280000,4,ANALISIS-DE-PRECIOS-UNITARIOS-1-1000-EXCEL.xlsx,sheet1,12182,c7f7d0f46bb3bfbf0bd3e33339f880eec253d3f8d55a2947135cdc7a047079bb
EC-GAD-DAULE-LPI-GADIMCD-2025-03:0145,APUV1-4fddd3ead6ab9129e30adcc4,APUCON-d574394f8ad36f1a3d52655b,EC-GAD-DAULE-LPI-GADIMCD-2025-03,MALECON,145,SUMINISTRO E INSTALACION DE CODO 90' PP 1 IN ROSCABLE,u,0.250000,5.410750,0.2000,1.082150,0.000000,6.492900,6.490000,5,ANALISIS-DE-PRECIOS-UNITARIOS-1-1000-EXCEL.xlsx,sheet1,12267,4fddd3ead6ab9129e30adcc41392b9cec40fdc998ec2b2bf1ce3690805f4ad54
EC-GAD-DAULE-LPI-GADIMCD-2025-03:0146,APUV1-b91d04ca1ac70e7034dc8ebb,APUCON-3db727d5610f7dcb110e825b,EC-GAD-DAULE-LPI-GADIMCD-2025-03,MALECON,146,SUMINISTRO DE TUBERIA PP UNION ROSCABLE DI=1 plg 1.25 MPA,m,0.000000,4.640000,0.2000,0.928000,0.000000,5.568000,5.570000,2,ANALISIS-DE-PRECIOS-UNITARIOS-1-1000-EXCEL.xlsx,sheet1,12352,b91d04ca1ac70e7034dc8ebbd2072f1048a99499dd8f257695f05adcdb1a2d7d
EC-GAD-DAULE-LPI-GADIMCD-2025-03:0147,APUV1-7d743edf79317d51c26c6951,APUCON-d2a9bec8b283b7cce831d4cb,EC-GAD-DAULE-LPI-GADIMCD-2025-03,MALECON,147,INSTALACION DE TUBERIA PP UNION ROSCABLE DI=1 plg 1.25 MPA,m,0.100000,3.414850,0.2000,0.682970,0.000000,4.097820,4.100000,8,ANALISIS-DE-PRECIOS-UNITARIOS-1-1000-EXCEL.xlsx,sheet1,12437,7d743edf79317d51c26c6951f6c99ddb61f787b67deabed98cb78d0fa1e5e4c2
EC-GAD-DAULE-LPI-GADIMCD-2025-03:0148,APUV1-7d227fe0da45639d8a069b13,APUCON-96e0bc2b3fcad4279291fa17,EC-GAD-DAULE-LPI-GADIMCD-2025-03,MALECON,148,COLGADOR PARA TUBERIA 1 IN,u,0.053000,1.387919,0.2000,0.277584,0.000000,1.665503,1.670000,5,ANALISIS-DE-PRECIOS-UNITARIOS-1-1000-EXCEL.xlsx,sheet1,12522,7d227fe0da45639d8a069b1395cfd897e0f8de306386ce50e42354b34d9c4610
EC-GAD-DAULE-LPI-GADIMCD-2025-03:0149,APUV1-2fad7f5d2b392c05d7b6b839,APUCON-d29700b321cdcd3047148d88,EC-GAD-DAULE-LPI-GADIMCD-2025-03,MALECON,149,SUMINISTRO E INSTALACION DE TEE 1 IN PP ROSCABLE,u,0.300000,6.546900,0.2000,1.309380,0.000000,7.856280,7.860000,5,ANALISIS-DE-PRECIOS-UNITARIOS-1-1000-EXCEL.xlsx,sheet1,12607,2fad7f5d2b392c05d7b6b839e77b46058df5677afaa92b346d0f75eda64e271f
EC-GAD-DAULE-LPI-GADIMCD-2025-03:0150,APUV1-21af2a42b02673520bb9013f,APUCON-aeae1b7a9cf16d8480495f28,EC-GAD-DAULE-LPI-GADIMCD-2025-03,MALECON,150,"SUMINISTRO E INSTALACION DE VALVULA DE AIRE 1/2"" DOBLE ACCION DE PVC (INCLUYE ACCESORIOS)",u,0.700000,36.026100,0.2000,7.205220,0.000000,43.231320,43.230000,7,ANALISIS-DE-PRECIOS-UNITARIOS-1-1000-EXCEL.xlsx,sheet1,12692,21af2a42b02673520bb9013f0b17f15ce29794ac96b98796e085ea8d0d8c8935
EC-GAD-DAULE-LPI-GADIMCD-2025-03:0151,APUV1-6babaf386de871ffb5a687a5,APUCON-a9e7330ee6c4f153dfb41dca,EC-GAD-DAULE-LPI-GADIMCD-2025-03,MALECON,151,SUMINISTRO DE TUBERIA PP UNION ROSCABLE DI=1 1/2 plg 1.25 MPA,m,0.000000,8.090000,0.2000,1.618000,0.000000,9.708000,9.710000,3,ANALISIS-DE-PRECIOS-UNITARIOS-1-1000-EXCEL.xlsx,sheet1,12777,6babaf386de871ffb5a687a510f7ef7d7785b157a12c0c897cbffa0083f74b65
EC-GAD-DAULE-LPI-GADIMCD-2025-03:0152,APUV1-946b19e71ddd5ff304f5fb8f,APUCON-ae72aa79521a5ccce203be96,EC-GAD-DAULE-LPI-GADIMCD-2025-03,MALECON,152,INSTALACION DE TUBERIA PP UNION ROSCABLE DI=1 1/2 plg 1.25 MPA,m,0.084000,1.169532,0.2000,0.233906,0.000000,1.403438,1.400000,4,ANALISIS-DE-PRECIOS-UNITARIOS-1-1000-EXCEL.xlsx,sheet1,12862,946b19e71ddd5ff304f5fb8f2041e037829394ba3e7a8360868f990389df3608
EC-GAD-DAULE-LPI-GADIMCD-2025-03:0153,APUV1-87d526a775e3790e37d30b6d,APUCON-2041fc5e8a979b56cc23608e,EC-GAD-DAULE-LPI-GADIMCD-2025-03,MALECON,153,COLGADOR PARA TUBERIA 1 1/2 IN,u,0.101000,2.106223,0.2000,0.421245,0.000000,2.527468,2.530000,5,ANALISIS-DE-PRECIOS-UNITARIOS-1-1000-EXCEL.xlsx,sheet1,12947,87d526a775e3790e37d30b6d25d570a34bfbdd1dc334b719725627c8528f8d9a
EC-GAD-DAULE-LPI-GADIMCD-2025-03:0154,APUV1-b2cb67b1e40dad47bc1a9217,APUCON-c8fc6f2b9a1bd71ad13665c8,EC-GAD-DAULE-LPI-GADIMCD-2025-03,MALECON,154,SUMINISTRO E INSTALACION DE REDUCTOR DE 2 A 1 IN PP ROSCABLE,u,0.250000,5.850750,0.2000,1.170150,0.000000,7.020900,7.020000,5,ANALISIS-DE-PRECIOS-UNITARIOS-1-1000-EXCEL.xlsx,sheet1,13032,b2cb67b1e40dad47bc1a9217da37068c453fe06c4274c67ffbb6ac40f67e0a1a
EC-GAD-DAULE-LPI-GADIMCD-2025-03:0155,APUV1-ea5857bbc8cb04021177ed66,APUCON-8ce8e54002e50192edccb088,EC-GAD-DAULE-LPI-GADIMCD-2025-03,MALECON,155,"SUMINISTRO E INSTALACION DE VALVULA CHECK ROSCADA PVC D=1""",u,0.120000,19.320760,0.2000,3.864152,0.000000,23.184912,23.180000,5,ANALISIS-DE-PRECIOS-UNITARIOS-1-1000-EXCEL.xlsx,sheet1,13117,ea5857bbc8cb04021177ed664a58749470e11708154b0a5268bafb7e015dcfd5
EC-GAD-DAULE-LPI-GADIMCD-2025-03:0156,APUV1-8e4db171dc5c96465c843837,APUCON-6c3859eeea18bdfdd6b2e34d,EC-GAD-DAULE-LPI-GADIMCD-2025-03,MALECON,156,SUMINISTRO E INSTALACION DE VALVULA DE BOLA PVC D= 1 plg ROSCABLE,u,0.500000,16.387750,0.2000,3.277550,0.000000,19.665300,19.670000,5,ANALISIS-DE-PRECIOS-UNITARIOS-1-1000-EXCEL.xlsx,sheet1,13202,8e4db171dc5c96465c843837942f09c4c0daf77d918e628095c3d4d47daf4a31
EC-GAD-DAULE-LPI-GADIMCD-2025-03:0157,APUV1-f75137c111bb585fa2f5fd30,APUCON-09f2ea0e702cf0a4e2aa965d,EC-GAD-DAULE-LPI-GADIMCD-2025-03,MALECON,157,SUMINISTRO E INSTALACION DE REDUCTOR DE 1 1/2 A 1 IN PP ROSCABLE,u,0.350000,6.383050,0.2000,1.276610,0.000000,7.659660,7.660000,5,ANALISIS-DE-PRECIOS-UNITARIOS-1-1000-EXCEL.xlsx,sheet1,13287,f75137c111bb585fa2f5fd30a611641a8fad0e1c2ff8742c01177a7d88dcab10
EC-GAD-DAULE-LPI-GADIMCD-2025-03:0158,APUV1-a55b849f07cfda93d958bda3,APUCON-0ae3a6c1d8a9ebe70298efd1,EC-GAD-DAULE-LPI-GADIMCD-2025-03,MALECON,158,SUMINISTRO E INSTALACION DE CODO 90' PP 1 1/2 IN ROSCABLE,u,0.350000,9.683050,0.2000,1.936610,0.000000,11.619660,11.620000,5,ANALISIS-DE-PRECIOS-UNITARIOS-1-1000-EXCEL.xlsx,sheet1,13372,a55b849f07cfda93d958bda3688fbd6745b5fdf5b992b4f9ef4b858371f81d53
EC-GAD-DAULE-LPI-GADIMCD-2025-03:0159,APUV1-4fddd3ead6ab9129e30adcc4,APUCON-d574394f8ad36f1a3d52655b,EC-GAD-DAULE-LPI-GADIMCD-2025-03,MALECON,159,SUMINISTRO E INSTALACION DE CODO 90' PP 1 IN ROSCABLE,u,0.250000,5.410750,0.2000,1.082150,0.000000,6.492900,6.490000,5,ANALISIS-DE-PRECIOS-UNITARIOS-1-1000-EXCEL.xlsx,sheet1,13457,4fddd3ead6ab9129e30adcc41392b9cec40fdc998ec2b2bf1ce3690805f4ad54
EC-GAD-DAULE-LPI-GADIMCD-2025-03:0160,APUV1-9ddbb14ffa798091eb54c8a2,APUCON-0c20ce0afad455b8f36179c8,EC-GAD-DAULE-LPI-GADIMCD-2025-03,MALECON,160,"FILTRO 16""",u,3.000000,218.843500,0.2000,43.768700,0.000000,262.612200,262.610000,5,ANALISIS-DE-PRECIOS-UNITARIOS-1-1000-EXCEL.xlsx,sheet1,13542,9ddbb14ffa798091eb54c8a29e8fed88214d8171b3329e3bfc27c7982246bf60
EC-GAD-DAULE-LPI-GADIMCD-2025-03:0161,APUV1-d2f401c8d91ddfea5d2558e8,APUCON-1bc958298702040c1970de32,EC-GAD-DAULE-LPI-GADIMCD-2025-03,MALECON,161,"FILTRO 12""",u,2.000000,124.916000,0.2000,24.983200,0.000000,149.899200,149.900000,5,ANALISIS-DE-PRECIOS-UNITARIOS-1-1000-EXCEL.xlsx,sheet1,13627,d2f401c8d91ddfea5d2558e8b078bb16e9aec7e5b8d987f80cdb89a523f96e39
EC-GAD-DAULE-LPI-GADIMCD-2025-03:0162,APUV1-ec517cc6e3f318cb3024e8fa,APUCON-c3cae9e25eb0f55bb22e1a6c,EC-GAD-DAULE-LPI-GADIMCD-2025-03,MALECON,162,SUMINISTRO Y COLOCACION DE ARENA PARA FILTRO (0.5 - 1 mm),m3,0.300000,244.914900,0.2000,48.982980,0.000000,293.897880,293.900000,3,ANALISIS-DE-PRECIOS-UNITARIOS-1-1000-EXCEL.xlsx,sheet1,13712,ec517cc6e3f318cb3024e8fa1687ffedfbe70818e7d21304e1fd2b36f3ef4589
EC-GAD-DAULE-LPI-GADIMCD-2025-03:0163,APUV1-997c235fb79ffca699c40fcd,APUCON-6063d5255e5946f0d88c3791,EC-GAD-DAULE-LPI-GADIMCD-2025-03,MALECON,163,SUMINISTRO Y COLOCACION DE GRAVA PARA FILTRO (6 - 12 mm),m3,0.350000,316.609050,0.2000,63.321810,0.000000,379.930860,379.930000,3,ANALISIS-DE-PRECIOS-UNITARIOS-1-1000-EXCEL.xlsx,sheet1,13797,997c235fb79ffca699c40fcd83519efc9723901d3178aace46c809cdf39b9e30
EC-GAD-DAULE-LPI-GADIMCD-2025-03:0164,APUV1-61d240339a430df3b007917d,APUCON-9821211357405bb600072ab6,EC-GAD-DAULE-LPI-GADIMCD-2025-03,MALECON,164,SUMINISTRO Y COLOCACION DE GRAVA PARA FILTRO (12 - 18 mm),m3,0.400000,318.829800,0.2000,63.765960,0.000000,382.595760,382.600000,3,ANALISIS-DE-PRECIOS-UNITARIOS-1-1000-EXCEL.xlsx,sheet1,13882,61d240339a430df3b007917df417ccb8e6826745c43b9959eea9efeba67c794b
EC-GAD-DAULE-LPI-GADIMCD-2025-03:0165,APUV1-1be5d8728376024ac8d12027,APUCON-67e876b050a42d2899162d4c,EC-GAD-DAULE-LPI-GADIMCD-2025-03,MALECON,165,BOQUILLA TIPO CHORRO DE PISO 1x1/2,u,1.500000,50.393500,0.2000,10.078700,0.000000,60.472200,60.470000,4,ANALISIS-DE-PRECIOS-UNITARIOS-1-1000-EXCEL.xlsx,sheet1,13967,1be5d8728376024ac8d12027088a579bfab44d226a2345a374c1d0719f9ad288
EC-GAD-DAULE-LPI-GADIMCD-2025-03:0166,APUV1-8d10472464404ecdb7c87a49,APUCON-2ef42645567a3876cea0c1ef,EC-GAD-DAULE-LPI-GADIMCD-2025-03,MALECON,166,SKIMMER PEQUEÑO,u,1.000000,34.429000,0.2000,6.885800,0.000000,41.314800,41.310000,4,ANALISIS-DE-PRECIOS-UNITARIOS-1-1000-EXCEL.xlsx,sheet1,14052,8d10472464404ecdb7c87a4984347604cec216ae8ef588fc8c9b0b393119b5ab
EC-GAD-DAULE-LPI-GADIMCD-2025-03:0167,APUV1-6f42650228a5912cf980f9ed,APUCON-c0893ad0979a560de93a871b,EC-GAD-DAULE-LPI-GADIMCD-2025-03,MALECON,167,DRENAJE DE FONDO,u,1.000000,26.929000,0.2000,5.385800,0.000000,32.314800,32.310000,4,ANALISIS-DE-PRECIOS-UNITARIOS-1-1000-EXCEL.xlsx,sheet1,14137,6f42650228a5912cf980f9eddc90c91c35a8882c3e3691443febbf053468690f
EC-GAD-DAULE-LPI-GADIMCD-2025-03:0168,APUV1-3c589180977f9b1a631de8d5,APUCON-f53d6a4aeae05f82067ee65e,EC-GAD-DAULE-LPI-GADIMCD-2025-03,MALECON,168,SUMINISTRO E INSTALACION DE TEE 2 IN PP ROSCABLE,u,0.501000,14.645423,0.2000,2.929085,0.000000,17.574508,17.570000,5,ANALISIS-DE-PRECIOS-UNITARIOS-1-1000-EXCEL.xlsx,sheet1,14222,3c589180977f9b1a631de8d5a8b551f9e5f35efd910edf96504fc092fd020593
EC-GAD-DAULE-LPI-GADIMCD-2025-03:0169,APUV1-8c7f1f9b6ef9a27446e0a3ab,APUCON-5f47620fe2673c4e4c0a7284,EC-GAD-DAULE-LPI-GADIMCD-2025-03,MALECON,169,SUMINISTRO E INSTALACION DE TEE 1 1/2 IN PP ROSCABLE,u,0.501000,11.995423,0.2000,2.399085,0.000000,14.394508,14.390000,5,ANALISIS-DE-PRECIOS-UNITARIOS-1-1000-EXCEL.xlsx,sheet1,14307,8c7f1f9b6ef9a27446e0a3ab1dc3ab30fa595ef30b68ddf09096ce2a4a5c5f90
EC-GAD-DAULE-LPI-GADIMCD-2025-03:0170,APUV1-a55b849f07cfda93d958bda3,APUCON-0ae3a6c1d8a9ebe70298efd1,EC-GAD-DAULE-LPI-GADIMCD-2025-03,MALECON,170,SUMINISTRO E INSTALACION DE CODO 90' PP 1 1/2 IN ROSCABLE,u,0.350000,9.683050,0.2000,1.936610,0.000000,11.619660,11.620000,5,ANALISIS-DE-PRECIOS-UNITARIOS-1-1000-EXCEL.xlsx,sheet1,14392,a55b849f07cfda93d958bda3688fbd6745b5fdf5b992b4f9ef4b858371f81d53
EC-GAD-DAULE-LPI-GADIMCD-2025-03:0171,APUV1-c34105041cc6f244d48c302a,APUCON-3e9fee72984a80a81f4b0522,EC-GAD-DAULE-LPI-GADIMCD-2025-03,MALECON,171,KIT DE PRUEBA DE AGUA PARA PISCINA,u,1.502000,11.131225,0.2000,2.226245,0.000000,13.357470,13.360000,3,ANALISIS-DE-PRECIOS-UNITARIOS-1-1000-EXCEL.xlsx,sheet1,14477,c34105041cc6f244d48c302aab8baa8c818d162e68d1eb7d7e3f004dd54bf1fa
EC-GAD-DAULE-LPI-GADIMCD-2025-03:0172,APUV1-bf363478d5dc79a546e8a05e,APUCON-aaa115fadb5b6bbae87b354a,EC-GAD-DAULE-LPI-GADIMCD-2025-03,MALECON,172,DOMOS O SOMBRILLAS DE AGUA DE 2 m DE DIAMETRO,u,20.000000,2596.630000,0.2000,519.326000,0.000000,3115.956000,3115.960000,8,ANALISIS-DE-PRECIOS-UNITARIOS-1-1000-EXCEL.xlsx,sheet1,14562,bf363478d5dc79a546e8a05e1a6bddd3c0a9e70cc3008598b651b4ee3a23f841
EC-GAD-DAULE-LPI-GADIMCD-2025-03:0173,APUV1-7eb655c1414bdc8588509976,APUCON-8d1faf21b93e91aa29908ed4,EC-GAD-DAULE-LPI-GADIMCD-2025-03,MALECON,173,"ABRAZADERA GALVANIZADA DE 1""",u,1.000000,5.831500,0.2000,1.166300,0.000000,6.997800,7.000000,3,ANALISIS-DE-PRECIOS-UNITARIOS-1-1000-EXCEL.xlsx,sheet1,14647,7eb655c1414bdc8588509976c3f92f4b1f74e950905732f476f7f794455e2cbe
EC-GAD-DAULE-LPI-GADIMCD-2025-03:0174,APUV1-eaa317e8acb69882bee8b779,APUCON-ee4135f438207410a5ef1dc9,EC-GAD-DAULE-LPI-GADIMCD-2025-03,MALECON,174,"ABRAZADERA GALVANIZADA DE 2""",u,0.990000,6.827085,0.2000,1.365417,0.000000,8.192502,8.190000,3,ANALISIS-DE-PRECIOS-UNITARIOS-1-1000-EXCEL.xlsx,sheet1,14732,eaa317e8acb69882bee8b77904ef707e2d3befaaabaa2e4a15836311dd82d1f2
EC-GAD-DAULE-LPI-GADIMCD-2025-03:0175,APUV1-493d5cad39550cc04d2e6c2f,APUCON-14f8b49d40ccc852fea34b6c,EC-GAD-DAULE-LPI-GADIMCD-2025-03,MALECON,175,HORMIGON PREMEZCLADO F´C=280 Kg/cm2 INCLUYE ENCOFRADO,m3,3.000000,302.396000,0.2000,60.479200,0.000000,362.875200,362.880000,10,ANALISIS-DE-PRECIOS-UNITARIOS-1-1000-EXCEL.xlsx,sheet1,14817,493d5cad39550cc04d2e6c2f4980f8c0db2611fe931d4d9ee0460222bb9985b8
EC-GAD-DAULE-LPI-GADIMCD-2025-03:0176,APUV1-2002fcd95b8722bf135b7365,APUCON-da08326ca763a093af19f9b5,EC-GAD-DAULE-LPI-GADIMCD-2025-03,MALECON,176,ACERO ESTRUCTURAL (A36),Kg,0.025000,5.034400,0.2000,1.006880,0.000000,6.041280,6.040000,17,ANALISIS-DE-PRECIOS-UNITARIOS-1-1000-EXCEL.xlsx,sheet1,14902,2002fcd95b8722bf135b73655387141c30448e61c378b193b47621c5376db821
EC-GAD-DAULE-LPI-GADIMCD-2025-03:0177,APUV1-64dd781ab6a4537aae622709,APUCON-4eae20cc37846a2bd0bbbb56,EC-GAD-DAULE-LPI-GADIMCD-2025-03,MALECON,177,SUMINISTRO E INSTALACION DE CUBIERTA METALICA CON AISLAMIENTO DE POLIURETANO E=30mm,m2,0.250000,45.809500,0.2000,9.161900,0.000000,54.971400,54.970000,7,ANALISIS-DE-PRECIOS-UNITARIOS-1-1000-EXCEL.xlsx,sheet1,14987,64dd781ab6a4537aae62270976d344ac417a19615b83c40bdbe2db93d906c97b
EC-GAD-DAULE-LPI-GADIMCD-2025-03:0178,APUV1-3a256f7547e728caa0fe73c2,APUCON-4bf5078c97fd9e35b1772666,EC-GAD-DAULE-LPI-GADIMCD-2025-03,MALECON,178,SUMINISTRO E INSTALACION DE FLASHING PERIMETRAL PARA CUBIERTA,m,0.750000,22.984875,0.2000,4.596975,0.000000,27.581850,27.580000,8,ANALISIS-DE-PRECIOS-UNITARIOS-1-1000-EXCEL.xlsx,sheet1,15072,3a256f7547e728caa0fe73c2c40ba9de8bd77009572825efac4052a773593e59
EC-GAD-DAULE-LPI-GADIMCD-2025-03:0179,APUV1-47f96e8a80fd17d18034103d,APUCON-e8192d05469acfe5d28e5529,EC-GAD-DAULE-LPI-GADIMCD-2025-03,MALECON,179,"MALLA ELECTROSOLDADA 15x15 - 5,5mm",m2,0.045000,5.021822,0.2000,1.004365,0.000000,6.026187,6.030000,9,ANALISIS-DE-PRECIOS-UNITARIOS-1-1000-EXCEL.xlsx,sheet1,15157,47f96e8a80fd17d18034103ddc91b9f679b4ef05f5f52163a1d36b5333f13478
EC-GAD-DAULE-LPI-GADIMCD-2025-03:0180,APUV1-3bbcd54ec4eeb6ee444afd6d,APUCON-6afc0ff159505e357696365b,EC-GAD-DAULE-LPI-GADIMCD-2025-03,MALECON,180,"MALLA ELECTROSOLDADA 15x15 - 4,5mm",m2,0.202000,5.914168,0.2000,1.182834,0.000000,7.097002,7.100000,8,ANALISIS-DE-PRECIOS-UNITARIOS-1-1000-EXCEL.xlsx,sheet1,15242,3bbcd54ec4eeb6ee444afd6d6f7e6f016c5707651a635587ce6a501650f6509d
EC-GAD-DAULE-LPI-GADIMCD-2025-03:0181,APUV1-eb275a781e405e79da2c38be,APUCON-5201a91b2b89d3e817ee9ee9,EC-GAD-DAULE-LPI-GADIMCD-2025-03,MALECON,181,SUMINISTRO E INSTALACION DE PLACA-ACERO COLABORANTE E=0.65mm,m2,0.500000,54.084250,0.2000,10.816850,0.000000,64.901100,64.900000,8,ANALISIS-DE-PRECIOS-UNITARIOS-1-1000-EXCEL.xlsx,sheet1,15327,eb275a781e405e79da2c38be699c2e2fdf08bdea4198097c6b4b4396e22198a5
EC-GAD-DAULE-LPI-GADIMCD-2025-03:0182,APUV1-ac20e1b40778058ec0411026,APUCON-087df8d366150ec060a95b2c,EC-GAD-DAULE-LPI-GADIMCD-2025-03,MALECON,182,"PERNO ASTM A325 EN PLACA BASE D=5/8"" L=25cm",u,0.101000,6.410920,0.2000,1.282184,0.000000,7.693105,7.690000,4,ANALISIS-DE-PRECIOS-UNITARIOS-1-1000-EXCEL.xlsx,sheet1,15412,ac20e1b40778058ec0411026111e8b8647700a51fe8c7491695fa72f097c58dc
EC-GAD-DAULE-LPI-GADIMCD-2025-03:0183,APUV1-3ff613409cb508e0a1d503ea,APUCON-e70233afe35146109537d590,EC-GAD-DAULE-LPI-GADIMCD-2025-03,MALECON,183,"SUMINISTRO E INSTALACION DE PANEL COMPUESTO DE ALUMINIO (ALUCOBOND), E=4mm, PARA EXTERIOR",m2,1.250000,72.501250,0.2000,14.500250,0.000000,87.001500,87.000000,7,ANALISIS-DE-PRECIOS-UNITARIOS-1-1000-EXCEL.xlsx,sheet1,15497,3ff613409cb508e0a1d503ea488d4acdd0881c2fc6d48ff2992d533de656ea9a
EC-GAD-DAULE-LPI-GADIMCD-2025-03:0184,APUV1-8cc7e2655971ecffd8b82022,APUCON-5e4dcdebc263ee504d6c19b0,EC-GAD-DAULE-LPI-GADIMCD-2025-03,MALECON,184,CERAMICA 30x30cm,m2,0.500000,21.512000,0.2000,4.302400,0.000000,25.814400,25.810000,9,ANALISIS-DE-PRECIOS-UNITARIOS-1-1000-EXCEL.xlsx,sheet1,15582,8cc7e2655971ecffd8b820228ec7ddb0614fa3d010ecb3606663f7d0fd4601bc
EC-GAD-DAULE-LPI-GADIMCD-2025-03:0185,APUV1-94d17f97a2da00f2495e7e9b,APUCON-17d081a648c60cfd1b54f883,EC-GAD-DAULE-LPI-GADIMCD-2025-03,MALECON,185,PORCELANATO 60x60cm,m2,0.500000,30.502000,0.2000,6.100400,0.000000,36.602400,36.600000,9,ANALISIS-DE-PRECIOS-UNITARIOS-1-1000-EXCEL.xlsx,sheet1,15667,94d17f97a2da00f2495e7e9befd9741a1b372d4198d727b3ae5432d838cd7192
EC-GAD-DAULE-LPI-GADIMCD-2025-03:0186,APUV1-f5d96966c8df5a39bf9a9778,APUCON-4a312a5753f910425b1aca02,EC-GAD-DAULE-LPI-GADIMCD-2025-03,MALECON,186,GRANITO PULIDO,m2,0.400000,201.859700,0.2000,40.371940,0.000000,242.231640,242.230000,9,ANALISIS-DE-PRECIOS-UNITARIOS-1-1000-EXCEL.xlsx,sheet1,15752,f5d96966c8df5a39bf9a9778987c8196809b929a5f808c5811e85f0c4fa5c2ae
EC-GAD-DAULE-LPI-GADIMCD-2025-03:0187,APUV1-365f564b87a82902d5d31cb0,APUCON-6e51f31dae074568877abb8d,EC-GAD-DAULE-LPI-GADIMCD-2025-03,MALECON,187,PORCELANATO 100x300mm,m2,0.350000,126.038550,0.2000,25.207710,0.000000,151.246260,151.250000,9,ANALISIS-DE-PRECIOS-UNITARIOS-1-1000-EXCEL.xlsx,sheet1,15837,365f564b87a82902d5d31cb065d1de95c54c49efc06c8f0cae71602038f8be83
EC-GAD-DAULE-LPI-GADIMCD-2025-03:0188,APUV1-ccad9bec18d97bd0cc629626,APUCON-f043bef1642b4dcd6fc2a7e2,EC-GAD-DAULE-LPI-GADIMCD-2025-03,MALECON,188,PARED DE BLOQUE 10x20x40cm,m2,0.400000,18.497000,0.2000,3.699400,0.000000,22.196400,22.200000,9,ANALISIS-DE-PRECIOS-UNITARIOS-1-1000-EXCEL.xlsx,sheet1,15922,ccad9bec18d97bd0cc6296263e9eb19601570901fb2857a260404eaf28e1e079
EC-GAD-DAULE-LPI-GADIMCD-2025-03:0189,APUV1-fa5616f9d0876e3d5d470635,APUCON-9a3f36800c5fa2c2ab7de816,EC-GAD-DAULE-LPI-GADIMCD-2025-03,MALECON,189,PARED DE BLOQUE 20x20x40cm,m2,0.500000,22.474300,0.2000,4.494860,0.000000,26.969160,26.970000,9,ANALISIS-DE-PRECIOS-UNITARIOS-1-1000-EXCEL.xlsx,sheet1,16007,fa5616f9d0876e3d5d4706358a0044ac1c51303a7836d89e158ca7bb88d354f6
EC-GAD-DAULE-LPI-GADIMCD-2025-03:0190,APUV1-55b3f0579c14d0d3486c9b3d,APUCON-c26f9a821a60d1f4c02ce248,EC-GAD-DAULE-LPI-GADIMCD-2025-03,MALECON,190,ENLUCIDO DE PAREDES EXTERIORES,m2,0.400000,9.781450,0.2000,1.956290,0.000000,11.737740,11.740000,6,ANALISIS-DE-PRECIOS-UNITARIOS-1-1000-EXCEL.xlsx,sheet1,16092,55b3f0579c14d0d3486c9b3dc435c2239abc4147693bef699a69c92e9e422876
EC-GAD-DAULE-LPI-GADIMCD-2025-03:0191,APUV1-9c7258c64002e2d230b00fec,APUCON-5a3d6736dcf2a807e5d95e77,EC-GAD-DAULE-LPI-GADIMCD-2025-03,MALECON,191,ENLUCIDO DE PAREDES INTERIORES,m2,0.300000,7.178650,0.2000,1.435730,0.000000,8.614380,8.610000,6,ANALISIS-DE-PRECIOS-UNITARIOS-1-1000-EXCEL.xlsx,sheet1,16177,9c7258c64002e2d230b00fec087c219184b6389cc0614ba3b7dda44528be24be
EC-GAD-DAULE-LPI-GADIMCD-2025-03:0192,APUV1-3288653bae96f8ae80830716,APUCON-82723a87dde28c85a25c8e05,EC-GAD-DAULE-LPI-GADIMCD-2025-03,MALECON,192,ENLUCIDO DE FILOS,m,0.120000,3.367260,0.2000,0.673452,0.000000,4.040712,4.040000,8,ANALISIS-DE-PRECIOS-UNITARIOS-1-1000-EXCEL.xlsx,sheet1,16262,3288653bae96f8ae80830716eef0d8720c7feb769ac65fbed58e7a5f14b77e6b
EC-GAD-DAULE-LPI-GADIMCD-2025-03:0193,APUV1-9c626984f8d025dfc7048d19,APUCON-795589ef446ed30a2ea7e67f,EC-GAD-DAULE-LPI-GADIMCD-2025-03,MALECON,193,PILARETES Y VIGUETAS 12x9cm,m,0.500000,40.529550,0.2000,8.105910,0.000000,48.635460,48.640000,12,ANALISIS-DE-PRECIOS-UNITARIOS-1-1000-EXCEL.xlsx,sheet1,16347,9c626984f8d025dfc7048d19d33ba07afc127513cb51944c3427aa5397fbfd3c
EC-GAD-DAULE-LPI-GADIMCD-2025-03:0194,APUV1-9d88f67cba43754fe11d241a,APUCON-24e1f6bd9447277701485af6,EC-GAD-DAULE-LPI-GADIMCD-2025-03,MALECON,194,CUADRADA DE BOQUETES,m,0.150000,5.028950,0.2000,1.005790,0.000000,6.034740,6.030000,7,ANALISIS-DE-PRECIOS-UNITARIOS-1-1000-EXCEL.xlsx,sheet1,16432,9d88f67cba43754fe11d241ae4fbb5f34ec53d26c1532cd6765db7f88a0b1830
EC-GAD-DAULE-LPI-GADIMCD-2025-03:0195,APUV1-e011ff330ba56051afbf28a4,APUCON-9d548c404424417e5382395e,EC-GAD-DAULE-LPI-GADIMCD-2025-03,MALECON,195,PINTURA EXTERIOR,m2,0.400000,7.234600,0.2000,1.446920,0.000000,8.681520,8.680000,6,ANALISIS-DE-PRECIOS-UNITARIOS-1-1000-EXCEL.xlsx,sheet1,16517,e011ff330ba56051afbf28a46f4c4e84f24eb4bd1a10903727538ba93016b25e
EC-GAD-DAULE-LPI-GADIMCD-2025-03:0196,APUV1-ba45a14d274ec6df3b4492b3,APUCON-57fda0bb67764d17ac27a48c,EC-GAD-DAULE-LPI-GADIMCD-2025-03,MALECON,196,PINTURA INTERIOR,m2,0.400000,6.824200,0.2000,1.364840,0.000000,8.189040,8.190000,6,ANALISIS-DE-PRECIOS-UNITARIOS-1-1000-EXCEL.xlsx,sheet1,16602,ba45a14d274ec6df3b4492b37fafc6424228be13f33f35c639686b5725b89ee3
EC-GAD-DAULE-LPI-GADIMCD-2025-03:0197,APUV1-e7f93e2abad59760d184573d,APUCON-f44d61a3ade6df3451402a53,EC-GAD-DAULE-LPI-GADIMCD-2025-03,MALECON,197,SUMINISTRO E INSTALACION DE MADERA ALISTONADA EN PARED,m2,0.500000,48.851650,0.2000,9.770330,0.000000,58.621980,58.620000,11,ANALISIS-DE-PRECIOS-UNITARIOS-1-1000-EXCEL.xlsx,sheet1,16687,e7f93e2abad59760d184573d2ff51f27200ae2d43fb7c6b193d3f6ac3c9caf93
EC-GAD-DAULE-LPI-GADIMCD-2025-03:0198,APUV1-2ad3b11c05a89780e094e2b6,APUCON-631a1f3ae82490062c8eccd5,EC-GAD-DAULE-LPI-GADIMCD-2025-03,MALECON,198,PORCELANATO 30x60cm,m2,0.600000,35.144300,0.2000,7.028860,0.000000,42.173160,42.170000,9,ANALISIS-DE-PRECIOS-UNITARIOS-1-1000-EXCEL.xlsx,sheet1,16772,2ad3b11c05a89780e094e2b6a484902a47389488f1b2124307c1c9458088d550
EC-GAD-DAULE-LPI-GADIMCD-2025-03:0199,APUV1-b18c837dd5d6592c19e77e72,APUCON-563984c79d3950f1b4484c75,EC-GAD-DAULE-LPI-GADIMCD-2025-03,MALECON,199,SUMINISTRO E INSTALACION DE TUMBADO DE PVC MADERADO LAMINADO 8mm,m2,0.750000,32.369750,0.2000,6.473950,0.000000,38.843700,38.840000,11,ANALISIS-DE-PRECIOS-UNITARIOS-1-1000-EXCEL.xlsx,sheet1,16857,b18c837dd5d6592c19e77e72be868a25416c62c11a3377e27353bb1c27067819
EC-GAD-DAULE-LPI-GADIMCD-2025-03:0200,APUV1-f73484e99d31a3a740890d84,APUCON-83b848b415f5e3c0119e6edc,EC-GAD-DAULE-LPI-GADIMCD-2025-03,MALECON,200,LAVAMANOS DE EMPOTRAR CON GRIFERIA DE CIERRE AUTOMATICO (INCLUYE ACCESORIOS),u,1.000000,162.033000,0.2000,32.406600,0.000000,194.439600,194.440000,7,ANALISIS-DE-PRECIOS-UNITARIOS-1-1000-EXCEL.xlsx,sheet1,16942,f73484e99d31a3a740890d84f9263b400e8afedea0dddd512f0a6da2d061e972
EC-GAD-DAULE-LPI-GADIMCD-2025-03:0201,APUV1-e44031ab753e168fae1c6c16,APUCON-6b37fcbb26293059426fb3a3,EC-GAD-DAULE-LPI-GADIMCD-2025-03,MALECON,201,LAVACOPA DE EMPOTRAR 60x42cm,u,2.000000,195.602000,0.2000,39.120400,0.000000,234.722400,234.720000,5,ANALISIS-DE-PRECIOS-UNITARIOS-1-1000-EXCEL.xlsx,sheet1,17044,e44031ab753e168fae1c6c16402d7862c0fc12297544f82ba9c10b2b1d055b3a
EC-GAD-DAULE-LPI-GADIMCD-2025-03:0202,APUV1-9e15bd4f0bd03d2e3a728a61,APUCON-0ccfd6e3fc9b060bbcb49569,EC-GAD-DAULE-LPI-GADIMCD-2025-03,MALECON,202,INODOROS CON FLUXOMETRO (INCLUYE ACCESORIOS),u,3.000000,335.524000,0.2000,67.104800,0.000000,402.628800,402.630000,8,ANALISIS-DE-PRECIOS-UNITARIOS-1-1000-EXCEL.xlsx,sheet1,17129,9e15bd4f0bd03d2e3a728a61f80cb09f491ce73369db75056f3e151385f7b61f
EC-GAD-DAULE-LPI-GADIMCD-2025-03:0203,APUV1-fa20fbcf2fc5a8871f7112df,APUCON-f669751684cb4787a39346c4,EC-GAD-DAULE-LPI-GADIMCD-2025-03,MALECON,203,INODORO PARA DISCAPACITADOS (INCLUYE ACCESORIOS),u,3.000000,415.504000,0.2000,83.100800,0.000000,498.604800,498.600000,9,ANALISIS-DE-PRECIOS-UNITARIOS-1-1000-EXCEL.xlsx,sheet1,17214,fa20fbcf2fc5a8871f7112df501463bf4dccccd1647266b4e797d101f6e4cd7d
EC-GAD-DAULE-LPI-GADIMCD-2025-03:0204,APUV1-4d8f5de6cc996714b5507ef9,APUCON-ed30f10e0070b25addd21ccb,EC-GAD-DAULE-LPI-GADIMCD-2025-03,MALECON,204,URINARIO CON FLUXOMETRO (INCLUYE ACCESORIOS),u,2.000000,279.891000,0.2000,55.978200,0.000000,335.869200,335.870000,8,ANALISIS-DE-PRECIOS-UNITARIOS-1-1000-EXCEL.xlsx,sheet1,17299,4d8f5de6cc996714b5507ef96f5abad3f9147cd2e99880e1c2c582b4ba3ef613
EC-GAD-DAULE-LPI-GADIMCD-2025-03:0205,APUV1-ea442f196c10833402a94276,APUCON-bc36a898a3d0c2cef6e30aee,EC-GAD-DAULE-LPI-GADIMCD-2025-03,MALECON,205,SUMINISTRO E INSTALACION DE DISPENSADOR DE JABON LIQUIDO,u,3.000000,61.994500,0.2000,12.398900,0.000000,74.393400,74.390000,3,ANALISIS-DE-PRECIOS-UNITARIOS-1-1000-EXCEL.xlsx,sheet1,17384,ea442f196c10833402a942766d2c474208aaf9accb984cfed6291715bf20a03d
EC-GAD-DAULE-LPI-GADIMCD-2025-03:0206,APUV1-3ad765b530c60c72ddbb4588,APUCON-91116dd1cd7a5a27a25ebccf,EC-GAD-DAULE-LPI-GADIMCD-2025-03,MALECON,206,SUMINISTRO E INSTALACION DE DISPENSADOR DE PAPEL,u,2.301000,68.599892,0.2000,13.719978,0.000000,82.319870,82.320000,3,ANALISIS-DE-PRECIOS-UNITARIOS-1-1000-EXCEL.xlsx,sheet1,17469,3ad765b530c60c72ddbb4588a60f21098708b96b808825ab76acd8bae57fbdc0
EC-GAD-DAULE-LPI-GADIMCD-2025-03:0207,APUV1-25a9238b55fef217d0d3d473,APUCON-230883c8b180ad42f8016d7b,EC-GAD-DAULE-LPI-GADIMCD-2025-03,MALECON,207,SUMINISTRO E INSTALACION DE ESPEJOS,m2,1.201000,63.624229,0.2000,12.724846,0.000000,76.349075,76.350000,4,ANALISIS-DE-PRECIOS-UNITARIOS-1-1000-EXCEL.xlsx,sheet1,17554,25a9238b55fef217d0d3d473d079fbcdbefdf8979edda63d6cc6b3f7b2bc9b01
EC-GAD-DAULE-LPI-GADIMCD-2025-03:0208,APUV1-4f12686432fda167ee7986db,APUCON-688447e52c2356bde842dd53,EC-GAD-DAULE-LPI-GADIMCD-2025-03,MALECON,208,SUMINISTRO E INSTALACION DE SECADORA DE AIRE,u,0.250000,76.110375,0.2000,15.222075,0.000000,91.332450,91.330000,3,ANALISIS-DE-PRECIOS-UNITARIOS-1-1000-EXCEL.xlsx,sheet1,17639,4f12686432fda167ee7986db83e7d28044baceaf9e12899e580c7c9314102ce1
EC-GAD-DAULE-LPI-GADIMCD-2025-03:0209,APUV1-4df1f1399f1d20dead7ec287,APUCON-03f6a66245105beb7f3328af,EC-GAD-DAULE-LPI-GADIMCD-2025-03,MALECON,209,"REVESTIMIENTO DE MESONES CON PLANCHA DE GRANITO, INCLUYE RUDON, FALDON Y SALPICADERA",m2,3.000000,182.261000,0.2000,36.452200,0.000000,218.713200,218.710000,8,ANALISIS-DE-PRECIOS-UNITARIOS-1-1000-EXCEL.xlsx,sheet1,17724,4df1f1399f1d20dead7ec287e65ec4622905b27c317dee2a6cc30bf17a447553
EC-GAD-DAULE-LPI-GADIMCD-2025-03:0210,APUV1-ddcb8db31c784abc493b58fa,APUCON-ef28aee69b5caabb1d34221c,EC-GAD-DAULE-LPI-GADIMCD-2025-03,MALECON,210,HORMIGON ARMADO MESONES A= 0.40m; E= 0.07m,m,0.500000,40.202730,0.2000,8.040546,0.000000,48.243276,48.240000,15,ANALISIS-DE-PRECIOS-UNITARIOS-1-1000-EXCEL.xlsx,sheet1,17809,ddcb8db31c784abc493b58fa4d3de5320b42090a749aa0d426040ec4b7a08605
EC-GAD-DAULE-LPI-GADIMCD-2025-03:0211,APUV1-9e3750a921c58ccde87abc61,APUCON-be21b6f83ddef72815735967,EC-GAD-DAULE-LPI-GADIMCD-2025-03,MALECON,211,SUMINISTRO E INSTALACION DE LOUVER METALICO ELIPTICO CON APARIENCIA MADERADA,m2,1.999990,232.295291,0.2000,46.459058,0.000000,278.754349,278.750000,9,ANALISIS-DE-PRECIOS-UNITARIOS-1-1000-EXCEL.xlsx,sheet1,17894,9e3750a921c58ccde87abc61b16feac5fde684027d35c7d258cd96973eeabb55
EC-GAD-DAULE-LPI-GADIMCD-2025-03:0212,APUV1-f57d7be10571af520d451e48,APUCON-33559dfcd9ba8cc72287dfc9,EC-GAD-DAULE-LPI-GADIMCD-2025-03,MALECON,212,VENTANAS DE ALUMINIO Y VIDRIO (VIDRIO 5mm),m2,3.000000,126.769000,0.2000,25.353800,0.000000,152.122800,152.120000,5,ANALISIS-DE-PRECIOS-UNITARIOS-1-1000-EXCEL.xlsx,sheet1,17979,f57d7be10571af520d451e481757fe5432bd8bc7236388a6d60aa9cc96fe3c51
EC-GAD-DAULE-LPI-GADIMCD-2025-03:0213,APUV1-3a002201daf9b7d7a53394ea,APUCON-cdd36b4bb2916d73c62a534e,EC-GAD-DAULE-LPI-GADIMCD-2025-03,MALECON,213,PUERTA METALICA (0.80x2.10) m,u,3.000000,411.994000,0.2000,82.398800,0.000000,494.392800,494.390000,13,ANALISIS-DE-PRECIOS-UNITARIOS-1-1000-EXCEL.xlsx,sheet1,18064,3a002201daf9b7d7a53394ea0b9b663a097e97bc1d74164c6954b70659aaf557
EC-GAD-DAULE-LPI-GADIMCD-2025-03:0214,APUV1-0dce90b961381e4db9f2dc7f,APUCON-a6ad88d95bea86695f5c50f9,EC-GAD-DAULE-LPI-GADIMCD-2025-03,MALECON,214,PUERTA DE ALUMINIO Y VIDRIO CLARO DE 6mm,m2,4.000000,190.692000,0.2000,38.138400,0.000000,228.830400,228.830000,5,ANALISIS-DE-PRECIOS-UNITARIOS-1-1000-EXCEL.xlsx,sheet1,18149,0dce90b961381e4db9f2dc7f6a971970f13f8e5b95a163bff05b9d527ac4a51c
EC-GAD-DAULE-LPI-GADIMCD-2025-03:0215,APUV1-ba2d77b852c47a292fb02ce5,APUCON-0933dc7f38c79423c09722ce,EC-GAD-DAULE-LPI-GADIMCD-2025-03,MALECON,215,DIVISION EN ACERO INOXIDABLE,m2,2.999990,473.588861,0.2000,94.717772,0.000000,568.306633,568.310000,6,ANALISIS-DE-PRECIOS-UNITARIOS-1-1000-EXCEL.xlsx,sheet1,18234,ba2d77b852c47a292fb02ce5f2f184133d7b5bbe0765b1fc9a808bacb726f317
EC-GAD-DAULE-LPI-GADIMCD-2025-03:0216,APUV1-493bfdd97f107001ceb1b8bd,APUCON-74fd0ce5da51ccbe49a40cde,EC-GAD-DAULE-LPI-GADIMCD-2025-03,MALECON,216,PUERTA EN ACERO INOXIDABLE (0.80x1.50)m,u,3.000000,663.134000,0.2000,132.626800,0.000000,795.760800,795.760000,11,ANALISIS-DE-PRECIOS-UNITARIOS-1-1000-EXCEL.xlsx,sheet1,18319,493bfdd97f107001ceb1b8bdb6ee4408c0fbc968d610635cbc2b3282e16c1c98
EC-GAD-DAULE-LPI-GADIMCD-2025-03:0217,APUV1-0cce125ab047ed4a01be3629,APUCON-309c35f6bf7dbea530388e58,EC-GAD-DAULE-LPI-GADIMCD-2025-03,MALECON,217,PUERTA EN ACERO INOXIDABLE (0.60x1.50) m,u,3.000000,509.108000,0.2000,101.821600,0.000000,610.929600,610.930000,10,ANALISIS-DE-PRECIOS-UNITARIOS-1-1000-EXCEL.xlsx,sheet1,18404,0cce125ab047ed4a01be3629d8b04fa8fe7143227fa24f251399aa722bf3ea90
EC-GAD-DAULE-LPI-GADIMCD-2025-03:0218,APUV1-03f88bd1a42b4b8444ae5187,APUCON-6984530abb68d2e7b21c3762,EC-GAD-DAULE-LPI-GADIMCD-2025-03,MALECON,218,SUMINISTRO E INSTALACION DE BARANDA METALICA (INCLUYE PINTURA),m,0.750000,97.287230,0.2000,19.457446,0.000000,116.744676,116.740000,11,ANALISIS-DE-PRECIOS-UNITARIOS-1-1000-EXCEL.xlsx,sheet1,18489,03f88bd1a42b4b8444ae51870a35661181587ded9828707f366c4dac2e046a6e
EC-GAD-DAULE-LPI-GADIMCD-2025-03:0219,APUV1-02071eab5c0f732c64440149,APUCON-83de6be8730caa16c34d25ac,EC-GAD-DAULE-LPI-GADIMCD-2025-03,MALECON,219,"LETRAS CORPOREAS AUTOILUMINADAS ""LA AURORA"" EN CENTRO COMERCIAL",u,6.000000,2932.690000,0.2000,586.538000,0.000000,3519.228000,3519.230000,6,ANALISIS-DE-PRECIOS-UNITARIOS-1-1000-EXCEL.xlsx,sheet1,18574,02071eab5c0f732c6444014942b4e3fc98c1cf78ff29225d9386ee808a5a6056
EC-GAD-DAULE-LPI-GADIMCD-2025-03:0220,APUV1-5f6de11c25722559dc41bc8a,APUCON-541d40c79c4a9fd19ef22dbb,EC-GAD-DAULE-LPI-GADIMCD-2025-03,MALECON,220,PUERTA DE MADERA (0.70x1.00) m,u,2.000000,98.400000,0.2000,19.680000,0.000000,118.080000,118.080000,7,ANALISIS-DE-PRECIOS-UNITARIOS-1-1000-EXCEL.xlsx,sheet1,18659,5f6de11c25722559dc41bc8a08ce3a0e9f2b6ef1eabf814bcb1e234df7b8c94c
EC-GAD-DAULE-LPI-GADIMCD-2025-03:0221,APUV1-64dd781ab6a4537aae622709,APUCON-4eae20cc37846a2bd0bbbb56,EC-GAD-DAULE-LPI-GADIMCD-2025-03,MALECON,221,SUMINISTRO E INSTALACION DE CUBIERTA METALICA CON AISLAMIENTO DE POLIURETANO E=30mm,m2,0.250000,45.809500,0.2000,9.161900,0.000000,54.971400,54.970000,7,ANALISIS-DE-PRECIOS-UNITARIOS-1-1000-EXCEL.xlsx,sheet1,18744,64dd781ab6a4537aae62270976d344ac417a19615b83c40bdbe2db93d906c97b
EC-GAD-DAULE-LPI-GADIMCD-2025-03:0222,APUV1-3a256f7547e728caa0fe73c2,APUCON-4bf5078c97fd9e35b1772666,EC-GAD-DAULE-LPI-GADIMCD-2025-03,MALECON,222,SUMINISTRO E INSTALACION DE FLASHING PERIMETRAL PARA CUBIERTA,m,0.750000,22.984875,0.2000,4.596975,0.000000,27.581850,27.580000,8,ANALISIS-DE-PRECIOS-UNITARIOS-1-1000-EXCEL.xlsx,sheet1,18829,3a256f7547e728caa0fe73c2c40ba9de8bd77009572825efac4052a773593e59
EC-GAD-DAULE-LPI-GADIMCD-2025-03:0223,APUV1-2002fcd95b8722bf135b7365,APUCON-da08326ca763a093af19f9b5,EC-GAD-DAULE-LPI-GADIMCD-2025-03,MALECON,223,ACERO ESTRUCTURAL (A36),Kg,0.025000,5.034400,0.2000,1.006880,0.000000,6.041280,6.040000,17,ANALISIS-DE-PRECIOS-UNITARIOS-1-1000-EXCEL.xlsx,sheet1,18914,2002fcd95b8722bf135b73655387141c30448e61c378b193b47621c5376db821
EC-GAD-DAULE-LPI-GADIMCD-2025-03:0224,APUV1-7c648d54dcb47dc742a254cf,APUCON-faf02ebd6fc48d6a66c5643a,EC-GAD-DAULE-LPI-GADIMCD-2025-03,MALECON,224,PORCELANATO 298x2398x9mm,m2,0.601000,35.160723,0.2000,7.032145,0.000000,42.192868,42.190000,9,ANALISIS-DE-PRECIOS-UNITARIOS-1-1000-EXCEL.xlsx,sheet1,18999,7c648d54dcb47dc742a254cf0ec12f791821b311ac760f8e278e00a814f5f22b
EC-GAD-DAULE-LPI-GADIMCD-2025-03:0225,APUV1-c319ab8111c049c6b68a9d17,APUCON-f10d689c43abf0d586c8df7b,EC-GAD-DAULE-LPI-GADIMCD-2025-03,MALECON,225,SUMINISTRO E INSTALACION DE DECK DE MADERA PLASTICA PARA PISO,m2,1.500000,145.950000,0.2000,29.190000,0.000000,175.140000,175.140000,6,ANALISIS-DE-PRECIOS-UNITARIOS-1-1000-EXCEL.xlsx,sheet1,19084,c319ab8111c049c6b68a9d17eecc039cdb40ae49b4edeb86373b2dbe178b5b2c
EC-GAD-DAULE-LPI-GADIMCD-2025-03:0226,APUV1-f26eedfa22d7c828a84dd3ee,APUCON-df8612dbdcb6fbe65d48ae94,EC-GAD-DAULE-LPI-GADIMCD-2025-03,MALECON,226,SUMINISTRO E INSTALACION DE PORCELANATO 18.5x150x9mm,m2,0.500000,54.652000,0.2000,10.930400,0.000000,65.582400,65.580000,9,ANALISIS-DE-PRECIOS-UNITARIOS-1-1000-EXCEL.xlsx,sheet1,19169,f26eedfa22d7c828a84dd3ee402ac1df82a7052984033ba09cb5ecb8e228657d
EC-GAD-DAULE-LPI-GADIMCD-2025-03:0227,APUV1-ccad9bec18d97bd0cc629626,APUCON-f043bef1642b4dcd6fc2a7e2,EC-GAD-DAULE-LPI-GADIMCD-2025-03,MALECON,227,PARED DE BLOQUE 10x20x40cm,m2,0.400000,18.497000,0.2000,3.699400,0.000000,22.196400,22.200000,9,ANALISIS-DE-PRECIOS-UNITARIOS-1-1000-EXCEL.xlsx,sheet1,19254,ccad9bec18d97bd0cc6296263e9eb19601570901fb2857a260404eaf28e1e079
EC-GAD-DAULE-LPI-GADIMCD-2025-03:0228,APUV1-55b3f0579c14d0d3486c9b3d,APUCON-c26f9a821a60d1f4c02ce248,EC-GAD-DAULE-LPI-GADIMCD-2025-03,MALECON,228,ENLUCIDO DE PAREDES EXTERIORES,m2,0.400000,9.781450,0.2000,1.956290,0.000000,11.737740,11.740000,6,ANALISIS-DE-PRECIOS-UNITARIOS-1-1000-EXCEL.xlsx,sheet1,19339,55b3f0579c14d0d3486c9b3dc435c2239abc4147693bef699a69c92e9e422876
EC-GAD-DAULE-LPI-GADIMCD-2025-03:0229,APUV1-9c7258c64002e2d230b00fec,APUCON-5a3d6736dcf2a807e5d95e77,EC-GAD-DAULE-LPI-GADIMCD-2025-03,MALECON,229,ENLUCIDO DE PAREDES INTERIORES,m2,0.300000,7.178650,0.2000,1.435730,0.000000,8.614380,8.610000,6,ANALISIS-DE-PRECIOS-UNITARIOS-1-1000-EXCEL.xlsx,sheet1,19424,9c7258c64002e2d230b00fec087c219184b6389cc0614ba3b7dda44528be24be
EC-GAD-DAULE-LPI-GADIMCD-2025-03:0230,APUV1-3288653bae96f8ae80830716,APUCON-82723a87dde28c85a25c8e05,EC-GAD-DAULE-LPI-GADIMCD-2025-03,MALECON,230,ENLUCIDO DE FILOS,m,0.120000,3.367260,0.2000,0.673452,0.000000,4.040712,4.040000,8,ANALISIS-DE-PRECIOS-UNITARIOS-1-1000-EXCEL.xlsx,sheet1,19509,3288653bae96f8ae80830716eef0d8720c7feb769ac65fbed58e7a5f14b77e6b
EC-GAD-DAULE-LPI-GADIMCD-2025-03:0231,APUV1-9c626984f8d025dfc7048d19,APUCON-795589ef446ed30a2ea7e67f,EC-GAD-DAULE-LPI-GADIMCD-2025-03,MALECON,231,PILARETES Y VIGUETAS 12x9cm,m,0.500000,40.529550,0.2000,8.105910,0.000000,48.635460,48.640000,12,ANALISIS-DE-PRECIOS-UNITARIOS-1-1000-EXCEL.xlsx,sheet1,19594,9c626984f8d025dfc7048d19d33ba07afc127513cb51944c3427aa5397fbfd3c
EC-GAD-DAULE-LPI-GADIMCD-2025-03:0232,APUV1-9d88f67cba43754fe11d241a,APUCON-24e1f6bd9447277701485af6,EC-GAD-DAULE-LPI-GADIMCD-2025-03,MALECON,232,CUADRADA DE BOQUETES,m,0.150000,5.028950,0.2000,1.005790,0.000000,6.034740,6.030000,7,ANALISIS-DE-PRECIOS-UNITARIOS-1-1000-EXCEL.xlsx,sheet1,19679,9d88f67cba43754fe11d241ae4fbb5f34ec53d26c1532cd6765db7f88a0b1830
EC-GAD-DAULE-LPI-GADIMCD-2025-03:0233,APUV1-e011ff330ba56051afbf28a4,APUCON-9d548c404424417e5382395e,EC-GAD-DAULE-LPI-GADIMCD-2025-03,MALECON,233,PINTURA EXTERIOR,m2,0.400000,7.234600,0.2000,1.446920,0.000000,8.681520,8.680000,6,ANALISIS-DE-PRECIOS-UNITARIOS-1-1000-EXCEL.xlsx,sheet1,19764,e011ff330ba56051afbf28a46f4c4e84f24eb4bd1a10903727538ba93016b25e
EC-GAD-DAULE-LPI-GADIMCD-2025-03:0234,APUV1-ba45a14d274ec6df3b4492b3,APUCON-57fda0bb67764d17ac27a48c,EC-GAD-DAULE-LPI-GADIMCD-2025-03,MALECON,234,PINTURA INTERIOR,m2,0.400000,6.824200,0.2000,1.364840,0.000000,8.189040,8.190000,6,ANALISIS-DE-PRECIOS-UNITARIOS-1-1000-EXCEL.xlsx,sheet1,19849,ba45a14d274ec6df3b4492b37fafc6424228be13f33f35c639686b5725b89ee3
EC-GAD-DAULE-LPI-GADIMCD-2025-03:0235,APUV1-4c323119197c54c05335995f,APUCON-da3dfc23c27e6bb61bf76059,EC-GAD-DAULE-LPI-GADIMCD-2025-03,MALECON,235,SUMINISTRO E INSTALACION DE FACHALETA TIPO LADRILLO,m2,0.832620,51.975618,0.2000,10.395124,0.000000,62.370742,62.370000,9,ANALISIS-DE-PRECIOS-UNITARIOS-1-1000-EXCEL.xlsx,sheet1,19934,4c323119197c54c05335995fa95397208d30e0f20d920022093fad23c1d9f555
EC-GAD-DAULE-LPI-GADIMCD-2025-03:0236,APUV1-3d101bae8da87ba5a6363bb1,APUCON-a6b9d8520f9e6966b9ce3a31,EC-GAD-DAULE-LPI-GADIMCD-2025-03,MALECON,236,PARED DE LADRILLO VISTO 27.5x12x8.5cm,m2,0.620380,36.717976,0.2000,7.343595,0.000000,44.061571,44.060000,9,ANALISIS-DE-PRECIOS-UNITARIOS-1-1000-EXCEL.xlsx,sheet1,20019,3d101bae8da87ba5a6363bb1464d530df5a04b896759cb9c5a2f70e0c175a5a3
EC-GAD-DAULE-LPI-GADIMCD-2025-03:0237,APUV1-fa8c4c3e4c43d95bef14aa6d,APUCON-6e22aef3aeec5466f9f6fd97,EC-GAD-DAULE-LPI-GADIMCD-2025-03,MALECON,237,CERAMICA 30x60cm,m2,0.300410,20.808404,0.2000,4.161681,0.000000,24.970085,24.970000,9,ANALISIS-DE-PRECIOS-UNITARIOS-1-1000-EXCEL.xlsx,sheet1,20104,fa8c4c3e4c43d95bef14aa6da5a875f4c64eee1dbc04e4023b4e0762239bd955
EC-GAD-DAULE-LPI-GADIMCD-2025-03:0238,APUV1-9334532c350546f102660b95,APUCON-8d78a09f53bf619bd5a79ad2,EC-GAD-DAULE-LPI-GADIMCD-2025-03,MALECON,238,PORCELANATO GRIS/ANTRACITA/ARENA 30X60 cm,m2,0.500000,35.722750,0.2000,7.144550,0.000000,42.867300,42.870000,9,ANALISIS-DE-PRECIOS-UNITARIOS-1-1000-EXCEL.xlsx,sheet1,20189,9334532c350546f102660b95671e475f1350e9d7508c5b81651c1a508a5ab31c
EC-GAD-DAULE-LPI-GADIMCD-2025-03:0239,APUV1-5c15b6ab625e1fba34543daa,APUCON-0c7b0eb610039765d554e35a,EC-GAD-DAULE-LPI-GADIMCD-2025-03,MALECON,239,PORCELANATO GRIS/ANTRACITA/ARENA 60x120 cm,m2,0.600000,47.844300,0.2000,9.568860,0.000000,57.413160,57.410000,9,ANALISIS-DE-PRECIOS-UNITARIOS-1-1000-EXCEL.xlsx,sheet1,20274,5c15b6ab625e1fba34543daac4e0235a75af96ce92649d1e3f1d4247bd661621
EC-GAD-DAULE-LPI-GADIMCD-2025-03:0240,APUV1-b18c837dd5d6592c19e77e72,APUCON-563984c79d3950f1b4484c75,EC-GAD-DAULE-LPI-GADIMCD-2025-03,MALECON,240,SUMINISTRO E INSTALACION DE TUMBADO DE PVC MADERADO LAMINADO 8mm,m2,0.750000,32.369750,0.2000,6.473950,0.000000,38.843700,38.840000,11,ANALISIS-DE-PRECIOS-UNITARIOS-1-1000-EXCEL.xlsx,sheet1,20359,b18c837dd5d6592c19e77e72be868a25416c62c11a3377e27353bb1c27067819
EC-GAD-DAULE-LPI-GADIMCD-2025-03:0241,APUV1-f73484e99d31a3a740890d84,APUCON-83b848b415f5e3c0119e6edc,EC-GAD-DAULE-LPI-GADIMCD-2025-03,MALECON,241,LAVAMANOS DE EMPOTRAR CON GRIFERIA DE CIERRE AUTOMATICO (INCLUYE ACCESORIOS),u,1.000000,162.033000,0.2000,32.406600,0.000000,194.439600,194.440000,7,ANALISIS-DE-PRECIOS-UNITARIOS-1-1000-EXCEL.xlsx,sheet1,20444,f73484e99d31a3a740890d84f9263b400e8afedea0dddd512f0a6da2d061e972
EC-GAD-DAULE-LPI-GADIMCD-2025-03:0242,APUV1-e44031ab753e168fae1c6c16,APUCON-6b37fcbb26293059426fb3a3,EC-GAD-DAULE-LPI-GADIMCD-2025-03,MALECON,242,LAVACOPA DE EMPOTRAR 60x42cm,u,2.000000,195.602000,0.2000,39.120400,0.000000,234.722400,234.720000,5,ANALISIS-DE-PRECIOS-UNITARIOS-1-1000-EXCEL.xlsx,sheet1,20529,e44031ab753e168fae1c6c16402d7862c0fc12297544f82ba9c10b2b1d055b3a
EC-GAD-DAULE-LPI-GADIMCD-2025-03:0243,APUV1-9e15bd4f0bd03d2e3a728a61,APUCON-0ccfd6e3fc9b060bbcb49569,EC-GAD-DAULE-LPI-GADIMCD-2025-03,MALECON,243,INODOROS CON FLUXOMETRO (INCLUYE ACCESORIOS),u,3.000000,335.524000,0.2000,67.104800,0.000000,402.628800,402.630000,8,ANALISIS-DE-PRECIOS-UNITARIOS-1-1000-EXCEL.xlsx,sheet1,20614,9e15bd4f0bd03d2e3a728a61f80cb09f491ce73369db75056f3e151385f7b61f
EC-GAD-DAULE-LPI-GADIMCD-2025-03:0244,APUV1-4d8f5de6cc996714b5507ef9,APUCON-ed30f10e0070b25addd21ccb,EC-GAD-DAULE-LPI-GADIMCD-2025-03,MALECON,244,URINARIO CON FLUXOMETRO (INCLUYE ACCESORIOS),u,2.000000,279.891000,0.2000,55.978200,0.000000,335.869200,335.870000,8,ANALISIS-DE-PRECIOS-UNITARIOS-1-1000-EXCEL.xlsx,sheet1,20699,4d8f5de6cc996714b5507ef96f5abad3f9147cd2e99880e1c2c582b4ba3ef613
EC-GAD-DAULE-LPI-GADIMCD-2025-03:0245,APUV1-3ad765b530c60c72ddbb4588,APUCON-91116dd1cd7a5a27a25ebccf,EC-GAD-DAULE-LPI-GADIMCD-2025-03,MALECON,245,SUMINISTRO E INSTALACION DE DISPENSADOR DE PAPEL,u,2.301000,68.599892,0.2000,13.719978,0.000000,82.319870,82.320000,3,ANALISIS-DE-PRECIOS-UNITARIOS-1-1000-EXCEL.xlsx,sheet1,20784,3ad765b530c60c72ddbb4588a60f21098708b96b808825ab76acd8bae57fbdc0
EC-GAD-DAULE-LPI-GADIMCD-2025-03:0246,APUV1-ea442f196c10833402a94276,APUCON-bc36a898a3d0c2cef6e30aee,EC-GAD-DAULE-LPI-GADIMCD-2025-03,MALECON,246,SUMINISTRO E INSTALACION DE DISPENSADOR DE JABON LIQUIDO,u,3.000000,61.994500,0.2000,12.398900,0.000000,74.393400,74.390000,3,ANALISIS-DE-PRECIOS-UNITARIOS-1-1000-EXCEL.xlsx,sheet1,20869,ea442f196c10833402a942766d2c474208aaf9accb984cfed6291715bf20a03d
EC-GAD-DAULE-LPI-GADIMCD-2025-03:0247,APUV1-25a9238b55fef217d0d3d473,APUCON-230883c8b180ad42f8016d7b,EC-GAD-DAULE-LPI-GADIMCD-2025-03,MALECON,247,SUMINISTRO E INSTALACION DE ESPEJOS,m2,1.201000,63.624229,0.2000,12.724846,0.000000,76.349075,76.350000,4,ANALISIS-DE-PRECIOS-UNITARIOS-1-1000-EXCEL.xlsx,sheet1,20954,25a9238b55fef217d0d3d473d079fbcdbefdf8979edda63d6cc6b3f7b2bc9b01
EC-GAD-DAULE-LPI-GADIMCD-2025-03:0248,APUV1-4f12686432fda167ee7986db,APUCON-688447e52c2356bde842dd53,EC-GAD-DAULE-LPI-GADIMCD-2025-03,MALECON,248,SUMINISTRO E INSTALACION DE SECADORA DE AIRE,u,0.250000,76.110375,0.2000,15.222075,0.000000,91.332450,91.330000,3,ANALISIS-DE-PRECIOS-UNITARIOS-1-1000-EXCEL.xlsx,sheet1,21039,4f12686432fda167ee7986db83e7d28044baceaf9e12899e580c7c9314102ce1
EC-GAD-DAULE-LPI-GADIMCD-2025-03:0249,APUV1-72d67f7daf61471088bbad06,APUCON-b02525df50d3d4f06209e714,EC-GAD-DAULE-LPI-GADIMCD-2025-03,MALECON,249,HORMIGON ARMADO PARA MESONES A= 0.60m; E= 0.07m,m,0.500000,44.754250,0.2000,8.950850,0.000000,53.705100,53.710000,15,ANALISIS-DE-PRECIOS-UNITARIOS-1-1000-EXCEL.xlsx,sheet1,21124,72d67f7daf61471088bbad069888938d5a8c8711fc9a3ffa20900a2db11e89ed
EC-GAD-DAULE-LPI-GADIMCD-2025-03:0250,APUV1-4df1f1399f1d20dead7ec287,APUCON-03f6a66245105beb7f3328af,EC-GAD-DAULE-LPI-GADIMCD-2025-03,MALECON,250,"REVESTIMIENTO DE MESONES CON PLANCHA DE GRANITO, INCLUYE RUDON, FALDON Y SALPICADERA",m2,3.000000,182.261000,0.2000,36.452200,0.000000,218.713200,218.710000,8,ANALISIS-DE-PRECIOS-UNITARIOS-1-1000-EXCEL.xlsx,sheet1,21209,4df1f1399f1d20dead7ec287e65ec4622905b27c317dee2a6cc30bf17a447553
EC-GAD-DAULE-LPI-GADIMCD-2025-03:0251,APUV1-9e3750a921c58ccde87abc61,APUCON-be21b6f83ddef72815735967,EC-GAD-DAULE-LPI-GADIMCD-2025-03,MALECON,251,SUMINISTRO E INSTALACION DE LOUVER METALICO ELIPTICO CON APARIENCIA MADERADA,m2,1.999990,232.295291,0.2000,46.459058,0.000000,278.754349,278.750000,9,ANALISIS-DE-PRECIOS-UNITARIOS-1-1000-EXCEL.xlsx,sheet1,21294,9e3750a921c58ccde87abc61b16feac5fde684027d35c7d258cd96973eeabb55
EC-GAD-DAULE-LPI-GADIMCD-2025-03:0252,APUV1-a2465eec985e174e2a8936ba,APUCON-faf1657bdd7a3c4067932871,EC-GAD-DAULE-LPI-GADIMCD-2025-03,MALECON,252,PUERTA METALICA (0.80x2.20)m,u,3.000000,429.844000,0.2000,85.968800,0.000000,515.812800,515.810000,13,ANALISIS-DE-PRECIOS-UNITARIOS-1-1000-EXCEL.xlsx,sheet1,21379,a2465eec985e174e2a8936bafd833dff6ce2a076b5e2be946bdd3bdd0da9df84
EC-GAD-DAULE-LPI-GADIMCD-2025-03:0253,APUV1-2cfe497713ccbbe5ab4797b4,APUCON-57328681645c5853c924247c,EC-GAD-DAULE-LPI-GADIMCD-2025-03,MALECON,253,PUERTA METALICA (0.60x2.20)m,u,3.000000,267.881000,0.2000,53.576200,0.000000,321.457200,321.460000,13,ANALISIS-DE-PRECIOS-UNITARIOS-1-1000-EXCEL.xlsx,sheet1,21464,2cfe497713ccbbe5ab4797b42b67cf942d86a36d476d9a275df0086428e8a42d
EC-GAD-DAULE-LPI-GADIMCD-2025-03:0254,APUV1-c7658154d30cab77f31e5831,APUCON-6c9fb49981d4d667865bfaa3,EC-GAD-DAULE-LPI-GADIMCD-2025-03,MALECON,254,PUERTA DE MADERA (0.80x1.00)m,u,2.000000,98.400000,0.2000,19.680000,0.000000,118.080000,118.080000,7,ANALISIS-DE-PRECIOS-UNITARIOS-1-1000-EXCEL.xlsx,sheet1,21549,c7658154d30cab77f31e5831bb857f3705080809911a9d40df421e126de3959d
EC-GAD-DAULE-LPI-GADIMCD-2025-03:0255,APUV1-2002fcd95b8722bf135b7365,APUCON-da08326ca763a093af19f9b5,EC-GAD-DAULE-LPI-GADIMCD-2025-03,MALECON,255,ACERO ESTRUCTURAL (A36),Kg,0.025000,5.034400,0.2000,1.006880,0.000000,6.041280,6.040000,17,ANALISIS-DE-PRECIOS-UNITARIOS-1-1000-EXCEL.xlsx,sheet1,21634,2002fcd95b8722bf135b73655387141c30448e61c378b193b47621c5376db821
EC-GAD-DAULE-LPI-GADIMCD-2025-03:0256,APUV1-03e1287f0d767e1547be17c7,APUCON-2f2c9d3d698ad877a4e94f22,EC-GAD-DAULE-LPI-GADIMCD-2025-03,MALECON,256,ACERO DE REFUERZO EN BARRAS FY=4200 Kg/cm2,Kg,0.025000,1.931563,0.2000,0.386313,0.000000,2.317875,2.320000,7,ANALISIS-DE-PRECIOS-UNITARIOS-1-1000-EXCEL.xlsx,sheet1,21719,03e1287f0d767e1547be17c7f382c830483aeaa52945a4df6a8be7fafa676a03
EC-GAD-DAULE-LPI-GADIMCD-2025-03:0257,APUV1-d330b67d2c9a80936832df55,APUCON-d2d8b6a6649b7cf6934df2c8,EC-GAD-DAULE-LPI-GADIMCD-2025-03,MALECON,257,SUMINISTRO E INSTALACION DE VIGA TIPO C EN PERIMETRO DE LOSETA,m,0.500350,51.964290,0.2000,10.392858,0.000000,62.357148,62.360000,8,ANALISIS-DE-PRECIOS-UNITARIOS-1-1000-EXCEL.xlsx,sheet1,21804,d330b67d2c9a80936832df5567a49c4da3557ebfa1c3801f5574a7d4a5a395e5
EC-GAD-DAULE-LPI-GADIMCD-2025-03:0258,APUV1-64dd781ab6a4537aae622709,APUCON-4eae20cc37846a2bd0bbbb56,EC-GAD-DAULE-LPI-GADIMCD-2025-03,MALECON,258,SUMINISTRO E INSTALACION DE CUBIERTA METALICA CON AISLAMIENTO DE POLIURETANO E=30mm,m2,0.250000,45.809500,0.2000,9.161900,0.000000,54.971400,54.970000,7,ANALISIS-DE-PRECIOS-UNITARIOS-1-1000-EXCEL.xlsx,sheet1,21889,64dd781ab6a4537aae62270976d344ac417a19615b83c40bdbe2db93d906c97b
EC-GAD-DAULE-LPI-GADIMCD-2025-03:0259,APUV1-3a256f7547e728caa0fe73c2,APUCON-4bf5078c97fd9e35b1772666,EC-GAD-DAULE-LPI-GADIMCD-2025-03,MALECON,259,SUMINISTRO E INSTALACION DE FLASHING PERIMETRAL PARA CUBIERTA,m,0.750000,22.984875,0.2000,4.596975,0.000000,27.581850,27.580000,8,ANALISIS-DE-PRECIOS-UNITARIOS-1-1000-EXCEL.xlsx,sheet1,21974,3a256f7547e728caa0fe73c2c40ba9de8bd77009572825efac4052a773593e59
EC-GAD-DAULE-LPI-GADIMCD-2025-03:0260,APUV1-6b9fda17681f000acd734066,APUCON-6bada6b8cbde85bf1ea65cd9,EC-GAD-DAULE-LPI-GADIMCD-2025-03,MALECON,260,"MALLA ELECTROSOLDADA 15x15 8,00mm",m2,0.202360,11.934262,0.2000,2.386852,0.000000,14.321114,14.320000,8,ANALISIS-DE-PRECIOS-UNITARIOS-1-1000-EXCEL.xlsx,sheet1,22059,6b9fda17681f000acd7340661668f4a44922c9c580736c4939599f12c800a976
EC-GAD-DAULE-LPI-GADIMCD-2025-03:0261,APUV1-47f96e8a80fd17d18034103d,APUCON-e8192d05469acfe5d28e5529,EC-GAD-DAULE-LPI-GADIMCD-2025-03,MALECON,261,"MALLA ELECTROSOLDADA 15x15 - 5,5mm",m2,0.045000,5.021822,0.2000,1.004365,0.000000,6.026187,6.030000,9,ANALISIS-DE-PRECIOS-UNITARIOS-1-1000-EXCEL.xlsx,sheet1,22144,47f96e8a80fd17d18034103ddc91b9f679b4ef05f5f52163a1d36b5333f13478
EC-GAD-DAULE-LPI-GADIMCD-2025-03:0262,APUV1-493d5cad39550cc04d2e6c2f,APUCON-14f8b49d40ccc852fea34b6c,EC-GAD-DAULE-LPI-GADIMCD-2025-03,MALECON,262,HORMIGON PREMEZCLADO F´C=280 Kg/cm2 INCLUYE ENCOFRADO,m3,3.000000,302.396000,0.2000,60.479200,0.000000,362.875200,362.880000,10,ANALISIS-DE-PRECIOS-UNITARIOS-1-1000-EXCEL.xlsx,sheet1,22229,493d5cad39550cc04d2e6c2f4980f8c0db2611fe931d4d9ee0460222bb9985b8
EC-GAD-DAULE-LPI-GADIMCD-2025-03:0263,APUV1-124aa947f8a5202036f0ea51,APUCON-fa19a4bf8fbac1228b8377dc,EC-GAD-DAULE-LPI-GADIMCD-2025-03,MALECON,263,HORMIGON PREMEZCLADO F'C=180 Kg/cm2 PARA REPLANTILLO INCLUYE ENCOFRADO,m3,1.500000,167.534000,0.2000,33.506800,0.000000,201.040800,201.040000,8,ANALISIS-DE-PRECIOS-UNITARIOS-1-1000-EXCEL.xlsx,sheet1,22314,124aa947f8a5202036f0ea512f67107a82f2082f94578962618b0a31a959b5dd
EC-GAD-DAULE-LPI-GADIMCD-2025-03:0264,APUV1-94d17f97a2da00f2495e7e9b,APUCON-17d081a648c60cfd1b54f883,EC-GAD-DAULE-LPI-GADIMCD-2025-03,MALECON,264,PORCELANATO 60x60cm,m2,0.500000,30.502000,0.2000,6.100400,0.000000,36.602400,36.600000,9,ANALISIS-DE-PRECIOS-UNITARIOS-1-1000-EXCEL.xlsx,sheet1,22399,94d17f97a2da00f2495e7e9befd9741a1b372d4198d727b3ae5432d838cd7192
EC-GAD-DAULE-LPI-GADIMCD-2025-03:0265,APUV1-8cc7e2655971ecffd8b82022,APUCON-5e4dcdebc263ee504d6c19b0,EC-GAD-DAULE-LPI-GADIMCD-2025-03,MALECON,265,CERAMICA 30x30cm,m2,0.500000,21.512000,0.2000,4.302400,0.000000,25.814400,25.810000,9,ANALISIS-DE-PRECIOS-UNITARIOS-1-1000-EXCEL.xlsx,sheet1,22484,8cc7e2655971ecffd8b820228ec7ddb0614fa3d010ecb3606663f7d0fd4601bc
EC-GAD-DAULE-LPI-GADIMCD-2025-03:0266,APUV1-ccad9bec18d97bd0cc629626,APUCON-f043bef1642b4dcd6fc2a7e2,EC-GAD-DAULE-LPI-GADIMCD-2025-03,MALECON,266,PARED DE BLOQUE 10x20x40cm,m2,0.400000,18.497000,0.2000,3.699400,0.000000,22.196400,22.200000,9,ANALISIS-DE-PRECIOS-UNITARIOS-1-1000-EXCEL.xlsx,sheet1,22569,ccad9bec18d97bd0cc6296263e9eb19601570901fb2857a260404eaf28e1e079
EC-GAD-DAULE-LPI-GADIMCD-2025-03:0267,APUV1-fa5616f9d0876e3d5d470635,APUCON-9a3f36800c5fa2c2ab7de816,EC-GAD-DAULE-LPI-GADIMCD-2025-03,MALECON,267,PARED DE BLOQUE 20x20x40cm,m2,0.500000,22.474300,0.2000,4.494860,0.000000,26.969160,26.970000,9,ANALISIS-DE-PRECIOS-UNITARIOS-1-1000-EXCEL.xlsx,sheet1,22654,fa5616f9d0876e3d5d4706358a0044ac1c51303a7836d89e158ca7bb88d354f6
EC-GAD-DAULE-LPI-GADIMCD-2025-03:0268,APUV1-55b3f0579c14d0d3486c9b3d,APUCON-c26f9a821a60d1f4c02ce248,EC-GAD-DAULE-LPI-GADIMCD-2025-03,MALECON,268,ENLUCIDO DE PAREDES EXTERIORES,m2,0.400000,9.781450,0.2000,1.956290,0.000000,11.737740,11.740000,6,ANALISIS-DE-PRECIOS-UNITARIOS-1-1000-EXCEL.xlsx,sheet1,22739,55b3f0579c14d0d3486c9b3dc435c2239abc4147693bef699a69c92e9e422876
EC-GAD-DAULE-LPI-GADIMCD-2025-03:0269,APUV1-9c7258c64002e2d230b00fec,APUCON-5a3d6736dcf2a807e5d95e77,EC-GAD-DAULE-LPI-GADIMCD-2025-03,MALECON,269,ENLUCIDO DE PAREDES INTERIORES,m2,0.300000,7.178650,0.2000,1.435730,0.000000,8.614380,8.610000,6,ANALISIS-DE-PRECIOS-UNITARIOS-1-1000-EXCEL.xlsx,sheet1,22824,9c7258c64002e2d230b00fec087c219184b6389cc0614ba3b7dda44528be24be
EC-GAD-DAULE-LPI-GADIMCD-2025-03:0270,APUV1-3288653bae96f8ae80830716,APUCON-82723a87dde28c85a25c8e05,EC-GAD-DAULE-LPI-GADIMCD-2025-03,MALECON,270,ENLUCIDO DE FILOS,m,0.120000,3.367260,0.2000,0.673452,0.000000,4.040712,4.040000,8,ANALISIS-DE-PRECIOS-UNITARIOS-1-1000-EXCEL.xlsx,sheet1,22909,3288653bae96f8ae80830716eef0d8720c7feb769ac65fbed58e7a5f14b77e6b
EC-GAD-DAULE-LPI-GADIMCD-2025-03:0271,APUV1-9c626984f8d025dfc7048d19,APUCON-795589ef446ed30a2ea7e67f,EC-GAD-DAULE-LPI-GADIMCD-2025-03,MALECON,271,PILARETES Y VIGUETAS 12x9cm,m,0.500000,40.529550,0.2000,8.105910,0.000000,48.635460,48.640000,12,ANALISIS-DE-PRECIOS-UNITARIOS-1-1000-EXCEL.xlsx,sheet1,22994,9c626984f8d025dfc7048d19d33ba07afc127513cb51944c3427aa5397fbfd3c
EC-GAD-DAULE-LPI-GADIMCD-2025-03:0272,APUV1-9d88f67cba43754fe11d241a,APUCON-24e1f6bd9447277701485af6,EC-GAD-DAULE-LPI-GADIMCD-2025-03,MALECON,272,CUADRADA DE BOQUETES,m,0.150000,5.028950,0.2000,1.005790,0.000000,6.034740,6.030000,7,ANALISIS-DE-PRECIOS-UNITARIOS-1-1000-EXCEL.xlsx,sheet1,23079,9d88f67cba43754fe11d241ae4fbb5f34ec53d26c1532cd6765db7f88a0b1830
EC-GAD-DAULE-LPI-GADIMCD-2025-03:0273,APUV1-e011ff330ba56051afbf28a4,APUCON-9d548c404424417e5382395e,EC-GAD-DAULE-LPI-GADIMCD-2025-03,MALECON,273,PINTURA EXTERIOR,m2,0.400000,7.234600,0.2000,1.446920,0.000000,8.681520,8.680000,6,ANALISIS-DE-PRECIOS-UNITARIOS-1-1000-EXCEL.xlsx,sheet1,23164,e011ff330ba56051afbf28a46f4c4e84f24eb4bd1a10903727538ba93016b25e
EC-GAD-DAULE-LPI-GADIMCD-2025-03:0274,APUV1-ba45a14d274ec6df3b4492b3,APUCON-57fda0bb67764d17ac27a48c,EC-GAD-DAULE-LPI-GADIMCD-2025-03,MALECON,274,PINTURA INTERIOR,m2,0.400000,6.824200,0.2000,1.364840,0.000000,8.189040,8.190000,6,ANALISIS-DE-PRECIOS-UNITARIOS-1-1000-EXCEL.xlsx,sheet1,23249,ba45a14d274ec6df3b4492b37fafc6424228be13f33f35c639686b5725b89ee3
EC-GAD-DAULE-LPI-GADIMCD-2025-03:0275,APUV1-e7f93e2abad59760d184573d,APUCON-f44d61a3ade6df3451402a53,EC-GAD-DAULE-LPI-GADIMCD-2025-03,MALECON,275,SUMINISTRO E INSTALACION DE MADERA ALISTONADA EN PARED,m2,0.500000,48.851650,0.2000,9.770330,0.000000,58.621980,58.620000,11,ANALISIS-DE-PRECIOS-UNITARIOS-1-1000-EXCEL.xlsx,sheet1,23334,e7f93e2abad59760d184573d2ff51f27200ae2d43fb7c6b193d3f6ac3c9caf93
EC-GAD-DAULE-LPI-GADIMCD-2025-03:0276,APUV1-5aaf6862abc1fa08b745c98d,APUCON-d357133759db17f879f3feb4,EC-GAD-DAULE-LPI-GADIMCD-2025-03,MALECON,276,HORMIGON APARENTE F´C= 180 Kg/cm2,m2,0.700000,75.161500,0.2000,15.032300,0.000000,90.193800,90.190000,15,ANALISIS-DE-PRECIOS-UNITARIOS-1-1000-EXCEL.xlsx,sheet1,23419,5aaf6862abc1fa08b745c98d8aa70b085ea02109cacc37cc755c8e43ac6b88b7
EC-GAD-DAULE-LPI-GADIMCD-2025-03:0277,APUV1-7717f854746673ff1ec462d2,APUCON-fb42f1e72b9e51e926c3ff03,EC-GAD-DAULE-LPI-GADIMCD-2025-03,MALECON,277,CERAMICA 8x30cm,m2,0.550000,57.995975,0.2000,11.599195,0.000000,69.595170,69.600000,9,ANALISIS-DE-PRECIOS-UNITARIOS-1-1000-EXCEL.xlsx,sheet1,23504,7717f854746673ff1ec462d27c5a967359930c22dbe31780432ec1ccd4638610
EC-GAD-DAULE-LPI-GADIMCD-2025-03:0278,APUV1-234e1a7aaa72c20b4723645c,APUCON-0a28cf28a1adf8f750bd3c47,EC-GAD-DAULE-LPI-GADIMCD-2025-03,MALECON,278,SUMINISTRO E INSTALACION DE PANEL PVC 2mm,m2,0.399900,15.667183,0.2000,3.133437,0.000000,18.800619,18.800000,7,ANALISIS-DE-PRECIOS-UNITARIOS-1-1000-EXCEL.xlsx,sheet1,23589,234e1a7aaa72c20b4723645c50256d7343ebe639e0a323ba160f0ca069acf621
EC-GAD-DAULE-LPI-GADIMCD-2025-03:0279,APUV1-01032b2ebc8734223b127ad7,APUCON-353d59bf3a6b96782f58f997,EC-GAD-DAULE-LPI-GADIMCD-2025-03,MALECON,279,CERAMICA DE PARED DE BAÑO 30x60cm,m2,0.350080,20.289864,0.2000,4.057973,0.000000,24.347837,24.350000,9,ANALISIS-DE-PRECIOS-UNITARIOS-1-1000-EXCEL.xlsx,sheet1,23674,01032b2ebc8734223b127ad7b61f9f0ca77fe64726ef91234355275d3a6f9991
EC-GAD-DAULE-LPI-GADIMCD-2025-03:0280,APUV1-f261a2845144f6418dc65d0e,APUCON-329f47421e3c8156f415c25c,EC-GAD-DAULE-LPI-GADIMCD-2025-03,MALECON,280,CIELO RASO TIPO GYPSUM,m2,0.399500,15.953217,0.2000,3.190643,0.000000,19.143860,19.140000,12,ANALISIS-DE-PRECIOS-UNITARIOS-1-1000-EXCEL.xlsx,sheet1,23759,f261a2845144f6418dc65d0e09f69fac016144e78930c30798c94c9bd5e05411
EC-GAD-DAULE-LPI-GADIMCD-2025-03:0281,APUV1-f73484e99d31a3a740890d84,APUCON-83b848b415f5e3c0119e6edc,EC-GAD-DAULE-LPI-GADIMCD-2025-03,MALECON,281,LAVAMANOS DE EMPOTRAR CON GRIFERIA DE CIERRE AUTOMATICO (INCLUYE ACCESORIOS),u,1.000000,162.033000,0.2000,32.406600,0.000000,194.439600,194.440000,7,ANALISIS-DE-PRECIOS-UNITARIOS-1-1000-EXCEL.xlsx,sheet1,23844,f73484e99d31a3a740890d84f9263b400e8afedea0dddd512f0a6da2d061e972
EC-GAD-DAULE-LPI-GADIMCD-2025-03:0282,APUV1-9e15bd4f0bd03d2e3a728a61,APUCON-0ccfd6e3fc9b060bbcb49569,EC-GAD-DAULE-LPI-GADIMCD-2025-03,MALECON,282,INODOROS CON FLUXOMETRO (INCLUYE ACCESORIOS),u,3.000000,335.524000,0.2000,67.104800,0.000000,402.628800,402.630000,8,ANALISIS-DE-PRECIOS-UNITARIOS-1-1000-EXCEL.xlsx,sheet1,23929,9e15bd4f0bd03d2e3a728a61f80cb09f491ce73369db75056f3e151385f7b61f
EC-GAD-DAULE-LPI-GADIMCD-2025-03:0283,APUV1-25a9238b55fef217d0d3d473,APUCON-230883c8b180ad42f8016d7b,EC-GAD-DAULE-LPI-GADIMCD-2025-03,MALECON,283,SUMINISTRO E INSTALACION DE ESPEJOS,m2,1.201000,63.624229,0.2000,12.724846,0.000000,76.349075,76.350000,4,ANALISIS-DE-PRECIOS-UNITARIOS-1-1000-EXCEL.xlsx,sheet1,24014,25a9238b55fef217d0d3d473d079fbcdbefdf8979edda63d6cc6b3f7b2bc9b01
EC-GAD-DAULE-LPI-GADIMCD-2025-03:0284,APUV1-3ad765b530c60c72ddbb4588,APUCON-91116dd1cd7a5a27a25ebccf,EC-GAD-DAULE-LPI-GADIMCD-2025-03,MALECON,284,SUMINISTRO E INSTALACION DE DISPENSADOR DE PAPEL,u,2.301000,68.599892,0.2000,13.719978,0.000000,82.319870,82.320000,3,ANALISIS-DE-PRECIOS-UNITARIOS-1-1000-EXCEL.xlsx,sheet1,24099,3ad765b530c60c72ddbb4588a60f21098708b96b808825ab76acd8bae57fbdc0
EC-GAD-DAULE-LPI-GADIMCD-2025-03:0285,APUV1-ea442f196c10833402a94276,APUCON-bc36a898a3d0c2cef6e30aee,EC-GAD-DAULE-LPI-GADIMCD-2025-03,MALECON,285,SUMINISTRO E INSTALACION DE DISPENSADOR DE JABON LIQUIDO,u,3.000000,61.994500,0.2000,12.398900,0.000000,74.393400,74.390000,3,ANALISIS-DE-PRECIOS-UNITARIOS-1-1000-EXCEL.xlsx,sheet1,24184,ea442f196c10833402a942766d2c474208aaf9accb984cfed6291715bf20a03d
EC-GAD-DAULE-LPI-GADIMCD-2025-03:0286,APUV1-4f12686432fda167ee7986db,APUCON-688447e52c2356bde842dd53,EC-GAD-DAULE-LPI-GADIMCD-2025-03,MALECON,286,SUMINISTRO E INSTALACION DE SECADORA DE AIRE,u,0.250000,76.110375,0.2000,15.222075,0.000000,91.332450,91.330000,3,ANALISIS-DE-PRECIOS-UNITARIOS-1-1000-EXCEL.xlsx,sheet1,24269,4f12686432fda167ee7986db83e7d28044baceaf9e12899e580c7c9314102ce1
EC-GAD-DAULE-LPI-GADIMCD-2025-03:0287,APUV1-510917a39e7cdaa82c887af5,APUCON-8fc2717fef807b68f9239b12,EC-GAD-DAULE-LPI-GADIMCD-2025-03,MALECON,287,PUERTA DE MADERA (0.70x2.20)m,u,2.310500,118.671177,0.2000,23.734235,0.000000,142.405413,142.410000,7,ANALISIS-DE-PRECIOS-UNITARIOS-1-1000-EXCEL.xlsx,sheet1,24354,510917a39e7cdaa82c887af5e47a365db86dccbfcc9bd6c431dbf6177de9ca20
EC-GAD-DAULE-LPI-GADIMCD-2025-03:0288,APUV1-594289a45d255fe456ac4414,APUCON-d0974d855b616cfe84759e8f,EC-GAD-DAULE-LPI-GADIMCD-2025-03,MALECON,288,PUERTA DE MADERA (0.80x2.20)m,u,2.310000,119.681995,0.2000,23.936399,0.000000,143.618394,143.620000,7,ANALISIS-DE-PRECIOS-UNITARIOS-1-1000-EXCEL.xlsx,sheet1,24439,594289a45d255fe456ac4414d15d5bb1e7bdb19123715f4839777ec2ba6a05d3
EC-GAD-DAULE-LPI-GADIMCD-2025-03:0289,APUV1-a2465eec985e174e2a8936ba,APUCON-faf1657bdd7a3c4067932871,EC-GAD-DAULE-LPI-GADIMCD-2025-03,MALECON,289,PUERTA METALICA (0.80x2.20)m,u,3.000000,429.844000,0.2000,85.968800,0.000000,515.812800,515.810000,13,ANALISIS-DE-PRECIOS-UNITARIOS-1-1000-EXCEL.xlsx,sheet1,24524,a2465eec985e174e2a8936bafd833dff6ce2a076b5e2be946bdd3bdd0da9df84
EC-GAD-DAULE-LPI-GADIMCD-2025-03:0290,APUV1-667a70c5d41d4f8f8f8733b8,APUCON-4a6d76ac2561697edcdff980,EC-GAD-DAULE-LPI-GADIMCD-2025-03,MALECON,290,PUERTA METALICA (0.90x2.10)m,u,3.000000,421.376500,0.2000,84.275300,0.000000,505.651800,505.650000,12,ANALISIS-DE-PRECIOS-UNITARIOS-1-1000-EXCEL.xlsx,sheet1,24609,667a70c5d41d4f8f8f8733b830fc3552283014d91c98c94e51129d99e7b6b704
EC-GAD-DAULE-LPI-GADIMCD-2025-03:0291,APUV1-8753b90271953c3afa1463ae,APUCON-6ea00956b6ba9f896cc34ffc,EC-GAD-DAULE-LPI-GADIMCD-2025-03,MALECON,291,PUERTA METALICA (0.90x2.20)m,u,3.000500,418.494307,0.2000,83.698861,0.000000,502.193168,502.190000,12,ANALISIS-DE-PRECIOS-UNITARIOS-1-1000-EXCEL.xlsx,sheet1,24694,8753b90271953c3afa1463aea3d0747d54cb980411c42d7f4b067829978b753f
EC-GAD-DAULE-LPI-GADIMCD-2025-03:0292,APUV1-a93487fab587926587de0b63,APUCON-1f2e872761237efe861d0122,EC-GAD-DAULE-LPI-GADIMCD-2025-03,MALECON,292,PUERTA ENROLLABLE,m2,1.500000,153.266500,0.2000,30.653300,0.000000,183.919800,183.920000,13,ANALISIS-DE-PRECIOS-UNITARIOS-1-1000-EXCEL.xlsx,sheet1,24779,a93487fab587926587de0b630c66f59d221ab20d8d14430d58046c8bd6030059
EC-GAD-DAULE-LPI-GADIMCD-2025-03:0293,APUV1-f57d7be10571af520d451e48,APUCON-33559dfcd9ba8cc72287dfc9,EC-GAD-DAULE-LPI-GADIMCD-2025-03,MALECON,293,VENTANAS DE ALUMINIO Y VIDRIO (VIDRIO 5mm),m2,3.000000,126.769000,0.2000,25.353800,0.000000,152.122800,152.120000,5,ANALISIS-DE-PRECIOS-UNITARIOS-1-1000-EXCEL.xlsx,sheet1,24864,f57d7be10571af520d451e481757fe5432bd8bc7236388a6d60aa9cc96fe3c51
EC-GAD-DAULE-LPI-GADIMCD-2025-03:0294,APUV1-03f88bd1a42b4b8444ae5187,APUCON-6984530abb68d2e7b21c3762,EC-GAD-DAULE-LPI-GADIMCD-2025-03,MALECON,294,SUMINISTRO E INSTALACION DE BARANDA METALICA (INCLUYE PINTURA),m,0.750000,97.287230,0.2000,19.457446,0.000000,116.744676,116.740000,11,ANALISIS-DE-PRECIOS-UNITARIOS-1-1000-EXCEL.xlsx,sheet1,24949,03f88bd1a42b4b8444ae51870a35661181587ded9828707f366c4dac2e046a6e
EC-GAD-DAULE-LPI-GADIMCD-2025-03:0295,APUV1-72d67f7daf61471088bbad06,APUCON-b02525df50d3d4f06209e714,EC-GAD-DAULE-LPI-GADIMCD-2025-03,MALECON,295,HORMIGON ARMADO PARA MESONES A= 0.60m; E= 0.07m,m,0.500000,44.754250,0.2000,8.950850,0.000000,53.705100,53.710000,15,ANALISIS-DE-PRECIOS-UNITARIOS-1-1000-EXCEL.xlsx,sheet1,25034,72d67f7daf61471088bbad069888938d5a8c8711fc9a3ffa20900a2db11e89ed
EC-GAD-DAULE-LPI-GADIMCD-2025-03:0296,APUV1-4df1f1399f1d20dead7ec287,APUCON-03f6a66245105beb7f3328af,EC-GAD-DAULE-LPI-GADIMCD-2025-03,MALECON,296,"REVESTIMIENTO DE MESONES CON PLANCHA DE GRANITO, INCLUYE RUDON, FALDON Y SALPICADERA",m2,3.000000,182.261000,0.2000,36.452200,0.000000,218.713200,218.710000,8,ANALISIS-DE-PRECIOS-UNITARIOS-1-1000-EXCEL.xlsx,sheet1,25119,4df1f1399f1d20dead7ec287e65ec4622905b27c317dee2a6cc30bf17a447553
EC-GAD-DAULE-LPI-GADIMCD-2025-03:0297,APUV1-89c4c8684dbbcaf4e7cd8e84,APUCON-3ecbdb3d1b328c666c948be6,EC-GAD-DAULE-LPI-GADIMCD-2025-03,MALECON,297,SILLON PARA TRES PERSONAS,u,0.500000,306.555250,0.2000,61.311050,0.000000,367.866300,367.870000,4,ANALISIS-DE-PRECIOS-UNITARIOS-1-1000-EXCEL.xlsx,sheet1,25204,89c4c8684dbbcaf4e7cd8e844dd20417098b5b698950ebd8f48edfc674768285
EC-GAD-DAULE-LPI-GADIMCD-2025-03:0298,APUV1-f6049338a65883eaad0f3360,APUCON-941a4c2e0245bc5288d614f1,EC-GAD-DAULE-LPI-GADIMCD-2025-03,MALECON,298,ESCRITORIO DE RECEPCION EN L 1.8x1.8m,u,0.500000,989.035250,0.2000,197.807050,0.000000,1186.842300,1186.840000,4,ANALISIS-DE-PRECIOS-UNITARIOS-1-1000-EXCEL.xlsx,sheet1,25289,f6049338a65883eaad0f3360a654c2d0c274e105cd682e9b8a74983ea8e1cd11
EC-GAD-DAULE-LPI-GADIMCD-2025-03:0299,APUV1-19ac945834ba255515baa7a6,APUCON-57f933570d6357166787db62,EC-GAD-DAULE-LPI-GADIMCD-2025-03,MALECON,299,ESCRITORIO PARA OFICINA 1.5x0.60m,u,0.500000,496.735250,0.2000,99.347050,0.000000,596.082300,596.080000,4,ANALISIS-DE-PRECIOS-UNITARIOS-1-1000-EXCEL.xlsx,sheet1,25374,19ac945834ba255515baa7a6a8f36d6a9272497d5af82ea58285ce250a725f77
EC-GAD-DAULE-LPI-GADIMCD-2025-03:0300,APUV1-ff41415ee52ec114cbaa432d,APUCON-19f75c15a50740d0af300047,EC-GAD-DAULE-LPI-GADIMCD-2025-03,MALECON,300,ESCRITORIO EN L 2.20x2.10m,u,0.500000,761.885250,0.2000,152.377050,0.000000,914.262300,914.260000,4,ANALISIS-DE-PRECIOS-UNITARIOS-1-1000-EXCEL.xlsx,sheet1,25459,ff41415ee52ec114cbaa432da6c9478603639363d8c85da6e6d0d6dae5666ae0
EC-GAD-DAULE-LPI-GADIMCD-2025-03:0301,APUV1-f7b34f44e18ed7145c0ef303,APUCON-e0edcd7eea323e11ca283e8f,EC-GAD-DAULE-LPI-GADIMCD-2025-03,MALECON,301,SILLA GIRATORIA,u,0.500000,267.575250,0.2000,53.515050,0.000000,321.090300,321.090000,4,ANALISIS-DE-PRECIOS-UNITARIOS-1-1000-EXCEL.xlsx,sheet1,25561,f7b34f44e18ed7145c0ef30396619850fe1ea9cf53e06b5911f46335701ac844
EC-GAD-DAULE-LPI-GADIMCD-2025-03:0302,APUV1-51b5ac6ab9e4bce526d80fd3,APUCON-c7d5f08d7b42c268f4ddb39c,EC-GAD-DAULE-LPI-GADIMCD-2025-03,MALECON,302,ESTANTERIA 2.00x1.12x0.35m,u,0.500000,214.485250,0.2000,42.897050,0.000000,257.382300,257.380000,4,ANALISIS-DE-PRECIOS-UNITARIOS-1-1000-EXCEL.xlsx,sheet1,25646,51b5ac6ab9e4bce526d80fd302ae79c7e479189035e6d71537b16d4f061c9610
EC-GAD-DAULE-LPI-GADIMCD-2025-03:0303,APUV1-2002fcd95b8722bf135b7365,APUCON-da08326ca763a093af19f9b5,EC-GAD-DAULE-LPI-GADIMCD-2025-03,MALECON,303,ACERO ESTRUCTURAL (A36),Kg,0.025000,5.034400,0.2000,1.006880,0.000000,6.041280,6.040000,17,ANALISIS-DE-PRECIOS-UNITARIOS-1-1000-EXCEL.xlsx,sheet1,25731,2002fcd95b8722bf135b73655387141c30448e61c378b193b47621c5376db821
EC-GAD-DAULE-LPI-GADIMCD-2025-03:0304,APUV1-64dd781ab6a4537aae622709,APUCON-4eae20cc37846a2bd0bbbb56,EC-GAD-DAULE-LPI-GADIMCD-2025-03,MALECON,304,SUMINISTRO E INSTALACION DE CUBIERTA METALICA CON AISLAMIENTO DE POLIURETANO E=30mm,m2,0.250000,45.809500,0.2000,9.161900,0.000000,54.971400,54.970000,7,ANALISIS-DE-PRECIOS-UNITARIOS-1-1000-EXCEL.xlsx,sheet1,25816,64dd781ab6a4537aae62270976d344ac417a19615b83c40bdbe2db93d906c97b
EC-GAD-DAULE-LPI-GADIMCD-2025-03:0305,APUV1-8cc7e2655971ecffd8b82022,APUCON-5e4dcdebc263ee504d6c19b0,EC-GAD-DAULE-LPI-GADIMCD-2025-03,MALECON,305,CERAMICA 30x30cm,m2,0.500000,21.512000,0.2000,4.302400,0.000000,25.814400,25.810000,9,ANALISIS-DE-PRECIOS-UNITARIOS-1-1000-EXCEL.xlsx,sheet1,25901,8cc7e2655971ecffd8b820228ec7ddb0614fa3d010ecb3606663f7d0fd4601bc
EC-GAD-DAULE-LPI-GADIMCD-2025-03:0306,APUV1-ccad9bec18d97bd0cc629626,APUCON-f043bef1642b4dcd6fc2a7e2,EC-GAD-DAULE-LPI-GADIMCD-2025-03,MALECON,306,PARED DE BLOQUE 10x20x40cm,m2,0.400000,18.497000,0.2000,3.699400,0.000000,22.196400,22.200000,9,ANALISIS-DE-PRECIOS-UNITARIOS-1-1000-EXCEL.xlsx,sheet1,25986,ccad9bec18d97bd0cc6296263e9eb19601570901fb2857a260404eaf28e1e079
EC-GAD-DAULE-LPI-GADIMCD-2025-03:0307,APUV1-55b3f0579c14d0d3486c9b3d,APUCON-c26f9a821a60d1f4c02ce248,EC-GAD-DAULE-LPI-GADIMCD-2025-03,MALECON,307,ENLUCIDO DE PAREDES EXTERIORES,m2,0.400000,9.781450,0.2000,1.956290,0.000000,11.737740,11.740000,6,ANALISIS-DE-PRECIOS-UNITARIOS-1-1000-EXCEL.xlsx,sheet1,26071,55b3f0579c14d0d3486c9b3dc435c2239abc4147693bef699a69c92e9e422876
EC-GAD-DAULE-LPI-GADIMCD-2025-03:0308,APUV1-9c7258c64002e2d230b00fec,APUCON-5a3d6736dcf2a807e5d95e77,EC-GAD-DAULE-LPI-GADIMCD-2025-03,MALECON,308,ENLUCIDO DE PAREDES INTERIORES,m2,0.300000,7.178650,0.2000,1.435730,0.000000,8.614380,8.610000,6,ANALISIS-DE-PRECIOS-UNITARIOS-1-1000-EXCEL.xlsx,sheet1,26156,9c7258c64002e2d230b00fec087c219184b6389cc0614ba3b7dda44528be24be
EC-GAD-DAULE-LPI-GADIMCD-2025-03:0309,APUV1-3288653bae96f8ae80830716,APUCON-82723a87dde28c85a25c8e05,EC-GAD-DAULE-LPI-GADIMCD-2025-03,MALECON,309,ENLUCIDO DE FILOS,m,0.120000,3.367260,0.2000,0.673452,0.000000,4.040712,4.040000,8,ANALISIS-DE-PRECIOS-UNITARIOS-1-1000-EXCEL.xlsx,sheet1,26241,3288653bae96f8ae80830716eef0d8720c7feb769ac65fbed58e7a5f14b77e6b
EC-GAD-DAULE-LPI-GADIMCD-2025-03:0310,APUV1-9c626984f8d025dfc7048d19,APUCON-795589ef446ed30a2ea7e67f,EC-GAD-DAULE-LPI-GADIMCD-2025-03,MALECON,310,PILARETES Y VIGUETAS 12x9cm,m,0.500000,40.529550,0.2000,8.105910,0.000000,48.635460,48.640000,12,ANALISIS-DE-PRECIOS-UNITARIOS-1-1000-EXCEL.xlsx,sheet1,26326,9c626984f8d025dfc7048d19d33ba07afc127513cb51944c3427aa5397fbfd3c
EC-GAD-DAULE-LPI-GADIMCD-2025-03:0311,APUV1-9d88f67cba43754fe11d241a,APUCON-24e1f6bd9447277701485af6,EC-GAD-DAULE-LPI-GADIMCD-2025-03,MALECON,311,CUADRADA DE BOQUETES,m,0.150000,5.028950,0.2000,1.005790,0.000000,6.034740,6.030000,7,ANALISIS-DE-PRECIOS-UNITARIOS-1-1000-EXCEL.xlsx,sheet1,26411,9d88f67cba43754fe11d241ae4fbb5f34ec53d26c1532cd6765db7f88a0b1830
EC-GAD-DAULE-LPI-GADIMCD-2025-03:0312,APUV1-e011ff330ba56051afbf28a4,APUCON-9d548c404424417e5382395e,EC-GAD-DAULE-LPI-GADIMCD-2025-03,MALECON,312,PINTURA EXTERIOR,m2,0.400000,7.234600,0.2000,1.446920,0.000000,8.681520,8.680000,6,ANALISIS-DE-PRECIOS-UNITARIOS-1-1000-EXCEL.xlsx,sheet1,26496,e011ff330ba56051afbf28a46f4c4e84f24eb4bd1a10903727538ba93016b25e
EC-GAD-DAULE-LPI-GADIMCD-2025-03:0313,APUV1-ba45a14d274ec6df3b4492b3,APUCON-57fda0bb67764d17ac27a48c,EC-GAD-DAULE-LPI-GADIMCD-2025-03,MALECON,313,PINTURA INTERIOR,m2,0.400000,6.824200,0.2000,1.364840,0.000000,8.189040,8.190000,6,ANALISIS-DE-PRECIOS-UNITARIOS-1-1000-EXCEL.xlsx,sheet1,26581,ba45a14d274ec6df3b4492b37fafc6424228be13f33f35c639686b5725b89ee3
EC-GAD-DAULE-LPI-GADIMCD-2025-03:0314,APUV1-234e1a7aaa72c20b4723645c,APUCON-0a28cf28a1adf8f750bd3c47,EC-GAD-DAULE-LPI-GADIMCD-2025-03,MALECON,314,SUMINISTRO E INSTALACION DE PANEL PVC 2mm,m2,0.399900,15.667183,0.2000,3.133437,0.000000,18.800619,18.800000,7,ANALISIS-DE-PRECIOS-UNITARIOS-1-1000-EXCEL.xlsx,sheet1,26666,234e1a7aaa72c20b4723645c50256d7343ebe639e0a323ba160f0ca069acf621
EC-GAD-DAULE-LPI-GADIMCD-2025-03:0315,APUV1-962fe99f843361a0555431a8,APUCON-47f5253e7dbc0f6d9464c3b4,EC-GAD-DAULE-LPI-GADIMCD-2025-03,MALECON,315,SUMINISTRO E INSTALACION DE PANEL METALICO 0.4mm PARA EXTERIOR,m2,1.500000,55.009500,0.2000,11.001900,0.000000,66.011400,66.010000,6,ANALISIS-DE-PRECIOS-UNITARIOS-1-1000-EXCEL.xlsx,sheet1,26751,962fe99f843361a0555431a8739f766706bcf3d6b340fae3bf08fe830c6c7d85
EC-GAD-DAULE-LPI-GADIMCD-2025-03:0316,APUV1-b18c837dd5d6592c19e77e72,APUCON-563984c79d3950f1b4484c75,EC-GAD-DAULE-LPI-GADIMCD-2025-03,MALECON,316,SUMINISTRO E INSTALACION DE TUMBADO DE PVC MADERADO LAMINADO 8mm,m2,0.750000,32.369750,0.2000,6.473950,0.000000,38.843700,38.840000,11,ANALISIS-DE-PRECIOS-UNITARIOS-1-1000-EXCEL.xlsx,sheet1,26836,b18c837dd5d6592c19e77e72be868a25416c62c11a3377e27353bb1c27067819
EC-GAD-DAULE-LPI-GADIMCD-2025-03:0317,APUV1-99f18577bb83bf0ba50590a5,APUCON-2b32717544a96205cc40d65c,EC-GAD-DAULE-LPI-GADIMCD-2025-03,MALECON,317,LAVACOPA DE EMPOTRAR 60x42cm,Kg,2.000000,195.602000,0.2000,39.120400,0.000000,234.722400,234.720000,5,ANALISIS-DE-PRECIOS-UNITARIOS-1-1000-EXCEL.xlsx,sheet1,26921,99f18577bb83bf0ba50590a5cbf25371fcf32fcd82c95eb8133532ded5a25920
EC-GAD-DAULE-LPI-GADIMCD-2025-03:0318,APUV1-f432fad8f7af711aa7f3ef1e,APUCON-be7152be5410741ed7e087d6,EC-GAD-DAULE-LPI-GADIMCD-2025-03,MALECON,318,VENTANA PLEGABLE VERTICAL DE DOS HOJAS TIPO LOUVER,m2,2.000000,281.618300,0.2000,56.323660,0.000000,337.941960,337.940000,16,ANALISIS-DE-PRECIOS-UNITARIOS-1-1000-EXCEL.xlsx,sheet1,27006,f432fad8f7af711aa7f3ef1ef5f44965de9a235732c8345df55467cd9cc126d7
EC-GAD-DAULE-LPI-GADIMCD-2025-03:0319,APUV1-9ec8ece5948e0f75ea99b418,APUCON-82dde4b48e52e9b82af96d23,EC-GAD-DAULE-LPI-GADIMCD-2025-03,MALECON,319,MESONES DE HORMIGON ARMADO INCLUYE GRANITO (ANCHO 0.53m),m,0.899900,194.143768,0.2000,38.828754,0.000000,232.972521,232.970000,12,ANALISIS-DE-PRECIOS-UNITARIOS-1-1000-EXCEL.xlsx,sheet1,27091,9ec8ece5948e0f75ea99b4182fc575891150d2be36b1084f4ec8ef5216467f2b
EC-GAD-DAULE-LPI-GADIMCD-2025-03:0320,APUV1-e0c439898fae7653967c84a1,APUCON-26ae7198f1a060bc4e3869e9,EC-GAD-DAULE-LPI-GADIMCD-2025-03,MALECON,320,SUMINISTRO E INSTALACION DE REVESTIMIENTO DE PARED EN CERAMICA TIPO MADERA,m2,0.833700,40.915234,0.2000,8.183047,0.000000,49.098280,49.100000,9,ANALISIS-DE-PRECIOS-UNITARIOS-1-1000-EXCEL.xlsx,sheet1,27176,e0c439898fae7653967c84a19f77695914960c6ed030163183b00f7d8dc80e6e
EC-GAD-DAULE-LPI-GADIMCD-2025-03:0321,APUV1-be8ec702809f1f9b45ee0dff,APUCON-4d04390c37ad2b8db0cc8dc0,EC-GAD-DAULE-LPI-GADIMCD-2025-03,MALECON,321,PUERTA DE MADERA DE ABATIMIENTO HACIA ARRIBA (0.56x1.00)m,u,2.000000,92.799000,0.2000,18.559800,0.000000,111.358800,111.360000,7,ANALISIS-DE-PRECIOS-UNITARIOS-1-1000-EXCEL.xlsx,sheet1,27261,be8ec702809f1f9b45ee0dff094755d0a1c615ca0479d92de9e6d3c7c76dab5e
EC-GAD-DAULE-LPI-GADIMCD-2025-03:0322,APUV1-2002fcd95b8722bf135b7365,APUCON-da08326ca763a093af19f9b5,EC-GAD-DAULE-LPI-GADIMCD-2025-03,MALECON,322,ACERO ESTRUCTURAL (A36),Kg,0.025000,5.034400,0.2000,1.006880,0.000000,6.041280,6.040000,17,ANALISIS-DE-PRECIOS-UNITARIOS-1-1000-EXCEL.xlsx,sheet1,27346,2002fcd95b8722bf135b73655387141c30448e61c378b193b47621c5376db821
EC-GAD-DAULE-LPI-GADIMCD-2025-03:0323,APUV1-64dd781ab6a4537aae622709,APUCON-4eae20cc37846a2bd0bbbb56,EC-GAD-DAULE-LPI-GADIMCD-2025-03,MALECON,323,SUMINISTRO E INSTALACION DE CUBIERTA METALICA CON AISLAMIENTO DE POLIURETANO E=30mm,m2,0.250000,45.809500,0.2000,9.161900,0.000000,54.971400,54.970000,7,ANALISIS-DE-PRECIOS-UNITARIOS-1-1000-EXCEL.xlsx,sheet1,27431,64dd781ab6a4537aae62270976d344ac417a19615b83c40bdbe2db93d906c97b
EC-GAD-DAULE-LPI-GADIMCD-2025-03:0324,APUV1-3a256f7547e728caa0fe73c2,APUCON-4bf5078c97fd9e35b1772666,EC-GAD-DAULE-LPI-GADIMCD-2025-03,MALECON,324,SUMINISTRO E INSTALACION DE FLASHING PERIMETRAL PARA CUBIERTA,m,0.750000,22.984875,0.2000,4.596975,0.000000,27.581850,27.580000,8,ANALISIS-DE-PRECIOS-UNITARIOS-1-1000-EXCEL.xlsx,sheet1,27516,3a256f7547e728caa0fe73c2c40ba9de8bd77009572825efac4052a773593e59
EC-GAD-DAULE-LPI-GADIMCD-2025-03:0325,APUV1-8cc7e2655971ecffd8b82022,APUCON-5e4dcdebc263ee504d6c19b0,EC-GAD-DAULE-LPI-GADIMCD-2025-03,MALECON,325,CERAMICA 30x30cm,m2,0.500000,21.512000,0.2000,4.302400,0.000000,25.814400,25.810000,9,ANALISIS-DE-PRECIOS-UNITARIOS-1-1000-EXCEL.xlsx,sheet1,27601,8cc7e2655971ecffd8b820228ec7ddb0614fa3d010ecb3606663f7d0fd4601bc
EC-GAD-DAULE-LPI-GADIMCD-2025-03:0326,APUV1-ccad9bec18d97bd0cc629626,APUCON-f043bef1642b4dcd6fc2a7e2,EC-GAD-DAULE-LPI-GADIMCD-2025-03,MALECON,326,PARED DE BLOQUE 10x20x40cm,m2,0.400000,18.497000,0.2000,3.699400,0.000000,22.196400,22.200000,9,ANALISIS-DE-PRECIOS-UNITARIOS-1-1000-EXCEL.xlsx,sheet1,27686,ccad9bec18d97bd0cc6296263e9eb19601570901fb2857a260404eaf28e1e079
EC-GAD-DAULE-LPI-GADIMCD-2025-03:0327,APUV1-55b3f0579c14d0d3486c9b3d,APUCON-c26f9a821a60d1f4c02ce248,EC-GAD-DAULE-LPI-GADIMCD-2025-03,MALECON,327,ENLUCIDO DE PAREDES EXTERIORES,m2,0.400000,9.781450,0.2000,1.956290,0.000000,11.737740,11.740000,6,ANALISIS-DE-PRECIOS-UNITARIOS-1-1000-EXCEL.xlsx,sheet1,27771,55b3f0579c14d0d3486c9b3dc435c2239abc4147693bef699a69c92e9e422876
EC-GAD-DAULE-LPI-GADIMCD-2025-03:0328,APUV1-9c7258c64002e2d230b00fec,APUCON-5a3d6736dcf2a807e5d95e77,EC-GAD-DAULE-LPI-GADIMCD-2025-03,MALECON,328,ENLUCIDO DE PAREDES INTERIORES,m2,0.300000,7.178650,0.2000,1.435730,0.000000,8.614380,8.610000,6,ANALISIS-DE-PRECIOS-UNITARIOS-1-1000-EXCEL.xlsx,sheet1,27856,9c7258c64002e2d230b00fec087c219184b6389cc0614ba3b7dda44528be24be
EC-GAD-DAULE-LPI-GADIMCD-2025-03:0329,APUV1-3288653bae96f8ae80830716,APUCON-82723a87dde28c85a25c8e05,EC-GAD-DAULE-LPI-GADIMCD-2025-03,MALECON,329,ENLUCIDO DE FILOS,m,0.120000,3.367260,0.2000,0.673452,0.000000,4.040712,4.040000,8,ANALISIS-DE-PRECIOS-UNITARIOS-1-1000-EXCEL.xlsx,sheet1,27941,3288653bae96f8ae80830716eef0d8720c7feb769ac65fbed58e7a5f14b77e6b
EC-GAD-DAULE-LPI-GADIMCD-2025-03:0330,APUV1-9d88f67cba43754fe11d241a,APUCON-24e1f6bd9447277701485af6,EC-GAD-DAULE-LPI-GADIMCD-2025-03,MALECON,330,CUADRADA DE BOQUETES,m,0.150000,5.028950,0.2000,1.005790,0.000000,6.034740,6.030000,7,ANALISIS-DE-PRECIOS-UNITARIOS-1-1000-EXCEL.xlsx,sheet1,28026,9d88f67cba43754fe11d241ae4fbb5f34ec53d26c1532cd6765db7f88a0b1830
EC-GAD-DAULE-LPI-GADIMCD-2025-03:0331,APUV1-e011ff330ba56051afbf28a4,APUCON-9d548c404424417e5382395e,EC-GAD-DAULE-LPI-GADIMCD-2025-03,MALECON,331,PINTURA EXTERIOR,m2,0.400000,7.234600,0.2000,1.446920,0.000000,8.681520,8.680000,6,ANALISIS-DE-PRECIOS-UNITARIOS-1-1000-EXCEL.xlsx,sheet1,28111,e011ff330ba56051afbf28a46f4c4e84f24eb4bd1a10903727538ba93016b25e
EC-GAD-DAULE-LPI-GADIMCD-2025-03:0332,APUV1-ba45a14d274ec6df3b4492b3,APUCON-57fda0bb67764d17ac27a48c,EC-GAD-DAULE-LPI-GADIMCD-2025-03,MALECON,332,PINTURA INTERIOR,m2,0.400000,6.824200,0.2000,1.364840,0.000000,8.189040,8.190000,6,ANALISIS-DE-PRECIOS-UNITARIOS-1-1000-EXCEL.xlsx,sheet1,28196,ba45a14d274ec6df3b4492b37fafc6424228be13f33f35c639686b5725b89ee3
EC-GAD-DAULE-LPI-GADIMCD-2025-03:0333,APUV1-f261a2845144f6418dc65d0e,APUCON-329f47421e3c8156f415c25c,EC-GAD-DAULE-LPI-GADIMCD-2025-03,MALECON,333,CIELO RASO TIPO GYPSUM,m2,0.399500,15.953217,0.2000,3.190643,0.000000,19.143860,19.140000,12,ANALISIS-DE-PRECIOS-UNITARIOS-1-1000-EXCEL.xlsx,sheet1,28281,f261a2845144f6418dc65d0e09f69fac016144e78930c30798c94c9bd5e05411
EC-GAD-DAULE-LPI-GADIMCD-2025-03:0334,APUV1-c74013bf2533e40904a91bd7,APUCON-737e79950d4a34aaa8689ad7,EC-GAD-DAULE-LPI-GADIMCD-2025-03,MALECON,334,PUERTA DE ALUMINIO TIPO LOUVER (0.80x2.00)m,u,4.000000,276.758000,0.2000,55.351600,0.000000,332.109600,332.110000,7,ANALISIS-DE-PRECIOS-UNITARIOS-1-1000-EXCEL.xlsx,sheet1,28366,c74013bf2533e40904a91bd735b917f63e17b7e6c8166dd28f2ea86de0651bb7
EC-GAD-DAULE-LPI-GADIMCD-2025-03:0335,APUV1-279e29b4a95b2f967d604732,APUCON-2c67c60a944fdb8fe9c48f7b,EC-GAD-DAULE-LPI-GADIMCD-2025-03,MALECON,335,VENTANA DE PVC COLOR GRIS,m2,1.250000,115.234375,0.2000,23.046875,0.000000,138.281250,138.280000,5,ANALISIS-DE-PRECIOS-UNITARIOS-1-1000-EXCEL.xlsx,sheet1,28451,279e29b4a95b2f967d604732eb5ae224a426f9b32d8ef93f0181d44d2f326364
EC-GAD-DAULE-LPI-GADIMCD-2025-03:0336,APUV1-39b06b8481a40e498e99fb22,APUCON-a24b00e8d4936f6861c581d2,EC-GAD-DAULE-LPI-GADIMCD-2025-03,MALECON,336,SUMINISTRO Y FABRICACION DE ELEMENTOS DE ACERO ESTRUCTURAL ASTM A-588,Kg,0.016300,2.409036,0.2000,0.481807,0.000000,2.890843,2.890000,14,ANALISIS-DE-PRECIOS-UNITARIOS-1-1000-EXCEL.xlsx,sheet1,28536,39b06b8481a40e498e99fb22521381712ce19bda0d2eec5166b2dd4aa591d146
EC-GAD-DAULE-LPI-GADIMCD-2025-03:0337,APUV1-8f36933c6102ecbb55bf707f,APUCON-88622254115b63bdc86eccc1,EC-GAD-DAULE-LPI-GADIMCD-2025-03,MALECON,337,MONTAJE DE ELEMENTOS DE ACERO ESTRUCTURAL ASTM A-588,Kg,0.002350,0.463532,0.2000,0.092706,0.000000,0.556238,0.560000,5,ANALISIS-DE-PRECIOS-UNITARIOS-1-1000-EXCEL.xlsx,sheet1,28621,8f36933c6102ecbb55bf707fc5bf9386d4367e1f3064d46b1cd2280c00ce1546
EC-GAD-DAULE-LPI-GADIMCD-2025-03:0338,APUV1-03e1287f0d767e1547be17c7,APUCON-2f2c9d3d698ad877a4e94f22,EC-GAD-DAULE-LPI-GADIMCD-2025-03,MALECON,338,ACERO DE REFUERZO EN BARRAS FY=4200 Kg/cm2,Kg,0.025000,1.931563,0.2000,0.386313,0.000000,2.317875,2.320000,7,ANALISIS-DE-PRECIOS-UNITARIOS-1-1000-EXCEL.xlsx,sheet1,28706,03e1287f0d767e1547be17c7f382c830483aeaa52945a4df6a8be7fafa676a03
EC-GAD-DAULE-LPI-GADIMCD-2025-03:0339,APUV1-2002fcd95b8722bf135b7365,APUCON-da08326ca763a093af19f9b5,EC-GAD-DAULE-LPI-GADIMCD-2025-03,MALECON,339,ACERO ESTRUCTURAL (A36),Kg,0.025000,5.034400,0.2000,1.006880,0.000000,6.041280,6.040000,17,ANALISIS-DE-PRECIOS-UNITARIOS-1-1000-EXCEL.xlsx,sheet1,28791,2002fcd95b8722bf135b73655387141c30448e61c378b193b47621c5376db821
EC-GAD-DAULE-LPI-GADIMCD-2025-03:0340,APUV1-f623334eb03dc4a99d9d4fe0,APUCON-b4aabb9b3e2b9fd4f4514321,EC-GAD-DAULE-LPI-GADIMCD-2025-03,MALECON,340,HORMIGON ESTRUCTURAL/CEMENTO PORTLAND CL.-A; F'C=350 Kg/cm2 (INCLUYE CURADO),m3,1.750000,198.332500,0.2000,39.666500,0.000000,237.999000,238.000000,8,ANALISIS-DE-PRECIOS-UNITARIOS-1-1000-EXCEL.xlsx,sheet1,28876,f623334eb03dc4a99d9d4fe02c576ced6be7a783ad6295c4d1cab15f76f03560
EC-GAD-DAULE-LPI-GADIMCD-2025-03:0341,APUV1-22841c640cdb009845a6f36b,APUCON-ae41728d101088b49fa64a41,EC-GAD-DAULE-LPI-GADIMCD-2025-03,MALECON,341,SECCIONADOR FUSIBLE 100 A - 27kW CON ROMPE ARCO,u,1.999900,262.579175,0.2000,52.515835,0.000000,315.095010,315.100000,13,ANALISIS-DE-PRECIOS-UNITARIOS-1-1000-EXCEL.xlsx,sheet1,28961,22841c640cdb009845a6f36bce44f032dac401e3ddd9cff6f13f0bd4c915a845
EC-GAD-DAULE-LPI-GADIMCD-2025-03:0342,APUV1-cb3e1fac4c2431902ae4662f,APUCON-11e5313d25b1820a34edb4c7,EC-GAD-DAULE-LPI-GADIMCD-2025-03,MALECON,342,CHORRO DE PUNTA DE LANZA DE 1 1/2” ENTRADA Y 16 mm DE SALIDA,u,1.250000,107.338125,0.2000,21.467625,0.000000,128.805750,128.810000,4,ANALISIS-DE-PRECIOS-UNITARIOS-1-1000-EXCEL.xlsx,sheet1,29046,cb3e1fac4c2431902ae4662f252396c69df6e1ff7f075cca961e75369ed9d873
EC-GAD-DAULE-LPI-GADIMCD-2025-03:0343,APUV1-5b61daf565e770ea8cc20d0d,APUCON-334496274ca681956e49a64a,EC-GAD-DAULE-LPI-GADIMCD-2025-03,MALECON,343,"SUMINISTRO E INSTALACION DE BOMBA SUMERGIBLE 7.5 KW DE ACERO INOXIDABLE (INCLUYE TABLERO, BASE AUTOACOPLABLE Y BRIDA DE DESCARGA)",u,30.000000,20252.185000,0.2000,4050.437000,0.000000,24302.622000,24302.620000,8,ANALISIS-DE-PRECIOS-UNITARIOS-1-1000-EXCEL.xlsx,sheet1,29131,5b61daf565e770ea8cc20d0db48d4bab4865952d5a2f6c3566741c6ed48c246f
EC-GAD-DAULE-LPI-GADIMCD-2025-03:0344,APUV1-6caba120063394ab62ef5fac,APUCON-71072cb150905ffa0053844b,EC-GAD-DAULE-LPI-GADIMCD-2025-03,MALECON,344,"SUMINISTRO E INSTALACION DE BOMBA SUMERGIBLE 6 KW DE ACERO INOXIDABLE (INCLUYE TABLERO, BASE AUTOACOPLABLE Y BRIDA DE DESCARGA)",u,30.000000,16952.185000,0.2000,3390.437000,0.000000,20342.622000,20342.620000,8,ANALISIS-DE-PRECIOS-UNITARIOS-1-1000-EXCEL.xlsx,sheet1,29216,6caba120063394ab62ef5face4568a94a850b290f99815457f22429c98c073b8
EC-GAD-DAULE-LPI-GADIMCD-2025-03:0345,APUV1-1947f8d209837e3f3a2993d7,APUCON-df26d253c4ebdd6845a7151b,EC-GAD-DAULE-LPI-GADIMCD-2025-03,MALECON,345,"SUMINISTRO E INSTALACION DE TUBO EN ACERO INOXIDABLE 6"", LONGITUD 20M CON 36 SALIDAS DE 1 1/2"" Y 6 ENTRADAS DE 4""",m,8.000000,1028.716000,0.2000,205.743200,0.000000,1234.459200,1234.460000,12,ANALISIS-DE-PRECIOS-UNITARIOS-1-1000-EXCEL.xlsx,sheet1,29301,1947f8d209837e3f3a2993d7637d5ea33da226a7f211e062a6f6adb99d25cf3c
EC-GAD-DAULE-LPI-GADIMCD-2025-03:0346,APUV1-78ec43a3bd5981f7c16b5497,APUCON-8ff6204dc708f22bd825974b,EC-GAD-DAULE-LPI-GADIMCD-2025-03,MALECON,346,PANTALLA DE AGUA PULVERIZADA,u,3.000000,1571.605500,0.2000,314.321100,0.000000,1885.926600,1885.930000,6,ANALISIS-DE-PRECIOS-UNITARIOS-1-1000-EXCEL.xlsx,sheet1,29386,78ec43a3bd5981f7c16b5497580f7e342b0ee1c97ff9a85f30f6c488e8cc2c23
EC-GAD-DAULE-LPI-GADIMCD-2025-03:0347,APUV1-58bd7fa508435d03e027f39b,APUCON-bd58c0a26dff6d31f7bd2a3c,EC-GAD-DAULE-LPI-GADIMCD-2025-03,MALECON,347,FAROS DE 108 WATTS DE 24 V,u,3.000000,712.769000,0.2000,142.553800,0.000000,855.322800,855.320000,6,ANALISIS-DE-PRECIOS-UNITARIOS-1-1000-EXCEL.xlsx,sheet1,29471,58bd7fa508435d03e027f39b38b695583c32d2813e6714bcd005c935ceeeb2a9
EC-GAD-DAULE-LPI-GADIMCD-2025-03:0348,APUV1-e37cec54fb50ef12f88b12e9,APUCON-b838e3bc4aefd05be8926fa1,EC-GAD-DAULE-LPI-GADIMCD-2025-03,MALECON,348,INTERFAX DMX PARA CONTROLAR LOS TONOS DE LOS FAROS,u,4.000000,901.458000,0.2000,180.291600,0.000000,1081.749600,1081.750000,6,ANALISIS-DE-PRECIOS-UNITARIOS-1-1000-EXCEL.xlsx,sheet1,29556,e37cec54fb50ef12f88b12e9a96389636d0e15ded049cba907b71b7005860384
EC-GAD-DAULE-LPI-GADIMCD-2025-03:0349,APUV1-2938b99547d5b9fc0def8609,APUCON-2c7788187a17eb6bb4aa38df,EC-GAD-DAULE-LPI-GADIMCD-2025-03,MALECON,349,DECODIFICADOR DE 8 SALIDAS,u,2.500000,443.411250,0.2000,88.682250,0.000000,532.093500,532.090000,6,ANALISIS-DE-PRECIOS-UNITARIOS-1-1000-EXCEL.xlsx,sheet1,29641,2938b99547d5b9fc0def86090fc95c9b48e52746e53349f4e5157229203f797b
EC-GAD-DAULE-LPI-GADIMCD-2025-03:0350,APUV1-9458c77ccc9282fa4e217467,APUCON-e87947f4a78a73d50b05c1af,EC-GAD-DAULE-LPI-GADIMCD-2025-03,MALECON,350,FUENTES DE PODER DE 1200W PARA TRANSFORMAR DE 220 O 110V A 24V,u,2.500000,313.411250,0.2000,62.682250,0.000000,376.093500,376.090000,6,ANALISIS-DE-PRECIOS-UNITARIOS-1-1000-EXCEL.xlsx,sheet1,29726,9458c77ccc9282fa4e2174670bc3f442e899e18270527e8f068421f2ea12dd96
EC-GAD-DAULE-LPI-GADIMCD-2025-03:0351,APUV1-2c307871bb3b33f984780252,APUCON-a005428136163e36b8a7d854,EC-GAD-DAULE-LPI-GADIMCD-2025-03,MALECON,351,"SUMINISTRO E INSTALACION DE TUBERIA DE PVC CED.40 3""",m,0.300000,16.652900,0.2000,3.330580,0.000000,19.983480,19.980000,6,ANALISIS-DE-PRECIOS-UNITARIOS-1-1000-EXCEL.xlsx,sheet1,29811,2c307871bb3b33f984780252e2465d5f1cd4f0cd3205e26bd03915b9bceaeb14
EC-GAD-DAULE-LPI-GADIMCD-2025-03:0352,APUV1-7f0661eefcee2e7367aea914,APUCON-ca6662898b4f714376f287cb,EC-GAD-DAULE-LPI-GADIMCD-2025-03,MALECON,352,"SUMINISTRO E INSTALACION DE NUDOS UNIVERSALES PVC 3""",u,0.500000,27.541500,0.2000,5.508300,0.000000,33.049800,33.050000,6,ANALISIS-DE-PRECIOS-UNITARIOS-1-1000-EXCEL.xlsx,sheet1,29896,7f0661eefcee2e7367aea9148a489b953859b42969c25571a246d04ef07d59ff
EC-GAD-DAULE-LPI-GADIMCD-2025-03:0353,APUV1-44f6a32e43961e4a2126006b,APUCON-e9274aece66f3116952e22e1,EC-GAD-DAULE-LPI-GADIMCD-2025-03,MALECON,353,SUMINISTRO E INSTALACION DE TEE 3 IN PVC ROSCABLE,u,0.500000,15.099000,0.2000,3.019800,0.000000,18.118800,18.120000,6,ANALISIS-DE-PRECIOS-UNITARIOS-1-1000-EXCEL.xlsx,sheet1,29981,44f6a32e43961e4a2126006bcb64ffa787e2a4a0a7ec6fe85bdc8b6b2c9dbf5a
EC-GAD-DAULE-LPI-GADIMCD-2025-03:0354,APUV1-6ed8f11ea4cb77b8243d55d1,APUCON-9f67c6df39c7b3251d3f5ca1,EC-GAD-DAULE-LPI-GADIMCD-2025-03,MALECON,354,SUMINISTRO E INSTALACION DE REDUCTOR DE 6 A 3 IN PVC ROSCABLE,u,0.500000,14.899000,0.2000,2.979800,0.000000,17.878800,17.880000,6,ANALISIS-DE-PRECIOS-UNITARIOS-1-1000-EXCEL.xlsx,sheet1,30066,6ed8f11ea4cb77b8243d55d14a229f052d8f4867c365a08dc9c37ef9b6a27529
EC-GAD-DAULE-LPI-GADIMCD-2025-03:0355,APUV1-98d211e89ff929f3114e9ad9,APUCON-d735d9bb5646d25d1119d0ed,EC-GAD-DAULE-LPI-GADIMCD-2025-03,MALECON,355,"SUMINISTRO E INSTALACION DE CODO 3"" x 90' PVC ROSCABLE",u,0.601000,15.505223,0.2000,3.101045,0.000000,18.606268,18.610000,6,ANALISIS-DE-PRECIOS-UNITARIOS-1-1000-EXCEL.xlsx,sheet1,30151,98d211e89ff929f3114e9ad9004aa504aecc469862c1477454f475f72d7e5ebf
EC-GAD-DAULE-LPI-GADIMCD-2025-03:0356,APUV1-44becccd289736563af7e6af,APUCON-19231eb02b3591b9d77df867,EC-GAD-DAULE-LPI-GADIMCD-2025-03,MALECON,356,SUMINISTRO Y COLOCACION DE SELLADOR ADHESIVO PARA JUNTAS,u,0.017100,0.437797,0.2000,0.087559,0.000000,0.525356,0.530000,4,ANALISIS-DE-PRECIOS-UNITARIOS-1-1000-EXCEL.xlsx,sheet1,30236,44becccd289736563af7e6af42b3ea8e1f8dec5f9ed7b06eb3e449d464dfb8f9
EC-GAD-DAULE-LPI-GADIMCD-2025-03:0357,APUV1-5d5a5c56190a42a809adfe71,APUCON-40e0a8fdb97e580be256e243,EC-GAD-DAULE-LPI-GADIMCD-2025-03,MALECON,357,SUMINISTRO E INSTALACION DE ADAPTADOR MACHO 3 IN PVC ROSCABLE,u,0.500000,14.099000,0.2000,2.819800,0.000000,16.918800,16.920000,6,ANALISIS-DE-PRECIOS-UNITARIOS-1-1000-EXCEL.xlsx,sheet1,30321,5d5a5c56190a42a809adfe7157e8bb3a61c8c053e03a0c87223269a94baaf13a
EC-GAD-DAULE-LPI-GADIMCD-2025-03:0358,APUV1-984e21913e38453d01a07389,APUCON-8e2b6a49199c6d4046c897cb,EC-GAD-DAULE-LPI-GADIMCD-2025-03,MALECON,358,SUMINISTRO E INSTALACION DE ADAPTADOR MACHO 6 IN PVC ROSCABLE,u,0.550000,17.350150,0.2000,3.470030,0.000000,20.820180,20.820000,6,ANALISIS-DE-PRECIOS-UNITARIOS-1-1000-EXCEL.xlsx,sheet1,30406,984e21913e38453d01a073892afde9e65ea1fb6ad86f2daf230ae07ed223bd3b
EC-GAD-DAULE-LPI-GADIMCD-2025-03:0359,APUV1-21247504b957f84e452cff24,APUCON-da1310b0065f98e7e4807150,EC-GAD-DAULE-LPI-GADIMCD-2025-03,MALECON,359,"SUMINISTRO E INSTALACION DE LLAVE NUDO 3"" PVC ROSCABLE",u,0.500000,50.099000,0.2000,10.019800,0.000000,60.118800,60.120000,6,ANALISIS-DE-PRECIOS-UNITARIOS-1-1000-EXCEL.xlsx,sheet1,30491,21247504b957f84e452cff240db02f3392b372a2dcba0f10d9c21049ae734099
EC-GAD-DAULE-LPI-GADIMCD-2025-03:0360,APUV1-30ec52267299b71f2518e366,APUCON-01c4bd8708c73fe9a92043f2,EC-GAD-DAULE-LPI-GADIMCD-2025-03,MALECON,360,"PROYECTOR DE LASER PARA PANTALLA, CON ALCANCE A UNA DISTANCIA DE 40m, PROYECCION DE 15m",u,8.000000,15178.080000,0.2000,3035.616000,0.000000,18213.696000,18213.700000,4,ANALISIS-DE-PRECIOS-UNITARIOS-1-1000-EXCEL.xlsx,sheet1,30576,30ec52267299b71f2518e36695216f0353c55ef283db0858fc08ff5c4339a2bf
EC-GAD-DAULE-LPI-GADIMCD-2025-03:0361,APUV1-f78faf8cb3089aef3733a96c,APUCON-38dfa77ee5b19dbd3ecda720,EC-GAD-DAULE-LPI-GADIMCD-2025-03,MALECON,361,"TABLERO DE CONTROL Y AUTOMATIZACION DE LUCES ACUATICAS Y TABLERO PARA BOMBAS, INCLUIDO EL CABLE DESDE EL CUARTO DE MAQUINAS HASTA LA UBICACION DE LAS BOMBAS SUMERGIBLES Y LOS FAROS LED",u,25.000000,19421.112500,0.2000,3884.222500,0.000000,23305.335000,23305.340000,15,ANALISIS-DE-PRECIOS-UNITARIOS-1-1000-EXCEL.xlsx,sheet1,30661,f78faf8cb3089aef3733a96cb37e9ac9afe1770052c5031eb6897b157524f402
EC-GAD-DAULE-LPI-GADIMCD-2025-03:0362,APUV1-2f4cc252a1980dbd8891156f,APUCON-03367ee7d763caba66abc7ae,EC-GAD-DAULE-LPI-GADIMCD-2025-03,MALECON,362,PERFILADA DE HORMIGON EN CALLES,m,0.055400,3.001987,0.2000,0.600398,0.000000,3.602385,3.600000,4,ANALISIS-DE-PRECIOS-UNITARIOS-1-1000-EXCEL.xlsx,sheet1,30746,2f4cc252a1980dbd8891156f02bcb3852dad8dc81ae5a1d10ce764bbb39ae936
EC-GAD-DAULE-LPI-GADIMCD-2025-03:0363,APUV1-8d989018783bb14bc54d24eb,APUCON-4404d06903a3f5fa632c1c86,EC-GAD-DAULE-LPI-GADIMCD-2025-03,MALECON,363,ROTURA Y DESALOJO DE HORMIGON EN CALLES,m2,0.017090,2.290581,0.2000,0.458116,0.000000,2.748697,2.750000,8,ANALISIS-DE-PRECIOS-UNITARIOS-1-1000-EXCEL.xlsx,sheet1,30831,8d989018783bb14bc54d24eb309f2b064e1e4874397e7c190a61d63a41f60a35
EC-GAD-DAULE-LPI-GADIMCD-2025-03:0364,APUV1-3284e037c0661e8cb2ed7a21,APUCON-d063eba320f0a0a66f676330,EC-GAD-DAULE-LPI-GADIMCD-2025-03,MALECON,364,HORMIGON PAVIMENTADO 4.5 MPA PARA CALLES (INCLUIDO CURADO Y JUNTAS),m3,2.600000,251.720400,0.2000,50.344080,0.000000,302.064480,302.060000,13,ANALISIS-DE-PRECIOS-UNITARIOS-1-1000-EXCEL.xlsx,sheet1,30916,3284e037c0661e8cb2ed7a2168c2a42ad67d2fe6635e52f81d70577c941dc60e
EC-GAD-DAULE-LPI-GADIMCD-2025-03:0365,APUV1-304320e09dc2495bdd0524ca,APUCON-20a531d04107564cd1e67cb8,EC-GAD-DAULE-LPI-GADIMCD-2025-03,MALECON,365,REPLANTEO DE TUBERIAS,m,0.015500,0.532163,0.2000,0.106433,0.000000,0.638596,0.640000,7,ANALISIS-DE-PRECIOS-UNITARIOS-1-1000-EXCEL.xlsx,sheet1,31001,304320e09dc2495bdd0524ca60fb6c77e9a2b4952484a93ab6b22b42e404dd6d
EC-GAD-DAULE-LPI-GADIMCD-2025-03:0366,APUV1-da7e1c378f4e1fb335dd3a8d,APUCON-695ac0d47bcb63612b181583,EC-GAD-DAULE-LPI-GADIMCD-2025-03,MALECON,366,SUMINISTRO DE TUBERIA PP UNION ROSCABLE DI=3/4 plg 1.25 MPA,m,0.000000,3.140000,0.2000,0.628000,0.000000,3.768000,3.770000,3,ANALISIS-DE-PRECIOS-UNITARIOS-1-1000-EXCEL.xlsx,sheet1,31086,da7e1c378f4e1fb335dd3a8d06fd5e1506ecef9d4f63b82e2930e2cf8b593edc
EC-GAD-DAULE-LPI-GADIMCD-2025-03:0367,APUV1-2211e0772918086e1f9129bf,APUCON-24333dfaef89e53a2b64ed3b,EC-GAD-DAULE-LPI-GADIMCD-2025-03,MALECON,367,INSTALACION DE TUBERIA PP UNION ROSCABLE DI=3/4 plg 1.25 MPA,m,0.149450,5.103493,0.2000,1.020699,0.000000,6.124192,6.120000,8,ANALISIS-DE-PRECIOS-UNITARIOS-1-1000-EXCEL.xlsx,sheet1,31171,2211e0772918086e1f9129bf454570d1e555541f1561568f40f26f3c1b2c5a3d
EC-GAD-DAULE-LPI-GADIMCD-2025-03:0368,APUV1-46cc3c2570cbf87df90d5b9b,APUCON-cc1025e114436d8b33f0fd51,EC-GAD-DAULE-LPI-GADIMCD-2025-03,MALECON,368,SUMINISTRO DE TUBERIA PP UNION ROSCABLE DI=1/2 plg 1.25 MPA,m,0.000000,1.980000,0.2000,0.396000,0.000000,2.376000,2.380000,2,ANALISIS-DE-PRECIOS-UNITARIOS-1-1000-EXCEL.xlsx,sheet1,31256,46cc3c2570cbf87df90d5b9b54b7b1aa025b44c3d7054d433aa7f9f390d74084
EC-GAD-DAULE-LPI-GADIMCD-2025-03:0369,APUV1-84c5504c297f5648ec0420df,APUCON-3ec790c66776ef43dece6aba,EC-GAD-DAULE-LPI-GADIMCD-2025-03,MALECON,369,INSTALACION DE TUBERIA PP UNION ROSCABLE DI=1/2 plg 1.25 MPA,m,0.149500,4.433348,0.2000,0.886670,0.000000,5.320017,5.320000,7,ANALISIS-DE-PRECIOS-UNITARIOS-1-1000-EXCEL.xlsx,sheet1,31341,84c5504c297f5648ec0420df36bc2294df3c41026c19648dc9195182b45636e1
EC-GAD-DAULE-LPI-GADIMCD-2025-03:0370,APUV1-b91d04ca1ac70e7034dc8ebb,APUCON-3db727d5610f7dcb110e825b,EC-GAD-DAULE-LPI-GADIMCD-2025-03,MALECON,370,SUMINISTRO DE TUBERIA PP UNION ROSCABLE DI=1 plg 1.25 MPA,m,0.000000,4.640000,0.2000,0.928000,0.000000,5.568000,5.570000,2,ANALISIS-DE-PRECIOS-UNITARIOS-1-1000-EXCEL.xlsx,sheet1,31426,b91d04ca1ac70e7034dc8ebbd2072f1048a99499dd8f257695f05adcdb1a2d7d
EC-GAD-DAULE-LPI-GADIMCD-2025-03:0371,APUV1-7d743edf79317d51c26c6951,APUCON-d2a9bec8b283b7cce831d4cb,EC-GAD-DAULE-LPI-GADIMCD-2025-03,MALECON,371,INSTALACION DE TUBERIA PP UNION ROSCABLE DI=1 plg 1.25 MPA,m,0.100000,3.414850,0.2000,0.682970,0.000000,4.097820,4.100000,8,ANALISIS-DE-PRECIOS-UNITARIOS-1-1000-EXCEL.xlsx,sheet1,31511,7d743edf79317d51c26c6951f6c99ddb61f787b67deabed98cb78d0fa1e5e4c2
EC-GAD-DAULE-LPI-GADIMCD-2025-03:0372,APUV1-8ec0d4277facaae8c89b293e,APUCON-2beade4a29606dc1d29d85fa,EC-GAD-DAULE-LPI-GADIMCD-2025-03,MALECON,372,SUMINISTRO DE TUBERIA PP UNION ROSCABLE DI=1 1/4 plg 1.25 MPA,m,0.000000,6.690000,0.2000,1.338000,0.000000,8.028000,8.030000,3,ANALISIS-DE-PRECIOS-UNITARIOS-1-1000-EXCEL.xlsx,sheet1,31596,8ec0d4277facaae8c89b293e27e8e9d36c4c786e6de4003b91cb2253447c9175
EC-GAD-DAULE-LPI-GADIMCD-2025-03:0373,APUV1-6ea804075031eed152777346,APUCON-925bc7abd8d7bb43709a1529,EC-GAD-DAULE-LPI-GADIMCD-2025-03,MALECON,373,INSTALACION DE TUBERIA PP UNION ROSCABLE DI=1 1/4 plg 1.25 MPA,m,0.149500,5.105201,0.2000,1.021040,0.000000,6.126241,6.130000,8,ANALISIS-DE-PRECIOS-UNITARIOS-1-1000-EXCEL.xlsx,sheet1,31681,6ea804075031eed1527773469a34d13eed68f04f5d4d3038dce56442f0790b8a
EC-GAD-DAULE-LPI-GADIMCD-2025-03:0374,APUV1-6babaf386de871ffb5a687a5,APUCON-a9e7330ee6c4f153dfb41dca,EC-GAD-DAULE-LPI-GADIMCD-2025-03,MALECON,374,SUMINISTRO DE TUBERIA PP UNION ROSCABLE DI=1 1/2 plg 1.25 MPA,m,0.000000,8.090000,0.2000,1.618000,0.000000,9.708000,9.710000,3,ANALISIS-DE-PRECIOS-UNITARIOS-1-1000-EXCEL.xlsx,sheet1,31766,6babaf386de871ffb5a687a510f7ef7d7785b157a12c0c897cbffa0083f74b65
EC-GAD-DAULE-LPI-GADIMCD-2025-03:0375,APUV1-946b19e71ddd5ff304f5fb8f,APUCON-ae72aa79521a5ccce203be96,EC-GAD-DAULE-LPI-GADIMCD-2025-03,MALECON,375,INSTALACION DE TUBERIA PP UNION ROSCABLE DI=1 1/2 plg 1.25 MPA,m,0.084000,1.169532,0.2000,0.233906,0.000000,1.403438,1.400000,4,ANALISIS-DE-PRECIOS-UNITARIOS-1-1000-EXCEL.xlsx,sheet1,31851,946b19e71ddd5ff304f5fb8f2041e037829394ba3e7a8360868f990389df3608
EC-GAD-DAULE-LPI-GADIMCD-2025-03:0376,APUV1-48c7300b641bbdfe340557d2,APUCON-3509b2a2f8ff6658bc82f6cd,EC-GAD-DAULE-LPI-GADIMCD-2025-03,MALECON,376,SUMINISTRO DE TUBERIA PP UNION ROSCABLE DI=2 plg 1.25 MPA,m,0.000000,10.740000,0.2000,2.148000,0.000000,12.888000,12.890000,3,ANALISIS-DE-PRECIOS-UNITARIOS-1-1000-EXCEL.xlsx,sheet1,31936,48c7300b641bbdfe340557d2337fb70ba22b5a3090c2a3213aad3b3312c03425
EC-GAD-DAULE-LPI-GADIMCD-2025-03:0377,APUV1-c92c0b02feca7a20c8832ac1,APUCON-fe4e5d274daf8d5d8dddf065,EC-GAD-DAULE-LPI-GADIMCD-2025-03,MALECON,377,INSTALACION DE TUBERIA PP UNION ROSCABLE DI=2 plg 1.25 MPA,m,0.100000,9.215450,0.2000,1.843090,0.000000,11.058540,11.060000,7,ANALISIS-DE-PRECIOS-UNITARIOS-1-1000-EXCEL.xlsx,sheet1,32021,c92c0b02feca7a20c8832ac1b3326db1f2771d179f6f4c9b732b2aa7ea14d117
EC-GAD-DAULE-LPI-GADIMCD-2025-03:0378,APUV1-41a68c0c82ec4ab7cf6afa76,APUCON-22601d268d97ff5bf7c81d6c,EC-GAD-DAULE-LPI-GADIMCD-2025-03,MALECON,378,SUMINISTRO DE TUBERIA PP UNION ROSCABLE DI=2 1/2 plg 1.25 MPA,m,0.000000,17.160000,0.2000,3.432000,0.000000,20.592000,20.590000,3,ANALISIS-DE-PRECIOS-UNITARIOS-1-1000-EXCEL.xlsx,sheet1,32106,41a68c0c82ec4ab7cf6afa76e78972911ed0844a30db6051799ca51826e1091e
EC-GAD-DAULE-LPI-GADIMCD-2025-03:0379,APUV1-a88e431bc87c41ca135dadc1,APUCON-6686e211d47a21769f68adf7,EC-GAD-DAULE-LPI-GADIMCD-2025-03,MALECON,379,INSTALACION DE TUBERIA PP UNION ROSCABLE DI=2 1/2 plg 1.25 MPA,m,0.149500,5.105201,0.2000,1.021040,0.000000,6.126241,6.130000,8,ANALISIS-DE-PRECIOS-UNITARIOS-1-1000-EXCEL.xlsx,sheet1,32191,a88e431bc87c41ca135dadc13772e845e0e83c5bf5bdc52e2aa6b874be465d0d
EC-GAD-DAULE-LPI-GADIMCD-2025-03:0380,APUV1-113e1cb7af5bdfa3fdbd2c5b,APUCON-2f6f6cb2926f2a3ee9d46466,EC-GAD-DAULE-LPI-GADIMCD-2025-03,MALECON,380,PRUEBA HIDRAULICA Y DESINFECCION DE RED,m,0.101000,2.146223,0.2000,0.429245,0.000000,2.575468,2.580000,7,ANALISIS-DE-PRECIOS-UNITARIOS-1-1000-EXCEL.xlsx,sheet1,32276,113e1cb7af5bdfa3fdbd2c5b319ef143b0ba60e03eafee23c47e22689c271275
EC-GAD-DAULE-LPI-GADIMCD-2025-03:0381,APUV1-b208a004031849a9631248bb,APUCON-aaf0fbdc301808a09715a834,EC-GAD-DAULE-LPI-GADIMCD-2025-03,MALECON,381,SUMINISTRO E INSTALACION DE CODO 22.5' PP 3/4 IN ROSCABLE,u,0.500000,8.691500,0.2000,1.738300,0.000000,10.429800,10.430000,5,ANALISIS-DE-PRECIOS-UNITARIOS-1-1000-EXCEL.xlsx,sheet1,32361,b208a004031849a9631248bb64a1f7f18abd899601ce3f784c89e015ac680f42
EC-GAD-DAULE-LPI-GADIMCD-2025-03:0382,APUV1-6ddeabefe4d06eeebb0ed1d9,APUCON-6c34de75d2ee5910c6c87661,EC-GAD-DAULE-LPI-GADIMCD-2025-03,MALECON,382,SUMINISTRO E INSTALACION DE CODO 22.5' PP 2 IN ROSCABLE,u,0.400000,10.165000,0.2000,2.033000,0.000000,12.198000,12.200000,5,ANALISIS-DE-PRECIOS-UNITARIOS-1-1000-EXCEL.xlsx,sheet1,32446,6ddeabefe4d06eeebb0ed1d976f466ac027932f0b9e4c965686cbf324e208d3b
EC-GAD-DAULE-LPI-GADIMCD-2025-03:0383,APUV1-85ac623b1b1f88a1d2b37e18,APUCON-7890affda41d88f521415211,EC-GAD-DAULE-LPI-GADIMCD-2025-03,MALECON,383,SUMINISTRO E INSTALACION DE CODO 45' PP 2 1/2 IN ROSCABLE,u,0.400000,13.619200,0.2000,2.723840,0.000000,16.343040,16.340000,5,ANALISIS-DE-PRECIOS-UNITARIOS-1-1000-EXCEL.xlsx,sheet1,32531,85ac623b1b1f88a1d2b37e18b7b5eaa3849acfd626146fcd984f37d2231fa95e
EC-GAD-DAULE-LPI-GADIMCD-2025-03:0384,APUV1-a8f60712e86eb6ad850109bb,APUCON-d0bfaec19b4f01d94cee7af6,EC-GAD-DAULE-LPI-GADIMCD-2025-03,MALECON,384,SUMINISTRO E INSTALACION DE CODO 45' PP 2 IN ROSCABLE,u,0.450000,14.635350,0.2000,2.927070,0.000000,17.562420,17.560000,5,ANALISIS-DE-PRECIOS-UNITARIOS-1-1000-EXCEL.xlsx,sheet1,32616,a8f60712e86eb6ad850109bbdbdcd837de96d98fe27a51230904ddf581e57abb
EC-GAD-DAULE-LPI-GADIMCD-2025-03:0385,APUV1-9c8ea38827fe66de61243680,APUCON-91dc355c4fbf173dfe381c6f,EC-GAD-DAULE-LPI-GADIMCD-2025-03,MALECON,385,SUMINISTRO E INSTALACION DE CODO 45' PP 3/4,u,0.450000,8.195350,0.2000,1.639070,0.000000,9.834420,9.830000,5,ANALISIS-DE-PRECIOS-UNITARIOS-1-1000-EXCEL.xlsx,sheet1,32701,9c8ea38827fe66de61243680b6741d13becd7c7645afe6cc9c95a67102216d27
EC-GAD-DAULE-LPI-GADIMCD-2025-03:0386,APUV1-4fddd3ead6ab9129e30adcc4,APUCON-d574394f8ad36f1a3d52655b,EC-GAD-DAULE-LPI-GADIMCD-2025-03,MALECON,386,SUMINISTRO E INSTALACION DE CODO 90' PP 1 IN ROSCABLE,u,0.250000,5.410750,0.2000,1.082150,0.000000,6.492900,6.490000,5,ANALISIS-DE-PRECIOS-UNITARIOS-1-1000-EXCEL.xlsx,sheet1,32786,4fddd3ead6ab9129e30adcc41392b9cec40fdc998ec2b2bf1ce3690805f4ad54
EC-GAD-DAULE-LPI-GADIMCD-2025-03:0387,APUV1-a55b849f07cfda93d958bda3,APUCON-0ae3a6c1d8a9ebe70298efd1,EC-GAD-DAULE-LPI-GADIMCD-2025-03,MALECON,387,SUMINISTRO E INSTALACION DE CODO 90' PP 1 1/2 IN ROSCABLE,u,0.350000,9.683050,0.2000,1.936610,0.000000,11.619660,11.620000,5,ANALISIS-DE-PRECIOS-UNITARIOS-1-1000-EXCEL.xlsx,sheet1,32871,a55b849f07cfda93d958bda3688fbd6745b5fdf5b992b4f9ef4b858371f81d53
EC-GAD-DAULE-LPI-GADIMCD-2025-03:0388,APUV1-4f0437b7515bfa51fe0b081e,APUCON-69b217dae3e6adb33837e9b1,EC-GAD-DAULE-LPI-GADIMCD-2025-03,MALECON,388,SUMINISTRO E INSTALACION DE CODO 90' PP 1 1/4 IN ROSCABLE,u,0.450000,10.025350,0.2000,2.005070,0.000000,12.030420,12.030000,5,ANALISIS-DE-PRECIOS-UNITARIOS-1-1000-EXCEL.xlsx,sheet1,32956,4f0437b7515bfa51fe0b081ef739853533c0e1bfa399bab02150973e70d427bb
EC-GAD-DAULE-LPI-GADIMCD-2025-03:0389,APUV1-7f7bedf963ea189ee63c8f6d,APUCON-9e3347c533ef6134e4b07710,EC-GAD-DAULE-LPI-GADIMCD-2025-03,MALECON,389,SUMINISTRO E INSTALACION DE CODO 90' PP 1/2 IN ROSCABLE,u,0.450000,6.785350,0.2000,1.357070,0.000000,8.142420,8.140000,5,ANALISIS-DE-PRECIOS-UNITARIOS-1-1000-EXCEL.xlsx,sheet1,33041,7f7bedf963ea189ee63c8f6d4bda10025640054c14c703585f6bf0b45c6f83d5
EC-GAD-DAULE-LPI-GADIMCD-2025-03:0390,APUV1-8f87c7a281e08c45a2af2efe,APUCON-14c8ff0490bcb7c0176abd25,EC-GAD-DAULE-LPI-GADIMCD-2025-03,MALECON,390,SUMINISTRO E INSTALACION DE CODO 90' PP 2 IN ROSCABLE,u,0.250000,10.660750,0.2000,2.132150,0.000000,12.792900,12.790000,5,ANALISIS-DE-PRECIOS-UNITARIOS-1-1000-EXCEL.xlsx,sheet1,33126,8f87c7a281e08c45a2af2efe26503f82a906212301f007b03de144537e469a62
EC-GAD-DAULE-LPI-GADIMCD-2025-03:0391,APUV1-ddcbe1363478336a186f0867,APUCON-8a4067c08d3384c78284dfa9,EC-GAD-DAULE-LPI-GADIMCD-2025-03,MALECON,391,SUMINISTRO E INSTALACION DE CODO 90' PP 2 1/2 IN ROSCABLE,u,0.500000,22.131500,0.2000,4.426300,0.000000,26.557800,26.560000,5,ANALISIS-DE-PRECIOS-UNITARIOS-1-1000-EXCEL.xlsx,sheet1,33211,ddcbe1363478336a186f0867c22960de644d6a79fb5aa2c3f4d54e71b8797afa
EC-GAD-DAULE-LPI-GADIMCD-2025-03:0392,APUV1-774e84df970e970d44a539cb,APUCON-7ce70b3938013af9ae6764af,EC-GAD-DAULE-LPI-GADIMCD-2025-03,MALECON,392,SUMINISTRO E INSTALACION DE CODO 90' PP 3/4 IN ROSCABLE,u,0.502000,7.839346,0.2000,1.567869,0.000000,9.407215,9.410000,5,ANALISIS-DE-PRECIOS-UNITARIOS-1-1000-EXCEL.xlsx,sheet1,33296,774e84df970e970d44a539cb5065254183aaa2ecf98e2148419eee0cd7a465d2
EC-GAD-DAULE-LPI-GADIMCD-2025-03:0393,APUV1-5bc30fec86c7687b120ef071,APUCON-0b8a564a68b5e13df06af92d,EC-GAD-DAULE-LPI-GADIMCD-2025-03,MALECON,393,SUMINISTRO E INSTALACION DE REDUCTOR DE 1 A 1/2 IN PP ROSCABLE,u,0.502000,8.389346,0.2000,1.677869,0.000000,10.067215,10.070000,5,ANALISIS-DE-PRECIOS-UNITARIOS-1-1000-EXCEL.xlsx,sheet1,33381,5bc30fec86c7687b120ef071b885843c6ced7ee4740251b562dbd2136a9966f5
EC-GAD-DAULE-LPI-GADIMCD-2025-03:0394,APUV1-e0bd03a2ae40ac46d02d0a15,APUCON-1c34e62e8f1c327b698e5916,EC-GAD-DAULE-LPI-GADIMCD-2025-03,MALECON,394,SUMINISTRO E INSTALACION DE REDUCTOR DE 1 A 3/4 IN PP ROSCABLE,u,0.400000,7.029200,0.2000,1.405840,0.000000,8.435040,8.440000,5,ANALISIS-DE-PRECIOS-UNITARIOS-1-1000-EXCEL.xlsx,sheet1,33466,e0bd03a2ae40ac46d02d0a1578f01e7bf359931683a179030dce3a4d42f44f45
EC-GAD-DAULE-LPI-GADIMCD-2025-03:0395,APUV1-fb7655d6a40c33288cf334a0,APUCON-10348fbb68ab8b1fd5c738dc,EC-GAD-DAULE-LPI-GADIMCD-2025-03,MALECON,395,SUMINISTRO E INSTALACION DE REDUCTOR DE 1 1/2 A 1/2 IN PP ROSCABLE,u,0.400000,7.189200,0.2000,1.437840,0.000000,8.627040,8.630000,5,ANALISIS-DE-PRECIOS-UNITARIOS-1-1000-EXCEL.xlsx,sheet1,33551,fb7655d6a40c33288cf334a0192703b827072be846924d314582503a1fac328d
EC-GAD-DAULE-LPI-GADIMCD-2025-03:0396,APUV1-9b2c68a7b57c5c10397813ef,APUCON-3fef5598440219acaa4c06f9,EC-GAD-DAULE-LPI-GADIMCD-2025-03,MALECON,396,SUMINISTRO E INSTALACION DE REDUCTOR DE 1 1/4 A 1 IN PP ROSCABLE,u,0.400000,6.739200,0.2000,1.347840,0.000000,8.087040,8.090000,5,ANALISIS-DE-PRECIOS-UNITARIOS-1-1000-EXCEL.xlsx,sheet1,33636,9b2c68a7b57c5c10397813efd930ed5518380cd0b6cbb170892373faa7be1618
EC-GAD-DAULE-LPI-GADIMCD-2025-03:0397,APUV1-f0eae9b3a162f1ee9d607a97,APUCON-f8e29bab67485084b0c89f95,EC-GAD-DAULE-LPI-GADIMCD-2025-03,MALECON,397,SUMINISTRO E INSTALACION DE REDUCTOR DE 1 1/4 A 1/2 IN PP ROSCABLE,u,0.400000,7.279200,0.2000,1.455840,0.000000,8.735040,8.740000,5,ANALISIS-DE-PRECIOS-UNITARIOS-1-1000-EXCEL.xlsx,sheet1,33721,f0eae9b3a162f1ee9d607a97b1e7797c15b2f5f8480571609d52a4e72b836fbd
EC-GAD-DAULE-LPI-GADIMCD-2025-03:0398,APUV1-b2cb67b1e40dad47bc1a9217,APUCON-c8fc6f2b9a1bd71ad13665c8,EC-GAD-DAULE-LPI-GADIMCD-2025-03,MALECON,398,SUMINISTRO E INSTALACION DE REDUCTOR DE 2 A 1 IN PP ROSCABLE,u,0.250000,5.850750,0.2000,1.170150,0.000000,7.020900,7.020000,5,ANALISIS-DE-PRECIOS-UNITARIOS-1-1000-EXCEL.xlsx,sheet1,33806,b2cb67b1e40dad47bc1a9217da37068c453fe06c4274c67ffbb6ac40f67e0a1a
EC-GAD-DAULE-LPI-GADIMCD-2025-03:0399,APUV1-7158236af55961573b05c423,APUCON-c65d1cd2617f9ff61a9c4d16,EC-GAD-DAULE-LPI-GADIMCD-2025-03,MALECON,399,SUMINISTRO E INSTALACION DE REDUCTOR DE 2 A 1 1/2 IN PP ROSCABLE,u,0.400000,11.199200,0.2000,2.239840,0.000000,13.439040,13.440000,5,ANALISIS-DE-PRECIOS-UNITARIOS-1-1000-EXCEL.xlsx,sheet1,33891,7158236af55961573b05c423acea02932206039561b5aa75933df4579745d3d0
EC-GAD-DAULE-LPI-GADIMCD-2025-03:0400,APUV1-219b166d20e1d36f8a2a9c12,APUCON-2412d1084b58a5f5e94efae3,EC-GAD-DAULE-LPI-GADIMCD-2025-03,MALECON,400,SUMINISTRO E INSTALACION DE REDUCTOR DE 2 A 1 1/4 IN PP ROSCABLE,u,0.500000,11.361500,0.2000,2.272300,0.000000,13.633800,13.630000,5,ANALISIS-DE-PRECIOS-UNITARIOS-1-1000-EXCEL.xlsx,sheet1,33976,219b166d20e1d36f8a2a9c1250a6850cf432fd84791e5c71e8018fd1072c85fc
EC-GAD-DAULE-LPI-GADIMCD-2025-03:0401,APUV1-85ad57ec60c8932dbda46d24,APUCON-cb0a27ba7678a7c18a8529d7,EC-GAD-DAULE-LPI-GADIMCD-2025-03,MALECON,401,SUMINISTRO E INSTALACION DE REDUCTOR DE 2 A 1/2 IN PP ROSCABLE,u,0.400000,9.409200,0.2000,1.881840,0.000000,11.291040,11.290000,5,ANALISIS-DE-PRECIOS-UNITARIOS-1-1000-EXCEL.xlsx,sheet1,34078,85ad57ec60c8932dbda46d2411ba010d7c761cab9e0de8059e016ee6cc70e872
EC-GAD-DAULE-LPI-GADIMCD-2025-03:0402,APUV1-745dcbd32bad4a214852edb3,APUCON-a08b8e3dac29504a0e3a7136,EC-GAD-DAULE-LPI-GADIMCD-2025-03,MALECON,402,SUMINISTRO E INSTALACION DE REDUCTOR DE 2 A 3/4 IN PP ROSCABLE,u,0.400000,11.049200,0.2000,2.209840,0.000000,13.259040,13.260000,5,ANALISIS-DE-PRECIOS-UNITARIOS-1-1000-EXCEL.xlsx,sheet1,34163,745dcbd32bad4a214852edb3e82ef5c468e3eee46f8120140164722beb6a05dd
EC-GAD-DAULE-LPI-GADIMCD-2025-03:0403,APUV1-c7462b6b0a13ccbccaa5d590,APUCON-d32f29513ec4ebf1377b1f6e,EC-GAD-DAULE-LPI-GADIMCD-2025-03,MALECON,403,SUMINISTRO E INSTALACION DE REDUCTOR DE 2 1/2 A 1 IN PP ROSCABLE,u,0.500000,15.451500,0.2000,3.090300,0.000000,18.541800,18.540000,6,ANALISIS-DE-PRECIOS-UNITARIOS-1-1000-EXCEL.xlsx,sheet1,34248,c7462b6b0a13ccbccaa5d59017a47f86c1be8b143e341823d04a730659113167
EC-GAD-DAULE-LPI-GADIMCD-2025-03:0404,APUV1-79610765d1f0ebf0f3e7fc2c,APUCON-33e9c77d208b697c0428d690,EC-GAD-DAULE-LPI-GADIMCD-2025-03,MALECON,404,SUMINISTRO E INSTALACION DE REDUCTOR DE 2 1/2 A 1 1/2 IN PP ROSCABLE,u,0.400000,17.319200,0.2000,3.463840,0.000000,20.783040,20.780000,6,ANALISIS-DE-PRECIOS-UNITARIOS-1-1000-EXCEL.xlsx,sheet1,34333,79610765d1f0ebf0f3e7fc2c2261d5efcf58bbd25c90a276620cbd3fecd3647a
EC-GAD-DAULE-LPI-GADIMCD-2025-03:0405,APUV1-1b1e15b4fbac087fdfd8b5e9,APUCON-545b94510c056c60ebc7e462,EC-GAD-DAULE-LPI-GADIMCD-2025-03,MALECON,405,SUMINISTRO E INSTALACION DE REDUCTOR DE 2 1/2 A 2 IN PP ROSCABLE,u,0.400000,11.689200,0.2000,2.337840,0.000000,14.027040,14.030000,5,ANALISIS-DE-PRECIOS-UNITARIOS-1-1000-EXCEL.xlsx,sheet1,34418,1b1e15b4fbac087fdfd8b5e92f7dd4defe4eaca0fd31cc4a487c6d7b1c4b54c0
EC-GAD-DAULE-LPI-GADIMCD-2025-03:0406,APUV1-78468479555cd9f4f88f3b78,APUCON-06ca65dc935c8bb10a948565,EC-GAD-DAULE-LPI-GADIMCD-2025-03,MALECON,406,SUMINISTRO E INSTALACION DE REDUCTOR DE 2 1/2 A 1/2 IN PP ROSCABLE,u,0.400000,15.529200,0.2000,3.105840,0.000000,18.635040,18.640000,6,ANALISIS-DE-PRECIOS-UNITARIOS-1-1000-EXCEL.xlsx,sheet1,34503,78468479555cd9f4f88f3b786b1eb36e61440794a4d08d1b9231ac47e5b274f7
EC-GAD-DAULE-LPI-GADIMCD-2025-03:0407,APUV1-fb177d33061e78e2704d58b8,APUCON-57d8569cfe3d8fc4c4ee7714,EC-GAD-DAULE-LPI-GADIMCD-2025-03,MALECON,407,SUMINISTRO E INSTALACION DE REDUCTOR DE 2 1/2 A 3/4 IN PP ROSCABLE,u,0.400000,17.169200,0.2000,3.433840,0.000000,20.603040,20.600000,6,ANALISIS-DE-PRECIOS-UNITARIOS-1-1000-EXCEL.xlsx,sheet1,34588,fb177d33061e78e2704d58b809dd67ac19012864505b6b9b2a1c9eb24b199ec7
EC-GAD-DAULE-LPI-GADIMCD-2025-03:0408,APUV1-3db3074b3e80fdccd7c86466,APUCON-4f06b832ac7e40a6728fd9d6,EC-GAD-DAULE-LPI-GADIMCD-2025-03,MALECON,408,SUMINISTRO E INSTALACION DE REDUCTOR DE 3/4 A 1/2 IN PP ROSCABLE,u,0.400000,5.859200,0.2000,1.171840,0.000000,7.031040,7.030000,5,ANALISIS-DE-PRECIOS-UNITARIOS-1-1000-EXCEL.xlsx,sheet1,34673,3db3074b3e80fdccd7c86466c7556a5487c8f9c486a0a0bb097acffa878588d1
EC-GAD-DAULE-LPI-GADIMCD-2025-03:0409,APUV1-2fad7f5d2b392c05d7b6b839,APUCON-d29700b321cdcd3047148d88,EC-GAD-DAULE-LPI-GADIMCD-2025-03,MALECON,409,SUMINISTRO E INSTALACION DE TEE 1 IN PP ROSCABLE,u,0.300000,6.546900,0.2000,1.309380,0.000000,7.856280,7.860000,5,ANALISIS-DE-PRECIOS-UNITARIOS-1-1000-EXCEL.xlsx,sheet1,34758,2fad7f5d2b392c05d7b6b839e77b46058df5677afaa92b346d0f75eda64e271f
EC-GAD-DAULE-LPI-GADIMCD-2025-03:0410,APUV1-8c7f1f9b6ef9a27446e0a3ab,APUCON-5f47620fe2673c4e4c0a7284,EC-GAD-DAULE-LPI-GADIMCD-2025-03,MALECON,410,SUMINISTRO E INSTALACION DE TEE 1 1/2 IN PP ROSCABLE,u,0.501000,11.995423,0.2000,2.399085,0.000000,14.394508,14.390000,5,ANALISIS-DE-PRECIOS-UNITARIOS-1-1000-EXCEL.xlsx,sheet1,34843,8c7f1f9b6ef9a27446e0a3ab1dc3ab30fa595ef30b68ddf09096ce2a4a5c5f90
EC-GAD-DAULE-LPI-GADIMCD-2025-03:0411,APUV1-3c589180977f9b1a631de8d5,APUCON-f53d6a4aeae05f82067ee65e,EC-GAD-DAULE-LPI-GADIMCD-2025-03,MALECON,411,SUMINISTRO E INSTALACION DE TEE 2 IN PP ROSCABLE,u,0.501000,14.645423,0.2000,2.929085,0.000000,17.574508,17.570000,5,ANALISIS-DE-PRECIOS-UNITARIOS-1-1000-EXCEL.xlsx,sheet1,34928,3c589180977f9b1a631de8d5a8b551f9e5f35efd910edf96504fc092fd020593
EC-GAD-DAULE-LPI-GADIMCD-2025-03:0412,APUV1-b8aa43410c8768fe1c79291a,APUCON-62a6a5ed11ec6f360381fe57,EC-GAD-DAULE-LPI-GADIMCD-2025-03,MALECON,412,SUMINISTRO E INSTALACION DE TEE 2 1/2 IN PP ROSCABLE,u,0.400000,6.574000,0.2000,1.314800,0.000000,7.888800,7.890000,5,ANALISIS-DE-PRECIOS-UNITARIOS-1-1000-EXCEL.xlsx,sheet1,35013,b8aa43410c8768fe1c79291ac7d0ade10da0d296053c274557fd96fb8e26d540
EC-GAD-DAULE-LPI-GADIMCD-2025-03:0413,APUV1-8b2ccfdae90f52fc40e26fba,APUCON-3e2f8cb12d6ead351fbe30df,EC-GAD-DAULE-LPI-GADIMCD-2025-03,MALECON,413,SUMINISTRO E INSTALACION DE TEE 3/4 IN PP ROSCABLE,u,0.400000,6.864000,0.2000,1.372800,0.000000,8.236800,8.240000,5,ANALISIS-DE-PRECIOS-UNITARIOS-1-1000-EXCEL.xlsx,sheet1,35098,8b2ccfdae90f52fc40e26fba7da376c6c085bc824dc4249c296ffceaa9caa944
EC-GAD-DAULE-LPI-GADIMCD-2025-03:0414,APUV1-3a92bae41fd170afa2abfcdb,APUCON-e3b8b84ebc235c872530dfe4,EC-GAD-DAULE-LPI-GADIMCD-2025-03,MALECON,414,COLGADOR PARA TUBERIA 3/4 IN,u,0.100000,1.942300,0.2000,0.388460,0.000000,2.330760,2.330000,5,ANALISIS-DE-PRECIOS-UNITARIOS-1-1000-EXCEL.xlsx,sheet1,35183,3a92bae41fd170afa2abfcdb6eb0507ad0f5a1c7478c6474a9ac58b3e1c66898
EC-GAD-DAULE-LPI-GADIMCD-2025-03:0415,APUV1-a3d996737181000cf29889bc,APUCON-602da209ffe7fa9bd4f14b14,EC-GAD-DAULE-LPI-GADIMCD-2025-03,MALECON,415,COLGADOR PARA TUBERIA 1/2 IN,u,0.100000,1.942300,0.2000,0.388460,0.000000,2.330760,2.330000,5,ANALISIS-DE-PRECIOS-UNITARIOS-1-1000-EXCEL.xlsx,sheet1,35268,a3d996737181000cf29889bc78c98d43f1109d5aae5a3221def92d2559d6f6b0
EC-GAD-DAULE-LPI-GADIMCD-2025-03:0416,APUV1-7d227fe0da45639d8a069b13,APUCON-96e0bc2b3fcad4279291fa17,EC-GAD-DAULE-LPI-GADIMCD-2025-03,MALECON,416,COLGADOR PARA TUBERIA 1 IN,u,0.053000,1.387919,0.2000,0.277584,0.000000,1.665503,1.670000,5,ANALISIS-DE-PRECIOS-UNITARIOS-1-1000-EXCEL.xlsx,sheet1,35353,7d227fe0da45639d8a069b1395cfd897e0f8de306386ce50e42354b34d9c4610
EC-GAD-DAULE-LPI-GADIMCD-2025-03:0417,APUV1-b018b8ead005c97d4588462e,APUCON-4878d2a0aeb920d9b93b8c41,EC-GAD-DAULE-LPI-GADIMCD-2025-03,MALECON,417,COLGADOR PARA TUBERIA 1 1/4 IN,u,0.100000,2.072300,0.2000,0.414460,0.000000,2.486760,2.490000,5,ANALISIS-DE-PRECIOS-UNITARIOS-1-1000-EXCEL.xlsx,sheet1,35438,b018b8ead005c97d4588462e93f2450371276f9e938f02b5cf134ebd044738c4
EC-GAD-DAULE-LPI-GADIMCD-2025-03:0418,APUV1-87d526a775e3790e37d30b6d,APUCON-2041fc5e8a979b56cc23608e,EC-GAD-DAULE-LPI-GADIMCD-2025-03,MALECON,418,COLGADOR PARA TUBERIA 1 1/2 IN,u,0.101000,2.106223,0.2000,0.421245,0.000000,2.527468,2.530000,5,ANALISIS-DE-PRECIOS-UNITARIOS-1-1000-EXCEL.xlsx,sheet1,35523,87d526a775e3790e37d30b6d25d570a34bfbdd1dc334b719725627c8528f8d9a
EC-GAD-DAULE-LPI-GADIMCD-2025-03:0419,APUV1-e4cd5889373f60ab3b104287,APUCON-aa548ccb0dacd672757df992,EC-GAD-DAULE-LPI-GADIMCD-2025-03,MALECON,419,COLGADOR PARA TUBERIA 2 IN,u,0.100000,2.142300,0.2000,0.428460,0.000000,2.570760,2.570000,5,ANALISIS-DE-PRECIOS-UNITARIOS-1-1000-EXCEL.xlsx,sheet1,35608,e4cd5889373f60ab3b1042871d8de91b9025101495e9f21fd14f7814a031a59b
EC-GAD-DAULE-LPI-GADIMCD-2025-03:0420,APUV1-f14fd22373504a5475e15de1,APUCON-a5ed616d51fda41d4bb2ed0e,EC-GAD-DAULE-LPI-GADIMCD-2025-03,MALECON,420,COLGADOR PARA TUBERIA 2 1/2 IN,u,0.100000,2.742300,0.2000,0.548460,0.000000,3.290760,3.290000,5,ANALISIS-DE-PRECIOS-UNITARIOS-1-1000-EXCEL.xlsx,sheet1,35693,f14fd22373504a5475e15de133c796daa82f244cdb8b7d7cc768b940afbac9df
EC-GAD-DAULE-LPI-GADIMCD-2025-03:0421,APUV1-13c26e0d9e11f036c59f0095,APUCON-399bfca6264b37595049cdf5,EC-GAD-DAULE-LPI-GADIMCD-2025-03,MALECON,421,SUMINISTRO E INSTALACION DE VALVULA DE BOLA PVC D= 3/4 plg ROSCABLE,u,0.201000,7.446036,0.2000,1.489207,0.000000,8.935243,8.940000,5,ANALISIS-DE-PRECIOS-UNITARIOS-1-1000-EXCEL.xlsx,sheet1,35778,13c26e0d9e11f036c59f00953beb9cebd3e137f1f6764f03055c5fe8f3d376c7
EC-GAD-DAULE-LPI-GADIMCD-2025-03:0422,APUV1-8e4db171dc5c96465c843837,APUCON-6c3859eeea18bdfdd6b2e34d,EC-GAD-DAULE-LPI-GADIMCD-2025-03,MALECON,422,SUMINISTRO E INSTALACION DE VALVULA DE BOLA PVC D= 1 plg ROSCABLE,u,0.500000,16.387750,0.2000,3.277550,0.000000,19.665300,19.670000,5,ANALISIS-DE-PRECIOS-UNITARIOS-1-1000-EXCEL.xlsx,sheet1,35863,8e4db171dc5c96465c843837942f09c4c0daf77d918e628095c3d4d47daf4a31
EC-GAD-DAULE-LPI-GADIMCD-2025-03:0423,APUV1-a8af848b4b9c378dd42a60e4,APUCON-e6f5a004f52be30746ef6b42,EC-GAD-DAULE-LPI-GADIMCD-2025-03,MALECON,423,SUMINISTRO E INSTALACION DE VALVULA DE BOLA PVC D= 1 1/2 plg ROSCABLE,u,0.500000,30.938500,0.2000,6.187700,0.000000,37.126200,37.130000,5,ANALISIS-DE-PRECIOS-UNITARIOS-1-1000-EXCEL.xlsx,sheet1,35948,a8af848b4b9c378dd42a60e488205eff42d605dcbdd2f5e0ff716904153878b8
EC-GAD-DAULE-LPI-GADIMCD-2025-03:0424,APUV1-b665650b9e2f69b7ef79a657,APUCON-a00e607d93c81fb61fe2380e,EC-GAD-DAULE-LPI-GADIMCD-2025-03,MALECON,424,SUMINISTRO E INSTALACION DE VALVULA DE BOLA PVC D= 2 plg ROSCABLE,u,1.000000,44.297000,0.2000,8.859400,0.000000,53.156400,53.160000,5,ANALISIS-DE-PRECIOS-UNITARIOS-1-1000-EXCEL.xlsx,sheet1,36033,b665650b9e2f69b7ef79a65753418ceb580d06b39b5dd49d7b4adf928ca02338
EC-GAD-DAULE-LPI-GADIMCD-2025-03:0425,APUV1-4397c8f8e6187dec7790b58f,APUCON-2d994f5c50ee3ddfb58c3fd6,EC-GAD-DAULE-LPI-GADIMCD-2025-03,MALECON,425,SUMINISTRO E INSTALACION DE VALVULA DE BOLA PVC D= 2 1/2 plg ROSCABLE,u,1.000000,53.177000,0.2000,10.635400,0.000000,63.812400,63.810000,5,ANALISIS-DE-PRECIOS-UNITARIOS-1-1000-EXCEL.xlsx,sheet1,36118,4397c8f8e6187dec7790b58f18e8faee59a337ee7c85aa0dbde5f5031c9964b4
EC-GAD-DAULE-LPI-GADIMCD-2025-03:0426,APUV1-493d5cad39550cc04d2e6c2f,APUCON-14f8b49d40ccc852fea34b6c,EC-GAD-DAULE-LPI-GADIMCD-2025-03,MALECON,426,HORMIGON PREMEZCLADO F´C=280 Kg/cm2 INCLUYE ENCOFRADO,m3,3.000000,302.396000,0.2000,60.479200,0.000000,362.875200,362.880000,10,ANALISIS-DE-PRECIOS-UNITARIOS-1-1000-EXCEL.xlsx,sheet1,36203,493d5cad39550cc04d2e6c2f4980f8c0db2611fe931d4d9ee0460222bb9985b8
EC-GAD-DAULE-LPI-GADIMCD-2025-03:0427,APUV1-1f46d986fd85efbab376f2d0,APUCON-1c7defe720becd4db6cf28ad,EC-GAD-DAULE-LPI-GADIMCD-2025-03,MALECON,427,HORMIGON PREMEZCLADO F´C=210 Kg/cm2 INCLUYE ENCOFRADO,m3,1.750000,188.868125,0.2000,37.773625,0.000000,226.641750,226.640000,9,ANALISIS-DE-PRECIOS-UNITARIOS-1-1000-EXCEL.xlsx,sheet1,36288,1f46d986fd85efbab376f2d0a638ef8ad8bb85627f3f2fd7729ea47054db7a80
EC-GAD-DAULE-LPI-GADIMCD-2025-03:0428,APUV1-03e1287f0d767e1547be17c7,APUCON-2f2c9d3d698ad877a4e94f22,EC-GAD-DAULE-LPI-GADIMCD-2025-03,MALECON,428,ACERO DE REFUERZO EN BARRAS FY=4200 Kg/cm2,Kg,0.025000,1.931563,0.2000,0.386313,0.000000,2.317875,2.320000,7,ANALISIS-DE-PRECIOS-UNITARIOS-1-1000-EXCEL.xlsx,sheet1,36373,03e1287f0d767e1547be17c7f382c830483aeaa52945a4df6a8be7fafa676a03
EC-GAD-DAULE-LPI-GADIMCD-2025-03:0429,APUV1-f1cb9932cdd3ad61a274a261,APUCON-66855de4d5c38d3778918220,EC-GAD-DAULE-LPI-GADIMCD-2025-03,MALECON,429,"EXCAVACION MECANICA EN SUELO SIN CLASIFICAR 0,00 < H < 2,00m",m3,0.029760,3.198560,0.2000,0.639712,0.000000,3.838272,3.840000,7,ANALISIS-DE-PRECIOS-UNITARIOS-1-1000-EXCEL.xlsx,sheet1,36458,f1cb9932cdd3ad61a274a26179a699159a8b0e62898b87ca99c16c1b933f8582
EC-GAD-DAULE-LPI-GADIMCD-2025-03:0430,APUV1-34b233ad709c151d01f184ea,APUCON-154bc66efa9589c542172f6b,EC-GAD-DAULE-LPI-GADIMCD-2025-03,MALECON,430,DESALOJO DEL MATERIAL SOBRANTE (BOTADERO MUNICIPAL),m3,0.092500,2.916617,0.2000,0.583323,0.000000,3.499941,3.500000,3,ANALISIS-DE-PRECIOS-UNITARIOS-1-1000-EXCEL.xlsx,sheet1,36543,34b233ad709c151d01f184ea900c462d2f9c3768eb44b57fc199aab9337e1d3e
EC-GAD-DAULE-LPI-GADIMCD-2025-03:0431,APUV1-aa35c4fd6ea104f132466063,APUCON-31eebd221dc0afa35b1aafbe,EC-GAD-DAULE-LPI-GADIMCD-2025-03,MALECON,431,"RELLENO COMPACTADO CON VIBROAPISONADOR, MATERIAL DE SITIO",m3,0.140000,3.621030,0.2000,0.724206,0.000000,4.345236,4.350000,5,ANALISIS-DE-PRECIOS-UNITARIOS-1-1000-EXCEL.xlsx,sheet1,36628,aa35c4fd6ea104f132466063ea6958847fe5cb0f0c6f0b834607309c3d7e0255
EC-GAD-DAULE-LPI-GADIMCD-2025-03:0432,APUV1-9f9292e4ccce70664dd401fb,APUCON-fdab88e0fc8d48771b853c11,EC-GAD-DAULE-LPI-GADIMCD-2025-03,MALECON,432,SUMINISTRO E INSTALACION DE TAPA DE H.A. (700x700)mm,u,2.500000,137.168150,0.2000,27.433630,0.000000,164.601780,164.600000,14,ANALISIS-DE-PRECIOS-UNITARIOS-1-1000-EXCEL.xlsx,sheet1,36713,9f9292e4ccce70664dd401fbb0721448232f7ac0075619c6524e0998fb67bdfa
EC-GAD-DAULE-LPI-GADIMCD-2025-03:0433,APUV1-5eb9a397ca931c8fd903ca1c,APUCON-1365e10c3c2cd586b47af579,EC-GAD-DAULE-LPI-GADIMCD-2025-03,MALECON,433,SUMINISTRO E INSTALACION DE HIDRANTE TIPO TRAFICO D=110 mm (INCLUYE ACCESORIOS),u,4.000000,1154.202000,0.2000,230.840400,0.000000,1385.042400,1385.040000,9,ANALISIS-DE-PRECIOS-UNITARIOS-1-1000-EXCEL.xlsx,sheet1,36798,5eb9a397ca931c8fd903ca1c1b38054e5b176f89624358b920894d41a7e79490
EC-GAD-DAULE-LPI-GADIMCD-2025-03:0434,APUV1-b3e8f10c37d6bcfb1f6784f2,APUCON-560810e023ba0a5974a51679,EC-GAD-DAULE-LPI-GADIMCD-2025-03,MALECON,434,SUMINISTRO E INSTALACION DE TRAMO DE TUBERIA PVC/UE D = 110 mm 0.80 MPA (INCLUYE UNION ELASTOMERICA),m,0.110100,10.588867,0.2000,2.117773,0.000000,12.706640,12.710000,8,ANALISIS-DE-PRECIOS-UNITARIOS-1-1000-EXCEL.xlsx,sheet1,36883,b3e8f10c37d6bcfb1f6784f28598f6dea3cd74d3bbe172b7bd5c76b0dfaeb062
EC-GAD-DAULE-LPI-GADIMCD-2025-03:0435,APUV1-d60af4be25c174ccfd47d964,APUCON-3b273a16c8d4399c253c6ef4,EC-GAD-DAULE-LPI-GADIMCD-2025-03,MALECON,435,SUMINISTRO E INSTALACION DE REDUCTOR PVC/UE 110 A 90 mm,u,0.500000,19.201500,0.2000,3.840300,0.000000,23.041800,23.040000,5,ANALISIS-DE-PRECIOS-UNITARIOS-1-1000-EXCEL.xlsx,sheet1,36968,d60af4be25c174ccfd47d964ce50bc9e845277964c0df76a429bd9fe2f907d56
EC-GAD-DAULE-LPI-GADIMCD-2025-03:0436,APUV1-f935e002236d58887e6008de,APUCON-4c9bc6e236790cb99b831e60,EC-GAD-DAULE-LPI-GADIMCD-2025-03,MALECON,436,SUMINISTRO E INSTALACION DE UNION MECANICA 90mm,u,0.300000,55.156900,0.2000,11.031380,0.000000,66.188280,66.190000,5,ANALISIS-DE-PRECIOS-UNITARIOS-1-1000-EXCEL.xlsx,sheet1,37053,f935e002236d58887e6008dedb5cd8e49f2d5011a8da939d4dbed0eceee243b5
EC-GAD-DAULE-LPI-GADIMCD-2025-03:0437,APUV1-2b424744161bf95989ba23e6,APUCON-38fbf8b4006a0664a189e660,EC-GAD-DAULE-LPI-GADIMCD-2025-03,MALECON,437,SUMINISTRO E INSTALACION DE VALVULA COMPUERTA VASTAGO FIJO EXTREMOS LISOS D=110 mm PN10 (INCLUYE CAJETIN),u,1.000000,540.900250,0.2000,108.180050,0.000000,649.080300,649.080000,9,ANALISIS-DE-PRECIOS-UNITARIOS-1-1000-EXCEL.xlsx,sheet1,37138,2b424744161bf95989ba23e6aa052b0feb4e88c4e9bcc465fdc8bc71d89b6f87
EC-GAD-DAULE-LPI-GADIMCD-2025-03:0438,APUV1-dacee395316fa8a8ef7979f7,APUCON-54e36e3ed45b3dae4629433c,EC-GAD-DAULE-LPI-GADIMCD-2025-03,MALECON,438,"SUMINISTRO E INSTALACION DE TAPA DE HF 3""",u,1.000000,42.121000,0.2000,8.424200,0.000000,50.545200,50.550000,6,ANALISIS-DE-PRECIOS-UNITARIOS-1-1000-EXCEL.xlsx,sheet1,37223,dacee395316fa8a8ef7979f745ce4d84905ce32a35e825a8af967171327fcd19
EC-GAD-DAULE-LPI-GADIMCD-2025-03:0439,APUV1-33fd18b771a79d129bc6acf6,APUCON-d1469334d5c55a84c1e24bb1,EC-GAD-DAULE-LPI-GADIMCD-2025-03,MALECON,439,SUMINISTRO E INSTALACION DE CODO 45' PVC 110 mm UZ,u,0.500000,19.861500,0.2000,3.972300,0.000000,23.833800,23.830000,5,ANALISIS-DE-PRECIOS-UNITARIOS-1-1000-EXCEL.xlsx,sheet1,37308,33fd18b771a79d129bc6acf6e2a213ae3b65fd7e25dd0c56ff723c521895ca5f
EC-GAD-DAULE-LPI-GADIMCD-2025-03:0440,APUV1-002522250537696b105354b0,APUCON-1772b885f1d4a25cc19238e3,EC-GAD-DAULE-LPI-GADIMCD-2025-03,MALECON,440,SUMINISTRO E INSTALACION DE TEE PVC/UE D = 90 mm,u,0.500000,28.651500,0.2000,5.730300,0.000000,34.381800,34.380000,5,ANALISIS-DE-PRECIOS-UNITARIOS-1-1000-EXCEL.xlsx,sheet1,37393,002522250537696b105354b01f0fc2088c3fbe590bc3337533fcb2d2b6fa863b
EC-GAD-DAULE-LPI-GADIMCD-2025-03:0441,APUV1-1e2e54a4102e2a65e31118ff,APUCON-ce734993799fb2c5ea8ee140,EC-GAD-DAULE-LPI-GADIMCD-2025-03,MALECON,441,SUMINISTRO E INSTALACION DE TEE PVC/UE D = 110 mm,u,0.500000,33.761500,0.2000,6.752300,0.000000,40.513800,40.510000,5,ANALISIS-DE-PRECIOS-UNITARIOS-1-1000-EXCEL.xlsx,sheet1,37478,1e2e54a4102e2a65e31118ff2c134823aac9d1e9a1951b8580f04b0a706c5ea7
EC-GAD-DAULE-LPI-GADIMCD-2025-03:0442,APUV1-112a51764eabfac24368e110,APUCON-106fcdd2bc7a03b8dbc32974,EC-GAD-DAULE-LPI-GADIMCD-2025-03,MALECON,442,"HORMIGON PREMEZCLADO F´C=180 Kg/cm2, PARA BLOQUES DE ANCLAJES",m3,1.500000,157.139000,0.2000,31.427800,0.000000,188.566800,188.570000,6,ANALISIS-DE-PRECIOS-UNITARIOS-1-1000-EXCEL.xlsx,sheet1,37563,112a51764eabfac24368e1103c3597785d022c3f54a84db02a9247038b8a977a
EC-GAD-DAULE-LPI-GADIMCD-2025-03:0443,APUV1-350126f69a312b292e5b0b8e,APUCON-1a2b8a718b9ae6c48c37de10,EC-GAD-DAULE-LPI-GADIMCD-2025-03,MALECON,443,SUMINISTRO E INSTALACION DE CAJETIN DE HORMIGON PARA VALVULA,u,1.000000,68.402500,0.2000,13.680500,0.000000,82.083000,82.080000,7,ANALISIS-DE-PRECIOS-UNITARIOS-1-1000-EXCEL.xlsx,sheet1,37648,350126f69a312b292e5b0b8eb1d04fd624da70f10df7f5d40236622ba9fb84dd
EC-GAD-DAULE-LPI-GADIMCD-2025-03:0444,APUV1-bd08fa03b50ef533b5d78dc6,APUCON-9b849b80df2f1a9d0ffd1174,EC-GAD-DAULE-LPI-GADIMCD-2025-03,MALECON,444,"SUMINISTRO E INSTALACION DE MEDIDOR 1/2"" R100 CHORRO UNICO - REGISTRO COBRE VIDRIO, INCLUYE CAJA DE POLIPROPILENO",u,0.500000,66.191500,0.2000,13.238300,0.000000,79.429800,79.430000,12,ANALISIS-DE-PRECIOS-UNITARIOS-1-1000-EXCEL.xlsx,sheet1,37733,bd08fa03b50ef533b5d78dc6e7b3c437ed96b34aa8945d97d9815debec1a7f76
EC-GAD-DAULE-LPI-GADIMCD-2025-03:0445,APUV1-9841653c8aaa5a26ff21f987,APUCON-db070a5dcdd33dae025b729b,EC-GAD-DAULE-LPI-GADIMCD-2025-03,MALECON,445,"SUMINISTRO E INSTALACION DE MEDIDOR 1"" R160 VOLUMETRICO - REGISTRO COBRE VIDRIO, INCLUYE CAJA DE POLIPROPILENO",u,1.500000,388.734500,0.2000,77.746900,0.000000,466.481400,466.480000,12,ANALISIS-DE-PRECIOS-UNITARIOS-1-1000-EXCEL.xlsx,sheet1,37818,9841653c8aaa5a26ff21f9874b2ea8fb9013189e2cab7489457a543172da565f
EC-GAD-DAULE-LPI-GADIMCD-2025-03:0446,APUV1-03e1287f0d767e1547be17c7,APUCON-2f2c9d3d698ad877a4e94f22,EC-GAD-DAULE-LPI-GADIMCD-2025-03,MALECON,446,ACERO DE REFUERZO EN BARRAS FY=4200 Kg/cm2,Kg,0.025000,1.931563,0.2000,0.386313,0.000000,2.317875,2.320000,7,ANALISIS-DE-PRECIOS-UNITARIOS-1-1000-EXCEL.xlsx,sheet1,37903,03e1287f0d767e1547be17c7f382c830483aeaa52945a4df6a8be7fafa676a03
EC-GAD-DAULE-LPI-GADIMCD-2025-03:0447,APUV1-493d5cad39550cc04d2e6c2f,APUCON-14f8b49d40ccc852fea34b6c,EC-GAD-DAULE-LPI-GADIMCD-2025-03,MALECON,447,HORMIGON PREMEZCLADO F´C=280 Kg/cm2 INCLUYE ENCOFRADO,m3,3.000000,302.396000,0.2000,60.479200,0.000000,362.875200,362.880000,10,ANALISIS-DE-PRECIOS-UNITARIOS-1-1000-EXCEL.xlsx,sheet1,37988,493d5cad39550cc04d2e6c2f4980f8c0db2611fe931d4d9ee0460222bb9985b8
EC-GAD-DAULE-LPI-GADIMCD-2025-03:0448,APUV1-304320e09dc2495bdd0524ca,APUCON-20a531d04107564cd1e67cb8,EC-GAD-DAULE-LPI-GADIMCD-2025-03,MALECON,448,REPLANTEO DE TUBERIAS,m,0.015500,0.532163,0.2000,0.106433,0.000000,0.638596,0.640000,7,ANALISIS-DE-PRECIOS-UNITARIOS-1-1000-EXCEL.xlsx,sheet1,38073,304320e09dc2495bdd0524ca60fb6c77e9a2b4952484a93ab6b22b42e404dd6d
EC-GAD-DAULE-LPI-GADIMCD-2025-03:0449,APUV1-f1cb9932cdd3ad61a274a261,APUCON-66855de4d5c38d3778918220,EC-GAD-DAULE-LPI-GADIMCD-2025-03,MALECON,449,"EXCAVACION MECANICA EN SUELO SIN CLASIFICAR 0,00 < H < 2,00m",m3,0.029760,3.198560,0.2000,0.639712,0.000000,3.838272,3.840000,7,ANALISIS-DE-PRECIOS-UNITARIOS-1-1000-EXCEL.xlsx,sheet1,38158,f1cb9932cdd3ad61a274a26179a699159a8b0e62898b87ca99c16c1b933f8582
EC-GAD-DAULE-LPI-GADIMCD-2025-03:0450,APUV1-34b233ad709c151d01f184ea,APUCON-154bc66efa9589c542172f6b,EC-GAD-DAULE-LPI-GADIMCD-2025-03,MALECON,450,DESALOJO DEL MATERIAL SOBRANTE (BOTADERO MUNICIPAL),m3,0.092500,2.916617,0.2000,0.583323,0.000000,3.499941,3.500000,3,ANALISIS-DE-PRECIOS-UNITARIOS-1-1000-EXCEL.xlsx,sheet1,38243,34b233ad709c151d01f184ea900c462d2f9c3768eb44b57fc199aab9337e1d3e
EC-GAD-DAULE-LPI-GADIMCD-2025-03:0451,APUV1-9bef7ba9b131ea02994d8ca5,APUCON-6ab9d56378bc1104061ba3bb,EC-GAD-DAULE-LPI-GADIMCD-2025-03,MALECON,451,CAMA DE ARENA PARA PROTECCION DE TUBERIAS,m3,0.080000,24.029000,0.2000,4.805800,0.000000,28.834800,28.830000,6,ANALISIS-DE-PRECIOS-UNITARIOS-1-1000-EXCEL.xlsx,sheet1,38328,9bef7ba9b131ea02994d8ca592b2fc897b95b7e5e8721386187ce0bf36a0d072
EC-GAD-DAULE-LPI-GADIMCD-2025-03:0452,APUV1-aa35c4fd6ea104f132466063,APUCON-31eebd221dc0afa35b1aafbe,EC-GAD-DAULE-LPI-GADIMCD-2025-03,MALECON,452,"RELLENO COMPACTADO CON VIBROAPISONADOR, MATERIAL DE SITIO",m3,0.140000,3.621030,0.2000,0.724206,0.000000,4.345236,4.350000,5,ANALISIS-DE-PRECIOS-UNITARIOS-1-1000-EXCEL.xlsx,sheet1,38413,aa35c4fd6ea104f132466063ea6958847fe5cb0f0c6f0b834607309c3d7e0255
EC-GAD-DAULE-LPI-GADIMCD-2025-03:0453,APUV1-a313473160da69ba0380eacc,APUCON-1a8b79caa9359003c1500b2f,EC-GAD-DAULE-LPI-GADIMCD-2025-03,MALECON,453,"SUMINISTRO E INSTALACION DE MATERIAL SUB-BASE CLASE 1A (INCLUYE TENDIDO CONFORMACION, COMPACTACION Y TRANSPORTE)",m3,0.038500,16.659094,0.2000,3.331819,0.000000,19.990913,19.990000,14,ANALISIS-DE-PRECIOS-UNITARIOS-1-1000-EXCEL.xlsx,sheet1,38498,a313473160da69ba0380eacc6857c7a2d8f7e1a20535a20a1eda93e9e3a2f14f
EC-GAD-DAULE-LPI-GADIMCD-2025-03:0454,APUV1-6cbefe7a4220fda980b2d544,APUCON-7c32707892258b04438e1e7e,EC-GAD-DAULE-LPI-GADIMCD-2025-03,MALECON,454,"SUMINISTRO E INSTALACION DE MATERIAL BASE CLASE 1A (INCLUYE TENDIDO, CONFORMACION, COMPACTACION Y TRANSPORTE)",m3,0.038000,25.407125,0.2000,5.081425,0.000000,30.488550,30.490000,14,ANALISIS-DE-PRECIOS-UNITARIOS-1-1000-EXCEL.xlsx,sheet1,38583,6cbefe7a4220fda980b2d54421e2fc5ce32b881a0abc24370e0547325e1144bf
EC-GAD-DAULE-LPI-GADIMCD-2025-03:0455,APUV1-abf6bed36afffbd6f6709c74,APUCON-f2397cb6a49d1621d7fee089,EC-GAD-DAULE-LPI-GADIMCD-2025-03,MALECON,455,SUMINISTRO E INSTALACION DE MATERIAL GRANULAR (INCLUYE TENDIDO CONFORMACION Y COMPACTACION),m3,0.011600,19.618766,0.2000,3.923753,0.000000,23.542520,23.540000,9,ANALISIS-DE-PRECIOS-UNITARIOS-1-1000-EXCEL.xlsx,sheet1,38668,abf6bed36afffbd6f6709c74f415b99a92f4eb84d645757bec13328fead48970
EC-GAD-DAULE-LPI-GADIMCD-2025-03:0456,APUV1-db303c4fcb7e8f1a7b521536,APUCON-7ec82c6e9326a6722635356d,EC-GAD-DAULE-LPI-GADIMCD-2025-03,MALECON,456,"SUMINISTRO E INSTALACION DE PIEDRA 3/4"" (INCLUYE TENDIDO CONFORMACION Y COMPACTACION)",m3,0.015500,19.179706,0.2000,3.835941,0.000000,23.015647,23.020000,7,ANALISIS-DE-PRECIOS-UNITARIOS-1-1000-EXCEL.xlsx,sheet1,38753,db303c4fcb7e8f1a7b521536b7d9ab86b9501c3ee338bb9ce75264ccdf0e3037
EC-GAD-DAULE-LPI-GADIMCD-2025-03:0457,APUV1-e8de775090646c4f80aef308,APUCON-c35960014ef836056c62b5f7,EC-GAD-DAULE-LPI-GADIMCD-2025-03,MALECON,457,PERFILADA DE ACERA,m,0.052600,2.850263,0.2000,0.570053,0.000000,3.420315,3.420000,4,ANALISIS-DE-PRECIOS-UNITARIOS-1-1000-EXCEL.xlsx,sheet1,38838,e8de775090646c4f80aef308382100f6563c8e47ec3a1b19139bcf69299994fd
EC-GAD-DAULE-LPI-GADIMCD-2025-03:0458,APUV1-e5ec4e5b8c353a95d19a226d,APUCON-ad65572402f2496cedbbaa24,EC-GAD-DAULE-LPI-GADIMCD-2025-03,MALECON,458,ROTURA Y DESALOJO DE ACERAS,m2,0.045010,5.737515,0.2000,1.147503,0.000000,6.885018,6.890000,8,ANALISIS-DE-PRECIOS-UNITARIOS-1-1000-EXCEL.xlsx,sheet1,38923,e5ec4e5b8c353a95d19a226dd3b710e5233774c75a8ba2e1b0d3fdaecf044326
EC-GAD-DAULE-LPI-GADIMCD-2025-03:0459,APUV1-e9fa45241a82fc70ffb0f95f,APUCON-3df3ec712f67a9c1c73f1a6f,EC-GAD-DAULE-LPI-GADIMCD-2025-03,MALECON,459,"REPOSICION DE ACERA F´C=210 Kg/cm2, E=10 cm",m2,0.390600,18.554680,0.2000,3.710936,0.000000,22.265616,22.270000,14,ANALISIS-DE-PRECIOS-UNITARIOS-1-1000-EXCEL.xlsx,sheet1,39008,e9fa45241a82fc70ffb0f95fd43cf877f19bc59651ce376141e3bd877c1de656
EC-GAD-DAULE-LPI-GADIMCD-2025-03:0460,APUV1-2f4cc252a1980dbd8891156f,APUCON-03367ee7d763caba66abc7ae,EC-GAD-DAULE-LPI-GADIMCD-2025-03,MALECON,460,PERFILADA DE HORMIGON EN CALLES,m,0.055400,3.001987,0.2000,0.600398,0.000000,3.602385,3.600000,4,ANALISIS-DE-PRECIOS-UNITARIOS-1-1000-EXCEL.xlsx,sheet1,39093,2f4cc252a1980dbd8891156f02bcb3852dad8dc81ae5a1d10ce764bbb39ae936
EC-GAD-DAULE-LPI-GADIMCD-2025-03:0461,APUV1-8d989018783bb14bc54d24eb,APUCON-4404d06903a3f5fa632c1c86,EC-GAD-DAULE-LPI-GADIMCD-2025-03,MALECON,461,ROTURA Y DESALOJO DE HORMIGON EN CALLES,m2,0.017090,2.290581,0.2000,0.458116,0.000000,2.748697,2.750000,8,ANALISIS-DE-PRECIOS-UNITARIOS-1-1000-EXCEL.xlsx,sheet1,39178,8d989018783bb14bc54d24eb309f2b064e1e4874397e7c190a61d63a41f60a35
EC-GAD-DAULE-LPI-GADIMCD-2025-03:0462,APUV1-3284e037c0661e8cb2ed7a21,APUCON-d063eba320f0a0a66f676330,EC-GAD-DAULE-LPI-GADIMCD-2025-03,MALECON,462,HORMIGON PAVIMENTADO 4.5 MPA PARA CALLES (INCLUIDO CURADO Y JUNTAS),m3,2.600000,251.720400,0.2000,50.344080,0.000000,302.064480,302.060000,13,ANALISIS-DE-PRECIOS-UNITARIOS-1-1000-EXCEL.xlsx,sheet1,39263,3284e037c0661e8cb2ed7a2168c2a42ad67d2fe6635e52f81d70577c941dc60e
EC-GAD-DAULE-LPI-GADIMCD-2025-03:0463,APUV1-cdb7209c9ae0c1e37e9fc45b,APUCON-c163b22b4987772b54807125,EC-GAD-DAULE-LPI-GADIMCD-2025-03,MALECON,463,SUMINISTRO DE TUBERIA PVC LISA DI=50 mm,m,0.000000,2.100000,0.2000,0.420000,0.000000,2.520000,2.520000,3,ANALISIS-DE-PRECIOS-UNITARIOS-1-1000-EXCEL.xlsx,sheet1,39348,cdb7209c9ae0c1e37e9fc45b01589f71af0aa4cbad1fefa2c4a40533ef1e99ce
EC-GAD-DAULE-LPI-GADIMCD-2025-03:0464,APUV1-b205c6b08f4fec2c44284905,APUCON-5285da4e2fc45ed9f8047422,EC-GAD-DAULE-LPI-GADIMCD-2025-03,MALECON,464,INSTALACION DE TUBERIA PVC LISA DI=50 mm,m,0.149500,5.105201,0.2000,1.021040,0.000000,6.126241,6.130000,8,ANALISIS-DE-PRECIOS-UNITARIOS-1-1000-EXCEL.xlsx,sheet1,39433,b205c6b08f4fec2c44284905a24342f436e1dffee5d3a34cd9fe42f188a0a7eb
EC-GAD-DAULE-LPI-GADIMCD-2025-03:0465,APUV1-c33a43a38e5333911120a6e2,APUCON-a3f52438d03212d31429251c,EC-GAD-DAULE-LPI-GADIMCD-2025-03,MALECON,465,SUMINISTRO DE TUBERIA PVC LISA DI=110 mm,m,0.000000,4.890000,0.2000,0.978000,0.000000,5.868000,5.870000,3,ANALISIS-DE-PRECIOS-UNITARIOS-1-1000-EXCEL.xlsx,sheet1,39518,c33a43a38e5333911120a6e21a1987d34ecfd73b45268b698d011619b7e4da69
EC-GAD-DAULE-LPI-GADIMCD-2025-03:0466,APUV1-151db5e874616211d09850b0,APUCON-d58b9a2262b6d24a76c67c89,EC-GAD-DAULE-LPI-GADIMCD-2025-03,MALECON,466,INSTALACION DE TUBERIA PVC LISA DI=110 mm,m,0.149500,5.105201,0.2000,1.021040,0.000000,6.126241,6.130000,8,ANALISIS-DE-PRECIOS-UNITARIOS-1-1000-EXCEL.xlsx,sheet1,39603,151db5e874616211d09850b0f0f55be474d7f5e7fb84e8528137eae0b09e859f
EC-GAD-DAULE-LPI-GADIMCD-2025-03:0467,APUV1-6903569f62fd2121bb7edb26,APUCON-a09b629238f80c719a133c6b,EC-GAD-DAULE-LPI-GADIMCD-2025-03,MALECON,467,SUMINISTRO DE TUBERIA PVC ESTRUCTURADA DI=160 mm (DN175) NORMA NTE INEN 2059,m,0.000000,9.380000,0.2000,1.876000,0.000000,11.256000,11.260000,3,ANALISIS-DE-PRECIOS-UNITARIOS-1-1000-EXCEL.xlsx,sheet1,39688,6903569f62fd2121bb7edb26aba59d961e3129840fa691740d398adce9ae7706
EC-GAD-DAULE-LPI-GADIMCD-2025-03:0468,APUV1-7f4a4aa796b840723a77512e,APUCON-0913926190c80354e5ae990b,EC-GAD-DAULE-LPI-GADIMCD-2025-03,MALECON,468,INSTALACION DE TUBERIA PVC ESTRUCTURADA DI=160 mm (DN175) NORMA NTE INEN 2059,m,0.100000,3.215450,0.2000,0.643090,0.000000,3.858540,3.860000,8,ANALISIS-DE-PRECIOS-UNITARIOS-1-1000-EXCEL.xlsx,sheet1,39773,7f4a4aa796b840723a77512e989a955b6e810db293e612eafd3b548a53e714f2
EC-GAD-DAULE-LPI-GADIMCD-2025-03:0469,APUV1-65feb74d1d8deff95134d925,APUCON-dbd2524b4249f47825c4e939,EC-GAD-DAULE-LPI-GADIMCD-2025-03,MALECON,469,SUMINISTRO DE TUBERIA PVC ESTRUCTURADA DI = 200 mm (DN220) NORMA NTE INEN 2059,m,0.000000,16.170000,0.2000,3.234000,0.000000,19.404000,19.400000,3,ANALISIS-DE-PRECIOS-UNITARIOS-1-1000-EXCEL.xlsx,sheet1,39858,65feb74d1d8deff95134d925fb475a28d23338e2c21274f2d33ff9ccb13c2a7e
EC-GAD-DAULE-LPI-GADIMCD-2025-03:0470,APUV1-a872bdf859022776871cd57f,APUCON-e14fc1adac7824639dd23f12,EC-GAD-DAULE-LPI-GADIMCD-2025-03,MALECON,470,INSTALACION DE TUBERIA PVC ESTRUCTURADA DI = 200 mm (DN220) NORMA NTE INEN 2059,m,0.150000,4.823175,0.2000,0.964635,0.000000,5.787810,5.790000,8,ANALISIS-DE-PRECIOS-UNITARIOS-1-1000-EXCEL.xlsx,sheet1,39943,a872bdf859022776871cd57ff4eaaa97c244de41e510d67ec3d9709a9cb3da5b
EC-GAD-DAULE-LPI-GADIMCD-2025-03:0471,APUV1-bb5af59a4da6e4d902ed43d4,APUCON-b39cfad4a2a4ebbe3f84a770,EC-GAD-DAULE-LPI-GADIMCD-2025-03,MALECON,471,PRUEBA DE ESTANQUEIDAD Y ESCURRIMIENTO,m,0.049500,3.872473,0.2000,0.774495,0.000000,4.646968,4.650000,8,ANALISIS-DE-PRECIOS-UNITARIOS-1-1000-EXCEL.xlsx,sheet1,40028,bb5af59a4da6e4d902ed43d4d44ce05adbce4264cda65cdc21689c8084a4eabe
EC-GAD-DAULE-LPI-GADIMCD-2025-03:0472,APUV1-e4cd5889373f60ab3b104287,APUCON-aa548ccb0dacd672757df992,EC-GAD-DAULE-LPI-GADIMCD-2025-03,MALECON,472,COLGADOR PARA TUBERIA 2 IN,u,0.100000,2.142300,0.2000,0.428460,0.000000,2.570760,2.570000,5,ANALISIS-DE-PRECIOS-UNITARIOS-1-1000-EXCEL.xlsx,sheet1,40113,e4cd5889373f60ab3b1042871d8de91b9025101495e9f21fd14f7814a031a59b
EC-GAD-DAULE-LPI-GADIMCD-2025-03:0473,APUV1-3c665c5cbd8e417143348a24,APUCON-3e3fe58b614dbec61642060c,EC-GAD-DAULE-LPI-GADIMCD-2025-03,MALECON,473,COLGADOR PARA TUBERIA 4 IN,u,0.100000,3.332300,0.2000,0.670000,0.000000,4.002300,4.000000,5,ANALISIS-DE-PRECIOS-UNITARIOS-1-1000-EXCEL.xlsx,sheet1,40198,3c665c5cbd8e417143348a2462c8ea3b8abccd55da1af7a1912a2d27a0b5bd68
EC-GAD-DAULE-LPI-GADIMCD-2025-03:0474,APUV1-86013a795a3e3fd0d21e507b,APUCON-0cde1913b528460502c71f78,EC-GAD-DAULE-LPI-GADIMCD-2025-03,MALECON,474,COLGADOR PARA TUBERIA 6 IN,u,0.100000,4.796500,0.2000,0.960000,0.000000,5.756500,5.756500,5,ANALISIS-DE-PRECIOS-UNITARIOS-1-1000-EXCEL.xlsx,sheet1,40283,86013a795a3e3fd0d21e507b423d71042cff5958de797425ada34d573f74dc80
EC-GAD-DAULE-LPI-GADIMCD-2025-03:0475,APUV1-a772cbac0112429391546508,APUCON-1bc01507c9892533106d43ba,EC-GAD-DAULE-LPI-GADIMCD-2025-03,MALECON,475,SUMINISTRO E INSTALACION DE CAJA DOMICILIARIA ALINEADA D=175mm (INCLUYE TAPA),u,2.000000,179.530200,0.2000,35.906040,0.000000,215.436240,215.440000,10,ANALISIS-DE-PRECIOS-UNITARIOS-1-1000-EXCEL.xlsx,sheet1,40368,a772cbac0112429391546508519201e359e461b037630ae72194da2cac4bba73
EC-GAD-DAULE-LPI-GADIMCD-2025-03:0476,APUV1-3101e7d09ffe7f714a4ad3b4,APUCON-9462bfec634b01abf978cfea,EC-GAD-DAULE-LPI-GADIMCD-2025-03,MALECON,476,SUMINISTRO E INSTALACION DE CAJA DOMICILIARIA CIEGA D=175mm (INCLUYE TAPA),u,2.000000,179.530200,0.2000,35.906040,0.000000,215.436240,215.440000,10,ANALISIS-DE-PRECIOS-UNITARIOS-1-1000-EXCEL.xlsx,sheet1,40453,3101e7d09ffe7f714a4ad3b44dbdd2e857f42a69871dcee8817fd465be8da157
EC-GAD-DAULE-LPI-GADIMCD-2025-03:0477,APUV1-4412a25090568b93af26f657,APUCON-383626c2505642e6df7dc950,EC-GAD-DAULE-LPI-GADIMCD-2025-03,MALECON,477,"SUMINISTRO E INSTALACION DE CAJA DOMICILIARIA DE H.A. ESQUINA, H<2.50m (INCLUYE TAPA)",u,4.000000,316.866100,0.2000,63.373220,0.000000,380.239320,380.240000,15,ANALISIS-DE-PRECIOS-UNITARIOS-1-1000-EXCEL.xlsx,sheet1,40538,4412a25090568b93af26f6579341dde9aba963d1ed636ab24e014cd607f922c9
EC-GAD-DAULE-LPI-GADIMCD-2025-03:0478,APUV1-0a0c3d4244744d97c104b30b,APUCON-4528204bd459af8f737d3f65,EC-GAD-DAULE-LPI-GADIMCD-2025-03,MALECON,478,SUMINISTRO E INSTALACION DE CAJA DOMICILIARIA RED INTERNA MALECON D=175mm (INCLUYE TAPA) H=0.6m 0.7x0.7x0.6m,u,3.000000,179.940500,0.2000,35.988100,0.000000,215.928600,215.930000,15,ANALISIS-DE-PRECIOS-UNITARIOS-1-1000-EXCEL.xlsx,sheet1,40623,0a0c3d4244744d97c104b30b7b17746a7b966403f7280efed68e746d696713a6
EC-GAD-DAULE-LPI-GADIMCD-2025-03:0479,APUV1-058a4059d3aefa7c838b8c55,APUCON-fd7ffb91bd6cbfd39eadfc7a,EC-GAD-DAULE-LPI-GADIMCD-2025-03,MALECON,479,SUMINISTRO E INSTALACION DE YEE DESAGUE EC 110mm,u,0.150000,8.668450,0.2000,1.733690,0.000000,10.402140,10.400000,5,ANALISIS-DE-PRECIOS-UNITARIOS-1-1000-EXCEL.xlsx,sheet1,40708,058a4059d3aefa7c838b8c558ac277a670dc1d69920ee085a4ef67030c2db9eb
EC-GAD-DAULE-LPI-GADIMCD-2025-03:0480,APUV1-bf6b4f333b30feea83c6455e,APUCON-67ae838aec082ae9060f2566,EC-GAD-DAULE-LPI-GADIMCD-2025-03,MALECON,480,SUMINISTRO E INSTALACION DE CODO DESAGUE EC 110mmX45',u,0.149500,8.121488,0.2000,1.624298,0.000000,9.745786,9.750000,5,ANALISIS-DE-PRECIOS-UNITARIOS-1-1000-EXCEL.xlsx,sheet1,40793,bf6b4f333b30feea83c6455eb73dcdb41cb4d73397c3e324192f430c5e7da63a
EC-GAD-DAULE-LPI-GADIMCD-2025-03:0481,APUV1-b78ebe85a031867c4fa653a1,APUCON-6faf72af9166bdebc7fc3228,EC-GAD-DAULE-LPI-GADIMCD-2025-03,MALECON,481,SUMINISTRO E INSTALACION DE YEE REDUCTORA DE DESAGUE DE 110 A 50mm,u,0.150000,7.878450,0.2000,1.575690,0.000000,9.454140,9.450000,5,ANALISIS-DE-PRECIOS-UNITARIOS-1-1000-EXCEL.xlsx,sheet1,40878,b78ebe85a031867c4fa653a1640a18a1f3c6ff4a699efb9eca1a66cf4798ea4d
EC-GAD-DAULE-LPI-GADIMCD-2025-03:0482,APUV1-22fa84a834aca205ddfe39d2,APUCON-fe6ca088e0327be13ab2e111,EC-GAD-DAULE-LPI-GADIMCD-2025-03,MALECON,482,SUMINISTRO E INSTALACION DE CODO DESAGUE EC 110mmX90',u,0.100000,6.683930,0.2000,1.336786,0.000000,8.020716,8.020000,7,ANALISIS-DE-PRECIOS-UNITARIOS-1-1000-EXCEL.xlsx,sheet1,40963,22fa84a834aca205ddfe39d25bf85572f5b053d952230f10a879a069fcb6e1b3
EC-GAD-DAULE-LPI-GADIMCD-2025-03:0483,APUV1-1aa66705c8f2727a5586a577,APUCON-66d4d08bc6bf827e64f4f709,EC-GAD-DAULE-LPI-GADIMCD-2025-03,MALECON,483,SUMINISTRO E INSTALACION DE TEE DESAGUE EC D=110mm,u,0.100000,8.013930,0.2000,1.602786,0.000000,9.616716,9.620000,7,ANALISIS-DE-PRECIOS-UNITARIOS-1-1000-EXCEL.xlsx,sheet1,41048,1aa66705c8f2727a5586a5775d527e0d388a36a97b9ecdca3b56e5a6ef97588b
EC-GAD-DAULE-LPI-GADIMCD-2025-03:0484,APUV1-901354f0d079b2e97e691338,APUCON-68f2560e2a3eb036aeb8cc03,EC-GAD-DAULE-LPI-GADIMCD-2025-03,MALECON,484,SUMINISTRO E INSTALACION DE REDUCTOR DESAGUE EC 110 A 50mm,u,0.100000,6.487630,0.2000,1.297526,0.000000,7.785156,7.790000,7,ANALISIS-DE-PRECIOS-UNITARIOS-1-1000-EXCEL.xlsx,sheet1,41133,901354f0d079b2e97e6913388f305b061d978744a9d961e7b7a213480f924002
EC-GAD-DAULE-LPI-GADIMCD-2025-03:0485,APUV1-e7c5e901f50a47b5e379b24e,APUCON-efc1b3a0c5b96cfb24cfa3b5,EC-GAD-DAULE-LPI-GADIMCD-2025-03,MALECON,485,SUMINISTRO E INSTALACION DE YEE DESAGUE EC 50mm,u,0.100000,3.802300,0.2000,0.760460,0.000000,4.562760,4.560000,5,ANALISIS-DE-PRECIOS-UNITARIOS-1-1000-EXCEL.xlsx,sheet1,41218,e7c5e901f50a47b5e379b24e1ff92c5f3f465f2758a527e36753c8ac3dd133cd
EC-GAD-DAULE-LPI-GADIMCD-2025-03:0486,APUV1-d9d6fceabb171fb9fd7003c6,APUCON-2e256b662afa9619f642ad05,EC-GAD-DAULE-LPI-GADIMCD-2025-03,MALECON,486,SUMINISTRO E INSTALACION DE CODO DESAGUE EC 50mmX45',u,0.100000,3.016000,0.2000,0.603200,0.000000,3.619200,3.620000,5,ANALISIS-DE-PRECIOS-UNITARIOS-1-1000-EXCEL.xlsx,sheet1,41303,d9d6fceabb171fb9fd7003c6efcc9875329eb711382a20d712b2a1fcb8df6811
EC-GAD-DAULE-LPI-GADIMCD-2025-03:0487,APUV1-0a827c88ba8b1a60e2c0c5cf,APUCON-9cb32f6f0d91e0fdbc91c421,EC-GAD-DAULE-LPI-GADIMCD-2025-03,MALECON,487,SUMINISTRO E INSTALACION DE CODO DESAGUE EC 50mmX90',u,0.100000,3.793930,0.2000,0.758786,0.000000,4.552716,4.550000,7,ANALISIS-DE-PRECIOS-UNITARIOS-1-1000-EXCEL.xlsx,sheet1,41388,0a827c88ba8b1a60e2c0c5cf71da7c3a008aef0388a0be59de6fe5570703777e
EC-GAD-DAULE-LPI-GADIMCD-2025-03:0488,APUV1-92e71f33e64774b2f982624e,APUCON-10faa7367366199bfbc0dee6,EC-GAD-DAULE-LPI-GADIMCD-2025-03,MALECON,488,SUMINISTRO E INSTALACION DE SIFON DESAGUE EC 110mm,u,0.100000,13.872300,0.2000,2.774460,0.000000,16.646760,16.650000,5,ANALISIS-DE-PRECIOS-UNITARIOS-1-1000-EXCEL.xlsx,sheet1,41473,92e71f33e64774b2f982624ef5a7d5631dccc2224b6650727c1df1617fd7375e
EC-GAD-DAULE-LPI-GADIMCD-2025-03:0489,APUV1-99f60a4e7c0189d47d03b255,APUCON-c59bbafd193a4c7009e937d5,EC-GAD-DAULE-LPI-GADIMCD-2025-03,MALECON,489,"SUMINISTRO E INSTALACION DE REJILLA CROMADA DE 2"" PARA PISO",u,0.200000,5.280100,0.2000,1.056020,0.000000,6.336120,6.340000,8,ANALISIS-DE-PRECIOS-UNITARIOS-1-1000-EXCEL.xlsx,sheet1,41558,99f60a4e7c0189d47d03b25587d9751d64e62981130ce92516b4ef51b397dc2b
EC-GAD-DAULE-LPI-GADIMCD-2025-03:0490,APUV1-cdb7209c9ae0c1e37e9fc45b,APUCON-c163b22b4987772b54807125,EC-GAD-DAULE-LPI-GADIMCD-2025-03,MALECON,490,SUMINISTRO DE TUBERIA PVC LISA DI=50 mm,m,0.000000,2.100000,0.2000,0.420000,0.000000,2.520000,2.520000,3,ANALISIS-DE-PRECIOS-UNITARIOS-1-1000-EXCEL.xlsx,sheet1,41643,cdb7209c9ae0c1e37e9fc45b01589f71af0aa4cbad1fefa2c4a40533ef1e99ce
EC-GAD-DAULE-LPI-GADIMCD-2025-03:0491,APUV1-b205c6b08f4fec2c44284905,APUCON-5285da4e2fc45ed9f8047422,EC-GAD-DAULE-LPI-GADIMCD-2025-03,MALECON,491,INSTALACION DE TUBERIA PVC LISA DI=50 mm,m,0.149500,5.105201,0.2000,1.021040,0.000000,6.126241,6.130000,8,ANALISIS-DE-PRECIOS-UNITARIOS-1-1000-EXCEL.xlsx,sheet1,41728,b205c6b08f4fec2c44284905a24342f436e1dffee5d3a34cd9fe42f188a0a7eb
EC-GAD-DAULE-LPI-GADIMCD-2025-03:0492,APUV1-c33a43a38e5333911120a6e2,APUCON-a3f52438d03212d31429251c,EC-GAD-DAULE-LPI-GADIMCD-2025-03,MALECON,492,SUMINISTRO DE TUBERIA PVC LISA DI=110 mm,m,0.000000,4.890000,0.2000,0.978000,0.000000,5.868000,5.870000,3,ANALISIS-DE-PRECIOS-UNITARIOS-1-1000-EXCEL.xlsx,sheet1,41813,c33a43a38e5333911120a6e21a1987d34ecfd73b45268b698d011619b7e4da69
EC-GAD-DAULE-LPI-GADIMCD-2025-03:0493,APUV1-151db5e874616211d09850b0,APUCON-d58b9a2262b6d24a76c67c89,EC-GAD-DAULE-LPI-GADIMCD-2025-03,MALECON,493,INSTALACION DE TUBERIA PVC LISA DI=110 mm,m,0.149500,5.105201,0.2000,1.021040,0.000000,6.126241,6.130000,8,ANALISIS-DE-PRECIOS-UNITARIOS-1-1000-EXCEL.xlsx,sheet1,41898,151db5e874616211d09850b0f0f55be474d7f5e7fb84e8528137eae0b09e859f
EC-GAD-DAULE-LPI-GADIMCD-2025-03:0494,APUV1-e4cd5889373f60ab3b104287,APUCON-aa548ccb0dacd672757df992,EC-GAD-DAULE-LPI-GADIMCD-2025-03,MALECON,494,COLGADOR PARA TUBERIA 2 IN,u,0.100000,2.142300,0.2000,0.428460,0.000000,2.570760,2.570000,5,ANALISIS-DE-PRECIOS-UNITARIOS-1-1000-EXCEL.xlsx,sheet1,41983,e4cd5889373f60ab3b1042871d8de91b9025101495e9f21fd14f7814a031a59b
EC-GAD-DAULE-LPI-GADIMCD-2025-03:0495,APUV1-3c665c5cbd8e417143348a24,APUCON-3e3fe58b614dbec61642060c,EC-GAD-DAULE-LPI-GADIMCD-2025-03,MALECON,495,COLGADOR PARA TUBERIA 4 IN,u,0.100000,3.332300,0.2000,0.666460,0.000000,3.998760,4.000000,5,ANALISIS-DE-PRECIOS-UNITARIOS-1-1000-EXCEL.xlsx,sheet1,42068,3c665c5cbd8e417143348a2462c8ea3b8abccd55da1af7a1912a2d27a0b5bd68
EC-GAD-DAULE-LPI-GADIMCD-2025-03:0496,APUV1-9e15bd4f0bd03d2e3a728a61,APUCON-0ccfd6e3fc9b060bbcb49569,EC-GAD-DAULE-LPI-GADIMCD-2025-03,MALECON,496,INODOROS CON FLUXOMETRO (INCLUYE ACCESORIOS),u,3.000000,335.524000,0.2000,67.104800,0.000000,402.628800,402.630000,8,ANALISIS-DE-PRECIOS-UNITARIOS-1-1000-EXCEL.xlsx,sheet1,42153,9e15bd4f0bd03d2e3a728a61f80cb09f491ce73369db75056f3e151385f7b61f
EC-GAD-DAULE-LPI-GADIMCD-2025-03:0497,APUV1-4d8f5de6cc996714b5507ef9,APUCON-ed30f10e0070b25addd21ccb,EC-GAD-DAULE-LPI-GADIMCD-2025-03,MALECON,497,URINARIO CON FLUXOMETRO (INCLUYE ACCESORIOS),u,2.000000,279.891000,0.2000,55.978200,0.000000,335.869200,335.870000,8,ANALISIS-DE-PRECIOS-UNITARIOS-1-1000-EXCEL.xlsx,sheet1,42238,4d8f5de6cc996714b5507ef96f5abad3f9147cd2e99880e1c2c582b4ba3ef613
EC-GAD-DAULE-LPI-GADIMCD-2025-03:0498,APUV1-dc02306ad610885d15533e5c,APUCON-4f9856809486e91e608896ab,EC-GAD-DAULE-LPI-GADIMCD-2025-03,MALECON,498,LAVAPLATOS DE DOS POZOS PROFUNDOS (INCLUYE ACCESORIOS),u,1.000000,139.986000,0.2000,27.997200,0.000000,167.983200,167.980000,5,ANALISIS-DE-PRECIOS-UNITARIOS-1-1000-EXCEL.xlsx,sheet1,42323,dc02306ad610885d15533e5c1b0dbbb80ef32a48c086cce8f9120e6aea331fc8
EC-GAD-DAULE-LPI-GADIMCD-2025-03:0499,APUV1-2a02d2ce04692bc5ca93dbb1,APUCON-7b637b072bd451f818b5eb63,EC-GAD-DAULE-LPI-GADIMCD-2025-03,MALECON,499,LAVAMANOS DE EMPOTRAR CON GRIFERIA PRESSMATIC (INCLUYE ACCESORIOS),u,1.000000,162.033000,0.2000,32.406600,0.000000,194.439600,194.440000,7,ANALISIS-DE-PRECIOS-UNITARIOS-1-1000-EXCEL.xlsx,sheet1,42408,2a02d2ce04692bc5ca93dbb19c43c5d0391843846133fcad40a07e4576d3ed94
EC-GAD-DAULE-LPI-GADIMCD-2025-03:0500,APUV1-a123fc90680943067a2fc0c9,APUCON-b5a2338a29a9354be844b823,EC-GAD-DAULE-LPI-GADIMCD-2025-03,MALECON,500,"CAJA DE REGISTRO PARA AA.SS. EDIFICACIONES DE H.A., F´C= 210 Kg/cm2; H<1.00m (0.60x0.60)m",u,1.368800,143.081652,0.2000,28.616330,0.000000,171.697983,171.700000,11,ANALISIS-DE-PRECIOS-UNITARIOS-1-1000-EXCEL.xlsx,sheet1,42493,a123fc90680943067a2fc0c923751f59ef14a0f3b1229c9a7604a8a89489d146
EC-GAD-DAULE-LPI-GADIMCD-2025-03:0501,APUV1-ccff6c855cf96d8cc02b0f10,APUCON-6d66e705814fe068a368b5e4,EC-GAD-DAULE-LPI-GADIMCD-2025-03,MALECON,501,SUMINISTRO E INSTALACION DE CODO VENTILACION EC 50mmX90',u,0.100000,3.793930,0.2000,0.758786,0.000000,4.552716,4.550000,7,ANALISIS-DE-PRECIOS-UNITARIOS-1-1000-EXCEL.xlsx,sheet1,42595,ccff6c855cf96d8cc02b0f102221d53cb1b6a886017bed6c455e62568006adda
EC-GAD-DAULE-LPI-GADIMCD-2025-03:0502,APUV1-3d8e391033242397400627a8,APUCON-09fd4b3b8e65f6c6085b181c,EC-GAD-DAULE-LPI-GADIMCD-2025-03,MALECON,502,SUMINISTRO E INSTALACION DE YEE REDUCTORA VENTILACION 110 A 50mm,u,0.150000,7.878450,0.2000,1.575690,0.000000,9.454140,9.450000,5,ANALISIS-DE-PRECIOS-UNITARIOS-1-1000-EXCEL.xlsx,sheet1,42680,3d8e391033242397400627a8ef37afdcdd7eb17b3bf98ca403e980ecff8d86c7
EC-GAD-DAULE-LPI-GADIMCD-2025-03:0503,APUV1-24dafbbeebb565573ec364b1,APUCON-07436f12062611119646ebf8,EC-GAD-DAULE-LPI-GADIMCD-2025-03,MALECON,503,SUMINISTRO E INSTALACION DE TEE VENTILACION EC D=50mm,u,0.100000,3.943930,0.2000,0.788786,0.000000,4.732716,4.730000,7,ANALISIS-DE-PRECIOS-UNITARIOS-1-1000-EXCEL.xlsx,sheet1,42765,24dafbbeebb565573ec364b1ee70c6f39e17940850329aaf89ede403a452cc49
EC-GAD-DAULE-LPI-GADIMCD-2025-03:0504,APUV1-da80db5753220902325b5dda,APUCON-ec95f51f37e7350df5adf4dd,EC-GAD-DAULE-LPI-GADIMCD-2025-03,MALECON,504,SUMINISTRO E INSTALACION DE CODO VENTILACION EC 50mmX45',u,0.100000,2.570000,0.2000,0.510000,0.000000,3.080000,3.080000,5,ANALISIS-DE-PRECIOS-UNITARIOS-1-1000-EXCEL.xlsx,sheet1,42850,da80db5753220902325b5ddaa007c16e2048922265d62566f5b7c0784188b83d
EC-GAD-DAULE-LPI-GADIMCD-2025-03:0505,APUV1-51e6b447ac01dfedf2679d99,APUCON-6ffd8bfd8b4783e34d000506,EC-GAD-DAULE-LPI-GADIMCD-2025-03,MALECON,505,SUMINISTRO DE TUBERIA DE VENTILACION PVC EC DI=50mm,m,0.000000,1.400000,0.2000,0.280000,0.000000,1.680000,1.680000,3,ANALISIS-DE-PRECIOS-UNITARIOS-1-1000-EXCEL.xlsx,sheet1,42935,51e6b447ac01dfedf2679d99d61dd115f86040289c109afab8a05dbf399f02ee
EC-GAD-DAULE-LPI-GADIMCD-2025-03:0506,APUV1-ae17d26cd6d80dc99f0e0ba3,APUCON-4ef066370763fc457245802a,EC-GAD-DAULE-LPI-GADIMCD-2025-03,MALECON,506,INSTALACION DE TUBERIA DE VENTILACION PVC EC DI=50mm,m,0.150000,4.448175,0.2000,0.890000,0.000000,5.338175,5.340000,7,ANALISIS-DE-PRECIOS-UNITARIOS-1-1000-EXCEL.xlsx,sheet1,43020,ae17d26cd6d80dc99f0e0ba3e275b57446c7b4e8dea6c35e3e3003d92fd4beca
EC-GAD-DAULE-LPI-GADIMCD-2025-03:0507,APUV1-f1cb9932cdd3ad61a274a261,APUCON-66855de4d5c38d3778918220,EC-GAD-DAULE-LPI-GADIMCD-2025-03,MALECON,507,"EXCAVACION MECANICA EN SUELO SIN CLASIFICAR 0,00 < H < 2,00m",m3,0.029760,3.198560,0.2000,0.639712,0.000000,3.838272,3.840000,7,ANALISIS-DE-PRECIOS-UNITARIOS-1-1000-EXCEL.xlsx,sheet1,43105,f1cb9932cdd3ad61a274a26179a699159a8b0e62898b87ca99c16c1b933f8582
EC-GAD-DAULE-LPI-GADIMCD-2025-03:0508,APUV1-34b233ad709c151d01f184ea,APUCON-154bc66efa9589c542172f6b,EC-GAD-DAULE-LPI-GADIMCD-2025-03,MALECON,508,DESALOJO DEL MATERIAL SOBRANTE (BOTADERO MUNICIPAL),m3,0.092500,2.916617,0.2000,0.583323,0.000000,3.499941,3.500000,3,ANALISIS-DE-PRECIOS-UNITARIOS-1-1000-EXCEL.xlsx,sheet1,43190,34b233ad709c151d01f184ea900c462d2f9c3768eb44b57fc199aab9337e1d3e
EC-GAD-DAULE-LPI-GADIMCD-2025-03:0509,APUV1-f1cb9932cdd3ad61a274a261,APUCON-66855de4d5c38d3778918220,EC-GAD-DAULE-LPI-GADIMCD-2025-03,MALECON,509,"EXCAVACION MECANICA EN SUELO SIN CLASIFICAR 0,00 < H < 2,00m",m3,0.029760,3.198560,0.2000,0.639712,0.000000,3.838272,3.840000,7,ANALISIS-DE-PRECIOS-UNITARIOS-1-1000-EXCEL.xlsx,sheet1,43275,f1cb9932cdd3ad61a274a26179a699159a8b0e62898b87ca99c16c1b933f8582
EC-GAD-DAULE-LPI-GADIMCD-2025-03:0510,APUV1-34b233ad709c151d01f184ea,APUCON-154bc66efa9589c542172f6b,EC-GAD-DAULE-LPI-GADIMCD-2025-03,MALECON,510,DESALOJO DEL MATERIAL SOBRANTE (BOTADERO MUNICIPAL),m3,0.092500,2.916617,0.2000,0.583323,0.000000,3.499941,3.500000,3,ANALISIS-DE-PRECIOS-UNITARIOS-1-1000-EXCEL.xlsx,sheet1,43360,34b233ad709c151d01f184ea900c462d2f9c3768eb44b57fc199aab9337e1d3e
EC-GAD-DAULE-LPI-GADIMCD-2025-03:0511,APUV1-e59cebfcd77c6c8c65506b68,APUCON-73f0e99a16978c5df411a0eb,EC-GAD-DAULE-LPI-GADIMCD-2025-03,MALECON,511,RELLENO COMPACTADO CON COMPACTADOR MANUAL DE MATERIAL IMPORTADO (INCLUYE TRANSPORTE),m3,0.125000,17.215750,0.2000,3.443150,0.000000,20.658900,20.660000,7,ANALISIS-DE-PRECIOS-UNITARIOS-1-1000-EXCEL.xlsx,sheet1,43445,e59cebfcd77c6c8c65506b68b786b3c65837f00ef9dcda1e729533e934857577
EC-GAD-DAULE-LPI-GADIMCD-2025-03:0512,APUV1-7bdcc8cd6ed51fd544336c69,APUCON-efdd5aee92e1b62e0b44ccd1,EC-GAD-DAULE-LPI-GADIMCD-2025-03,MALECON,512,SUMINISTRO E INSTALACION DE CAMARA DE INSPECCION TIPO II DE HORMIGON ARMADO,u,5.000000,1946.222200,0.2000,389.244440,0.000000,2335.466640,2335.470000,15,ANALISIS-DE-PRECIOS-UNITARIOS-1-1000-EXCEL.xlsx,sheet1,43530,7bdcc8cd6ed51fd544336c692650dd4e150696298c67455398058fc9824ffd1d
EC-GAD-DAULE-LPI-GADIMCD-2025-03:0513,APUV1-bf365ab4901fcf53069585a6,APUCON-5361cc4ffe105f20543267ec,EC-GAD-DAULE-LPI-GADIMCD-2025-03,MALECON,513,SUMINISTRO E INSTALACION DE TAPA DE HD (D600) - INEN NTE 2496,u,0.500000,222.740750,0.2000,44.548150,0.000000,267.288900,267.290000,4,ANALISIS-DE-PRECIOS-UNITARIOS-1-1000-EXCEL.xlsx,sheet1,43615,bf365ab4901fcf53069585a6460912d0f0c772b0210a4e72d1634d7dd828524d
EC-GAD-DAULE-LPI-GADIMCD-2025-03:0514,APUV1-304320e09dc2495bdd0524ca,APUCON-20a531d04107564cd1e67cb8,EC-GAD-DAULE-LPI-GADIMCD-2025-03,MALECON,514,REPLANTEO DE TUBERIAS,m,0.015500,0.532163,0.2000,0.106433,0.000000,0.638596,0.640000,7,ANALISIS-DE-PRECIOS-UNITARIOS-1-1000-EXCEL.xlsx,sheet1,43700,304320e09dc2495bdd0524ca60fb6c77e9a2b4952484a93ab6b22b42e404dd6d
EC-GAD-DAULE-LPI-GADIMCD-2025-03:0515,APUV1-f1cb9932cdd3ad61a274a261,APUCON-66855de4d5c38d3778918220,EC-GAD-DAULE-LPI-GADIMCD-2025-03,MALECON,515,"EXCAVACION MECANICA EN SUELO SIN CLASIFICAR 0,00 < H < 2,00m",m3,0.029760,3.198560,0.2000,0.639712,0.000000,3.838272,3.840000,7,ANALISIS-DE-PRECIOS-UNITARIOS-1-1000-EXCEL.xlsx,sheet1,43785,f1cb9932cdd3ad61a274a26179a699159a8b0e62898b87ca99c16c1b933f8582
EC-GAD-DAULE-LPI-GADIMCD-2025-03:0516,APUV1-34b233ad709c151d01f184ea,APUCON-154bc66efa9589c542172f6b,EC-GAD-DAULE-LPI-GADIMCD-2025-03,MALECON,516,DESALOJO DEL MATERIAL SOBRANTE (BOTADERO MUNICIPAL),m3,0.092500,2.916617,0.2000,0.583323,0.000000,3.499941,3.500000,3,ANALISIS-DE-PRECIOS-UNITARIOS-1-1000-EXCEL.xlsx,sheet1,43870,34b233ad709c151d01f184ea900c462d2f9c3768eb44b57fc199aab9337e1d3e
EC-GAD-DAULE-LPI-GADIMCD-2025-03:0517,APUV1-9bef7ba9b131ea02994d8ca5,APUCON-6ab9d56378bc1104061ba3bb,EC-GAD-DAULE-LPI-GADIMCD-2025-03,MALECON,517,CAMA DE ARENA PARA PROTECCION DE TUBERIAS,m3,0.080000,24.029000,0.2000,4.805800,0.000000,28.834800,28.830000,6,ANALISIS-DE-PRECIOS-UNITARIOS-1-1000-EXCEL.xlsx,sheet1,43955,9bef7ba9b131ea02994d8ca592b2fc897b95b7e5e8721386187ce0bf36a0d072
EC-GAD-DAULE-LPI-GADIMCD-2025-03:0518,APUV1-aa35c4fd6ea104f132466063,APUCON-31eebd221dc0afa35b1aafbe,EC-GAD-DAULE-LPI-GADIMCD-2025-03,MALECON,518,"RELLENO COMPACTADO CON VIBROAPISONADOR, MATERIAL DE SITIO",m3,0.140000,3.621030,0.2000,0.724206,0.000000,4.345236,4.350000,5,ANALISIS-DE-PRECIOS-UNITARIOS-1-1000-EXCEL.xlsx,sheet1,44040,aa35c4fd6ea104f132466063ea6958847fe5cb0f0c6f0b834607309c3d7e0255
EC-GAD-DAULE-LPI-GADIMCD-2025-03:0519,APUV1-e59cebfcd77c6c8c65506b68,APUCON-73f0e99a16978c5df411a0eb,EC-GAD-DAULE-LPI-GADIMCD-2025-03,MALECON,519,RELLENO COMPACTADO CON COMPACTADOR MANUAL DE MATERIAL IMPORTADO (INCLUYE TRANSPORTE),m3,0.125000,17.215750,0.2000,3.443150,0.000000,20.658900,20.660000,7,ANALISIS-DE-PRECIOS-UNITARIOS-1-1000-EXCEL.xlsx,sheet1,44125,e59cebfcd77c6c8c65506b68b786b3c65837f00ef9dcda1e729533e934857577
EC-GAD-DAULE-LPI-GADIMCD-2025-03:0520,APUV1-a313473160da69ba0380eacc,APUCON-1a8b79caa9359003c1500b2f,EC-GAD-DAULE-LPI-GADIMCD-2025-03,MALECON,520,"SUMINISTRO E INSTALACION DE MATERIAL SUB-BASE CLASE 1A (INCLUYE TENDIDO CONFORMACION, COMPACTACION Y TRANSPORTE)",m3,0.038500,16.659094,0.2000,3.331819,0.000000,19.990913,19.990000,14,ANALISIS-DE-PRECIOS-UNITARIOS-1-1000-EXCEL.xlsx,sheet1,44210,a313473160da69ba0380eacc6857c7a2d8f7e1a20535a20a1eda93e9e3a2f14f
EC-GAD-DAULE-LPI-GADIMCD-2025-03:0521,APUV1-6cbefe7a4220fda980b2d544,APUCON-7c32707892258b04438e1e7e,EC-GAD-DAULE-LPI-GADIMCD-2025-03,MALECON,521,"SUMINISTRO E INSTALACION DE MATERIAL BASE CLASE 1A (INCLUYE TENDIDO, CONFORMACION, COMPACTACION Y TRANSPORTE)",m3,0.038000,25.407125,0.2000,5.081425,0.000000,30.488550,30.490000,14,ANALISIS-DE-PRECIOS-UNITARIOS-1-1000-EXCEL.xlsx,sheet1,44295,6cbefe7a4220fda980b2d54421e2fc5ce32b881a0abc24370e0547325e1144bf
EC-GAD-DAULE-LPI-GADIMCD-2025-03:0522,APUV1-abf6bed36afffbd6f6709c74,APUCON-f2397cb6a49d1621d7fee089,EC-GAD-DAULE-LPI-GADIMCD-2025-03,MALECON,522,SUMINISTRO E INSTALACION DE MATERIAL GRANULAR (INCLUYE TENDIDO CONFORMACION Y COMPACTACION),m3,0.011600,19.618766,0.2000,3.923753,0.000000,23.542520,23.540000,9,ANALISIS-DE-PRECIOS-UNITARIOS-1-1000-EXCEL.xlsx,sheet1,44380,abf6bed36afffbd6f6709c74f415b99a92f4eb84d645757bec13328fead48970
EC-GAD-DAULE-LPI-GADIMCD-2025-03:0523,APUV1-db303c4fcb7e8f1a7b521536,APUCON-7ec82c6e9326a6722635356d,EC-GAD-DAULE-LPI-GADIMCD-2025-03,MALECON,523,"SUMINISTRO E INSTALACION DE PIEDRA 3/4"" (INCLUYE TENDIDO CONFORMACION Y COMPACTACION)",m3,0.015500,19.179706,0.2000,3.835941,0.000000,23.015647,23.020000,7,ANALISIS-DE-PRECIOS-UNITARIOS-1-1000-EXCEL.xlsx,sheet1,44465,db303c4fcb7e8f1a7b521536b7d9ab86b9501c3ee338bb9ce75264ccdf0e3037
EC-GAD-DAULE-LPI-GADIMCD-2025-03:0524,APUV1-2f4cc252a1980dbd8891156f,APUCON-03367ee7d763caba66abc7ae,EC-GAD-DAULE-LPI-GADIMCD-2025-03,MALECON,524,PERFILADA DE HORMIGON EN CALLES,m,0.055400,3.001987,0.2000,0.600398,0.000000,3.602385,3.600000,4,ANALISIS-DE-PRECIOS-UNITARIOS-1-1000-EXCEL.xlsx,sheet1,44550,2f4cc252a1980dbd8891156f02bcb3852dad8dc81ae5a1d10ce764bbb39ae936
EC-GAD-DAULE-LPI-GADIMCD-2025-03:0525,APUV1-8d989018783bb14bc54d24eb,APUCON-4404d06903a3f5fa632c1c86,EC-GAD-DAULE-LPI-GADIMCD-2025-03,MALECON,525,ROTURA Y DESALOJO DE HORMIGON EN CALLES,m2,0.017090,2.290581,0.2000,0.458116,0.000000,2.748697,2.750000,8,ANALISIS-DE-PRECIOS-UNITARIOS-1-1000-EXCEL.xlsx,sheet1,44635,8d989018783bb14bc54d24eb309f2b064e1e4874397e7c190a61d63a41f60a35
EC-GAD-DAULE-LPI-GADIMCD-2025-03:0526,APUV1-3284e037c0661e8cb2ed7a21,APUCON-d063eba320f0a0a66f676330,EC-GAD-DAULE-LPI-GADIMCD-2025-03,MALECON,526,HORMIGON PAVIMENTADO 4.5 MPA PARA CALLES (INCLUIDO CURADO Y JUNTAS),m3,2.600000,251.720400,0.2000,50.344080,0.000000,302.064480,302.060000,13,ANALISIS-DE-PRECIOS-UNITARIOS-1-1000-EXCEL.xlsx,sheet1,44720,3284e037c0661e8cb2ed7a2168c2a42ad67d2fe6635e52f81d70577c941dc60e
EC-GAD-DAULE-LPI-GADIMCD-2025-03:0527,APUV1-e7f8d5ef9f624adb7b9d08fc,APUCON-49aff83a215624e94e66aaf2,EC-GAD-DAULE-LPI-GADIMCD-2025-03,MALECON,527,SUMINISTRO DE TUBERIA PVC ESTRUCTURADA DI=250 mm (DN275) NORMA NTE INEN 2059,m,0.000000,13.020000,0.2000,2.604000,0.000000,15.624000,15.620000,3,ANALISIS-DE-PRECIOS-UNITARIOS-1-1000-EXCEL.xlsx,sheet1,44805,e7f8d5ef9f624adb7b9d08fcd36c7625922c6d8156edc7e82c825e246ddb5ed5
EC-GAD-DAULE-LPI-GADIMCD-2025-03:0528,APUV1-bd729a6326a7e8fcd7f0c273,APUCON-ecab1584b6a236b6d9db601e,EC-GAD-DAULE-LPI-GADIMCD-2025-03,MALECON,528,INSTALACION DE TUBERIA PVC ESTRUCTURADA DI=250 mm (DN275) NORMA NTE INEN 2059,m,0.150000,4.823175,0.2000,0.964635,0.000000,5.787810,5.790000,8,ANALISIS-DE-PRECIOS-UNITARIOS-1-1000-EXCEL.xlsx,sheet1,44890,bd729a6326a7e8fcd7f0c2734066624fe1417b0c4ebd207ef75541faf71f51b8
EC-GAD-DAULE-LPI-GADIMCD-2025-03:0529,APUV1-8eddf7d763d0bd823de02507,APUCON-de5b96436a04af9941c6e5a0,EC-GAD-DAULE-LPI-GADIMCD-2025-03,MALECON,529,SUMINISTRO DE TUBERIA PVC ESTRUCTURADA DI= 500mm (DN540) NORMA NTE INEN 2059,m,0.833000,81.120000,0.2000,16.224000,0.000000,97.344000,97.340000,3,ANALISIS-DE-PRECIOS-UNITARIOS-1-1000-EXCEL.xlsx,sheet1,44975,8eddf7d763d0bd823de02507c34b9248517fa108597a4c97a1f3ed49a18a4eef
EC-GAD-DAULE-LPI-GADIMCD-2025-03:0530,APUV1-07a02cc7776dfa470f84f363,APUCON-ec714ab588af55e9cd0980de,EC-GAD-DAULE-LPI-GADIMCD-2025-03,MALECON,530,INSTALACION DE TUBERIA PVC ESTRUCTURADA DI= 500mm (DN540) NORMA NTE INEN 2059,m,0.270000,16.914960,0.2000,3.382992,0.000000,20.297952,20.300000,9,ANALISIS-DE-PRECIOS-UNITARIOS-1-1000-EXCEL.xlsx,sheet1,45060,07a02cc7776dfa470f84f363e452e81f6a3b62ffe32646e9d162826b0e78dbb5
EC-GAD-DAULE-LPI-GADIMCD-2025-03:0531,APUV1-1235db975ba312cfe55d3f12,APUCON-bee02e82ee988e213b58c32b,EC-GAD-DAULE-LPI-GADIMCD-2025-03,MALECON,531,SUMINISTRO DE TUBERIA PVC ESTRUCTURADA DI= 600 mm (DN650) NORMA NTE INEN 2059,m,0.000000,111.720000,0.2000,22.344000,0.000000,134.064000,134.060000,3,ANALISIS-DE-PRECIOS-UNITARIOS-1-1000-EXCEL.xlsx,sheet1,45145,1235db975ba312cfe55d3f120f5597de86810604a968e3f52b08ce2ca17a1019
EC-GAD-DAULE-LPI-GADIMCD-2025-03:0532,APUV1-56dac9b9dc410f18e1813786,APUCON-43b4f90cd3533a09a60e0a2b,EC-GAD-DAULE-LPI-GADIMCD-2025-03,MALECON,532,INSTALACION DE TUBERIA PVC ESTRUCTURADA DI= 600 mm (DN650) NORMA NTE INEN 2059,m,0.300000,18.794400,0.2000,3.758880,0.000000,22.553280,22.550000,9,ANALISIS-DE-PRECIOS-UNITARIOS-1-1000-EXCEL.xlsx,sheet1,45230,56dac9b9dc410f18e1813786bcbbf669d5df090996c38b4b326604abfa7d620a
EC-GAD-DAULE-LPI-GADIMCD-2025-03:0533,APUV1-05d136e4aa19ad67d6e3e674,APUCON-6c80be91d6b2514a740b0bba,EC-GAD-DAULE-LPI-GADIMCD-2025-03,MALECON,533,SUMINISTRO DE TUBERIA PVC ESTRUCTURADA DI= 700 mm (DN740) NORMA NTE INEN 2059,m,0.000000,147.680000,0.2000,29.536000,0.000000,177.216000,177.220000,3,ANALISIS-DE-PRECIOS-UNITARIOS-1-1000-EXCEL.xlsx,sheet1,45315,05d136e4aa19ad67d6e3e6747ef5cc097d47f69048f77b28d5899bd66ef1dc8c
EC-GAD-DAULE-LPI-GADIMCD-2025-03:0534,APUV1-e698ed0cb5cf8aa0e07298d3,APUCON-ebeeb26a48fd548f7de617af,EC-GAD-DAULE-LPI-GADIMCD-2025-03,MALECON,534,INSTALACION DE TUBERIA PVC ESTRUCTURADA DI = 700 mm (DN740) NORMA NTE INEN 2059,m,0.330000,20.673840,0.2000,4.134768,0.000000,24.808608,24.810000,9,ANALISIS-DE-PRECIOS-UNITARIOS-1-1000-EXCEL.xlsx,sheet1,45400,e698ed0cb5cf8aa0e07298d3dacd6777aac161b01486c8e2610256bcedb4cd86
EC-GAD-DAULE-LPI-GADIMCD-2025-03:0535,APUV1-bb5af59a4da6e4d902ed43d4,APUCON-b39cfad4a2a4ebbe3f84a770,EC-GAD-DAULE-LPI-GADIMCD-2025-03,MALECON,535,PRUEBA DE ESTANQUEIDAD Y ESCURRIMIENTO,m,0.049500,3.872473,0.2000,0.774495,0.000000,4.646968,4.650000,8,ANALISIS-DE-PRECIOS-UNITARIOS-1-1000-EXCEL.xlsx,sheet1,45485,bb5af59a4da6e4d902ed43d4d44ce05adbce4264cda65cdc21689c8084a4eabe
EC-GAD-DAULE-LPI-GADIMCD-2025-03:0536,APUV1-75bcb5958151f0e78f510348,APUCON-0cbcdc18c2f1c4b1bd08d810,EC-GAD-DAULE-LPI-GADIMCD-2025-03,MALECON,536,EXCAVACION A MANO,m3,0.555000,10.192298,0.2000,2.038460,0.000000,12.230757,12.230000,4,ANALISIS-DE-PRECIOS-UNITARIOS-1-1000-EXCEL.xlsx,sheet1,45570,75bcb5958151f0e78f510348ba8c308e293b3bf0549e7ce6f38b32a54fb0df4d
EC-GAD-DAULE-LPI-GADIMCD-2025-03:0537,APUV1-34b233ad709c151d01f184ea,APUCON-154bc66efa9589c542172f6b,EC-GAD-DAULE-LPI-GADIMCD-2025-03,MALECON,537,DESALOJO DEL MATERIAL SOBRANTE (BOTADERO MUNICIPAL),m3,0.092500,2.916617,0.2000,0.583323,0.000000,3.499941,3.500000,3,ANALISIS-DE-PRECIOS-UNITARIOS-1-1000-EXCEL.xlsx,sheet1,45655,34b233ad709c151d01f184ea900c462d2f9c3768eb44b57fc199aab9337e1d3e
EC-GAD-DAULE-LPI-GADIMCD-2025-03:0538,APUV1-aa35c4fd6ea104f132466063,APUCON-31eebd221dc0afa35b1aafbe,EC-GAD-DAULE-LPI-GADIMCD-2025-03,MALECON,538,"RELLENO COMPACTADO CON VIBROAPISONADOR, MATERIAL DE SITIO",m3,0.140000,3.621030,0.2000,0.724206,0.000000,4.345236,4.350000,5,ANALISIS-DE-PRECIOS-UNITARIOS-1-1000-EXCEL.xlsx,sheet1,45740,aa35c4fd6ea104f132466063ea6958847fe5cb0f0c6f0b834607309c3d7e0255
EC-GAD-DAULE-LPI-GADIMCD-2025-03:0539,APUV1-1f46d986fd85efbab376f2d0,APUCON-1c7defe720becd4db6cf28ad,EC-GAD-DAULE-LPI-GADIMCD-2025-03,MALECON,539,HORMIGON PREMEZCLADO F´C=210 Kg/cm2 INCLUYE ENCOFRADO,m3,1.750000,188.868125,0.2000,37.773625,0.000000,226.641750,226.640000,9,ANALISIS-DE-PRECIOS-UNITARIOS-1-1000-EXCEL.xlsx,sheet1,45825,1f46d986fd85efbab376f2d0a638ef8ad8bb85627f3f2fd7729ea47054db7a80
EC-GAD-DAULE-LPI-GADIMCD-2025-03:0540,APUV1-124aa947f8a5202036f0ea51,APUCON-fa19a4bf8fbac1228b8377dc,EC-GAD-DAULE-LPI-GADIMCD-2025-03,MALECON,540,HORMIGON PREMEZCLADO F'C=180 Kg/cm2 PARA REPLANTILLO INCLUYE ENCOFRADO,m3,1.500000,167.534000,0.2000,33.506800,0.000000,201.040800,201.040000,8,ANALISIS-DE-PRECIOS-UNITARIOS-1-1000-EXCEL.xlsx,sheet1,45910,124aa947f8a5202036f0ea512f67107a82f2082f94578962618b0a31a959b5dd
EC-GAD-DAULE-LPI-GADIMCD-2025-03:0541,APUV1-03e1287f0d767e1547be17c7,APUCON-2f2c9d3d698ad877a4e94f22,EC-GAD-DAULE-LPI-GADIMCD-2025-03,MALECON,541,ACERO DE REFUERZO EN BARRAS FY=4200 Kg/cm2,Kg,0.025000,1.931563,0.2000,0.386313,0.000000,2.317875,2.320000,7,ANALISIS-DE-PRECIOS-UNITARIOS-1-1000-EXCEL.xlsx,sheet1,45995,03e1287f0d767e1547be17c7f382c830483aeaa52945a4df6a8be7fafa676a03
EC-GAD-DAULE-LPI-GADIMCD-2025-03:0542,APUV1-e2ee11e3111c9c5da52d3632,APUCON-6503199922f1f06592efcf97,EC-GAD-DAULE-LPI-GADIMCD-2025-03,MALECON,542,SUMINISTRO E INSTALACION DE REJILLA DE HD TIPO II 0.70x0.60m,u,0.250000,164.604250,0.2000,32.920850,0.000000,197.525100,197.530000,6,ANALISIS-DE-PRECIOS-UNITARIOS-1-1000-EXCEL.xlsx,sheet1,46080,e2ee11e3111c9c5da52d36321f2dcb61502a7d8ddc74ef539ed1303a0283f42b
EC-GAD-DAULE-LPI-GADIMCD-2025-03:0543,APUV1-f1cb9932cdd3ad61a274a261,APUCON-66855de4d5c38d3778918220,EC-GAD-DAULE-LPI-GADIMCD-2025-03,MALECON,543,"EXCAVACION MECANICA EN SUELO SIN CLASIFICAR 0,00 < H < 2,00m",m3,0.029760,3.198560,0.2000,0.639712,0.000000,3.838272,3.840000,7,ANALISIS-DE-PRECIOS-UNITARIOS-1-1000-EXCEL.xlsx,sheet1,46165,f1cb9932cdd3ad61a274a26179a699159a8b0e62898b87ca99c16c1b933f8582
EC-GAD-DAULE-LPI-GADIMCD-2025-03:0544,APUV1-34b233ad709c151d01f184ea,APUCON-154bc66efa9589c542172f6b,EC-GAD-DAULE-LPI-GADIMCD-2025-03,MALECON,544,DESALOJO DEL MATERIAL SOBRANTE (BOTADERO MUNICIPAL),m3,0.092500,2.916617,0.2000,0.583323,0.000000,3.499941,3.500000,3,ANALISIS-DE-PRECIOS-UNITARIOS-1-1000-EXCEL.xlsx,sheet1,46250,34b233ad709c151d01f184ea900c462d2f9c3768eb44b57fc199aab9337e1d3e
EC-GAD-DAULE-LPI-GADIMCD-2025-03:0545,APUV1-e59cebfcd77c6c8c65506b68,APUCON-73f0e99a16978c5df411a0eb,EC-GAD-DAULE-LPI-GADIMCD-2025-03,MALECON,545,RELLENO COMPACTADO CON COMPACTADOR MANUAL DE MATERIAL IMPORTADO (INCLUYE TRANSPORTE),m3,0.125000,17.215750,0.2000,3.443150,0.000000,20.658900,20.660000,7,ANALISIS-DE-PRECIOS-UNITARIOS-1-1000-EXCEL.xlsx,sheet1,46335,e59cebfcd77c6c8c65506b68b786b3c65837f00ef9dcda1e729533e934857577
EC-GAD-DAULE-LPI-GADIMCD-2025-03:0546,APUV1-124aa947f8a5202036f0ea51,APUCON-fa19a4bf8fbac1228b8377dc,EC-GAD-DAULE-LPI-GADIMCD-2025-03,MALECON,546,HORMIGON PREMEZCLADO F'C=180 Kg/cm2 PARA REPLANTILLO INCLUYE ENCOFRADO,m3,1.500000,167.534000,0.2000,33.506800,0.000000,201.040800,201.040000,8,ANALISIS-DE-PRECIOS-UNITARIOS-1-1000-EXCEL.xlsx,sheet1,46420,124aa947f8a5202036f0ea512f67107a82f2082f94578962618b0a31a959b5dd
EC-GAD-DAULE-LPI-GADIMCD-2025-03:0547,APUV1-4384a1780f9b8e97c4ee22f7,APUCON-c3b011505a0ea740a256bbcc,EC-GAD-DAULE-LPI-GADIMCD-2025-03,MALECON,547,HORMIGON PREMEZCLADO F´C=280 Kg/cm2 CON IMPERMEABILIZANTE (INCLUYE ENCOFRADO),m3,2.800000,259.114200,0.2000,51.822840,0.000000,310.937040,310.940000,10,ANALISIS-DE-PRECIOS-UNITARIOS-1-1000-EXCEL.xlsx,sheet1,46505,4384a1780f9b8e97c4ee22f709f5489574b2f48abe1487e4d579054512a219b3
EC-GAD-DAULE-LPI-GADIMCD-2025-03:0548,APUV1-03e1287f0d767e1547be17c7,APUCON-2f2c9d3d698ad877a4e94f22,EC-GAD-DAULE-LPI-GADIMCD-2025-03,MALECON,548,ACERO DE REFUERZO EN BARRAS FY=4200 Kg/cm2,Kg,0.025000,1.931563,0.2000,0.386313,0.000000,2.317875,2.320000,7,ANALISIS-DE-PRECIOS-UNITARIOS-1-1000-EXCEL.xlsx,sheet1,46590,03e1287f0d767e1547be17c7f382c830483aeaa52945a4df6a8be7fafa676a03
EC-GAD-DAULE-LPI-GADIMCD-2025-03:0549,APUV1-8a0d58ae3d06eb9672addae2,APUCON-6c3262d614b513e144e2eb0d,EC-GAD-DAULE-LPI-GADIMCD-2025-03,MALECON,549,SUMINISTRO E INSTALACION DE VALVULA DE CLAPETA DE DESCARGA D=600mm (INCLUYE ACCESORIOS),u,5.000000,3084.105000,0.2000,616.821000,0.000000,3700.926000,3700.930000,7,ANALISIS-DE-PRECIOS-UNITARIOS-1-1000-EXCEL.xlsx,sheet1,46675,8a0d58ae3d06eb9672addae2a898e6da643bd590fb8348d930d9b29d2f389ff8
EC-GAD-DAULE-LPI-GADIMCD-2025-03:0550,APUV1-8fd7fe63af122b703f1d7b20,APUCON-9ba01c48cb4f95ca0f1de0d3,EC-GAD-DAULE-LPI-GADIMCD-2025-03,MALECON,550,SUMINISTRO E INSTALACION DE VALVULA DE CLAPETA DE DESCARGA D=700mm (INCLUYE ACCESORIOS),u,6.000000,3611.456000,0.2000,722.291200,0.000000,4333.747200,4333.750000,7,ANALISIS-DE-PRECIOS-UNITARIOS-1-1000-EXCEL.xlsx,sheet1,46760,8fd7fe63af122b703f1d7b20728e382d19d21af98a3c2851e74d6b8ff5acbbdf
EC-GAD-DAULE-LPI-GADIMCD-2025-03:0551,APUV1-ca149bd73277ccc9f5246098,APUCON-555158d595d0dfdfe877df40,EC-GAD-DAULE-LPI-GADIMCD-2025-03,MALECON,551,SUMINISTRO E INSTALACION DE VALVULA DE CLAPETA DE DESCARGA D=1200mm (INCLUYE ACCESORIOS),u,8.500000,7926.158500,0.2000,1585.231700,0.000000,9511.390200,9511.390000,7,ANALISIS-DE-PRECIOS-UNITARIOS-1-1000-EXCEL.xlsx,sheet1,46845,ca149bd73277ccc9f5246098c8584dab7bce90027ea18d5474ae5cba8ab8045e
EC-GAD-DAULE-LPI-GADIMCD-2025-03:0552,APUV1-4384a1780f9b8e97c4ee22f7,APUCON-c3b011505a0ea740a256bbcc,EC-GAD-DAULE-LPI-GADIMCD-2025-03,MALECON,552,HORMIGON PREMEZCLADO F´C=280 Kg/cm2 CON IMPERMEABILIZANTE (INCLUYE ENCOFRADO),m3,2.800000,259.114200,0.2000,51.822840,0.000000,310.937040,310.940000,10,ANALISIS-DE-PRECIOS-UNITARIOS-1-1000-EXCEL.xlsx,sheet1,46930,4384a1780f9b8e97c4ee22f709f5489574b2f48abe1487e4d579054512a219b3
EC-GAD-DAULE-LPI-GADIMCD-2025-03:0553,APUV1-47f96e8a80fd17d18034103d,APUCON-e8192d05469acfe5d28e5529,EC-GAD-DAULE-LPI-GADIMCD-2025-03,MALECON,553,"MALLA ELECTROSOLDADA 15x15 - 5,5mm",m2,0.045000,5.021822,0.2000,1.004365,0.000000,6.026187,6.030000,9,ANALISIS-DE-PRECIOS-UNITARIOS-1-1000-EXCEL.xlsx,sheet1,47015,47f96e8a80fd17d18034103ddc91b9f679b4ef05f5f52163a1d36b5333f13478
EC-GAD-DAULE-LPI-GADIMCD-2025-03:0554,APUV1-7449f8012b463ce7cd43aa15,APUCON-ab62087fb377468766550132,EC-GAD-DAULE-LPI-GADIMCD-2025-03,MALECON,554,SUMINISTRO E INSTALACION DE REJILLA DE HD TIPO I 0.70x0.40m,u,0.200000,123.683400,0.2000,24.736680,0.000000,148.420080,148.420000,6,ANALISIS-DE-PRECIOS-UNITARIOS-1-1000-EXCEL.xlsx,sheet1,47100,7449f8012b463ce7cd43aa150cd9e6eadb8f2c2ae1fb6e83a61174c42bcaa993
EC-GAD-DAULE-LPI-GADIMCD-2025-03:0555,APUV1-99380a8218d7c0ce10da7d57,APUCON-5721d6d13bbe8870067d9f9c,EC-GAD-DAULE-LPI-GADIMCD-2025-03,MALECON,555,SUMINISTRO E INSTALACION DE PERFIL ESTRUCTURAL L 50X3,m,0.300000,13.526300,0.2000,2.705260,0.000000,16.231560,16.230000,12,ANALISIS-DE-PRECIOS-UNITARIOS-1-1000-EXCEL.xlsx,sheet1,47185,99380a8218d7c0ce10da7d57fd17a04323e9983b738a5c3b0ce7156c1e374899
EC-GAD-DAULE-LPI-GADIMCD-2025-03:0556,APUV1-6903569f62fd2121bb7edb26,APUCON-a09b629238f80c719a133c6b,EC-GAD-DAULE-LPI-GADIMCD-2025-03,MALECON,556,SUMINISTRO DE TUBERIA PVC ESTRUCTURADA DI=160 mm (DN175) NORMA NTE INEN 2059,m,0.000000,9.380000,0.2000,1.876000,0.000000,11.256000,11.260000,3,ANALISIS-DE-PRECIOS-UNITARIOS-1-1000-EXCEL.xlsx,sheet1,47270,6903569f62fd2121bb7edb26aba59d961e3129840fa691740d398adce9ae7706
EC-GAD-DAULE-LPI-GADIMCD-2025-03:0557,APUV1-7f4a4aa796b840723a77512e,APUCON-0913926190c80354e5ae990b,EC-GAD-DAULE-LPI-GADIMCD-2025-03,MALECON,557,INSTALACION DE TUBERIA PVC ESTRUCTURADA DI=160 mm (DN175) NORMA NTE INEN 2059,m,0.100000,3.215450,0.2000,0.643090,0.000000,3.858540,3.860000,8,ANALISIS-DE-PRECIOS-UNITARIOS-1-1000-EXCEL.xlsx,sheet1,47355,7f4a4aa796b840723a77512e989a955b6e810db293e612eafd3b548a53e714f2
EC-GAD-DAULE-LPI-GADIMCD-2025-03:0558,APUV1-bba63273c3991e2630c9a59f,APUCON-35d4c1ef5b8ceff5128d2e06,EC-GAD-DAULE-LPI-GADIMCD-2025-03,MALECON,558,SUMINISTRO E INSTALACION DE EXTINTOR TIPO A,u,1.000000,198.089000,0.2000,39.617800,0.000000,237.706800,237.710000,4,ANALISIS-DE-PRECIOS-UNITARIOS-1-1000-EXCEL.xlsx,sheet1,47440,bba63273c3991e2630c9a59fc6b8e0be6bcd589d67ebfe3963f093b3e574a698
EC-GAD-DAULE-LPI-GADIMCD-2025-03:0559,APUV1-73feee7fd411206759fe5347,APUCON-ddf9a21faff175210d64947e,EC-GAD-DAULE-LPI-GADIMCD-2025-03,MALECON,559,SUMINISTRO E INSTALACIÓN DE LETRERO PROHIBIDO FUMAR,u,0.070000,6.310905,0.2000,1.262181,0.000000,7.573086,7.570000,3,ANALISIS-DE-PRECIOS-UNITARIOS-1-1000-EXCEL.xlsx,sheet1,47525,73feee7fd411206759fe5347eec83eb6dbaa0ff2ad15b100e072f40fa6e8ddfb
EC-GAD-DAULE-LPI-GADIMCD-2025-03:0560,APUV1-117f4d0f53d575897e62f1f1,APUCON-fe130c040b512e497e6aa40c,EC-GAD-DAULE-LPI-GADIMCD-2025-03,MALECON,560,SUMINISTRO E INSTALACION DE ALARMA CONTRAINCENDIO,u,1.000000,263.923000,0.2000,52.784600,0.000000,316.707600,316.710000,5,ANALISIS-DE-PRECIOS-UNITARIOS-1-1000-EXCEL.xlsx,sheet1,47610,117f4d0f53d575897e62f1f16923d107433dae8fa8b17a167a4809ecc928a6f2
EC-GAD-DAULE-LPI-GADIMCD-2025-03:0561,APUV1-fa81a3a3da9cba1ebe1cb3bc,APUCON-0852a56089b065fdfdb3d549,EC-GAD-DAULE-LPI-GADIMCD-2025-03,MALECON,561,SUMINISTRO E INSTALACION DE LETRERO PROHIBIDO HACER FUEGO,u,0.080000,6.355320,0.2000,1.271064,0.000000,7.626384,7.630000,3,ANALISIS-DE-PRECIOS-UNITARIOS-1-1000-EXCEL.xlsx,sheet1,47695,fa81a3a3da9cba1ebe1cb3bc439afea36dc6f1f656c13f7e95ae614ab5feee7d
EC-GAD-DAULE-LPI-GADIMCD-2025-03:0562,APUV1-250da3f6963a97975d7ed87b,APUCON-21cd25e6912a8ce570331f3c,EC-GAD-DAULE-LPI-GADIMCD-2025-03,MALECON,562,SUMINISTRO E INSTALACION DE DETECTOR DE HUMO,u,1.000000,42.523000,0.2000,8.504600,0.000000,51.027600,51.030000,5,ANALISIS-DE-PRECIOS-UNITARIOS-1-1000-EXCEL.xlsx,sheet1,47780,250da3f6963a97975d7ed87bd1ae553cd39c65c3edc8f91f3bc5e1e62182c38f
EC-GAD-DAULE-LPI-GADIMCD-2025-03:0563,APUV1-3303cd5e6e4b4231cd789262,APUCON-538fdc079d9c31f32c4a2755,EC-GAD-DAULE-LPI-GADIMCD-2025-03,MALECON,563,SUMINISTRO E INSTALACION DE LETRERO SALIDA ESCALERA DERECHA ABAJO,u,0.090000,6.399735,0.2000,1.279947,0.000000,7.679682,7.680000,3,ANALISIS-DE-PRECIOS-UNITARIOS-1-1000-EXCEL.xlsx,sheet1,47865,3303cd5e6e4b4231cd789262c903524cd0a7e425f9ea18ef802cb922526d520c
EC-GAD-DAULE-LPI-GADIMCD-2025-03:0564,APUV1-2006a074b084b70607316008,APUCON-c5a356189346df3de9cb94c2,EC-GAD-DAULE-LPI-GADIMCD-2025-03,MALECON,564,SUMINISTRO E INSTALACION DE BOTIQUIN DE PRIMEROS AUXILIOS,u,0.400000,45.256600,0.2000,9.051320,0.000000,54.307920,54.310000,3,ANALISIS-DE-PRECIOS-UNITARIOS-1-1000-EXCEL.xlsx,sheet1,47950,2006a074b084b7060731600894ffd97beb1325b186c4268105d07514762483f6
EC-GAD-DAULE-LPI-GADIMCD-2025-03:0565,APUV1-9499735bad036f62e0fafa66,APUCON-e8758a088e934159d2839fb8,EC-GAD-DAULE-LPI-GADIMCD-2025-03,MALECON,565,SUMINISTRO E INSTALACION DE LETRERO PUNTO DE ENCUENTRO,u,0.100000,6.444150,0.2000,1.288830,0.000000,7.732980,7.730000,3,ANALISIS-DE-PRECIOS-UNITARIOS-1-1000-EXCEL.xlsx,sheet1,48035,9499735bad036f62e0fafa665438f6887747638fdd06ffe6d3f175e951153789
EC-GAD-DAULE-LPI-GADIMCD-2025-03:0566,APUV1-b353809d6fab3926acb02478,APUCON-26a2612900588a6a0ee344a4,EC-GAD-DAULE-LPI-GADIMCD-2025-03,MALECON,566,SUMINISTRO E INSTALACION DE LETRERO SALIDA,u,0.110000,6.488565,0.2000,1.297713,0.000000,7.786278,7.790000,3,ANALISIS-DE-PRECIOS-UNITARIOS-1-1000-EXCEL.xlsx,sheet1,48120,b353809d6fab3926acb02478d7a739370d8ab3a8fa614fbde4746c65d7a8eac3
EC-GAD-DAULE-LPI-GADIMCD-2025-03:0567,APUV1-5c184f9050b78cdf7ae5ca54,APUCON-5532a718c2dd944b2ba25c4f,EC-GAD-DAULE-LPI-GADIMCD-2025-03,MALECON,567,SUMINISTRO E INSTALACION DE LUZ DE EMERGENCIA,u,1.000000,57.423000,0.2000,11.484600,0.000000,68.907600,68.910000,5,ANALISIS-DE-PRECIOS-UNITARIOS-1-1000-EXCEL.xlsx,sheet1,48205,5c184f9050b78cdf7ae5ca545690863c9c0e6b919fdcaa920a3ce7d42b904e7b
EC-GAD-DAULE-LPI-GADIMCD-2025-03:0568,APUV1-98e4d8d293e6b17da01b71d9,APUCON-aeb4c4cde12d190ec5958a2b,EC-GAD-DAULE-LPI-GADIMCD-2025-03,MALECON,568,SUMINISTRO E INSTALACION DE EXTINTOR TIPO K,u,1.000000,434.429000,0.2000,86.885800,0.000000,521.314800,521.310000,4,ANALISIS-DE-PRECIOS-UNITARIOS-1-1000-EXCEL.xlsx,sheet1,48290,98e4d8d293e6b17da01b71d938bc406de8c5668df284efb1afe2c3fc68144835
EC-GAD-DAULE-LPI-GADIMCD-2025-03:0569,APUV1-c0091a7c558f14ed7f4b53d1,APUCON-d17752ee683fc13dd01e640c,EC-GAD-DAULE-LPI-GADIMCD-2025-03,MALECON,569,SUMINISTRO E INSTALACION DE TUBERIA ACERO ASTM A36 D=40mm,m,0.150000,9.063150,0.2000,1.812630,0.000000,10.875780,10.880000,7,ANALISIS-DE-PRECIOS-UNITARIOS-1-1000-EXCEL.xlsx,sheet1,48375,c0091a7c558f14ed7f4b53d1ab958f32c05ff4efe0e4504ab2b1057e261afe66
EC-GAD-DAULE-LPI-GADIMCD-2025-03:0570,APUV1-dc467025068608b5995fa3c1,APUCON-86c9c4aa617b75dfa4de89d0,EC-GAD-DAULE-LPI-GADIMCD-2025-03,MALECON,570,SUMINISTRO E INSTALACION DE CODO ACERO ASTM A36 D = 40mmX90',u,0.200000,8.414600,0.2000,1.682920,0.000000,10.097520,10.100000,5,ANALISIS-DE-PRECIOS-UNITARIOS-1-1000-EXCEL.xlsx,sheet1,48460,dc467025068608b5995fa3c1fcab61f494ce9aac89946902fc824f23b3449bb5
EC-GAD-DAULE-LPI-GADIMCD-2025-03:0571,APUV1-ef39c36ca0b6953409cb2645,APUCON-01bbf1727d6e9e04f00c6bb5,EC-GAD-DAULE-LPI-GADIMCD-2025-03,MALECON,571,SUMINISTRO E INSTALACION DE BRIDA DE ACERO AL CARBONO ASTM A-105 DN 40mm,u,0.250000,37.931000,0.2000,7.586200,0.000000,45.517200,45.520000,11,ANALISIS-DE-PRECIOS-UNITARIOS-1-1000-EXCEL.xlsx,sheet1,48545,ef39c36ca0b6953409cb26451044214a2fb41f3f0fe9e0fa1b1bb008b1648aca
EC-GAD-DAULE-LPI-GADIMCD-2025-03:0572,APUV1-a9e8fafe09b78f0e287bb0eb,APUCON-89333569c129a862f79373c9,EC-GAD-DAULE-LPI-GADIMCD-2025-03,MALECON,572,"SUMINISTRO E INSTALACION DE BOMBA CENTRIFUGA TDH=37.1m, Q=8.61 L/S (INCLUYE ACCESORIOS)",u,10.000000,2547.470000,0.2000,509.494000,0.000000,3056.964000,3056.960000,8,ANALISIS-DE-PRECIOS-UNITARIOS-1-1000-EXCEL.xlsx,sheet1,48630,a9e8fafe09b78f0e287bb0eb7450a9eb6c3212a25efc3763c9c879f3a3eb9c2d
EC-GAD-DAULE-LPI-GADIMCD-2025-03:0573,APUV1-53e6ccc96ef83a8dec40663b,APUCON-e9259f705a8e34b9082a491a,EC-GAD-DAULE-LPI-GADIMCD-2025-03,MALECON,573,SUMINISTRO E INSTALACION DE REDUCTOR ACERO ASTM A36 50 A 40mm,u,0.250000,14.390750,0.2000,2.878150,0.000000,17.268900,17.270000,5,ANALISIS-DE-PRECIOS-UNITARIOS-1-1000-EXCEL.xlsx,sheet1,48715,53e6ccc96ef83a8dec40663ba65257fc6620337b15d7f8f68dbd41c64288f7ad
EC-GAD-DAULE-LPI-GADIMCD-2025-03:0574,APUV1-6b6048c730287c9ad21e47e3,APUCON-4c76fd84e168e5cc409e5562,EC-GAD-DAULE-LPI-GADIMCD-2025-03,MALECON,574,SUMINISTRO E INSTALACION DE BRIDA DE ACERO AL CARBONO ASTM A-105 DN 50mm,u,0.250000,45.931000,0.2000,9.186200,0.000000,55.117200,55.120000,11,ANALISIS-DE-PRECIOS-UNITARIOS-1-1000-EXCEL.xlsx,sheet1,48800,6b6048c730287c9ad21e47e3a833b1bd4bb7622819b67399d9dac1070ef2db96
EC-GAD-DAULE-LPI-GADIMCD-2025-03:0575,APUV1-ef39c36ca0b6953409cb2645,APUCON-01bbf1727d6e9e04f00c6bb5,EC-GAD-DAULE-LPI-GADIMCD-2025-03,MALECON,575,SUMINISTRO E INSTALACION DE BRIDA DE ACERO AL CARBONO ASTM A-105 DN 40mm,u,0.250000,37.931000,0.2000,7.586200,0.000000,45.517200,45.520000,11,ANALISIS-DE-PRECIOS-UNITARIOS-1-1000-EXCEL.xlsx,sheet1,48885,ef39c36ca0b6953409cb26451044214a2fb41f3f0fe9e0fa1b1bb008b1648aca
EC-GAD-DAULE-LPI-GADIMCD-2025-03:0576,APUV1-4619cb725e603f98650701cc,APUCON-13f8de3d257b717bbad205e7,EC-GAD-DAULE-LPI-GADIMCD-2025-03,MALECON,576,SUMINISTRO E INSTALACION DE VALVULA COMPUERTA VASTAGO FIJO EXTREMOS BRIDADOS D=80mm PN10/16,u,3.500000,317.970500,0.2000,63.594100,0.000000,381.564600,381.560000,5,ANALISIS-DE-PRECIOS-UNITARIOS-1-1000-EXCEL.xlsx,sheet1,48970,4619cb725e603f98650701cc3614f11629cf577b59d96e93b4d212005cc41a59
EC-GAD-DAULE-LPI-GADIMCD-2025-03:0577,APUV1-84cdd7bb54a7f1e84366eb35,APUCON-c561a0f27807506246972fec,EC-GAD-DAULE-LPI-GADIMCD-2025-03,MALECON,577,SUMINISTRO E INSTALACION DE VALVULA CHECK BRIDADA DE H.D. TIPO SWING D=80mm PN10/16,u,0.500000,236.961500,0.2000,47.392300,0.000000,284.353800,284.350000,5,ANALISIS-DE-PRECIOS-UNITARIOS-1-1000-EXCEL.xlsx,sheet1,49055,84cdd7bb54a7f1e84366eb35a6382546656ed6c2797a8b55ff1c02df4b4d5f23
EC-GAD-DAULE-LPI-GADIMCD-2025-03:0578,APUV1-369047d8b301d3678401de6d,APUCON-71d17d12772887e0b4fab837,EC-GAD-DAULE-LPI-GADIMCD-2025-03,MALECON,578,SUMINISTRO E INSTALACION DE BRIDA DE ACERO AL CARBONO ASTM A-105 DN 80mm,u,0.250000,84.931000,0.2000,16.986200,0.000000,101.917200,101.920000,11,ANALISIS-DE-PRECIOS-UNITARIOS-1-1000-EXCEL.xlsx,sheet1,49140,369047d8b301d3678401de6dca5d32e393ac4910d2042a0712922c12ea9a4f3d
EC-GAD-DAULE-LPI-GADIMCD-2025-03:0579,APUV1-5192d00e3052c700341b25b3,APUCON-c9c1f7692f2bf23d1805c121,EC-GAD-DAULE-LPI-GADIMCD-2025-03,MALECON,579,SUMINISTRO E INSTALACION DE UNION UNIVERSAL DE HD DN80mm PN24,u,0.500000,78.032250,0.2000,15.606450,0.000000,93.638700,93.640000,5,ANALISIS-DE-PRECIOS-UNITARIOS-1-1000-EXCEL.xlsx,sheet1,49225,5192d00e3052c700341b25b39222a27feb01c95c38acaa1dc44da7e8ee31546a
EC-GAD-DAULE-LPI-GADIMCD-2025-03:0580,APUV1-c7f7d0f46bb3bfbf0bd3e333,APUCON-e77fae3e4118af8fdc3cdb3a,EC-GAD-DAULE-LPI-GADIMCD-2025-03,MALECON,580,"MANOMETRO VERTICAL 1/2""",u,0.500000,58.565250,0.2000,11.713050,0.000000,70.278300,70.280000,4,ANALISIS-DE-PRECIOS-UNITARIOS-1-1000-EXCEL.xlsx,sheet1,49310,c7f7d0f46bb3bfbf0bd3e33339f880eec253d3f8d55a2947135cdc7a047079bb
EC-GAD-DAULE-LPI-GADIMCD-2025-03:0581,APUV1-5714331f25c1d7acb47eca72,APUCON-f8149ffba8c324c6d40db576,EC-GAD-DAULE-LPI-GADIMCD-2025-03,MALECON,581,"SUMINISTRO E INSTALACION DE VALVULA DE AIRE 3"" TRIPLE ACCION (INCLUYE ACCESORIOS)",u,3.000000,776.261000,0.2000,155.252200,0.000000,931.513200,931.510000,7,ANALISIS-DE-PRECIOS-UNITARIOS-1-1000-EXCEL.xlsx,sheet1,49395,5714331f25c1d7acb47eca72ba157760c4d23f4bfaf2d0cb0afa46c27e4fe04e
EC-GAD-DAULE-LPI-GADIMCD-2025-03:0582,APUV1-369047d8b301d3678401de6d,APUCON-71d17d12772887e0b4fab837,EC-GAD-DAULE-LPI-GADIMCD-2025-03,MALECON,582,SUMINISTRO E INSTALACION DE BRIDA DE ACERO AL CARBONO ASTM A-105 DN 80mm,u,0.250000,84.931000,0.2000,16.986200,0.000000,101.917200,101.920000,11,ANALISIS-DE-PRECIOS-UNITARIOS-1-1000-EXCEL.xlsx,sheet1,49480,369047d8b301d3678401de6dca5d32e393ac4910d2042a0712922c12ea9a4f3d
EC-GAD-DAULE-LPI-GADIMCD-2025-03:0583,APUV1-4f6b2013df96544e7621b9de,APUCON-9edddf054712d4df63d17b35,EC-GAD-DAULE-LPI-GADIMCD-2025-03,MALECON,583,SUMINISTRO DE TUBERIA PVC LISA DI=75 mm (DESAGUE CISTERNA),m,0.000000,4.560000,0.2000,0.912000,0.000000,5.472000,5.470000,2,ANALISIS-DE-PRECIOS-UNITARIOS-1-1000-EXCEL.xlsx,sheet1,49565,4f6b2013df96544e7621b9de88af53388850d0c2acefb158606765984e119090
EC-GAD-DAULE-LPI-GADIMCD-2025-03:0584,APUV1-16c0934d182bb45fdc1966a1,APUCON-5065bebea5b45ae3da72135a,EC-GAD-DAULE-LPI-GADIMCD-2025-03,MALECON,584,INSTALACION DE TUBERIA PVC LISA DI=75 mm (DESAGUE CISTERNA),m,0.150000,4.962855,0.2000,0.992571,0.000000,5.955426,5.960000,8,ANALISIS-DE-PRECIOS-UNITARIOS-1-1000-EXCEL.xlsx,sheet1,49650,16c0934d182bb45fdc1966a13e2497ae339d69faf9886c270750eb3f1e228bb8
EC-GAD-DAULE-LPI-GADIMCD-2025-03:0585,APUV1-112a51764eabfac24368e110,APUCON-106fcdd2bc7a03b8dbc32974,EC-GAD-DAULE-LPI-GADIMCD-2025-03,MALECON,585,"HORMIGON PREMEZCLADO F´C=180 Kg/cm2, PARA BLOQUES DE ANCLAJES",m3,1.500000,157.139000,0.2000,31.427800,0.000000,188.566800,188.570000,6,ANALISIS-DE-PRECIOS-UNITARIOS-1-1000-EXCEL.xlsx,sheet1,49735,112a51764eabfac24368e1103c3597785d022c3f54a84db02a9247038b8a977a
EC-GAD-DAULE-LPI-GADIMCD-2025-03:0586,APUV1-ddcbe1363478336a186f0867,APUCON-8a4067c08d3384c78284dfa9,EC-GAD-DAULE-LPI-GADIMCD-2025-03,MALECON,586,SUMINISTRO E INSTALACION DE CODO 90' PP 2 1/2 IN ROSCABLE,u,0.500000,22.131500,0.2000,4.426300,0.000000,26.557800,26.560000,5,ANALISIS-DE-PRECIOS-UNITARIOS-1-1000-EXCEL.xlsx,sheet1,49820,ddcbe1363478336a186f0867c22960de644d6a79fb5aa2c3f4d54e71b8797afa
EC-GAD-DAULE-LPI-GADIMCD-2025-03:0587,APUV1-41a68c0c82ec4ab7cf6afa76,APUCON-22601d268d97ff5bf7c81d6c,EC-GAD-DAULE-LPI-GADIMCD-2025-03,MALECON,587,SUMINISTRO DE TUBERIA PP UNION ROSCABLE DI=2 1/2 plg 1.25 MPA,m,0.000000,17.160000,0.2000,3.432000,0.000000,20.592000,20.590000,3,ANALISIS-DE-PRECIOS-UNITARIOS-1-1000-EXCEL.xlsx,sheet1,49905,41a68c0c82ec4ab7cf6afa76e78972911ed0844a30db6051799ca51826e1091e
EC-GAD-DAULE-LPI-GADIMCD-2025-03:0588,APUV1-a88e431bc87c41ca135dadc1,APUCON-6686e211d47a21769f68adf7,EC-GAD-DAULE-LPI-GADIMCD-2025-03,MALECON,588,INSTALACION DE TUBERIA PP UNION ROSCABLE DI=2 1/2 plg 1.25 MPA,m,0.149500,5.105201,0.2000,1.021040,0.000000,6.126241,6.130000,8,ANALISIS-DE-PRECIOS-UNITARIOS-1-1000-EXCEL.xlsx,sheet1,49990,a88e431bc87c41ca135dadc13772e845e0e83c5bf5bdc52e2aa6b874be465d0d
EC-GAD-DAULE-LPI-GADIMCD-2025-03:0589,APUV1-f14fd22373504a5475e15de1,APUCON-a5ed616d51fda41d4bb2ed0e,EC-GAD-DAULE-LPI-GADIMCD-2025-03,MALECON,589,COLGADOR PARA TUBERIA 2 1/2 IN,u,0.100000,2.742300,0.2000,0.548460,0.000000,3.290760,3.290000,5,ANALISIS-DE-PRECIOS-UNITARIOS-1-1000-EXCEL.xlsx,sheet1,50075,f14fd22373504a5475e15de133c796daa82f244cdb8b7d7cc768b940afbac9df
EC-GAD-DAULE-LPI-GADIMCD-2025-03:0590,APUV1-b8aa43410c8768fe1c79291a,APUCON-62a6a5ed11ec6f360381fe57,EC-GAD-DAULE-LPI-GADIMCD-2025-03,MALECON,590,SUMINISTRO E INSTALACION DE TEE 2 1/2 IN PP ROSCABLE,u,0.400000,6.574000,0.2000,1.314800,0.000000,7.888800,7.890000,5,ANALISIS-DE-PRECIOS-UNITARIOS-1-1000-EXCEL.xlsx,sheet1,50160,b8aa43410c8768fe1c79291ac7d0ade10da0d296053c274557fd96fb8e26d540
EC-GAD-DAULE-LPI-GADIMCD-2025-03:0591,APUV1-629ed03ab21df86e1c0f5948,APUCON-b8d3252c886ca4b8d00cc824,EC-GAD-DAULE-LPI-GADIMCD-2025-03,MALECON,591,ESCALERA DE ACERO INOXIDABLE,m,1.500000,137.000650,0.2000,27.400130,0.000000,164.400780,164.400000,12,ANALISIS-DE-PRECIOS-UNITARIOS-1-1000-EXCEL.xlsx,sheet1,50245,629ed03ab21df86e1c0f5948e2842f7651f625703c16c3263f891657ac11b148
EC-GAD-DAULE-LPI-GADIMCD-2025-03:0592,APUV1-4397c8f8e6187dec7790b58f,APUCON-2d994f5c50ee3ddfb58c3fd6,EC-GAD-DAULE-LPI-GADIMCD-2025-03,MALECON,592,SUMINISTRO E INSTALACION DE VALVULA DE BOLA PVC D= 2 1/2 plg ROSCABLE,u,1.000000,53.177000,0.2000,10.635400,0.000000,63.812400,63.810000,5,ANALISIS-DE-PRECIOS-UNITARIOS-1-1000-EXCEL.xlsx,sheet1,50330,4397c8f8e6187dec7790b58f18e8faee59a337ee7c85aa0dbde5f5031c9964b4
EC-GAD-DAULE-LPI-GADIMCD-2025-03:0593,APUV1-75a5a65af467b13bfbe9ea72,APUCON-3c7508d99dc39a9dc13a08a7,EC-GAD-DAULE-LPI-GADIMCD-2025-03,MALECON,593,FLOTADOR DE NIVEL CISTERNA,u,0.500000,34.636750,0.2000,6.927350,0.000000,41.564100,41.560000,6,ANALISIS-DE-PRECIOS-UNITARIOS-1-1000-EXCEL.xlsx,sheet1,50415,75a5a65af467b13bfbe9ea721ed029ab454e1f9f86ce6582458010686d21e492
EC-GAD-DAULE-LPI-GADIMCD-2025-03:0594,APUV1-3766c1ac9cd3cca5ddb7d9a4,APUCON-4b8c3f807d35d2f9fd9b05a9,EC-GAD-DAULE-LPI-GADIMCD-2025-03,MALECON,594,"SUMINISTRO E INSTALACION DE PASAMURO PARA TUBERIA DE H.F. 75mm, L=0.40m",u,1.000000,87.743000,0.2000,17.548600,0.000000,105.291600,105.290000,5,ANALISIS-DE-PRECIOS-UNITARIOS-1-1000-EXCEL.xlsx,sheet1,50500,3766c1ac9cd3cca5ddb7d9a45f3c4068eacaf1c8b6af8ff6430d7c0a886c28af
EC-GAD-DAULE-LPI-GADIMCD-2025-03:0595,APUV1-53e6ccc96ef83a8dec40663b,APUCON-e9259f705a8e34b9082a491a,EC-GAD-DAULE-LPI-GADIMCD-2025-03,MALECON,595,SUMINISTRO E INSTALACION DE REDUCTOR ACERO ASTM A36 50 A 40mm,u,0.250000,14.390750,0.2000,2.878150,0.000000,17.268900,17.270000,5,ANALISIS-DE-PRECIOS-UNITARIOS-1-1000-EXCEL.xlsx,sheet1,50585,53e6ccc96ef83a8dec40663ba65257fc6620337b15d7f8f68dbd41c64288f7ad
EC-GAD-DAULE-LPI-GADIMCD-2025-03:0596,APUV1-6b6048c730287c9ad21e47e3,APUCON-4c76fd84e168e5cc409e5562,EC-GAD-DAULE-LPI-GADIMCD-2025-03,MALECON,596,SUMINISTRO E INSTALACION DE BRIDA DE ACERO AL CARBONO ASTM A-105 DN 50mm,u,0.250000,45.931000,0.2000,9.190000,0.000000,55.121000,55.120000,11,ANALISIS-DE-PRECIOS-UNITARIOS-1-1000-EXCEL.xlsx,sheet1,50670,6b6048c730287c9ad21e47e3a833b1bd4bb7622819b67399d9dac1070ef2db96
EC-GAD-DAULE-LPI-GADIMCD-2025-03:0597,APUV1-ef39c36ca0b6953409cb2645,APUCON-01bbf1727d6e9e04f00c6bb5,EC-GAD-DAULE-LPI-GADIMCD-2025-03,MALECON,597,SUMINISTRO E INSTALACION DE BRIDA DE ACERO AL CARBONO ASTM A-105 DN 40mm,u,0.250000,37.931000,0.2000,7.586200,0.000000,45.517200,45.520000,11,ANALISIS-DE-PRECIOS-UNITARIOS-1-1000-EXCEL.xlsx,sheet1,50755,ef39c36ca0b6953409cb26451044214a2fb41f3f0fe9e0fa1b1bb008b1648aca
EC-GAD-DAULE-LPI-GADIMCD-2025-03:0598,APUV1-51e6b447ac01dfedf2679d99,APUCON-6ffd8bfd8b4783e34d000506,EC-GAD-DAULE-LPI-GADIMCD-2025-03,MALECON,598,SUMINISTRO DE TUBERIA DE VENTILACION PVC EC DI=50mm,m,0.000000,1.400000,0.2000,0.280000,0.000000,1.680000,1.680000,3,ANALISIS-DE-PRECIOS-UNITARIOS-1-1000-EXCEL.xlsx,sheet1,50840,51e6b447ac01dfedf2679d99d61dd115f86040289c109afab8a05dbf399f02ee
EC-GAD-DAULE-LPI-GADIMCD-2025-03:0599,APUV1-ae17d26cd6d80dc99f0e0ba3,APUCON-4ef066370763fc457245802a,EC-GAD-DAULE-LPI-GADIMCD-2025-03,MALECON,599,INSTALACION DE TUBERIA DE VENTILACION PVC EC DI=50mm,m,0.150000,4.448175,0.2000,0.889635,0.000000,5.337810,5.340000,7,ANALISIS-DE-PRECIOS-UNITARIOS-1-1000-EXCEL.xlsx,sheet1,50925,ae17d26cd6d80dc99f0e0ba3e275b57446c7b4e8dea6c35e3e3003d92fd4beca
EC-GAD-DAULE-LPI-GADIMCD-2025-03:0600,APUV1-0a827c88ba8b1a60e2c0c5cf,APUCON-9cb32f6f0d91e0fdbc91c421,EC-GAD-DAULE-LPI-GADIMCD-2025-03,MALECON,600,SUMINISTRO E INSTALACION DE CODO DESAGUE EC 50mmX90',u,0.100000,3.793930,0.2000,0.758786,0.000000,4.552716,4.550000,7,ANALISIS-DE-PRECIOS-UNITARIOS-1-1000-EXCEL.xlsx,sheet1,51010,0a827c88ba8b1a60e2c0c5cf71da7c3a008aef0388a0be59de6fe5570703777e
EC-GAD-DAULE-LPI-GADIMCD-2025-03:0601,APUV1-33ec9f10f86a3d670b908692,APUCON-3e2475866f3914780268e427,EC-GAD-DAULE-LPI-GADIMCD-2025-03,MALECON,601,"SUMINISTRO E INSTALACION DE VALVULA CHECK CON CANASTILLA DE BRONCE 2 1/2""",u,0.200000,59.054600,0.2000,11.810920,0.000000,70.865520,70.870000,5,ANALISIS-DE-PRECIOS-UNITARIOS-1-1000-EXCEL.xlsx,sheet1,51112,33ec9f10f86a3d670b9086923e80d69aabc62cfa9995a3360c3c2f33e2b1fd9e
EC-GAD-DAULE-LPI-GADIMCD-2025-03:0602,APUV1-3f340c2ce8f6b7617e9e5fc5,APUCON-2a3d7b0648e51fcf22a6de63,EC-GAD-DAULE-LPI-GADIMCD-2025-03,MALECON,602,SUMINISTRO E INSTALACION DE BRIDA DE ACERO AL CARBONO ASTM A-105 DN 65mm,u,0.250000,57.931000,0.2000,11.586200,0.000000,69.517200,69.520000,11,ANALISIS-DE-PRECIOS-UNITARIOS-1-1000-EXCEL.xlsx,sheet1,51197,3f340c2ce8f6b7617e9e5fc5b9896ce02a0e8d31f6f305a4113fd3c2231198f3
EC-GAD-DAULE-LPI-GADIMCD-2025-03:0603,APUV1-6e5dfa2603bda85012ba21a4,APUCON-cd1100a520ea2a8cfb19d6be,EC-GAD-DAULE-LPI-GADIMCD-2025-03,MALECON,603,SUMINISTRO E INSTALACION DE TUBERIA ACERO ASTM A36 D=65 mm,m,0.160000,21.467360,0.2000,4.293472,0.000000,25.760832,25.760000,7,ANALISIS-DE-PRECIOS-UNITARIOS-1-1000-EXCEL.xlsx,sheet1,51282,6e5dfa2603bda85012ba21a49d4585710e90e3f1c511b3bbcb59e348fc2acfad
EC-GAD-DAULE-LPI-GADIMCD-2025-03:0604,APUV1-fcf8ca754a2a7093c19dabcd,APUCON-b4a82813afda6bf07f4e82b2,EC-GAD-DAULE-LPI-GADIMCD-2025-03,MALECON,604,SUMINISTRO E INSTALACION DE CODO ACERO ASTM A36 D= 65mmX90',u,0.250000,18.780750,0.2000,3.756150,0.000000,22.536900,22.540000,5,ANALISIS-DE-PRECIOS-UNITARIOS-1-1000-EXCEL.xlsx,sheet1,51367,fcf8ca754a2a7093c19dabcd2ff0da095b639df7c78fe20182cc2c7fbe61e52c
EC-GAD-DAULE-LPI-GADIMCD-2025-03:0605,APUV1-3f340c2ce8f6b7617e9e5fc5,APUCON-2a3d7b0648e51fcf22a6de63,EC-GAD-DAULE-LPI-GADIMCD-2025-03,MALECON,605,SUMINISTRO E INSTALACION DE BRIDA DE ACERO AL CARBONO ASTM A-105 DN 65mm,u,0.250000,57.931000,0.2000,11.586200,0.000000,69.517200,69.520000,11,ANALISIS-DE-PRECIOS-UNITARIOS-1-1000-EXCEL.xlsx,sheet1,51452,3f340c2ce8f6b7617e9e5fc5b9896ce02a0e8d31f6f305a4113fd3c2231198f3
EC-GAD-DAULE-LPI-GADIMCD-2025-03:0606,APUV1-bac28cc093790f8cb1215236,APUCON-6b861a237a2a882dad94de20,EC-GAD-DAULE-LPI-GADIMCD-2025-03,MALECON,606,"SUMINISTRO E INSTALACION DE BOMBA CENTRIFUGA TDH=21.5m, Q=4.58 L/S (INCLUYE ACCESORIOS)",u,8.000000,1578.564000,0.2000,315.712800,0.000000,1894.276800,1894.280000,6,ANALISIS-DE-PRECIOS-UNITARIOS-1-1000-EXCEL.xlsx,sheet1,51537,bac28cc093790f8cb121523664fa9ac6c8dd40403b7a7b43d59f3da57af7fac0
EC-GAD-DAULE-LPI-GADIMCD-2025-03:0607,APUV1-77d3948f859a11e6b8531b5b,APUCON-b38f600dbcc478f8b2109a09,EC-GAD-DAULE-LPI-GADIMCD-2025-03,MALECON,607,SUMINISTRO E INSTALACION DE REDUCTOR ACERO ASTM A36 65 A 50mm,u,0.250000,22.080750,0.2000,4.416150,0.000000,26.496900,26.500000,5,ANALISIS-DE-PRECIOS-UNITARIOS-1-1000-EXCEL.xlsx,sheet1,51622,77d3948f859a11e6b8531b5b9d1ffb8042e0f18bd559759eddf949561f9fc0ef
EC-GAD-DAULE-LPI-GADIMCD-2025-03:0608,APUV1-3f340c2ce8f6b7617e9e5fc5,APUCON-2a3d7b0648e51fcf22a6de63,EC-GAD-DAULE-LPI-GADIMCD-2025-03,MALECON,608,SUMINISTRO E INSTALACION DE BRIDA DE ACERO AL CARBONO ASTM A-105 DN 65mm,u,0.250000,57.931000,0.2000,11.586200,0.000000,69.517200,69.520000,11,ANALISIS-DE-PRECIOS-UNITARIOS-1-1000-EXCEL.xlsx,sheet1,51707,3f340c2ce8f6b7617e9e5fc5b9896ce02a0e8d31f6f305a4113fd3c2231198f3
EC-GAD-DAULE-LPI-GADIMCD-2025-03:0609,APUV1-6b6048c730287c9ad21e47e3,APUCON-4c76fd84e168e5cc409e5562,EC-GAD-DAULE-LPI-GADIMCD-2025-03,MALECON,609,SUMINISTRO E INSTALACION DE BRIDA DE ACERO AL CARBONO ASTM A-105 DN 50mm,u,0.250000,45.931000,0.2000,9.186200,0.000000,55.117200,55.120000,11,ANALISIS-DE-PRECIOS-UNITARIOS-1-1000-EXCEL.xlsx,sheet1,51792,6b6048c730287c9ad21e47e3a833b1bd4bb7622819b67399d9dac1070ef2db96
EC-GAD-DAULE-LPI-GADIMCD-2025-03:0610,APUV1-6edcd277edcc3b6e819a82e2,APUCON-05499195d3a3981178df4bb0,EC-GAD-DAULE-LPI-GADIMCD-2025-03,MALECON,610,SUMINISTRO E INSTALACION DE VALVULA COMPUERTA VASTAGO FIJO EXTREMOS BRIDADOS D=50mm PN10/16,u,3.000000,255.251000,0.2000,51.050200,0.000000,306.301200,306.300000,5,ANALISIS-DE-PRECIOS-UNITARIOS-1-1000-EXCEL.xlsx,sheet1,51877,6edcd277edcc3b6e819a82e2a9f0149372de8ad490128b22d32dcb23fd5c6e43
EC-GAD-DAULE-LPI-GADIMCD-2025-03:0611,APUV1-1674892fcfd5d198c063a285,APUCON-0a0cdbc2fe6db739256606ba,EC-GAD-DAULE-LPI-GADIMCD-2025-03,MALECON,611,SUMINISTRO E INSTALACION DE VALVULA CHECK BRIDADA DE H.D. TIPO SWING D=50mm PN10/16,u,0.200000,159.784600,0.2000,31.956920,0.000000,191.741520,191.740000,5,ANALISIS-DE-PRECIOS-UNITARIOS-1-1000-EXCEL.xlsx,sheet1,51962,1674892fcfd5d198c063a2851caded52e0bf9c56603ffe62a3ca9995e8d88535
EC-GAD-DAULE-LPI-GADIMCD-2025-03:0612,APUV1-6b6048c730287c9ad21e47e3,APUCON-4c76fd84e168e5cc409e5562,EC-GAD-DAULE-LPI-GADIMCD-2025-03,MALECON,612,SUMINISTRO E INSTALACION DE BRIDA DE ACERO AL CARBONO ASTM A-105 DN 50mm,u,0.250000,45.931000,0.2000,9.186200,0.000000,55.117200,55.120000,11,ANALISIS-DE-PRECIOS-UNITARIOS-1-1000-EXCEL.xlsx,sheet1,52047,6b6048c730287c9ad21e47e3a833b1bd4bb7622819b67399d9dac1070ef2db96
EC-GAD-DAULE-LPI-GADIMCD-2025-03:0613,APUV1-d6708587866dda8df6814693,APUCON-80fda8b45afcad80c45c54df,EC-GAD-DAULE-LPI-GADIMCD-2025-03,MALECON,613,SUMINISTRO E INSTALACION DE UNION UNIVERSAL DE HD DN50mm PN24,u,0.500000,53.161500,0.2000,10.632300,0.000000,63.793800,63.790000,5,ANALISIS-DE-PRECIOS-UNITARIOS-1-1000-EXCEL.xlsx,sheet1,52132,d6708587866dda8df68146930ebd2f1251cd6eebde7bcc9957d64c6d68b5f32e
EC-GAD-DAULE-LPI-GADIMCD-2025-03:0614,APUV1-c7f7d0f46bb3bfbf0bd3e333,APUCON-e77fae3e4118af8fdc3cdb3a,EC-GAD-DAULE-LPI-GADIMCD-2025-03,MALECON,614,"MANOMETRO VERTICAL 1/2""",u,0.500000,58.565250,0.2000,11.713050,0.000000,70.278300,70.280000,4,ANALISIS-DE-PRECIOS-UNITARIOS-1-1000-EXCEL.xlsx,sheet1,52217,c7f7d0f46bb3bfbf0bd3e33339f880eec253d3f8d55a2947135cdc7a047079bb
EC-GAD-DAULE-LPI-GADIMCD-2025-03:0615,APUV1-58c84cfecfe09bec6e8ba140,APUCON-f1b5ecdf2a10ff30ca6eef70,EC-GAD-DAULE-LPI-GADIMCD-2025-03,MALECON,615,"SUMINISTRO E INSTALACION DE VALVULA DE AIRE 2"" TRIPLE ACCION (INCLUYE ACCESORIOS)",u,2.500000,640.131250,0.2000,128.026250,0.000000,768.157500,768.160000,8,ANALISIS-DE-PRECIOS-UNITARIOS-1-1000-EXCEL.xlsx,sheet1,52302,58c84cfecfe09bec6e8ba140adc7cd6df309a10bc662e3c59955af94a9eb8ba3
EC-GAD-DAULE-LPI-GADIMCD-2025-03:0616,APUV1-6b6048c730287c9ad21e47e3,APUCON-4c76fd84e168e5cc409e5562,EC-GAD-DAULE-LPI-GADIMCD-2025-03,MALECON,616,SUMINISTRO E INSTALACION DE BRIDA DE ACERO AL CARBONO ASTM A-105 DN 50mm,u,0.250000,45.931000,0.2000,9.186200,0.000000,55.117200,55.120000,11,ANALISIS-DE-PRECIOS-UNITARIOS-1-1000-EXCEL.xlsx,sheet1,52387,6b6048c730287c9ad21e47e3a833b1bd4bb7622819b67399d9dac1070ef2db96
EC-GAD-DAULE-LPI-GADIMCD-2025-03:0617,APUV1-cdb7209c9ae0c1e37e9fc45b,APUCON-c163b22b4987772b54807125,EC-GAD-DAULE-LPI-GADIMCD-2025-03,MALECON,617,SUMINISTRO DE TUBERIA PVC LISA DI=50 mm,m,0.000000,2.100000,0.2000,0.420000,0.000000,2.520000,2.520000,3,ANALISIS-DE-PRECIOS-UNITARIOS-1-1000-EXCEL.xlsx,sheet1,52472,cdb7209c9ae0c1e37e9fc45b01589f71af0aa4cbad1fefa2c4a40533ef1e99ce
EC-GAD-DAULE-LPI-GADIMCD-2025-03:0618,APUV1-b205c6b08f4fec2c44284905,APUCON-5285da4e2fc45ed9f8047422,EC-GAD-DAULE-LPI-GADIMCD-2025-03,MALECON,618,INSTALACION DE TUBERIA PVC LISA DI=50 mm,m,0.149500,5.105201,0.2000,1.021040,0.000000,6.126241,6.130000,8,ANALISIS-DE-PRECIOS-UNITARIOS-1-1000-EXCEL.xlsx,sheet1,52557,b205c6b08f4fec2c44284905a24342f436e1dffee5d3a34cd9fe42f188a0a7eb
EC-GAD-DAULE-LPI-GADIMCD-2025-03:0619,APUV1-6b6048c730287c9ad21e47e3,APUCON-4c76fd84e168e5cc409e5562,EC-GAD-DAULE-LPI-GADIMCD-2025-03,MALECON,619,SUMINISTRO E INSTALACION DE BRIDA DE ACERO AL CARBONO ASTM A-105 DN 50mm,u,0.250000,45.931000,0.2000,9.186200,0.000000,55.117200,55.120000,11,ANALISIS-DE-PRECIOS-UNITARIOS-1-1000-EXCEL.xlsx,sheet1,52642,6b6048c730287c9ad21e47e3a833b1bd4bb7622819b67399d9dac1070ef2db96
EC-GAD-DAULE-LPI-GADIMCD-2025-03:0620,APUV1-2bc76b51942ae67ca7594dd9,APUCON-13fac6d65dadcc16196e4c60,EC-GAD-DAULE-LPI-GADIMCD-2025-03,MALECON,620,SUMINISTRO E INSTALACION DE UNION MECANICA 50mm,u,0.200000,33.354600,0.2000,6.670920,0.000000,40.025520,40.030000,5,ANALISIS-DE-PRECIOS-UNITARIOS-1-1000-EXCEL.xlsx,sheet1,52727,2bc76b51942ae67ca7594dd98896ccee7bbd7e38a77eed7f84837a63ba43228b
EC-GAD-DAULE-LPI-GADIMCD-2025-03:0621,APUV1-112a51764eabfac24368e110,APUCON-106fcdd2bc7a03b8dbc32974,EC-GAD-DAULE-LPI-GADIMCD-2025-03,MALECON,621,"HORMIGON PREMEZCLADO F´C=180 Kg/cm2, PARA BLOQUES DE ANCLAJES",m3,1.500000,157.139000,0.2000,31.427800,0.000000,188.566800,188.570000,6,ANALISIS-DE-PRECIOS-UNITARIOS-1-1000-EXCEL.xlsx,sheet1,52812,112a51764eabfac24368e1103c3597785d022c3f54a84db02a9247038b8a977a
EC-GAD-DAULE-LPI-GADIMCD-2025-03:0622,APUV1-3abdad6b0301922016e5c52c,APUCON-11f76c8173e3f6d1e616b554,EC-GAD-DAULE-LPI-GADIMCD-2025-03,MALECON,622,"SUMINISTRO E INSTALACION DE PASAMURO PARA TUBERIA DE H.F. 50mm, L=0.40m",u,0.900000,61.740700,0.2000,12.348140,0.000000,74.088840,74.090000,5,ANALISIS-DE-PRECIOS-UNITARIOS-1-1000-EXCEL.xlsx,sheet1,52897,3abdad6b0301922016e5c52c9797f4342bfee2776458a172c93077241e71c148
EC-GAD-DAULE-LPI-GADIMCD-2025-03:0623,APUV1-7a8415e3104ed759375d31e5,APUCON-d95044dfe6da376197d440e7,EC-GAD-DAULE-LPI-GADIMCD-2025-03,MALECON,623,SUMINISTRO E INSTALACION DE CODO ACERO ASTM A36 D= 50mmX90',u,0.200000,12.904600,0.2000,2.580920,0.000000,15.485520,15.490000,5,ANALISIS-DE-PRECIOS-UNITARIOS-1-1000-EXCEL.xlsx,sheet1,52982,7a8415e3104ed759375d31e5484fd89bc641028b787b6681bb6bf0ab82fff5e8
EC-GAD-DAULE-LPI-GADIMCD-2025-03:0624,APUV1-53e6ccc96ef83a8dec40663b,APUCON-e9259f705a8e34b9082a491a,EC-GAD-DAULE-LPI-GADIMCD-2025-03,MALECON,624,SUMINISTRO E INSTALACION DE REDUCTOR ACERO ASTM A36 50 A 40mm,u,0.250000,14.390750,0.2000,2.878150,0.000000,17.268900,17.270000,5,ANALISIS-DE-PRECIOS-UNITARIOS-1-1000-EXCEL.xlsx,sheet1,53067,53e6ccc96ef83a8dec40663ba65257fc6620337b15d7f8f68dbd41c64288f7ad
EC-GAD-DAULE-LPI-GADIMCD-2025-03:0625,APUV1-ef39c36ca0b6953409cb2645,APUCON-01bbf1727d6e9e04f00c6bb5,EC-GAD-DAULE-LPI-GADIMCD-2025-03,MALECON,625,SUMINISTRO E INSTALACION DE BRIDA DE ACERO AL CARBONO ASTM A-105 DN 40mm,u,0.250000,37.931000,0.2000,7.586200,0.000000,45.517200,45.520000,11,ANALISIS-DE-PRECIOS-UNITARIOS-1-1000-EXCEL.xlsx,sheet1,53152,ef39c36ca0b6953409cb26451044214a2fb41f3f0fe9e0fa1b1bb008b1648aca
EC-GAD-DAULE-LPI-GADIMCD-2025-03:0626,APUV1-6b6048c730287c9ad21e47e3,APUCON-4c76fd84e168e5cc409e5562,EC-GAD-DAULE-LPI-GADIMCD-2025-03,MALECON,626,SUMINISTRO E INSTALACION DE BRIDA DE ACERO AL CARBONO ASTM A-105 DN 50mm,u,0.250000,45.931000,0.2000,9.186200,0.000000,55.117200,55.120000,11,ANALISIS-DE-PRECIOS-UNITARIOS-1-1000-EXCEL.xlsx,sheet1,53237,6b6048c730287c9ad21e47e3a833b1bd4bb7622819b67399d9dac1070ef2db96
EC-GAD-DAULE-LPI-GADIMCD-2025-03:0627,APUV1-8f87c7a281e08c45a2af2efe,APUCON-14c8ff0490bcb7c0176abd25,EC-GAD-DAULE-LPI-GADIMCD-2025-03,MALECON,627,SUMINISTRO E INSTALACION DE CODO 90' PP 2 IN ROSCABLE,u,0.250000,10.660750,0.2000,2.132150,0.000000,12.792900,12.790000,5,ANALISIS-DE-PRECIOS-UNITARIOS-1-1000-EXCEL.xlsx,sheet1,53322,8f87c7a281e08c45a2af2efe26503f82a906212301f007b03de144537e469a62
EC-GAD-DAULE-LPI-GADIMCD-2025-03:0628,APUV1-d2f401c8d91ddfea5d2558e8,APUCON-1bc958298702040c1970de32,EC-GAD-DAULE-LPI-GADIMCD-2025-03,MALECON,628,"FILTRO 12""",u,2.000000,124.916000,0.2000,24.983200,0.000000,149.899200,149.900000,5,ANALISIS-DE-PRECIOS-UNITARIOS-1-1000-EXCEL.xlsx,sheet1,53407,d2f401c8d91ddfea5d2558e8b078bb16e9aec7e5b8d987f80cdb89a523f96e39
EC-GAD-DAULE-LPI-GADIMCD-2025-03:0629,APUV1-e4cd5889373f60ab3b104287,APUCON-aa548ccb0dacd672757df992,EC-GAD-DAULE-LPI-GADIMCD-2025-03,MALECON,629,COLGADOR PARA TUBERIA 2 IN,u,0.100000,2.142300,0.2000,0.428460,0.000000,2.570760,2.570000,5,ANALISIS-DE-PRECIOS-UNITARIOS-1-1000-EXCEL.xlsx,sheet1,53492,e4cd5889373f60ab3b1042871d8de91b9025101495e9f21fd14f7814a031a59b
EC-GAD-DAULE-LPI-GADIMCD-2025-03:0630,APUV1-c108bd7cf87a1b60ea7d1b7f,APUCON-52ef314a9b79520f7308bfa0,EC-GAD-DAULE-LPI-GADIMCD-2025-03,MALECON,630,SUMINISTRO E INSTALACION DE BOMBA CENTRIFUGA 5 HP,u,9.000000,1926.412000,0.2000,385.282400,0.000000,2311.694400,2311.690000,8,ANALISIS-DE-PRECIOS-UNITARIOS-1-1000-EXCEL.xlsx,sheet1,53577,c108bd7cf87a1b60ea7d1b7f489f322cdead8d6d2ea3897540aaf5394be3cc17
EC-GAD-DAULE-LPI-GADIMCD-2025-03:0631,APUV1-4fddd3ead6ab9129e30adcc4,APUCON-d574394f8ad36f1a3d52655b,EC-GAD-DAULE-LPI-GADIMCD-2025-03,MALECON,631,SUMINISTRO E INSTALACION DE CODO 90' PP 1 IN ROSCABLE,u,0.250000,5.410750,0.2000,1.082150,0.000000,6.492900,6.490000,5,ANALISIS-DE-PRECIOS-UNITARIOS-1-1000-EXCEL.xlsx,sheet1,53662,4fddd3ead6ab9129e30adcc41392b9cec40fdc998ec2b2bf1ce3690805f4ad54
EC-GAD-DAULE-LPI-GADIMCD-2025-03:0632,APUV1-2fad7f5d2b392c05d7b6b839,APUCON-d29700b321cdcd3047148d88,EC-GAD-DAULE-LPI-GADIMCD-2025-03,MALECON,632,SUMINISTRO E INSTALACION DE TEE 1 IN PP ROSCABLE,u,0.300000,6.546900,0.2000,1.309380,0.000000,7.856280,7.860000,5,ANALISIS-DE-PRECIOS-UNITARIOS-1-1000-EXCEL.xlsx,sheet1,53747,2fad7f5d2b392c05d7b6b839e77b46058df5677afaa92b346d0f75eda64e271f
EC-GAD-DAULE-LPI-GADIMCD-2025-03:0633,APUV1-1ef56924dc21e34eeabb1080,APUCON-dc21e92a5c42057318ed1374,EC-GAD-DAULE-LPI-GADIMCD-2025-03,MALECON,633,SUMINISTRO E INSTALACION DE REDUCTOR PVC EC 40 A 25mm,u,0.500000,13.010250,0.2000,2.602050,0.000000,15.612300,15.610000,7,ANALISIS-DE-PRECIOS-UNITARIOS-1-1000-EXCEL.xlsx,sheet1,53832,1ef56924dc21e34eeabb108083f63b18e240f928bb90aa98fa0437a7455769ea
EC-GAD-DAULE-LPI-GADIMCD-2025-03:0634,APUV1-fde61a0275922653a28b24ce,APUCON-69fa2527db93ec8ec7584025,EC-GAD-DAULE-LPI-GADIMCD-2025-03,MALECON,634,SUMINISTRO E INSTALACION DE REDUCTOR PVC EC 50 A 40mm,u,0.150000,4.828175,0.2000,0.965635,0.000000,5.793810,5.790000,8,ANALISIS-DE-PRECIOS-UNITARIOS-1-1000-EXCEL.xlsx,sheet1,53917,fde61a0275922653a28b24ce3ecc541ec848d99f25bb006edcdd01c54dff89b6
EC-GAD-DAULE-LPI-GADIMCD-2025-03:0635,APUV1-6b6048c730287c9ad21e47e3,APUCON-4c76fd84e168e5cc409e5562,EC-GAD-DAULE-LPI-GADIMCD-2025-03,MALECON,635,SUMINISTRO E INSTALACION DE BRIDA DE ACERO AL CARBONO ASTM A-105 DN 50mm,u,0.250000,45.931000,0.2000,9.186200,0.000000,55.117200,55.120000,11,ANALISIS-DE-PRECIOS-UNITARIOS-1-1000-EXCEL.xlsx,sheet1,54002,6b6048c730287c9ad21e47e3a833b1bd4bb7622819b67399d9dac1070ef2db96
EC-GAD-DAULE-LPI-GADIMCD-2025-03:0636,APUV1-ef39c36ca0b6953409cb2645,APUCON-01bbf1727d6e9e04f00c6bb5,EC-GAD-DAULE-LPI-GADIMCD-2025-03,MALECON,636,SUMINISTRO E INSTALACION DE BRIDA DE ACERO AL CARBONO ASTM A-105 DN 40mm,u,0.250000,37.931000,0.2000,7.586200,0.000000,45.517200,45.520000,11,ANALISIS-DE-PRECIOS-UNITARIOS-1-1000-EXCEL.xlsx,sheet1,54087,ef39c36ca0b6953409cb26451044214a2fb41f3f0fe9e0fa1b1bb008b1648aca
EC-GAD-DAULE-LPI-GADIMCD-2025-03:0637,APUV1-a55b849f07cfda93d958bda3,APUCON-0ae3a6c1d8a9ebe70298efd1,EC-GAD-DAULE-LPI-GADIMCD-2025-03,MALECON,637,SUMINISTRO E INSTALACION DE CODO 90' PP 1 1/2 IN ROSCABLE,u,0.350000,9.683050,0.2000,1.936610,0.000000,11.619660,11.620000,5,ANALISIS-DE-PRECIOS-UNITARIOS-1-1000-EXCEL.xlsx,sheet1,54172,a55b849f07cfda93d958bda3688fbd6745b5fdf5b992b4f9ef4b858371f81d53
EC-GAD-DAULE-LPI-GADIMCD-2025-03:0638,APUV1-a6e9dd62a24b67037d2d2256,APUCON-beaddc1fe5692589c76072f2,EC-GAD-DAULE-LPI-GADIMCD-2025-03,MALECON,638,"SUMINISTRO E INSTALACION DE VALVULA DE AIRE 1"" TRIPLE ACCION (INCLUYE ACCESORIOS)",u,2.500000,536.411250,0.2000,107.282250,0.000000,643.693500,643.690000,7,ANALISIS-DE-PRECIOS-UNITARIOS-1-1000-EXCEL.xlsx,sheet1,54257,a6e9dd62a24b67037d2d225605732363159f49f2c37302d5f4e8e494680a192c
EC-GAD-DAULE-LPI-GADIMCD-2025-03:0639,APUV1-b91d04ca1ac70e7034dc8ebb,APUCON-3db727d5610f7dcb110e825b,EC-GAD-DAULE-LPI-GADIMCD-2025-03,MALECON,639,SUMINISTRO DE TUBERIA PP UNION ROSCABLE DI=1 plg 1.25 MPA,m,0.000000,4.640000,0.2000,0.928000,0.000000,5.568000,5.570000,2,ANALISIS-DE-PRECIOS-UNITARIOS-1-1000-EXCEL.xlsx,sheet1,54342,b91d04ca1ac70e7034dc8ebbd2072f1048a99499dd8f257695f05adcdb1a2d7d
EC-GAD-DAULE-LPI-GADIMCD-2025-03:0640,APUV1-7d743edf79317d51c26c6951,APUCON-d2a9bec8b283b7cce831d4cb,EC-GAD-DAULE-LPI-GADIMCD-2025-03,MALECON,640,INSTALACION DE TUBERIA PP UNION ROSCABLE DI=1 plg 1.25 MPA,m,0.100000,3.414850,0.2000,0.682970,0.000000,4.097820,4.100000,8,ANALISIS-DE-PRECIOS-UNITARIOS-1-1000-EXCEL.xlsx,sheet1,54427,7d743edf79317d51c26c6951f6c99ddb61f787b67deabed98cb78d0fa1e5e4c2
EC-GAD-DAULE-LPI-GADIMCD-2025-03:0641,APUV1-7d227fe0da45639d8a069b13,APUCON-96e0bc2b3fcad4279291fa17,EC-GAD-DAULE-LPI-GADIMCD-2025-03,MALECON,641,COLGADOR PARA TUBERIA 1 IN,u,0.053000,1.387919,0.2000,0.277584,0.000000,1.665503,1.670000,5,ANALISIS-DE-PRECIOS-UNITARIOS-1-1000-EXCEL.xlsx,sheet1,54512,7d227fe0da45639d8a069b1395cfd897e0f8de306386ce50e42354b34d9c4610
EC-GAD-DAULE-LPI-GADIMCD-2025-03:0642,APUV1-ea5857bbc8cb04021177ed66,APUCON-8ce8e54002e50192edccb088,EC-GAD-DAULE-LPI-GADIMCD-2025-03,MALECON,642,"SUMINISTRO E INSTALACION DE VALVULA CHECK ROSCADA PVC D=1""",u,0.120000,19.320760,0.2000,3.864152,0.000000,23.184912,23.180000,5,ANALISIS-DE-PRECIOS-UNITARIOS-1-1000-EXCEL.xlsx,sheet1,54597,ea5857bbc8cb04021177ed664a58749470e11708154b0a5268bafb7e015dcfd5
EC-GAD-DAULE-LPI-GADIMCD-2025-03:0643,APUV1-c31637e8a99a11a69a888de1,APUCON-a6ac924426ec8f06e7351180,EC-GAD-DAULE-LPI-GADIMCD-2025-03,MALECON,643,"SUMINISTRO E INSTALACION DE PASAMURO PARA TUBERIA DE H.F. 25mm, L=0.30m",u,0.500000,31.571500,0.2000,6.314300,0.000000,37.885800,37.890000,5,ANALISIS-DE-PRECIOS-UNITARIOS-1-1000-EXCEL.xlsx,sheet1,54682,c31637e8a99a11a69a888de1b14c2edd598693945e10bc121638bf15b6e13ec7
EC-GAD-DAULE-LPI-GADIMCD-2025-03:0644,APUV1-488b77c628513ef29c3f5763,APUCON-e406060a189a798d4ea7169b,EC-GAD-DAULE-LPI-GADIMCD-2025-03,MALECON,644,"SUMINISTRO E INSTALACION DE VALVULA DE CORTE 1"" (INCLUYE ACCESORIOS)",u,2.500000,81.701250,0.2000,16.340250,0.000000,98.041500,98.040000,7,ANALISIS-DE-PRECIOS-UNITARIOS-1-1000-EXCEL.xlsx,sheet1,54767,488b77c628513ef29c3f5763453c2d0ab0f58e75df03da3eb5f7c27e6bbedbc5
EC-GAD-DAULE-LPI-GADIMCD-2025-03:0645,APUV1-112a51764eabfac24368e110,APUCON-106fcdd2bc7a03b8dbc32974,EC-GAD-DAULE-LPI-GADIMCD-2025-03,MALECON,645,"HORMIGON PREMEZCLADO F´C=180 Kg/cm2, PARA BLOQUES DE ANCLAJES",m3,1.500000,157.139000,0.2000,31.427800,0.000000,188.566800,188.570000,6,ANALISIS-DE-PRECIOS-UNITARIOS-1-1000-EXCEL.xlsx,sheet1,54852,112a51764eabfac24368e1103c3597785d022c3f54a84db02a9247038b8a977a
EC-GAD-DAULE-LPI-GADIMCD-2025-03:0646,APUV1-9548752f5a721a2dfbae4bdc,APUCON-e4e5fd2c0352e7c44b10277a,EC-GAD-DAULE-LPI-GADIMCD-2025-03,MALECON,646,"SUMINISTRO E INSTALACION DE VALVULA CHECK ROSCADA PVC D=1 1/2""",u,0.140000,46.609220,0.2000,9.321844,0.000000,55.931064,55.930000,5,ANALISIS-DE-PRECIOS-UNITARIOS-1-1000-EXCEL.xlsx,sheet1,54937,9548752f5a721a2dfbae4bdcbc35374a5011fc46e4d876aa4d326ad061f08fe5
EC-GAD-DAULE-LPI-GADIMCD-2025-03:0647,APUV1-76c67dd529f3390c49eba60d,APUCON-6d79b30dff2ef174368cf408,EC-GAD-DAULE-LPI-GADIMCD-2025-03,MALECON,647,"SUMINISTRO E INSTALACION DE VALVULA DE CORTE 1 1/2"" (INCLUYE ACCESORIOS)",u,2.500000,85.841250,0.2000,17.168250,0.000000,103.009500,103.010000,7,ANALISIS-DE-PRECIOS-UNITARIOS-1-1000-EXCEL.xlsx,sheet1,55022,76c67dd529f3390c49eba60dea8e0da37ab1290ea82e59d8f3c4861efac82c69
EC-GAD-DAULE-LPI-GADIMCD-2025-03:0648,APUV1-a55b849f07cfda93d958bda3,APUCON-0ae3a6c1d8a9ebe70298efd1,EC-GAD-DAULE-LPI-GADIMCD-2025-03,MALECON,648,SUMINISTRO E INSTALACION DE CODO 90' PP 1 1/2 IN ROSCABLE,u,0.350000,9.683050,0.2000,1.936610,0.000000,11.619660,11.620000,5,ANALISIS-DE-PRECIOS-UNITARIOS-1-1000-EXCEL.xlsx,sheet1,55107,a55b849f07cfda93d958bda3688fbd6745b5fdf5b992b4f9ef4b858371f81d53
EC-GAD-DAULE-LPI-GADIMCD-2025-03:0649,APUV1-c7f7d0f46bb3bfbf0bd3e333,APUCON-e77fae3e4118af8fdc3cdb3a,EC-GAD-DAULE-LPI-GADIMCD-2025-03,MALECON,649,"MANOMETRO VERTICAL 1/2""",u,0.500000,58.565250,0.2000,11.713050,0.000000,70.278300,70.280000,4,ANALISIS-DE-PRECIOS-UNITARIOS-1-1000-EXCEL.xlsx,sheet1,55192,c7f7d0f46bb3bfbf0bd3e33339f880eec253d3f8d55a2947135cdc7a047079bb
EC-GAD-DAULE-LPI-GADIMCD-2025-03:0650,APUV1-6babaf386de871ffb5a687a5,APUCON-a9e7330ee6c4f153dfb41dca,EC-GAD-DAULE-LPI-GADIMCD-2025-03,MALECON,650,SUMINISTRO DE TUBERIA PP UNION ROSCABLE DI=1 1/2 plg 1.25 MPA,m,0.000000,8.090000,0.2000,1.618000,0.000000,9.708000,9.710000,3,ANALISIS-DE-PRECIOS-UNITARIOS-1-1000-EXCEL.xlsx,sheet1,55277,6babaf386de871ffb5a687a510f7ef7d7785b157a12c0c897cbffa0083f74b65
EC-GAD-DAULE-LPI-GADIMCD-2025-03:0651,APUV1-946b19e71ddd5ff304f5fb8f,APUCON-ae72aa79521a5ccce203be96,EC-GAD-DAULE-LPI-GADIMCD-2025-03,MALECON,651,INSTALACION DE TUBERIA PP UNION ROSCABLE DI=1 1/2 plg 1.25 MPA,m,0.084000,1.169532,0.2000,0.233906,0.000000,1.403438,1.400000,4,ANALISIS-DE-PRECIOS-UNITARIOS-1-1000-EXCEL.xlsx,sheet1,55362,946b19e71ddd5ff304f5fb8f2041e037829394ba3e7a8360868f990389df3608
EC-GAD-DAULE-LPI-GADIMCD-2025-03:0652,APUV1-87d526a775e3790e37d30b6d,APUCON-2041fc5e8a979b56cc23608e,EC-GAD-DAULE-LPI-GADIMCD-2025-03,MALECON,652,COLGADOR PARA TUBERIA 1 1/2 IN,u,0.101000,2.106223,0.2000,0.421245,0.000000,2.527468,2.530000,5,ANALISIS-DE-PRECIOS-UNITARIOS-1-1000-EXCEL.xlsx,sheet1,55447,87d526a775e3790e37d30b6d25d570a34bfbdd1dc334b719725627c8528f8d9a
EC-GAD-DAULE-LPI-GADIMCD-2025-03:0653,APUV1-f75137c111bb585fa2f5fd30,APUCON-09f2ea0e702cf0a4e2aa965d,EC-GAD-DAULE-LPI-GADIMCD-2025-03,MALECON,653,SUMINISTRO E INSTALACION DE REDUCTOR DE 1 1/2 A 1 IN PP ROSCABLE,u,0.350000,6.383050,0.2000,1.276610,0.000000,7.659660,7.660000,5,ANALISIS-DE-PRECIOS-UNITARIOS-1-1000-EXCEL.xlsx,sheet1,55532,f75137c111bb585fa2f5fd30a611641a8fad0e1c2ff8742c01177a7d88dcab10
EC-GAD-DAULE-LPI-GADIMCD-2025-03:0654,APUV1-ed50397cb3c76e9d8ffedd1d,APUCON-334ce13eb70119d61c852273,EC-GAD-DAULE-LPI-GADIMCD-2025-03,MALECON,654,TAPA DRENAJE DE FONDO,u,1.000000,30.680000,0.2000,6.140000,0.000000,36.820000,36.820000,4,ANALISIS-DE-PRECIOS-UNITARIOS-1-1000-EXCEL.xlsx,sheet1,55617,ed50397cb3c76e9d8ffedd1d522cefd66909c6fb129fbae140353a7a7e228c57
EC-GAD-DAULE-LPI-GADIMCD-2025-03:0655,APUV1-cc373541ef35be1c3527a06a,APUCON-b053d56ca99863c7e95bca7f,EC-GAD-DAULE-LPI-GADIMCD-2025-03,MALECON,655,BOQUILLA TIPO DIRECTA,u,0.166670,3.371531,0.2000,0.674306,0.000000,4.045838,4.050000,4,ANALISIS-DE-PRECIOS-UNITARIOS-1-1000-EXCEL.xlsx,sheet1,55702,cc373541ef35be1c3527a06ab36a08293eb38cb84222c17744d5013fa46177a7
EC-GAD-DAULE-LPI-GADIMCD-2025-03:0656,APUV1-ce5bf73cca4ce09e54e80933,APUCON-477bf9883fa935be1863c54b,EC-GAD-DAULE-LPI-GADIMCD-2025-03,MALECON,656,"FILTRO 24""",u,3.500000,336.435750,0.2000,67.287150,0.000000,403.722900,403.720000,5,ANALISIS-DE-PRECIOS-UNITARIOS-1-1000-EXCEL.xlsx,sheet1,55787,ce5bf73cca4ce09e54e8093323adc49b90720bf21db3308f7ff009f302ef7857
EC-GAD-DAULE-LPI-GADIMCD-2025-03:0657,APUV1-707af606c8177157cab40c18,APUCON-8f3eb38a8590a6454a3a18ff,EC-GAD-DAULE-LPI-GADIMCD-2025-03,MALECON,657,MASILLADO Y ALISADO DE PISOS CON IMPERMEABILIZANTE,m2,0.714000,12.067772,0.2000,2.413554,0.000000,14.481326,14.480000,7,ANALISIS-DE-PRECIOS-UNITARIOS-1-1000-EXCEL.xlsx,sheet1,55872,707af606c8177157cab40c186a63d9202d8d49bdd947ca5344b83baeab872873
EC-GAD-DAULE-LPI-GADIMCD-2025-03:0658,APUV1-f21911a0dd72cf60b8024e51,APUCON-7636d9a240b253f97d017e30,EC-GAD-DAULE-LPI-GADIMCD-2025-03,MALECON,658,SUMINISTRO E INSTALACION DE PIEDRA NATURAL TRITURADA,m2,0.015000,11.031810,0.2000,2.206362,0.000000,13.238172,13.240000,7,ANALISIS-DE-PRECIOS-UNITARIOS-1-1000-EXCEL.xlsx,sheet1,55957,f21911a0dd72cf60b8024e5196308482cfaaf88afc59c1771fb90837f98f91da
EC-GAD-DAULE-LPI-GADIMCD-2025-03:0659,APUV1-8e6f81dd64618ddd6e4b5ef3,APUCON-9b95575975c78df1dbe68461,EC-GAD-DAULE-LPI-GADIMCD-2025-03,MALECON,659,MOSAICO VITREO 20x20mm,m2,0.600000,70.629200,0.2000,14.125840,0.000000,84.755040,84.760000,9,ANALISIS-DE-PRECIOS-UNITARIOS-1-1000-EXCEL.xlsx,sheet1,56042,8e6f81dd64618ddd6e4b5ef30abd29cd800c034ab4f7d11a75bdab0c5de2fc55
EC-GAD-DAULE-LPI-GADIMCD-2025-03:0660,APUV1-b883b8ff141dab131428baca,APUCON-2b6ee8bb109a62523ea8153f,EC-GAD-DAULE-LPI-GADIMCD-2025-03,MALECON,660,PINTURA PARA PISCINA (INCLUYE EMPASTE),m2,0.200000,9.764100,0.2000,1.952820,0.000000,11.716920,11.720000,5,ANALISIS-DE-PRECIOS-UNITARIOS-1-1000-EXCEL.xlsx,sheet1,56127,b883b8ff141dab131428bacab939977da175b0bc25f07b6f191b09b088f8e069
EC-GAD-DAULE-LPI-GADIMCD-2025-03:0661,APUV1-70684139aff7d8138c9c6c87,APUCON-381df63825a2f9ffcff09b6d,EC-GAD-DAULE-LPI-GADIMCD-2025-03,MALECON,661,SUMINISTRO E INSTALACION DE BOMBA CENTRIFUGA 1 HP,u,4.000000,605.676000,0.2000,121.135200,0.000000,726.811200,726.810000,6,ANALISIS-DE-PRECIOS-UNITARIOS-1-1000-EXCEL.xlsx,sheet1,56212,70684139aff7d8138c9c6c87d7a7cb449b15d6ff80f9dc55d43b92b52b9cd4f8
EC-GAD-DAULE-LPI-GADIMCD-2025-03:0662,APUV1-774e84df970e970d44a539cb,APUCON-7ce70b3938013af9ae6764af,EC-GAD-DAULE-LPI-GADIMCD-2025-03,MALECON,662,SUMINISTRO E INSTALACION DE CODO 90' PP 3/4 IN ROSCABLE,u,0.502000,7.839346,0.2000,1.567869,0.000000,9.407215,9.410000,5,ANALISIS-DE-PRECIOS-UNITARIOS-1-1000-EXCEL.xlsx,sheet1,56297,774e84df970e970d44a539cb5065254183aaa2ecf98e2148419eee0cd7a465d2
EC-GAD-DAULE-LPI-GADIMCD-2025-03:0663,APUV1-8b2ccfdae90f52fc40e26fba,APUCON-3e2f8cb12d6ead351fbe30df,EC-GAD-DAULE-LPI-GADIMCD-2025-03,MALECON,663,SUMINISTRO E INSTALACION DE TEE 3/4 IN PP ROSCABLE,u,0.400000,6.864000,0.2000,1.372800,0.000000,8.236800,8.240000,5,ANALISIS-DE-PRECIOS-UNITARIOS-1-1000-EXCEL.xlsx,sheet1,56382,8b2ccfdae90f52fc40e26fba7da376c6c085bc824dc4249c296ffceaa9caa944
EC-GAD-DAULE-LPI-GADIMCD-2025-03:0664,APUV1-da7e1c378f4e1fb335dd3a8d,APUCON-695ac0d47bcb63612b181583,EC-GAD-DAULE-LPI-GADIMCD-2025-03,MALECON,664,SUMINISTRO DE TUBERIA PP UNION ROSCABLE DI=3/4 plg 1.25 MPA,m,0.000000,3.140000,0.2000,0.628000,0.000000,3.768000,3.770000,3,ANALISIS-DE-PRECIOS-UNITARIOS-1-1000-EXCEL.xlsx,sheet1,56467,da7e1c378f4e1fb335dd3a8d06fd5e1506ecef9d4f63b82e2930e2cf8b593edc
EC-GAD-DAULE-LPI-GADIMCD-2025-03:0665,APUV1-2211e0772918086e1f9129bf,APUCON-24333dfaef89e53a2b64ed3b,EC-GAD-DAULE-LPI-GADIMCD-2025-03,MALECON,665,INSTALACION DE TUBERIA PP UNION ROSCABLE DI=3/4 plg 1.25 MPA,m,0.149450,5.103493,0.2000,1.020699,0.000000,6.124192,6.120000,8,ANALISIS-DE-PRECIOS-UNITARIOS-1-1000-EXCEL.xlsx,sheet1,56552,2211e0772918086e1f9129bf454570d1e555541f1561568f40f26f3c1b2c5a3d
EC-GAD-DAULE-LPI-GADIMCD-2025-03:0666,APUV1-3a92bae41fd170afa2abfcdb,APUCON-e3b8b84ebc235c872530dfe4,EC-GAD-DAULE-LPI-GADIMCD-2025-03,MALECON,666,COLGADOR PARA TUBERIA 3/4 IN,u,0.100000,1.942300,0.2000,0.388460,0.000000,2.330760,2.330000,5,ANALISIS-DE-PRECIOS-UNITARIOS-1-1000-EXCEL.xlsx,sheet1,56637,3a92bae41fd170afa2abfcdb6eb0507ad0f5a1c7478c6474a9ac58b3e1c66898
EC-GAD-DAULE-LPI-GADIMCD-2025-03:0667,APUV1-c7f7d0f46bb3bfbf0bd3e333,APUCON-e77fae3e4118af8fdc3cdb3a,EC-GAD-DAULE-LPI-GADIMCD-2025-03,MALECON,667,"MANOMETRO VERTICAL 1/2""",u,0.500000,58.565250,0.2000,11.713050,0.000000,70.278300,70.280000,4,ANALISIS-DE-PRECIOS-UNITARIOS-1-1000-EXCEL.xlsx,sheet1,56722,c7f7d0f46bb3bfbf0bd3e33339f880eec253d3f8d55a2947135cdc7a047079bb
EC-GAD-DAULE-LPI-GADIMCD-2025-03:0668,APUV1-951664083e6bf683e5713164,APUCON-5ad93d54a031f35325f9e70e,EC-GAD-DAULE-LPI-GADIMCD-2025-03,MALECON,668,"SUMINISTRO E INSTALACION DE VALVULA CHECK ROSCADA PVC D=3/4""",u,0.140000,16.859220,0.2000,3.371844,0.000000,20.231064,20.230000,5,ANALISIS-DE-PRECIOS-UNITARIOS-1-1000-EXCEL.xlsx,sheet1,56807,951664083e6bf683e571316445964e5cb91799225395d4088c5d0044b989a97a
EC-GAD-DAULE-LPI-GADIMCD-2025-03:0669,APUV1-13c26e0d9e11f036c59f0095,APUCON-399bfca6264b37595049cdf5,EC-GAD-DAULE-LPI-GADIMCD-2025-03,MALECON,669,SUMINISTRO E INSTALACION DE VALVULA DE BOLA PVC D= 3/4 plg ROSCABLE,u,0.201000,7.446036,0.2000,1.489207,0.000000,8.935243,8.940000,5,ANALISIS-DE-PRECIOS-UNITARIOS-1-1000-EXCEL.xlsx,sheet1,56892,13c26e0d9e11f036c59f00953beb9cebd3e137f1f6764f03055c5fe8f3d376c7
EC-GAD-DAULE-LPI-GADIMCD-2025-03:0670,APUV1-3db3074b3e80fdccd7c86466,APUCON-4f06b832ac7e40a6728fd9d6,EC-GAD-DAULE-LPI-GADIMCD-2025-03,MALECON,670,SUMINISTRO E INSTALACION DE REDUCTOR DE 3/4 A 1/2 IN PP ROSCABLE,u,0.400000,5.859200,0.2000,1.171840,0.000000,7.031040,7.030000,5,ANALISIS-DE-PRECIOS-UNITARIOS-1-1000-EXCEL.xlsx,sheet1,56977,3db3074b3e80fdccd7c86466c7556a5487c8f9c486a0a0bb097acffa878588d1
EC-GAD-DAULE-LPI-GADIMCD-2025-03:0671,APUV1-2e469112c267fc75c52efa80,APUCON-8dd3fe55c80a21ab107cd04b,EC-GAD-DAULE-LPI-GADIMCD-2025-03,MALECON,671,"SUMINISTRO E INSTALACION DE LLAVE DE JARDIN 1/2""",u,0.050000,12.116150,0.2000,2.420000,0.000000,14.536150,14.540000,5,ANALISIS-DE-PRECIOS-UNITARIOS-1-1000-EXCEL.xlsx,sheet1,57062,2e469112c267fc75c52efa804eed657aec2825d66a3e6b6bfd16ccc3a6fd80de
EC-GAD-DAULE-LPI-GADIMCD-2025-03:0672,APUV1-46cc3c2570cbf87df90d5b9b,APUCON-cc1025e114436d8b33f0fd51,EC-GAD-DAULE-LPI-GADIMCD-2025-03,MALECON,672,SUMINISTRO DE TUBERIA PP UNION ROSCABLE DI=1/2 plg 1.25 MPA,m,0.000000,1.980000,0.2000,0.396000,0.000000,2.376000,2.380000,2,ANALISIS-DE-PRECIOS-UNITARIOS-1-1000-EXCEL.xlsx,sheet1,57147,46cc3c2570cbf87df90d5b9b54b7b1aa025b44c3d7054d433aa7f9f390d74084
EC-GAD-DAULE-LPI-GADIMCD-2025-03:0673,APUV1-eaf7f264d364924aba935bf4,APUCON-3ec790c66776ef43dece6aba,EC-GAD-DAULE-LPI-GADIMCD-2025-03,MALECON,673,INSTALACION DE TUBERIA PP UNION ROSCABLE DI=1/2 plg 1.25 MPA,m,0.149500,2.502275,0.2000,0.500455,0.000000,3.002730,3.000000,7,ANALISIS-DE-PRECIOS-UNITARIOS-1-1000-EXCEL.xlsx,sheet1,57232,eaf7f264d364924aba935bf4a28eb1d4f9bdbc4f75769fcd18adacf15942195c
EC-GAD-DAULE-LPI-GADIMCD-2025-03:0674,APUV1-ce5bf73cca4ce09e54e80933,APUCON-477bf9883fa935be1863c54b,EC-GAD-DAULE-LPI-GADIMCD-2025-03,MALECON,674,"FILTRO 24""",u,3.500000,336.435750,0.2000,67.287150,0.000000,403.722900,403.720000,5,ANALISIS-DE-PRECIOS-UNITARIOS-1-1000-EXCEL.xlsx,sheet1,57317,ce5bf73cca4ce09e54e8093323adc49b90720bf21db3308f7ff009f302ef7857
EC-GAD-DAULE-LPI-GADIMCD-2025-03:0675,APUV1-e0bd03a2ae40ac46d02d0a15,APUCON-1c34e62e8f1c327b698e5916,EC-GAD-DAULE-LPI-GADIMCD-2025-03,MALECON,675,SUMINISTRO E INSTALACION DE REDUCTOR DE 1 A 3/4 IN PP ROSCABLE,u,0.400000,7.029200,0.2000,1.405840,0.000000,8.435040,8.440000,5,ANALISIS-DE-PRECIOS-UNITARIOS-1-1000-EXCEL.xlsx,sheet1,57402,e0bd03a2ae40ac46d02d0a1578f01e7bf359931683a179030dce3a4d42f44f45
EC-GAD-DAULE-LPI-GADIMCD-2025-03:0676,APUV1-1be5d8728376024ac8d12027,APUCON-67e876b050a42d2899162d4c,EC-GAD-DAULE-LPI-GADIMCD-2025-03,MALECON,676,BOQUILLA TIPO CHORRO DE PISO 1x1/2,u,1.500000,50.393500,0.2000,10.078700,0.000000,60.472200,60.470000,4,ANALISIS-DE-PRECIOS-UNITARIOS-1-1000-EXCEL.xlsx,sheet1,57487,1be5d8728376024ac8d12027088a579bfab44d226a2345a374c1d0719f9ad288
EC-GAD-DAULE-LPI-GADIMCD-2025-03:0677,APUV1-ec517cc6e3f318cb3024e8fa,APUCON-c3cae9e25eb0f55bb22e1a6c,EC-GAD-DAULE-LPI-GADIMCD-2025-03,MALECON,677,SUMINISTRO Y COLOCACION DE ARENA PARA FILTRO (0.5 - 1 mm),m3,0.300000,244.914900,0.2000,48.982980,0.000000,293.897880,293.900000,3,ANALISIS-DE-PRECIOS-UNITARIOS-1-1000-EXCEL.xlsx,sheet1,57572,ec517cc6e3f318cb3024e8fa1687ffedfbe70818e7d21304e1fd2b36f3ef4589
EC-GAD-DAULE-LPI-GADIMCD-2025-03:0678,APUV1-997c235fb79ffca699c40fcd,APUCON-6063d5255e5946f0d88c3791,EC-GAD-DAULE-LPI-GADIMCD-2025-03,MALECON,678,SUMINISTRO Y COLOCACION DE GRAVA PARA FILTRO (6 - 12 mm),m3,0.350000,316.609050,0.2000,63.321810,0.000000,379.930860,379.930000,3,ANALISIS-DE-PRECIOS-UNITARIOS-1-1000-EXCEL.xlsx,sheet1,57657,997c235fb79ffca699c40fcd83519efc9723901d3178aace46c809cdf39b9e30
EC-GAD-DAULE-LPI-GADIMCD-2025-03:0679,APUV1-61d240339a430df3b007917d,APUCON-9821211357405bb600072ab6,EC-GAD-DAULE-LPI-GADIMCD-2025-03,MALECON,679,SUMINISTRO Y COLOCACION DE GRAVA PARA FILTRO (12 - 18 mm),m3,0.400000,318.829800,0.2000,63.765960,0.000000,382.595760,382.600000,3,ANALISIS-DE-PRECIOS-UNITARIOS-1-1000-EXCEL.xlsx,sheet1,57742,61d240339a430df3b007917df417ccb8e6826745c43b9959eea9efeba67c794b
EC-GAD-DAULE-LPI-GADIMCD-2025-03:0680,APUV1-8d10472464404ecdb7c87a49,APUCON-2ef42645567a3876cea0c1ef,EC-GAD-DAULE-LPI-GADIMCD-2025-03,MALECON,680,SKIMMER PEQUEÑO,u,1.000000,34.429000,0.2000,6.885800,0.000000,41.314800,41.310000,4,ANALISIS-DE-PRECIOS-UNITARIOS-1-1000-EXCEL.xlsx,sheet1,57827,8d10472464404ecdb7c87a4984347604cec216ae8ef588fc8c9b0b393119b5ab
EC-GAD-DAULE-LPI-GADIMCD-2025-03:0681,APUV1-6f42650228a5912cf980f9ed,APUCON-c0893ad0979a560de93a871b,EC-GAD-DAULE-LPI-GADIMCD-2025-03,MALECON,681,DRENAJE DE FONDO,u,1.000000,26.929000,0.2000,5.385800,0.000000,32.314800,32.310000,4,ANALISIS-DE-PRECIOS-UNITARIOS-1-1000-EXCEL.xlsx,sheet1,57912,6f42650228a5912cf980f9eddc90c91c35a8882c3e3691443febbf053468690f
EC-GAD-DAULE-LPI-GADIMCD-2025-03:0682,APUV1-6babaf386de871ffb5a687a5,APUCON-a9e7330ee6c4f153dfb41dca,EC-GAD-DAULE-LPI-GADIMCD-2025-03,MALECON,682,SUMINISTRO DE TUBERIA PP UNION ROSCABLE DI=1 1/2 plg 1.25 MPA,m,0.000000,8.090000,0.2000,1.618000,0.000000,9.708000,9.710000,3,ANALISIS-DE-PRECIOS-UNITARIOS-1-1000-EXCEL.xlsx,sheet1,57997,6babaf386de871ffb5a687a510f7ef7d7785b157a12c0c897cbffa0083f74b65
EC-GAD-DAULE-LPI-GADIMCD-2025-03:0683,APUV1-946b19e71ddd5ff304f5fb8f,APUCON-ae72aa79521a5ccce203be96,EC-GAD-DAULE-LPI-GADIMCD-2025-03,MALECON,683,INSTALACION DE TUBERIA PP UNION ROSCABLE DI=1 1/2 plg 1.25 MPA,m,0.084000,1.169532,0.2000,0.233906,0.000000,1.403438,1.400000,4,ANALISIS-DE-PRECIOS-UNITARIOS-1-1000-EXCEL.xlsx,sheet1,58082,946b19e71ddd5ff304f5fb8f2041e037829394ba3e7a8360868f990389df3608
EC-GAD-DAULE-LPI-GADIMCD-2025-03:0684,APUV1-a55b849f07cfda93d958bda3,APUCON-0ae3a6c1d8a9ebe70298efd1,EC-GAD-DAULE-LPI-GADIMCD-2025-03,MALECON,684,SUMINISTRO E INSTALACION DE CODO 90' PP 1 1/2 IN ROSCABLE,u,0.350000,9.683050,0.2000,1.936610,0.000000,11.619660,11.620000,5,ANALISIS-DE-PRECIOS-UNITARIOS-1-1000-EXCEL.xlsx,sheet1,58167,a55b849f07cfda93d958bda3688fbd6745b5fdf5b992b4f9ef4b858371f81d53
EC-GAD-DAULE-LPI-GADIMCD-2025-03:0685,APUV1-8c7f1f9b6ef9a27446e0a3ab,APUCON-5f47620fe2673c4e4c0a7284,EC-GAD-DAULE-LPI-GADIMCD-2025-03,MALECON,685,SUMINISTRO E INSTALACION DE TEE 1 1/2 IN PP ROSCABLE,u,0.501000,11.995423,0.2000,2.399085,0.000000,14.394508,14.390000,5,ANALISIS-DE-PRECIOS-UNITARIOS-1-1000-EXCEL.xlsx,sheet1,58252,8c7f1f9b6ef9a27446e0a3ab1dc3ab30fa595ef30b68ddf09096ce2a4a5c5f90
EC-GAD-DAULE-LPI-GADIMCD-2025-03:0686,APUV1-461168694f5aaed15e766d2d,APUCON-22f3372a4967d601866b5851,EC-GAD-DAULE-LPI-GADIMCD-2025-03,MALECON,686,SUMINISTRO E INSTALACION DE REDUCTOR DE 1 1/2 A 3/4 IN PP ROSCABLE,u,0.500000,8.801500,0.2000,1.760300,0.000000,10.561800,10.560000,5,ANALISIS-DE-PRECIOS-UNITARIOS-1-1000-EXCEL.xlsx,sheet1,58337,461168694f5aaed15e766d2d253892a575b842f7bbb79b0aa934e92940879d7b
EC-GAD-DAULE-LPI-GADIMCD-2025-03:0687,APUV1-4d44c593efcbfeb38bd1a0f3,APUCON-f9371160e90f849d0ee6b6c9,EC-GAD-DAULE-LPI-GADIMCD-2025-03,MALECON,687,MANGUERA LIMPIADORA 12m,u,1.000000,61.420000,0.2000,12.284000,0.000000,73.704000,73.700000,5,ANALISIS-DE-PRECIOS-UNITARIOS-1-1000-EXCEL.xlsx,sheet1,58422,4d44c593efcbfeb38bd1a0f31430635d161da8930970cd84282112b81b965a76
EC-GAD-DAULE-LPI-GADIMCD-2025-03:0688,APUV1-5e478693a6adb3403a2b291a,APUCON-82256219b176316b12fdf9d4,EC-GAD-DAULE-LPI-GADIMCD-2025-03,MALECON,688,ASPIRADORA RUEDA MANGO ALUMINIO,u,0.500000,29.714500,0.2000,5.942900,0.000000,35.657400,35.660000,4,ANALISIS-DE-PRECIOS-UNITARIOS-1-1000-EXCEL.xlsx,sheet1,58507,5e478693a6adb3403a2b291a3d4c860d769ada9e3197a7f5b38c230ffe01e921
EC-GAD-DAULE-LPI-GADIMCD-2025-03:0689,APUV1-164852f18cc28fd9e683fd09,APUCON-7c075adfd5f388725720aead,EC-GAD-DAULE-LPI-GADIMCD-2025-03,MALECON,689,CEPILLO #18,u,0.500000,15.464500,0.2000,3.092900,0.000000,18.557400,18.560000,4,ANALISIS-DE-PRECIOS-UNITARIOS-1-1000-EXCEL.xlsx,sheet1,58592,164852f18cc28fd9e683fd09870e03a05dda86512657b09ca1909d843327b166
EC-GAD-DAULE-LPI-GADIMCD-2025-03:0690,APUV1-32abba7e0089137b28cf2261,APUCON-852f0035a0b9954ea0b293b3,EC-GAD-DAULE-LPI-GADIMCD-2025-03,MALECON,690,CERNIDERA DE HOJAS FILO BLANCO,u,0.500000,11.444500,0.2000,2.288900,0.000000,13.733400,13.730000,4,ANALISIS-DE-PRECIOS-UNITARIOS-1-1000-EXCEL.xlsx,sheet1,58677,32abba7e0089137b28cf226128c87a6b76d948f3796f6792693fe591427f1d54
EC-GAD-DAULE-LPI-GADIMCD-2025-03:0691,APUV1-c7e22cc1029973b88be48458,APUCON-898978c5ae52ba3753693ee5,EC-GAD-DAULE-LPI-GADIMCD-2025-03,MALECON,691,MANGO TELESCOPICO,u,0.700000,25.350300,0.2000,5.070060,0.000000,30.420360,30.420000,4,ANALISIS-DE-PRECIOS-UNITARIOS-1-1000-EXCEL.xlsx,sheet1,58762,c7e22cc1029973b88be48458ab1a845ee418597d7a7bb674942dbe062cf0bf8d
EC-GAD-DAULE-LPI-GADIMCD-2025-03:0692,APUV1-c34105041cc6f244d48c302a,APUCON-3e9fee72984a80a81f4b0522,EC-GAD-DAULE-LPI-GADIMCD-2025-03,MALECON,692,KIT DE PRUEBA DE AGUA PARA PISCINA,u,1.502000,11.131225,0.2000,2.226245,0.000000,13.357470,13.360000,3,ANALISIS-DE-PRECIOS-UNITARIOS-1-1000-EXCEL.xlsx,sheet1,58847,c34105041cc6f244d48c302aab8baa8c818d162e68d1eb7d7e3f004dd54bf1fa
EC-GAD-DAULE-LPI-GADIMCD-2025-03:0693,APUV1-4d8615d5adf32a7226632718,APUCON-b9433f6e34d3debd7bcccc50,EC-GAD-DAULE-LPI-GADIMCD-2025-03,MALECON,693,"SUMINISTRO E INSTALACION DE ABRAZADERA GALVANIZADA DE 3/4""",u,1.000000,5.431500,0.2000,1.086300,0.000000,6.517800,6.520000,3,ANALISIS-DE-PRECIOS-UNITARIOS-1-1000-EXCEL.xlsx,sheet1,58932,4d8615d5adf32a7226632718e6c5eceb7451dee797a1c9a118e31670b0f509c3
EC-GAD-DAULE-LPI-GADIMCD-2025-03:0694,APUV1-707af606c8177157cab40c18,APUCON-8f3eb38a8590a6454a3a18ff,EC-GAD-DAULE-LPI-GADIMCD-2025-03,MALECON,694,MASILLADO Y ALISADO DE PISOS CON IMPERMEABILIZANTE,m2,0.714000,12.067772,0.2000,2.413554,0.000000,14.481326,14.480000,7,ANALISIS-DE-PRECIOS-UNITARIOS-1-1000-EXCEL.xlsx,sheet1,59017,707af606c8177157cab40c186a63d9202d8d49bdd947ca5344b83baeab872873
EC-GAD-DAULE-LPI-GADIMCD-2025-03:0695,APUV1-b883b8ff141dab131428baca,APUCON-2b6ee8bb109a62523ea8153f,EC-GAD-DAULE-LPI-GADIMCD-2025-03,MALECON,695,PINTURA PARA PISCINA (INCLUYE EMPASTE),m2,0.200000,9.764100,0.2000,1.952820,0.000000,11.716920,11.720000,5,ANALISIS-DE-PRECIOS-UNITARIOS-1-1000-EXCEL.xlsx,sheet1,59102,b883b8ff141dab131428bacab939977da175b0bc25f07b6f191b09b088f8e069
EC-GAD-DAULE-LPI-GADIMCD-2025-03:0696,APUV1-2205e272e7aab6f88a224cfb,APUCON-af1947d385687e3b27882aa3,EC-GAD-DAULE-LPI-GADIMCD-2025-03,MALECON,696,REPLANTEO Y TRAZADO PARA ESTRUCTURA CIVIL,m2,0.026000,1.170828,0.2000,0.234166,0.000000,1.404994,1.400000,9,ANALISIS-DE-PRECIOS-UNITARIOS-1-1000-EXCEL.xlsx,sheet1,59187,2205e272e7aab6f88a224cfb1f8a99785c989d3ce5e3a8aa92aea0efa4bb3f6d
EC-GAD-DAULE-LPI-GADIMCD-2025-03:0697,APUV1-e59cebfcd77c6c8c65506b68,APUCON-73f0e99a16978c5df411a0eb,EC-GAD-DAULE-LPI-GADIMCD-2025-03,MALECON,697,RELLENO COMPACTADO CON COMPACTADOR MANUAL DE MATERIAL IMPORTADO (INCLUYE TRANSPORTE),m3,0.125000,17.215750,0.2000,3.443150,0.000000,20.658900,20.660000,7,ANALISIS-DE-PRECIOS-UNITARIOS-1-1000-EXCEL.xlsx,sheet1,59272,e59cebfcd77c6c8c65506b68b786b3c65837f00ef9dcda1e729533e934857577
EC-GAD-DAULE-LPI-GADIMCD-2025-03:0698,APUV1-b3eacad7f90272ba18c34351,APUCON-463532f3cdb84627c0853b2c,EC-GAD-DAULE-LPI-GADIMCD-2025-03,MALECON,698,HIDROSUCCIONADOR 12m3 (HORA),u,0.800000,138.747200,0.2000,27.749440,0.000000,166.496640,166.500000,5,ANALISIS-DE-PRECIOS-UNITARIOS-1-1000-EXCEL.xlsx,sheet1,59357,b3eacad7f90272ba18c343516b08343bdf61248d11d87e177ff9b1bb84893e3a
EC-GAD-DAULE-LPI-GADIMCD-2025-03:0699,APUV1-003ce7e5e2582f9334cf4cde,APUCON-aa43ff16c55438a30306fa8f,EC-GAD-DAULE-LPI-GADIMCD-2025-03,MALECON,699,DEMOLICION DE HORMIGON ARMADO (INCLUYE DESALOJO),m3,0.560000,54.534480,0.2000,10.906896,0.000000,65.441376,65.440000,9,ANALISIS-DE-PRECIOS-UNITARIOS-1-1000-EXCEL.xlsx,sheet1,59442,003ce7e5e2582f9334cf4cdea990ebabeb9239a46906cbb3ae2b2a36971927b7
EC-GAD-DAULE-LPI-GADIMCD-2025-03:0700,APUV1-03e1287f0d767e1547be17c7,APUCON-2f2c9d3d698ad877a4e94f22,EC-GAD-DAULE-LPI-GADIMCD-2025-03,MALECON,700,ACERO DE REFUERZO EN BARRAS FY=4200 Kg/cm2,Kg,0.025000,1.931563,0.2000,0.386313,0.000000,2.317875,2.320000,7,ANALISIS-DE-PRECIOS-UNITARIOS-1-1000-EXCEL.xlsx,sheet1,59527,03e1287f0d767e1547be17c7f382c830483aeaa52945a4df6a8be7fafa676a03
EC-GAD-DAULE-LPI-GADIMCD-2025-03:0701,APUV1-493d5cad39550cc04d2e6c2f,APUCON-14f8b49d40ccc852fea34b6c,EC-GAD-DAULE-LPI-GADIMCD-2025-03,MALECON,701,HORMIGON PREMEZCLADO F´C=280 Kg/cm2 INCLUYE ENCOFRADO,m3,3.000000,302.396000,0.2000,60.479200,0.000000,362.875200,362.880000,10,ANALISIS-DE-PRECIOS-UNITARIOS-1-1000-EXCEL.xlsx,sheet1,59629,493d5cad39550cc04d2e6c2f4980f8c0db2611fe931d4d9ee0460222bb9985b8
EC-GAD-DAULE-LPI-GADIMCD-2025-03:0702,APUV1-124aa947f8a5202036f0ea51,APUCON-fa19a4bf8fbac1228b8377dc,EC-GAD-DAULE-LPI-GADIMCD-2025-03,MALECON,702,HORMIGON PREMEZCLADO F'C=180 Kg/cm2 PARA REPLANTILLO INCLUYE ENCOFRADO,m3,1.500000,167.534000,0.2000,33.506800,0.000000,201.040800,201.040000,8,ANALISIS-DE-PRECIOS-UNITARIOS-1-1000-EXCEL.xlsx,sheet1,59714,124aa947f8a5202036f0ea512f67107a82f2082f94578962618b0a31a959b5dd
EC-GAD-DAULE-LPI-GADIMCD-2025-03:0703,APUV1-f7e3a10817d4526cf9bc055f,APUCON-58138458ecd9715e08d0605c,EC-GAD-DAULE-LPI-GADIMCD-2025-03,MALECON,703,TECLE ELECTRICO DE 3 Tn 15m DE LEVANTE (INCLUYE TROLLEY Y RIELES),u,8.000000,15832.548000,0.2000,3166.509600,0.000000,18999.057600,18999.060000,5,ANALISIS-DE-PRECIOS-UNITARIOS-1-1000-EXCEL.xlsx,sheet1,59799,f7e3a10817d4526cf9bc055f58d8afcadc95725a15ae0f9395380dc2ec31b165
EC-GAD-DAULE-LPI-GADIMCD-2025-03:0704,APUV1-f9d8222cd3c0c3c6976ecdcd,APUCON-b1d1f8d3423ac4dc49103549,EC-GAD-DAULE-LPI-GADIMCD-2025-03,MALECON,704,"SUMINISTRO E INSTALACION DE BOMBA SUMERGIBLE Q=35.33 L/S, TDH=11.33m",u,35.000000,10111.520000,0.2000,2022.304000,0.000000,12133.824000,12133.820000,9,ANALISIS-DE-PRECIOS-UNITARIOS-1-1000-EXCEL.xlsx,sheet1,59884,f9d8222cd3c0c3c6976ecdcd06d3ec81c0416089f6bf7d94c7c39428cb2e676c
EC-GAD-DAULE-LPI-GADIMCD-2025-03:0705,APUV1-2b6879f162df66f04693d609,APUCON-c26b4bfcac99b0cc9016770c,EC-GAD-DAULE-LPI-GADIMCD-2025-03,MALECON,705,SUMINISTRO E INSTALACION DE VALVULA COMPUERTA TIPO GUILLOTINA D=200mm,u,2.000000,922.606000,0.2000,184.521200,0.000000,1107.127200,1107.130000,5,ANALISIS-DE-PRECIOS-UNITARIOS-1-1000-EXCEL.xlsx,sheet1,59969,2b6879f162df66f04693d60930542af9bb956b7549105e118308187e72f7e7ed
EC-GAD-DAULE-LPI-GADIMCD-2025-03:0706,APUV1-0422b2826a2da083e24d85e7,APUCON-b19671b077ca9138a4c59e99,EC-GAD-DAULE-LPI-GADIMCD-2025-03,MALECON,706,"SUMINISTRO E INSTALACION DE CANASTILLA DE DESBASTE, SEPARACION 1 plg",u,0.500000,1057.823850,0.2000,211.564770,0.000000,1269.388620,1269.390000,13,ANALISIS-DE-PRECIOS-UNITARIOS-1-1000-EXCEL.xlsx,sheet1,60054,0422b2826a2da083e24d85e7bc885a93557aa166926a3cea0d6d51fcfb33ac67
EC-GAD-DAULE-LPI-GADIMCD-2025-03:0707,APUV1-aa023f9178232abf8b94de19,APUCON-16d8b7012f6f0194acad547b,EC-GAD-DAULE-LPI-GADIMCD-2025-03,MALECON,707,SUMINISTRO E INSTALACION DE CADENA GALVANIZADA 8mm,m,0.067000,19.667841,0.2000,3.933568,0.000000,23.601409,23.600000,6,ANALISIS-DE-PRECIOS-UNITARIOS-1-1000-EXCEL.xlsx,sheet1,60139,aa023f9178232abf8b94de1956489721e1952afe0b3c5de1cfba1add127f6c33
EC-GAD-DAULE-LPI-GADIMCD-2025-03:0708,APUV1-629ed03ab21df86e1c0f5948,APUCON-b8d3252c886ca4b8d00cc824,EC-GAD-DAULE-LPI-GADIMCD-2025-03,MALECON,708,ESCALERA DE ACERO INOXIDABLE,m,1.500000,137.000650,0.2000,27.400130,0.000000,164.400780,164.400000,12,ANALISIS-DE-PRECIOS-UNITARIOS-1-1000-EXCEL.xlsx,sheet1,60224,629ed03ab21df86e1c0f5948e2842f7651f625703c16c3263f891657ac11b148
EC-GAD-DAULE-LPI-GADIMCD-2025-03:0709,APUV1-03f88bd1a42b4b8444ae5187,APUCON-6984530abb68d2e7b21c3762,EC-GAD-DAULE-LPI-GADIMCD-2025-03,MALECON,709,SUMINISTRO E INSTALACION DE BARANDA METALICA (INCLUYE PINTURA),m,0.750000,97.287230,0.2000,19.457446,0.000000,116.744676,116.740000,11,ANALISIS-DE-PRECIOS-UNITARIOS-1-1000-EXCEL.xlsx,sheet1,60309,03f88bd1a42b4b8444ae51870a35661181587ded9828707f366c4dac2e046a6e
EC-GAD-DAULE-LPI-GADIMCD-2025-03:0710,APUV1-a47194d62b732dd561000e15,APUCON-44004674f5ad018d755ebc97,EC-GAD-DAULE-LPI-GADIMCD-2025-03,MALECON,710,SUMINISTRO E INSTALACION DE VALVULA CHECK BRIDADA DE H.D. TIPO SWING D=150mm PN10/16,u,1.750000,558.835250,0.2000,111.767050,0.000000,670.602300,670.600000,5,ANALISIS-DE-PRECIOS-UNITARIOS-1-1000-EXCEL.xlsx,sheet1,60394,a47194d62b732dd561000e15c34fa316efa0e81a6048a7896ff414bf8860962b
EC-GAD-DAULE-LPI-GADIMCD-2025-03:0711,APUV1-5f50c97c6d517533ebb1a89d,APUCON-753df503ee9dd5a79c21bf7a,EC-GAD-DAULE-LPI-GADIMCD-2025-03,MALECON,711,SUMINISTRO E INSTALACION DE VALVULA COMPUERTA VASTAGO FIJO EXTREMOS BRIDADOS D=150mm PN10/16,u,5.000000,659.095000,0.2000,131.819000,0.000000,790.914000,790.910000,5,ANALISIS-DE-PRECIOS-UNITARIOS-1-1000-EXCEL.xlsx,sheet1,60479,5f50c97c6d517533ebb1a89d04ae62526ba578f9dd83d01f1cf970507bf5f8ca
EC-GAD-DAULE-LPI-GADIMCD-2025-03:0712,APUV1-94e8e6badbbe2669b445f164,APUCON-4236ae03886881c555bbe39c,EC-GAD-DAULE-LPI-GADIMCD-2025-03,MALECON,712,SUMINISTRO E INSTALACION DE JUNTA DE DESMONTAJE 150mm,u,2.000000,362.139000,0.2000,72.427800,0.000000,434.566800,434.570000,5,ANALISIS-DE-PRECIOS-UNITARIOS-1-1000-EXCEL.xlsx,sheet1,60564,94e8e6badbbe2669b445f1643df2f1a1ad2576b5642fb0113b8282d90cd6eeb4
EC-GAD-DAULE-LPI-GADIMCD-2025-03:0713,APUV1-dd15569bd16bb2db5ce5adda,APUCON-8aa9e768dca99f05f6ce5133,EC-GAD-DAULE-LPI-GADIMCD-2025-03,MALECON,713,SUMINISTRO E INSTALACION DE BRIDA DE ACERO AL CARBONO ASTM A-105 DN 150mm,u,0.500000,197.753700,0.2000,39.550740,0.000000,237.304440,237.300000,11,ANALISIS-DE-PRECIOS-UNITARIOS-1-1000-EXCEL.xlsx,sheet1,60649,dd15569bd16bb2db5ce5addafd7b7d67bb7123935cbefae1a676a6aa562ef8ab
EC-GAD-DAULE-LPI-GADIMCD-2025-03:0714,APUV1-4e702639a5f15f7dab57bc07,APUCON-56922edc7882648267519ca4,EC-GAD-DAULE-LPI-GADIMCD-2025-03,MALECON,714,SUMINISTRO E INSTALACION DE TUBERIA ACERO ASTM A36 D=150 mm,m,0.200000,140.372500,0.2000,28.074500,0.000000,168.447000,168.450000,7,ANALISIS-DE-PRECIOS-UNITARIOS-1-1000-EXCEL.xlsx,sheet1,60734,4e702639a5f15f7dab57bc07890fe09984b3749399240dde3d8231b38a787fc6
EC-GAD-DAULE-LPI-GADIMCD-2025-03:0715,APUV1-bf57aec14d4a06bce73cd906,APUCON-4423be2932c09b6603e39e5a,EC-GAD-DAULE-LPI-GADIMCD-2025-03,MALECON,715,SUMINISTRO E INSTALACION DE CODO ACERO ASTM A36 D= 150mmX90',u,1.500000,203.884500,0.2000,40.776900,0.000000,244.661400,244.660000,5,ANALISIS-DE-PRECIOS-UNITARIOS-1-1000-EXCEL.xlsx,sheet1,60819,bf57aec14d4a06bce73cd90685f2dfc3bb9fa5476d0a04f49efdfc6342f447db
EC-GAD-DAULE-LPI-GADIMCD-2025-03:0716,APUV1-112a51764eabfac24368e110,APUCON-106fcdd2bc7a03b8dbc32974,EC-GAD-DAULE-LPI-GADIMCD-2025-03,MALECON,716,"HORMIGON PREMEZCLADO F´C=180 Kg/cm2, PARA BLOQUES DE ANCLAJES",m3,1.500000,157.139000,0.2000,31.427800,0.000000,188.566800,188.570000,6,ANALISIS-DE-PRECIOS-UNITARIOS-1-1000-EXCEL.xlsx,sheet1,60904,112a51764eabfac24368e1103c3597785d022c3f54a84db02a9247038b8a977a
EC-GAD-DAULE-LPI-GADIMCD-2025-03:0717,APUV1-0093ea940aba5afe7b7564b6,APUCON-e62980ada73783a49a42a3da,EC-GAD-DAULE-LPI-GADIMCD-2025-03,MALECON,717,COLGADOR PARA TUBERIA 8 IN,u,0.100000,5.622300,0.2000,1.124460,0.000000,6.746760,6.750000,5,ANALISIS-DE-PRECIOS-UNITARIOS-1-1000-EXCEL.xlsx,sheet1,60989,0093ea940aba5afe7b7564b66cc110420ff1f48a5acdd782c780896bef5ced35
EC-GAD-DAULE-LPI-GADIMCD-2025-03:0718,APUV1-8fa432e6bbe1caa40edf90fb,APUCON-8f23ae89e7de711853579172,EC-GAD-DAULE-LPI-GADIMCD-2025-03,MALECON,718,SUMINISTRO E INSTALACION DE TUBERIA ACERO PERFORADA ASTM A36 D=150 mm,m,0.230000,142.629920,0.2000,28.525984,0.000000,171.155904,171.160000,8,ANALISIS-DE-PRECIOS-UNITARIOS-1-1000-EXCEL.xlsx,sheet1,61074,8fa432e6bbe1caa40edf90fb46de9427fe7b48f9af5e183fd6cd2c73be2ce4bd
EC-GAD-DAULE-LPI-GADIMCD-2025-03:0719,APUV1-7a12e725d430a895f5beb4c4,APUCON-39077a68437bbf4d3583cc4b,EC-GAD-DAULE-LPI-GADIMCD-2025-03,MALECON,719,"SUMINISTRO E INSTALACION DE PASAMURO PARA TUBERIA DE H.F. 150mm, L=0.40m",u,0.900000,160.150700,0.2000,32.030140,0.000000,192.180840,192.180000,5,ANALISIS-DE-PRECIOS-UNITARIOS-1-1000-EXCEL.xlsx,sheet1,61159,7a12e725d430a895f5beb4c4d2e487465808478e0d8cbcfc2ec4ac8bfcfa68ba
EC-GAD-DAULE-LPI-GADIMCD-2025-03:0720,APUV1-3a0169e53d9535cdbca2078c,APUCON-d6734dd47344d9740298b653,EC-GAD-DAULE-LPI-GADIMCD-2025-03,MALECON,720,"SUMINISTRO E INSTALACION DE ABRAZADERA GALVANIZADA DE 4""",u,1.000000,13.259000,0.2000,2.651800,0.000000,15.910800,15.910000,4,ANALISIS-DE-PRECIOS-UNITARIOS-1-1000-EXCEL.xlsx,sheet1,61244,3a0169e53d9535cdbca2078c10a65639b7f43d5176dfe328b6f3951c48a6b701
EC-GAD-DAULE-LPI-GADIMCD-2025-03:0721,APUV1-ce2dd74b3e934272e4edc801,APUCON-a7f924b80135a7c171d25ee7,EC-GAD-DAULE-LPI-GADIMCD-2025-03,MALECON,721,SUMINISTRO DE TUBERIA DE VENTILACION PVC EC DI=110 mm,m,0.000000,3.440000,0.2000,0.688000,0.000000,4.128000,4.130000,2,ANALISIS-DE-PRECIOS-UNITARIOS-1-1000-EXCEL.xlsx,sheet1,61329,ce2dd74b3e934272e4edc801e68d824de90fe29c0eacb8cdc39f48507c9cc3a1
EC-GAD-DAULE-LPI-GADIMCD-2025-03:0722,APUV1-cb7474e6e5e1a833aea816fd,APUCON-19dce76cfef10019b0c48395,EC-GAD-DAULE-LPI-GADIMCD-2025-03,MALECON,722,INSTALACION DE TUBERIA DE VENTILACION PVC EC DI=110 mm,m,0.150000,4.448175,0.2000,0.889635,0.000000,5.337810,5.340000,7,ANALISIS-DE-PRECIOS-UNITARIOS-1-1000-EXCEL.xlsx,sheet1,61414,cb7474e6e5e1a833aea816fd57fdc32de5f8830abc005edfb45b7e9007c547a9
EC-GAD-DAULE-LPI-GADIMCD-2025-03:0723,APUV1-3c665c5cbd8e417143348a24,APUCON-3e3fe58b614dbec61642060c,EC-GAD-DAULE-LPI-GADIMCD-2025-03,MALECON,723,COLGADOR PARA TUBERIA 4 IN,u,0.100000,3.332300,0.2000,0.666460,0.000000,3.998760,4.000000,5,ANALISIS-DE-PRECIOS-UNITARIOS-1-1000-EXCEL.xlsx,sheet1,61499,3c665c5cbd8e417143348a2462c8ea3b8abccd55da1af7a1912a2d27a0b5bd68
EC-GAD-DAULE-LPI-GADIMCD-2025-03:0724,APUV1-4aa325f8cf799fbb0a0d62ae,APUCON-e3e8fecb01526ca2cb7949c5,EC-GAD-DAULE-LPI-GADIMCD-2025-03,MALECON,724,SUMINISTRO E INSTALACION DE RIEL,Kg,0.053000,4.969775,0.2000,0.993955,0.000000,5.963730,5.960000,15,ANALISIS-DE-PRECIOS-UNITARIOS-1-1000-EXCEL.xlsx,sheet1,61584,4aa325f8cf799fbb0a0d62aeb68e1fe0dc975c907c0668fd6192d207343f0843
EC-GAD-DAULE-LPI-GADIMCD-2025-03:0725,APUV1-c7a5db12db278fa4b4dc645e,APUCON-c62e495939f1dcfc0caf6ccd,EC-GAD-DAULE-LPI-GADIMCD-2025-03,MALECON,725,SUMINISTRO E INSTALACION DE TAPA DE ACERO (2.02X2.02m) (E=6mm),u,2.000000,831.088600,0.2000,166.217720,0.000000,997.306320,997.310000,11,ANALISIS-DE-PRECIOS-UNITARIOS-1-1000-EXCEL.xlsx,sheet1,61669,c7a5db12db278fa4b4dc645e17d508f9f9641f8752d4058cb6808fb2c1077c49
EC-GAD-DAULE-LPI-GADIMCD-2025-03:0726,APUV1-269db0665d61a70e9e5db4e3,APUCON-19d961aba558a9f69cc491a9,EC-GAD-DAULE-LPI-GADIMCD-2025-03,MALECON,726,SUMINISTRO E INSTALACION DE TAPA DE ACERO (1.80X2.03m) (E=6mm),u,2.000000,299.941400,0.2000,59.988280,0.000000,359.929680,359.930000,11,ANALISIS-DE-PRECIOS-UNITARIOS-1-1000-EXCEL.xlsx,sheet1,61754,269db0665d61a70e9e5db4e3f888e5d4060e0177ef62a79d414566a3fefdc807
EC-GAD-DAULE-LPI-GADIMCD-2025-03:0727,APUV1-65090d06cec6f9092bb36cd5,APUCON-3ec63d5607c7cc09122f6c65,EC-GAD-DAULE-LPI-GADIMCD-2025-03,MALECON,727,SUMINISTRO E INSTALACION DE TAPA DE ACERO (1.33X0.93m) (E=6mm),u,2.000000,297.894200,0.2000,59.578840,0.000000,357.473040,357.470000,11,ANALISIS-DE-PRECIOS-UNITARIOS-1-1000-EXCEL.xlsx,sheet1,61839,65090d06cec6f9092bb36cd5222235b63bb688157ab981869e65378090285c09
EC-GAD-DAULE-LPI-GADIMCD-2025-03:0728,APUV1-5ae47f8cb35f2a19161f64ad,APUCON-3eaa5a2210ce73e245dd8aef,EC-GAD-DAULE-LPI-GADIMCD-2025-03,MALECON,728,SUMINISTRO E INSTALACION DE TAPA DE ACERO (1.13X1.13m) (E=6mm),u,2.000000,690.283200,0.2000,138.056640,0.000000,828.339840,828.340000,11,ANALISIS-DE-PRECIOS-UNITARIOS-1-1000-EXCEL.xlsx,sheet1,61924,5ae47f8cb35f2a19161f64ade977abae2967310d1a4ef34787cc0bedea431277
EC-GAD-DAULE-LPI-GADIMCD-2025-03:0729,APUV1-ad68a28407416ffc0b7194cf,APUCON-a2d102aa60a1009c32ec3be5,EC-GAD-DAULE-LPI-GADIMCD-2025-03,MALECON,729,HORMIGON PREMEZCLADO F´C=180 Kg/cm2 INCLUYE ENCOFRADO,m3,1.750000,175.285500,0.2000,35.057100,0.000000,210.342600,210.340000,8,ANALISIS-DE-PRECIOS-UNITARIOS-1-1000-EXCEL.xlsx,sheet1,62009,ad68a28407416ffc0b7194cfda3b3133f83e9a391143d1a1171d8a6d80c5033e
EC-GAD-DAULE-LPI-GADIMCD-2025-03:0730,APUV1-6f53c02a3713099d2e2fbef7,APUCON-66e64331beb7f0234e081a0f,EC-GAD-DAULE-LPI-GADIMCD-2025-03,MALECON,730,SUMINISTRO E INSTALACION DE CUBIERTA,m2,0.500000,9.771500,0.2000,1.954300,0.000000,11.725800,11.730000,5,ANALISIS-DE-PRECIOS-UNITARIOS-1-1000-EXCEL.xlsx,sheet1,62094,6f53c02a3713099d2e2fbef72bc2334d12c2c404ab7414165c1ea63644d585cf
EC-GAD-DAULE-LPI-GADIMCD-2025-03:0731,APUV1-d54ecfa422c8da4b4dc86951,APUCON-d99fbafd894e0ff84f8f8e72,EC-GAD-DAULE-LPI-GADIMCD-2025-03,MALECON,731,"SUMINISTRO E INSTALACION DE TUBERIA GALVANIZADA 1""",m,0.120000,10.457990,0.2000,2.091598,0.000000,12.549588,12.550000,8,ANALISIS-DE-PRECIOS-UNITARIOS-1-1000-EXCEL.xlsx,sheet1,62179,d54ecfa422c8da4b4dc8695148fed57d85cded0227233b93ad7ec2aaedbc0332
EC-GAD-DAULE-LPI-GADIMCD-2025-03:0732,APUV1-2002fcd95b8722bf135b7365,APUCON-da08326ca763a093af19f9b5,EC-GAD-DAULE-LPI-GADIMCD-2025-03,MALECON,732,ACERO ESTRUCTURAL (A36),Kg,0.025000,5.034400,0.2000,1.006880,0.000000,6.041280,6.040000,17,ANALISIS-DE-PRECIOS-UNITARIOS-1-1000-EXCEL.xlsx,sheet1,62264,2002fcd95b8722bf135b73655387141c30448e61c378b193b47621c5376db821
EC-GAD-DAULE-LPI-GADIMCD-2025-03:0733,APUV1-124aa947f8a5202036f0ea51,APUCON-fa19a4bf8fbac1228b8377dc,EC-GAD-DAULE-LPI-GADIMCD-2025-03,MALECON,733,HORMIGON PREMEZCLADO F'C=180 Kg/cm2 PARA REPLANTILLO INCLUYE ENCOFRADO,m3,1.500000,167.534000,0.2000,33.506800,0.000000,201.040800,201.040000,8,ANALISIS-DE-PRECIOS-UNITARIOS-1-1000-EXCEL.xlsx,sheet1,62349,124aa947f8a5202036f0ea512f67107a82f2082f94578962618b0a31a959b5dd
EC-GAD-DAULE-LPI-GADIMCD-2025-03:0734,APUV1-cfb07effba25b1e3ab987f1f,APUCON-d87e133d3cd355ac34ef2574,EC-GAD-DAULE-LPI-GADIMCD-2025-03,MALECON,734,SUMINISTRO E INSTALACION DE BISAGRA,u,0.120000,3.468500,0.2000,0.693700,0.000000,4.162200,4.160000,3,ANALISIS-DE-PRECIOS-UNITARIOS-1-1000-EXCEL.xlsx,sheet1,62434,cfb07effba25b1e3ab987f1fe49bc6bb78f367e92857fe6ea6d92e3c65161413
EC-GAD-DAULE-LPI-GADIMCD-2025-03:0735,APUV1-03e1287f0d767e1547be17c7,APUCON-2f2c9d3d698ad877a4e94f22,EC-GAD-DAULE-LPI-GADIMCD-2025-03,MALECON,735,ACERO DE REFUERZO EN BARRAS FY=4200 Kg/cm2,Kg,0.025000,1.931563,0.2000,0.386313,0.000000,2.317875,2.320000,7,ANALISIS-DE-PRECIOS-UNITARIOS-1-1000-EXCEL.xlsx,sheet1,62519,03e1287f0d767e1547be17c7f382c830483aeaa52945a4df6a8be7fafa676a03
EC-GAD-DAULE-LPI-GADIMCD-2025-03:0736,APUV1-47f96e8a80fd17d18034103d,APUCON-e8192d05469acfe5d28e5529,EC-GAD-DAULE-LPI-GADIMCD-2025-03,MALECON,736,"MALLA ELECTROSOLDADA 15x15 - 5,5mm",m2,0.045000,5.021822,0.2000,1.004365,0.000000,6.026187,6.030000,9,ANALISIS-DE-PRECIOS-UNITARIOS-1-1000-EXCEL.xlsx,sheet1,62604,47f96e8a80fd17d18034103ddc91b9f679b4ef05f5f52163a1d36b5333f13478
EC-GAD-DAULE-LPI-GADIMCD-2025-03:0737,APUV1-2002fcd95b8722bf135b7365,APUCON-da08326ca763a093af19f9b5,EC-GAD-DAULE-LPI-GADIMCD-2025-03,MALECON,737,ACERO ESTRUCTURAL (A36),Kg,0.025000,5.034400,0.2000,1.006880,0.000000,6.041280,6.040000,17,ANALISIS-DE-PRECIOS-UNITARIOS-1-1000-EXCEL.xlsx,sheet1,62689,2002fcd95b8722bf135b73655387141c30448e61c378b193b47621c5376db821
EC-GAD-DAULE-LPI-GADIMCD-2025-03:0738,APUV1-ad68a28407416ffc0b7194cf,APUCON-a2d102aa60a1009c32ec3be5,EC-GAD-DAULE-LPI-GADIMCD-2025-03,MALECON,738,HORMIGON PREMEZCLADO F´C=180 Kg/cm2 INCLUYE ENCOFRADO,m3,1.750000,175.285500,0.2000,35.057100,0.000000,210.342600,210.340000,8,ANALISIS-DE-PRECIOS-UNITARIOS-1-1000-EXCEL.xlsx,sheet1,62774,ad68a28407416ffc0b7194cfda3b3133f83e9a391143d1a1171d8a6d80c5033e
EC-GAD-DAULE-LPI-GADIMCD-2025-03:0739,APUV1-1f46d986fd85efbab376f2d0,APUCON-1c7defe720becd4db6cf28ad,EC-GAD-DAULE-LPI-GADIMCD-2025-03,MALECON,739,HORMIGON PREMEZCLADO F´C=210 Kg/cm2 INCLUYE ENCOFRADO,m3,1.750000,188.868125,0.2000,37.773625,0.000000,226.641750,226.640000,9,ANALISIS-DE-PRECIOS-UNITARIOS-1-1000-EXCEL.xlsx,sheet1,62859,1f46d986fd85efbab376f2d0a638ef8ad8bb85627f3f2fd7729ea47054db7a80
EC-GAD-DAULE-LPI-GADIMCD-2025-03:0740,APUV1-e59cebfcd77c6c8c65506b68,APUCON-73f0e99a16978c5df411a0eb,EC-GAD-DAULE-LPI-GADIMCD-2025-03,MALECON,740,RELLENO COMPACTADO CON COMPACTADOR MANUAL DE MATERIAL IMPORTADO (INCLUYE TRANSPORTE),m3,0.125000,17.215750,0.2000,3.443150,0.000000,20.658900,20.660000,7,ANALISIS-DE-PRECIOS-UNITARIOS-1-1000-EXCEL.xlsx,sheet1,62944,e59cebfcd77c6c8c65506b68b786b3c65837f00ef9dcda1e729533e934857577
EC-GAD-DAULE-LPI-GADIMCD-2025-03:0741,APUV1-75bcb5958151f0e78f510348,APUCON-0cbcdc18c2f1c4b1bd08d810,EC-GAD-DAULE-LPI-GADIMCD-2025-03,MALECON,741,EXCAVACION A MANO,m3,0.555000,10.192298,0.2000,2.038460,0.000000,12.230757,12.230000,4,ANALISIS-DE-PRECIOS-UNITARIOS-1-1000-EXCEL.xlsx,sheet1,63029,75bcb5958151f0e78f510348ba8c308e293b3bf0549e7ce6f38b32a54fb0df4d
EC-GAD-DAULE-LPI-GADIMCD-2025-03:0742,APUV1-34b233ad709c151d01f184ea,APUCON-154bc66efa9589c542172f6b,EC-GAD-DAULE-LPI-GADIMCD-2025-03,MALECON,742,DESALOJO DEL MATERIAL SOBRANTE (BOTADERO MUNICIPAL),m3,0.092500,2.916617,0.2000,0.583323,0.000000,3.499941,3.500000,3,ANALISIS-DE-PRECIOS-UNITARIOS-1-1000-EXCEL.xlsx,sheet1,63114,34b233ad709c151d01f184ea900c462d2f9c3768eb44b57fc199aab9337e1d3e
EC-GAD-DAULE-LPI-GADIMCD-2025-03:0743,APUV1-9df1b2b022de0332f4bf132c,APUCON-0cd46e2a2da7d83157777314,EC-GAD-DAULE-LPI-GADIMCD-2025-03,MALECON,743,SUMINISTRO E INSTALACION DE CUBIERTA DE TEJA DE FIBROCEMENTO 8mm,m2,0.150000,12.144675,0.2000,2.428935,0.000000,14.573610,14.570000,9,ANALISIS-DE-PRECIOS-UNITARIOS-1-1000-EXCEL.xlsx,sheet1,63199,9df1b2b022de0332f4bf132cc7c75342f01211d520d97e8c2fe5814455da3c7e
EC-GAD-DAULE-LPI-GADIMCD-2025-03:0744,APUV1-231d29b0375549e45caa107c,APUCON-86933e622ca403cd2217804c,EC-GAD-DAULE-LPI-GADIMCD-2025-03,MALECON,744,PARED DE BLOQUE 30X30X15cm,m2,0.600000,17.671800,0.2000,3.534360,0.000000,21.206160,21.210000,9,ANALISIS-DE-PRECIOS-UNITARIOS-1-1000-EXCEL.xlsx,sheet1,63284,231d29b0375549e45caa107c9b8dd535f4ad65177fe8cf6be97c9b2991ab403d
EC-GAD-DAULE-LPI-GADIMCD-2025-03:0745,APUV1-55b3f0579c14d0d3486c9b3d,APUCON-c26f9a821a60d1f4c02ce248,EC-GAD-DAULE-LPI-GADIMCD-2025-03,MALECON,745,ENLUCIDO DE PAREDES EXTERIORES,m2,0.400000,9.781450,0.2000,1.956290,0.000000,11.737740,11.740000,6,ANALISIS-DE-PRECIOS-UNITARIOS-1-1000-EXCEL.xlsx,sheet1,63369,55b3f0579c14d0d3486c9b3dc435c2239abc4147693bef699a69c92e9e422876
EC-GAD-DAULE-LPI-GADIMCD-2025-03:0746,APUV1-9c7258c64002e2d230b00fec,APUCON-5a3d6736dcf2a807e5d95e77,EC-GAD-DAULE-LPI-GADIMCD-2025-03,MALECON,746,ENLUCIDO DE PAREDES INTERIORES,m2,0.300000,7.178650,0.2000,1.435730,0.000000,8.614380,8.610000,6,ANALISIS-DE-PRECIOS-UNITARIOS-1-1000-EXCEL.xlsx,sheet1,63454,9c7258c64002e2d230b00fec087c219184b6389cc0614ba3b7dda44528be24be
EC-GAD-DAULE-LPI-GADIMCD-2025-03:0747,APUV1-e011ff330ba56051afbf28a4,APUCON-9d548c404424417e5382395e,EC-GAD-DAULE-LPI-GADIMCD-2025-03,MALECON,747,PINTURA EXTERIOR,m2,0.400000,7.234600,0.2000,1.446920,0.000000,8.681520,8.680000,6,ANALISIS-DE-PRECIOS-UNITARIOS-1-1000-EXCEL.xlsx,sheet1,63539,e011ff330ba56051afbf28a46f4c4e84f24eb4bd1a10903727538ba93016b25e
EC-GAD-DAULE-LPI-GADIMCD-2025-03:0748,APUV1-ba45a14d274ec6df3b4492b3,APUCON-57fda0bb67764d17ac27a48c,EC-GAD-DAULE-LPI-GADIMCD-2025-03,MALECON,748,PINTURA INTERIOR,m2,0.400000,6.824200,0.2000,1.364840,0.000000,8.189040,8.190000,6,ANALISIS-DE-PRECIOS-UNITARIOS-1-1000-EXCEL.xlsx,sheet1,63624,ba45a14d274ec6df3b4492b37fafc6424228be13f33f35c639686b5725b89ee3
EC-GAD-DAULE-LPI-GADIMCD-2025-03:0749,APUV1-f57d7be10571af520d451e48,APUCON-33559dfcd9ba8cc72287dfc9,EC-GAD-DAULE-LPI-GADIMCD-2025-03,MALECON,749,VENTANAS DE ALUMINIO Y VIDRIO (VIDRIO 5mm),m2,3.000000,126.769000,0.2000,25.353800,0.000000,152.122800,152.120000,5,ANALISIS-DE-PRECIOS-UNITARIOS-1-1000-EXCEL.xlsx,sheet1,63709,f57d7be10571af520d451e481757fe5432bd8bc7236388a6d60aa9cc96fe3c51
EC-GAD-DAULE-LPI-GADIMCD-2025-03:0750,APUV1-2a0ca8a68e076711f3f8a101,APUCON-61b46612e458a45815512147,EC-GAD-DAULE-LPI-GADIMCD-2025-03,MALECON,750,PUERTA METALICA TIPO LOUVER (1.60x1.60m),u,4.000000,364.758000,0.2000,72.951600,0.000000,437.709600,437.710000,7,ANALISIS-DE-PRECIOS-UNITARIOS-1-1000-EXCEL.xlsx,sheet1,63794,2a0ca8a68e076711f3f8a101917364e2b7a963ad5afe883669abca498b95a709
EC-GAD-DAULE-LPI-GADIMCD-2025-03:0751,APUV1-03e1287f0d767e1547be17c7,APUCON-2f2c9d3d698ad877a4e94f22,EC-GAD-DAULE-LPI-GADIMCD-2025-03,MALECON,751,ACERO DE REFUERZO EN BARRAS FY=4200 Kg/cm2,Kg,0.025000,1.931563,0.2000,0.386313,0.000000,2.317875,2.320000,7,ANALISIS-DE-PRECIOS-UNITARIOS-1-1000-EXCEL.xlsx,sheet1,63879,03e1287f0d767e1547be17c7f382c830483aeaa52945a4df6a8be7fafa676a03
EC-GAD-DAULE-LPI-GADIMCD-2025-03:0752,APUV1-47f96e8a80fd17d18034103d,APUCON-e8192d05469acfe5d28e5529,EC-GAD-DAULE-LPI-GADIMCD-2025-03,MALECON,752,"MALLA ELECTROSOLDADA 15x15 - 5,5mm",m2,0.045000,5.021822,0.2000,1.004365,0.000000,6.026187,6.030000,9,ANALISIS-DE-PRECIOS-UNITARIOS-1-1000-EXCEL.xlsx,sheet1,63964,47f96e8a80fd17d18034103ddc91b9f679b4ef05f5f52163a1d36b5333f13478
EC-GAD-DAULE-LPI-GADIMCD-2025-03:0753,APUV1-2002fcd95b8722bf135b7365,APUCON-da08326ca763a093af19f9b5,EC-GAD-DAULE-LPI-GADIMCD-2025-03,MALECON,753,ACERO ESTRUCTURAL (A36),Kg,0.025000,5.034400,0.2000,1.006880,0.000000,6.041280,6.040000,17,ANALISIS-DE-PRECIOS-UNITARIOS-1-1000-EXCEL.xlsx,sheet1,64049,2002fcd95b8722bf135b73655387141c30448e61c378b193b47621c5376db821
EC-GAD-DAULE-LPI-GADIMCD-2025-03:0754,APUV1-124aa947f8a5202036f0ea51,APUCON-fa19a4bf8fbac1228b8377dc,EC-GAD-DAULE-LPI-GADIMCD-2025-03,MALECON,754,HORMIGON PREMEZCLADO F'C=180 Kg/cm2 PARA REPLANTILLO INCLUYE ENCOFRADO,m3,1.500000,167.534000,0.2000,33.506800,0.000000,201.040800,201.040000,8,ANALISIS-DE-PRECIOS-UNITARIOS-1-1000-EXCEL.xlsx,sheet1,64134,124aa947f8a5202036f0ea512f67107a82f2082f94578962618b0a31a959b5dd
EC-GAD-DAULE-LPI-GADIMCD-2025-03:0755,APUV1-1f46d986fd85efbab376f2d0,APUCON-1c7defe720becd4db6cf28ad,EC-GAD-DAULE-LPI-GADIMCD-2025-03,MALECON,755,HORMIGON PREMEZCLADO F´C=210 Kg/cm2 INCLUYE ENCOFRADO,m3,1.750000,188.868125,0.2000,37.773625,0.000000,226.641750,226.640000,9,ANALISIS-DE-PRECIOS-UNITARIOS-1-1000-EXCEL.xlsx,sheet1,64219,1f46d986fd85efbab376f2d0a638ef8ad8bb85627f3f2fd7729ea47054db7a80
EC-GAD-DAULE-LPI-GADIMCD-2025-03:0756,APUV1-e59cebfcd77c6c8c65506b68,APUCON-73f0e99a16978c5df411a0eb,EC-GAD-DAULE-LPI-GADIMCD-2025-03,MALECON,756,RELLENO COMPACTADO CON COMPACTADOR MANUAL DE MATERIAL IMPORTADO (INCLUYE TRANSPORTE),m3,0.125000,17.220000,0.2000,3.440000,0.000000,20.660000,20.660000,7,ANALISIS-DE-PRECIOS-UNITARIOS-1-1000-EXCEL.xlsx,sheet1,64304,e59cebfcd77c6c8c65506b68b786b3c65837f00ef9dcda1e729533e934857577
EC-GAD-DAULE-LPI-GADIMCD-2025-03:0757,APUV1-75bcb5958151f0e78f510348,APUCON-0cbcdc18c2f1c4b1bd08d810,EC-GAD-DAULE-LPI-GADIMCD-2025-03,MALECON,757,EXCAVACION A MANO,m3,0.555000,10.192298,0.2000,2.038460,0.000000,12.230757,12.230000,4,ANALISIS-DE-PRECIOS-UNITARIOS-1-1000-EXCEL.xlsx,sheet1,64389,75bcb5958151f0e78f510348ba8c308e293b3bf0549e7ce6f38b32a54fb0df4d
EC-GAD-DAULE-LPI-GADIMCD-2025-03:0758,APUV1-34b233ad709c151d01f184ea,APUCON-154bc66efa9589c542172f6b,EC-GAD-DAULE-LPI-GADIMCD-2025-03,MALECON,758,DESALOJO DEL MATERIAL SOBRANTE (BOTADERO MUNICIPAL),m3,0.092500,2.916617,0.2000,0.583323,0.000000,3.499941,3.500000,3,ANALISIS-DE-PRECIOS-UNITARIOS-1-1000-EXCEL.xlsx,sheet1,64474,34b233ad709c151d01f184ea900c462d2f9c3768eb44b57fc199aab9337e1d3e
EC-GAD-DAULE-LPI-GADIMCD-2025-03:0759,APUV1-9df1b2b022de0332f4bf132c,APUCON-0cd46e2a2da7d83157777314,EC-GAD-DAULE-LPI-GADIMCD-2025-03,MALECON,759,SUMINISTRO E INSTALACION DE CUBIERTA DE TEJA DE FIBROCEMENTO 8mm,m2,0.150000,12.144675,0.2000,2.428935,0.000000,14.573610,14.570000,9,ANALISIS-DE-PRECIOS-UNITARIOS-1-1000-EXCEL.xlsx,sheet1,64559,9df1b2b022de0332f4bf132cc7c75342f01211d520d97e8c2fe5814455da3c7e
EC-GAD-DAULE-LPI-GADIMCD-2025-03:0760,APUV1-231d29b0375549e45caa107c,APUCON-86933e622ca403cd2217804c,EC-GAD-DAULE-LPI-GADIMCD-2025-03,MALECON,760,PARED DE BLOQUE 30X30X15cm,m2,0.600000,17.671800,0.2000,3.534360,0.000000,21.206160,21.210000,9,ANALISIS-DE-PRECIOS-UNITARIOS-1-1000-EXCEL.xlsx,sheet1,64644,231d29b0375549e45caa107c9b8dd535f4ad65177fe8cf6be97c9b2991ab403d
EC-GAD-DAULE-LPI-GADIMCD-2025-03:0761,APUV1-55b3f0579c14d0d3486c9b3d,APUCON-c26f9a821a60d1f4c02ce248,EC-GAD-DAULE-LPI-GADIMCD-2025-03,MALECON,761,ENLUCIDO DE PAREDES EXTERIORES,m2,0.400000,9.781450,0.2000,1.956290,0.000000,11.737740,11.740000,6,ANALISIS-DE-PRECIOS-UNITARIOS-1-1000-EXCEL.xlsx,sheet1,64729,55b3f0579c14d0d3486c9b3dc435c2239abc4147693bef699a69c92e9e422876
EC-GAD-DAULE-LPI-GADIMCD-2025-03:0762,APUV1-9c7258c64002e2d230b00fec,APUCON-5a3d6736dcf2a807e5d95e77,EC-GAD-DAULE-LPI-GADIMCD-2025-03,MALECON,762,ENLUCIDO DE PAREDES INTERIORES,m2,0.300000,7.178650,0.2000,1.435730,0.000000,8.614380,8.610000,6,ANALISIS-DE-PRECIOS-UNITARIOS-1-1000-EXCEL.xlsx,sheet1,64814,9c7258c64002e2d230b00fec087c219184b6389cc0614ba3b7dda44528be24be
EC-GAD-DAULE-LPI-GADIMCD-2025-03:0763,APUV1-e011ff330ba56051afbf28a4,APUCON-9d548c404424417e5382395e,EC-GAD-DAULE-LPI-GADIMCD-2025-03,MALECON,763,PINTURA EXTERIOR,m2,0.400000,7.234600,0.2000,1.446920,0.000000,8.681520,8.680000,6,ANALISIS-DE-PRECIOS-UNITARIOS-1-1000-EXCEL.xlsx,sheet1,64899,e011ff330ba56051afbf28a46f4c4e84f24eb4bd1a10903727538ba93016b25e
EC-GAD-DAULE-LPI-GADIMCD-2025-03:0764,APUV1-ba45a14d274ec6df3b4492b3,APUCON-57fda0bb67764d17ac27a48c,EC-GAD-DAULE-LPI-GADIMCD-2025-03,MALECON,764,PINTURA INTERIOR,m2,0.400000,6.824200,0.2000,1.364840,0.000000,8.189040,8.190000,6,ANALISIS-DE-PRECIOS-UNITARIOS-1-1000-EXCEL.xlsx,sheet1,64984,ba45a14d274ec6df3b4492b37fafc6424228be13f33f35c639686b5725b89ee3
EC-GAD-DAULE-LPI-GADIMCD-2025-03:0765,APUV1-f280fff29ba1a2ea41565cca,APUCON-8347e88e85bb354bd717d926,EC-GAD-DAULE-LPI-GADIMCD-2025-03,MALECON,765,PUERTA EN ACERO INOXIDABLE (0.90x2.00m),u,3.500000,767.017050,0.2000,153.403410,0.000000,920.420460,920.420000,12,ANALISIS-DE-PRECIOS-UNITARIOS-1-1000-EXCEL.xlsx,sheet1,65069,f280fff29ba1a2ea41565cca888d5a30d386e1222deff5e095bc88e57302e86b
EC-GAD-DAULE-LPI-GADIMCD-2025-03:0766,APUV1-c0049150c543705d5409eabe,APUCON-4410c196bc3e80dd08d9ef91,EC-GAD-DAULE-LPI-GADIMCD-2025-03,MALECON,766,INODORO (INCLUYE ACCESORIOS),u,1.000000,151.938000,0.2000,30.387600,0.000000,182.325600,182.330000,7,ANALISIS-DE-PRECIOS-UNITARIOS-1-1000-EXCEL.xlsx,sheet1,65154,c0049150c543705d5409eabe91a5d7ca7f5bbdc71a527fa4423268da281886dc
EC-GAD-DAULE-LPI-GADIMCD-2025-03:0767,APUV1-2a02d2ce04692bc5ca93dbb1,APUCON-7b637b072bd451f818b5eb63,EC-GAD-DAULE-LPI-GADIMCD-2025-03,MALECON,767,LAVAMANOS DE EMPOTRAR CON GRIFERIA PRESSMATIC (INCLUYE ACCESORIOS),u,1.000000,162.033000,0.2000,32.406600,0.000000,194.439600,194.440000,7,ANALISIS-DE-PRECIOS-UNITARIOS-1-1000-EXCEL.xlsx,sheet1,65239,2a02d2ce04692bc5ca93dbb19c43c5d0391843846133fcad40a07e4576d3ed94
EC-GAD-DAULE-LPI-GADIMCD-2025-03:0768,APUV1-808ff52df325a0a24489b644,APUCON-0fde861f502ec7d50d2e2a60,EC-GAD-DAULE-LPI-GADIMCD-2025-03,MALECON,768,MESON PARA BAÑO,u,2.000000,170.709000,0.2000,34.141800,0.000000,204.850800,204.850000,5,ANALISIS-DE-PRECIOS-UNITARIOS-1-1000-EXCEL.xlsx,sheet1,65324,808ff52df325a0a24489b6449dcd8548b3067f48d564f4afb8d750f30e40f644
EC-GAD-DAULE-LPI-GADIMCD-2025-03:0769,APUV1-22d0521119057c7c81491a74,APUCON-a601d081c39a8e5cf8171d92,EC-GAD-DAULE-LPI-GADIMCD-2025-03,MALECON,769,DUCHA (INCLUYE ACCESORIOS),u,1.000000,81.034500,0.2000,16.206900,0.000000,97.241400,97.240000,6,ANALISIS-DE-PRECIOS-UNITARIOS-1-1000-EXCEL.xlsx,sheet1,65409,22d0521119057c7c81491a74bdff84ebabfe46cb8fe7ffb928914d896e265ada
EC-GAD-DAULE-LPI-GADIMCD-2025-03:0770,APUV1-f1c6adc15c5e250f373fedd0,APUCON-779fe28fbe9a0596402bc5e6,EC-GAD-DAULE-LPI-GADIMCD-2025-03,MALECON,770,MESA PARA ESCRITORIO (INCLUYE SILLA),u,0.500000,254.585250,0.2000,50.917050,0.000000,305.502300,305.500000,5,ANALISIS-DE-PRECIOS-UNITARIOS-1-1000-EXCEL.xlsx,sheet1,65494,f1c6adc15c5e250f373fedd0a364afc7d8aba7bc16c4fc93ee057727d0ba6af5
EC-GAD-DAULE-LPI-GADIMCD-2025-03:0771,APUV1-f57d7be10571af520d451e48,APUCON-33559dfcd9ba8cc72287dfc9,EC-GAD-DAULE-LPI-GADIMCD-2025-03,MALECON,771,VENTANAS DE ALUMINIO Y VIDRIO (VIDRIO 5mm),m2,3.000000,126.769000,0.2000,25.353800,0.000000,152.122800,152.120000,5,ANALISIS-DE-PRECIOS-UNITARIOS-1-1000-EXCEL.xlsx,sheet1,65579,f57d7be10571af520d451e481757fe5432bd8bc7236388a6d60aa9cc96fe3c51
EC-GAD-DAULE-LPI-GADIMCD-2025-03:0772,APUV1-03e1287f0d767e1547be17c7,APUCON-2f2c9d3d698ad877a4e94f22,EC-GAD-DAULE-LPI-GADIMCD-2025-03,MALECON,772,ACERO DE REFUERZO EN BARRAS FY=4200 Kg/cm2,Kg,0.025000,1.931563,0.2000,0.386313,0.000000,2.317875,2.320000,7,ANALISIS-DE-PRECIOS-UNITARIOS-1-1000-EXCEL.xlsx,sheet1,65664,03e1287f0d767e1547be17c7f382c830483aeaa52945a4df6a8be7fafa676a03
EC-GAD-DAULE-LPI-GADIMCD-2025-03:0773,APUV1-47f96e8a80fd17d18034103d,APUCON-e8192d05469acfe5d28e5529,EC-GAD-DAULE-LPI-GADIMCD-2025-03,MALECON,773,"MALLA ELECTROSOLDADA 15x15 - 5,5mm",m2,0.045000,5.021822,0.2000,1.004365,0.000000,6.026187,6.030000,9,ANALISIS-DE-PRECIOS-UNITARIOS-1-1000-EXCEL.xlsx,sheet1,65749,47f96e8a80fd17d18034103ddc91b9f679b4ef05f5f52163a1d36b5333f13478
EC-GAD-DAULE-LPI-GADIMCD-2025-03:0774,APUV1-2002fcd95b8722bf135b7365,APUCON-da08326ca763a093af19f9b5,EC-GAD-DAULE-LPI-GADIMCD-2025-03,MALECON,774,ACERO ESTRUCTURAL (A36),Kg,0.025000,5.034400,0.2000,1.006880,0.000000,6.041280,6.040000,17,ANALISIS-DE-PRECIOS-UNITARIOS-1-1000-EXCEL.xlsx,sheet1,65834,2002fcd95b8722bf135b73655387141c30448e61c378b193b47621c5376db821
EC-GAD-DAULE-LPI-GADIMCD-2025-03:0775,APUV1-ad68a28407416ffc0b7194cf,APUCON-a2d102aa60a1009c32ec3be5,EC-GAD-DAULE-LPI-GADIMCD-2025-03,MALECON,775,HORMIGON PREMEZCLADO F´C=180 Kg/cm2 INCLUYE ENCOFRADO,m3,1.750000,175.285500,0.2000,35.057100,0.000000,210.342600,210.340000,8,ANALISIS-DE-PRECIOS-UNITARIOS-1-1000-EXCEL.xlsx,sheet1,65919,ad68a28407416ffc0b7194cfda3b3133f83e9a391143d1a1171d8a6d80c5033e
EC-GAD-DAULE-LPI-GADIMCD-2025-03:0776,APUV1-1f46d986fd85efbab376f2d0,APUCON-1c7defe720becd4db6cf28ad,EC-GAD-DAULE-LPI-GADIMCD-2025-03,MALECON,776,HORMIGON PREMEZCLADO F´C=210 Kg/cm2 INCLUYE ENCOFRADO,m3,1.750000,188.868125,0.2000,37.773625,0.000000,226.641750,226.640000,9,ANALISIS-DE-PRECIOS-UNITARIOS-1-1000-EXCEL.xlsx,sheet1,66004,1f46d986fd85efbab376f2d0a638ef8ad8bb85627f3f2fd7729ea47054db7a80
EC-GAD-DAULE-LPI-GADIMCD-2025-03:0777,APUV1-e59cebfcd77c6c8c65506b68,APUCON-73f0e99a16978c5df411a0eb,EC-GAD-DAULE-LPI-GADIMCD-2025-03,MALECON,777,RELLENO COMPACTADO CON COMPACTADOR MANUAL DE MATERIAL IMPORTADO (INCLUYE TRANSPORTE),m3,0.125000,17.215750,0.2000,3.443150,0.000000,20.658900,20.660000,7,ANALISIS-DE-PRECIOS-UNITARIOS-1-1000-EXCEL.xlsx,sheet1,66089,e59cebfcd77c6c8c65506b68b786b3c65837f00ef9dcda1e729533e934857577
EC-GAD-DAULE-LPI-GADIMCD-2025-03:0778,APUV1-75bcb5958151f0e78f510348,APUCON-0cbcdc18c2f1c4b1bd08d810,EC-GAD-DAULE-LPI-GADIMCD-2025-03,MALECON,778,EXCAVACION A MANO,m3,0.555000,10.192298,0.2000,2.038460,0.000000,12.230757,12.230000,4,ANALISIS-DE-PRECIOS-UNITARIOS-1-1000-EXCEL.xlsx,sheet1,66174,75bcb5958151f0e78f510348ba8c308e293b3bf0549e7ce6f38b32a54fb0df4d
EC-GAD-DAULE-LPI-GADIMCD-2025-03:0779,APUV1-34b233ad709c151d01f184ea,APUCON-154bc66efa9589c542172f6b,EC-GAD-DAULE-LPI-GADIMCD-2025-03,MALECON,779,DESALOJO DEL MATERIAL SOBRANTE (BOTADERO MUNICIPAL),m3,0.092500,2.916617,0.2000,0.583323,0.000000,3.499941,3.500000,3,ANALISIS-DE-PRECIOS-UNITARIOS-1-1000-EXCEL.xlsx,sheet1,66259,34b233ad709c151d01f184ea900c462d2f9c3768eb44b57fc199aab9337e1d3e
EC-GAD-DAULE-LPI-GADIMCD-2025-03:0780,APUV1-9df1b2b022de0332f4bf132c,APUCON-0cd46e2a2da7d83157777314,EC-GAD-DAULE-LPI-GADIMCD-2025-03,MALECON,780,SUMINISTRO E INSTALACION DE CUBIERTA DE TEJA DE FIBROCEMENTO 8mm,m2,0.150000,12.144675,0.2000,2.428935,0.000000,14.573610,14.570000,9,ANALISIS-DE-PRECIOS-UNITARIOS-1-1000-EXCEL.xlsx,sheet1,66344,9df1b2b022de0332f4bf132cc7c75342f01211d520d97e8c2fe5814455da3c7e
EC-GAD-DAULE-LPI-GADIMCD-2025-03:0781,APUV1-231d29b0375549e45caa107c,APUCON-86933e622ca403cd2217804c,EC-GAD-DAULE-LPI-GADIMCD-2025-03,MALECON,781,PARED DE BLOQUE 30X30X15cm,m2,0.600000,17.671800,0.2000,3.534360,0.000000,21.206160,21.210000,9,ANALISIS-DE-PRECIOS-UNITARIOS-1-1000-EXCEL.xlsx,sheet1,66429,231d29b0375549e45caa107c9b8dd535f4ad65177fe8cf6be97c9b2991ab403d
EC-GAD-DAULE-LPI-GADIMCD-2025-03:0782,APUV1-2a0ca8a68e076711f3f8a101,APUCON-61b46612e458a45815512147,EC-GAD-DAULE-LPI-GADIMCD-2025-03,MALECON,782,PUERTA METALICA TIPO LOUVER (1.60x1.60m),u,4.000000,364.758000,0.2000,72.951600,0.000000,437.709600,437.710000,7,ANALISIS-DE-PRECIOS-UNITARIOS-1-1000-EXCEL.xlsx,sheet1,66514,2a0ca8a68e076711f3f8a101917364e2b7a963ad5afe883669abca498b95a709
EC-GAD-DAULE-LPI-GADIMCD-2025-03:0783,APUV1-03e1287f0d767e1547be17c7,APUCON-2f2c9d3d698ad877a4e94f22,EC-GAD-DAULE-LPI-GADIMCD-2025-03,MALECON,783,ACERO DE REFUERZO EN BARRAS FY=4200 Kg/cm2,Kg,0.025000,1.931563,0.2000,0.386313,0.000000,2.317875,2.320000,7,ANALISIS-DE-PRECIOS-UNITARIOS-1-1000-EXCEL.xlsx,sheet1,66599,03e1287f0d767e1547be17c7f382c830483aeaa52945a4df6a8be7fafa676a03
EC-GAD-DAULE-LPI-GADIMCD-2025-03:0784,APUV1-ad68a28407416ffc0b7194cf,APUCON-a2d102aa60a1009c32ec3be5,EC-GAD-DAULE-LPI-GADIMCD-2025-03,MALECON,784,HORMIGON PREMEZCLADO F´C=180 Kg/cm2 INCLUYE ENCOFRADO,m3,1.750000,175.285500,0.2000,35.057100,0.000000,210.342600,210.340000,8,ANALISIS-DE-PRECIOS-UNITARIOS-1-1000-EXCEL.xlsx,sheet1,66684,ad68a28407416ffc0b7194cfda3b3133f83e9a391143d1a1171d8a6d80c5033e
EC-GAD-DAULE-LPI-GADIMCD-2025-03:0785,APUV1-1f46d986fd85efbab376f2d0,APUCON-1c7defe720becd4db6cf28ad,EC-GAD-DAULE-LPI-GADIMCD-2025-03,MALECON,785,HORMIGON PREMEZCLADO F´C=210 Kg/cm2 INCLUYE ENCOFRADO,m3,1.750000,188.868125,0.2000,37.773625,0.000000,226.641750,226.640000,9,ANALISIS-DE-PRECIOS-UNITARIOS-1-1000-EXCEL.xlsx,sheet1,66769,1f46d986fd85efbab376f2d0a638ef8ad8bb85627f3f2fd7729ea47054db7a80
EC-GAD-DAULE-LPI-GADIMCD-2025-03:0786,APUV1-e59cebfcd77c6c8c65506b68,APUCON-73f0e99a16978c5df411a0eb,EC-GAD-DAULE-LPI-GADIMCD-2025-03,MALECON,786,RELLENO COMPACTADO CON COMPACTADOR MANUAL DE MATERIAL IMPORTADO (INCLUYE TRANSPORTE),m3,0.125000,17.215750,0.2000,3.443150,0.000000,20.658900,20.660000,7,ANALISIS-DE-PRECIOS-UNITARIOS-1-1000-EXCEL.xlsx,sheet1,66854,e59cebfcd77c6c8c65506b68b786b3c65837f00ef9dcda1e729533e934857577
EC-GAD-DAULE-LPI-GADIMCD-2025-03:0787,APUV1-f1cb9932cdd3ad61a274a261,APUCON-66855de4d5c38d3778918220,EC-GAD-DAULE-LPI-GADIMCD-2025-03,MALECON,787,"EXCAVACION MECANICA EN SUELO SIN CLASIFICAR 0,00 < H < 2,00m",m3,0.029760,3.198560,0.2000,0.639712,0.000000,3.838272,3.840000,7,ANALISIS-DE-PRECIOS-UNITARIOS-1-1000-EXCEL.xlsx,sheet1,66939,f1cb9932cdd3ad61a274a26179a699159a8b0e62898b87ca99c16c1b933f8582
EC-GAD-DAULE-LPI-GADIMCD-2025-03:0788,APUV1-34b233ad709c151d01f184ea,APUCON-154bc66efa9589c542172f6b,EC-GAD-DAULE-LPI-GADIMCD-2025-03,MALECON,788,DESALOJO DEL MATERIAL SOBRANTE (BOTADERO MUNICIPAL),m3,0.092500,2.916617,0.2000,0.583323,0.000000,3.499941,3.500000,3,ANALISIS-DE-PRECIOS-UNITARIOS-1-1000-EXCEL.xlsx,sheet1,67024,34b233ad709c151d01f184ea900c462d2f9c3768eb44b57fc199aab9337e1d3e
EC-GAD-DAULE-LPI-GADIMCD-2025-03:0789,APUV1-231d29b0375549e45caa107c,APUCON-86933e622ca403cd2217804c,EC-GAD-DAULE-LPI-GADIMCD-2025-03,MALECON,789,PARED DE BLOQUE 30X30X15cm,m2,0.600000,17.671800,0.2000,3.534360,0.000000,21.206160,21.210000,9,ANALISIS-DE-PRECIOS-UNITARIOS-1-1000-EXCEL.xlsx,sheet1,67109,231d29b0375549e45caa107c9b8dd535f4ad65177fe8cf6be97c9b2991ab403d
EC-GAD-DAULE-LPI-GADIMCD-2025-03:0790,APUV1-dfe3919e4eb6c1e91349062e,APUCON-f5480c2a903b31089d888745,EC-GAD-DAULE-LPI-GADIMCD-2025-03,MALECON,790,"SUMINISTRO E INSTALACION DE TUBERIA GALVANIZADA 2""",m,0.120000,10.217990,0.2000,2.043598,0.000000,12.261588,12.260000,8,ANALISIS-DE-PRECIOS-UNITARIOS-1-1000-EXCEL.xlsx,sheet1,67194,dfe3919e4eb6c1e91349062ef823351451a41fd903a8d5c8894c9357c73dfffc
EC-GAD-DAULE-LPI-GADIMCD-2025-03:0791,APUV1-07562529a89902d75523ff37,APUCON-c0f5ae46205190ab4147b3bf,EC-GAD-DAULE-LPI-GADIMCD-2025-03,MALECON,791,"SUMINISTRO E INSTALACION DE MALLA HEXAGONAL 5/8""",m2,0.025000,2.304375,0.2000,0.460875,0.000000,2.765250,2.770000,5,ANALISIS-DE-PRECIOS-UNITARIOS-1-1000-EXCEL.xlsx,sheet1,67279,07562529a89902d75523ff37fd32710784b104ced23b7d82bafe9353ac835db9
EC-GAD-DAULE-LPI-GADIMCD-2025-03:0792,APUV1-c5360f92c6c3957f035a658e,APUCON-8ec987cafdf634330ece4d87,EC-GAD-DAULE-LPI-GADIMCD-2025-03,MALECON,792,"HORMIGON PREMEZCLADO F´C=210 Kg/cm2, PARA CONTRAPISO E=10cm (INCLUYE ENCOFRADO)",m2,0.390300,23.602865,0.2000,4.720573,0.000000,28.323438,28.320000,10,ANALISIS-DE-PRECIOS-UNITARIOS-1-1000-EXCEL.xlsx,sheet1,67364,c5360f92c6c3957f035a658e37a1fe100da677f3f49f413028f4c3e59b410b41
EC-GAD-DAULE-LPI-GADIMCD-2025-03:0793,APUV1-cca92f4871b6300f0167d7ed,APUCON-fafedbf6abaf1f89ac1f3350,EC-GAD-DAULE-LPI-GADIMCD-2025-03,MALECON,793,BORDILLO DE HORMIGON PREMEZCLADO FC=210 Kg/cm2,m,0.075000,8.092113,0.2000,1.618423,0.000000,9.710535,9.710000,10,ANALISIS-DE-PRECIOS-UNITARIOS-1-1000-EXCEL.xlsx,sheet1,67449,cca92f4871b6300f0167d7ed2b39bb1d6b70ee4ad60fe93a9113843b86174902
EC-GAD-DAULE-LPI-GADIMCD-2025-03:0794,APUV1-649b3a2e7ff0bf4282ff139e,APUCON-0d037aefb0c9f8a27588850e,EC-GAD-DAULE-LPI-GADIMCD-2025-03,MALECON,794,HORMIGON PREMEZCLADO F'C=210 Kg/cm2 PARA RAMPAS (INCLUYE ENCOFRADO),m3,2.500000,212.888750,0.2000,42.577750,0.000000,255.466500,255.470000,9,ANALISIS-DE-PRECIOS-UNITARIOS-1-1000-EXCEL.xlsx,sheet1,67534,649b3a2e7ff0bf4282ff139e459762cc78446512003f62a1cdbddd51d657654f
EC-GAD-DAULE-LPI-GADIMCD-2025-03:0795,APUV1-47f96e8a80fd17d18034103d,APUCON-e8192d05469acfe5d28e5529,EC-GAD-DAULE-LPI-GADIMCD-2025-03,MALECON,795,"MALLA ELECTROSOLDADA 15x15 - 5,5mm",m2,0.045000,5.021822,0.2000,1.004365,0.000000,6.026187,6.030000,9,ANALISIS-DE-PRECIOS-UNITARIOS-1-1000-EXCEL.xlsx,sheet1,67619,47f96e8a80fd17d18034103ddc91b9f679b4ef05f5f52163a1d36b5333f13478
EC-GAD-DAULE-LPI-GADIMCD-2025-03:0796,APUV1-ca037d7ef6e6fc6d229725c8,APUCON-1460590bdfc946ac15b3e753,EC-GAD-DAULE-LPI-GADIMCD-2025-03,MALECON,796,SUMINISTRO Y COLOCACION DE ADOQUIN E=8cm,m2,0.240000,24.611040,0.2000,4.922208,0.000000,29.533248,29.530000,8,ANALISIS-DE-PRECIOS-UNITARIOS-1-1000-EXCEL.xlsx,sheet1,67704,ca037d7ef6e6fc6d229725c8ba414445107726358347cfcb6dc34389cefe2d5f
EC-GAD-DAULE-LPI-GADIMCD-2025-03:0797,APUV1-5779182115372acb85cfaa19,APUCON-6efa78e9beecbdc3913a1242,EC-GAD-DAULE-LPI-GADIMCD-2025-03,MALECON,797,SUMINISTRO E INSTALACION DE ARBOLES,u,0.500000,53.967750,0.2000,10.793550,0.000000,64.761300,64.760000,4,ANALISIS-DE-PRECIOS-UNITARIOS-1-1000-EXCEL.xlsx,sheet1,67789,5779182115372acb85cfaa19b0a915ec422dcbcc6b3e3d11178496e7af966df2
EC-GAD-DAULE-LPI-GADIMCD-2025-03:0798,APUV1-1aee454dbc1f2e74dce85dbb,APUCON-fff9aa4eb265551056fb8a29,EC-GAD-DAULE-LPI-GADIMCD-2025-03,MALECON,798,"CESPED BERMUDA (SUMINISTRO, SIEMBRA, ABONADO Y APLICACION DE ENRAIZANTE)",m2,0.540000,6.758482,0.2000,1.351696,0.000000,8.110179,8.110000,13,ANALISIS-DE-PRECIOS-UNITARIOS-1-1000-EXCEL.xlsx,sheet1,67874,1aee454dbc1f2e74dce85dbbe9048a044408eb483fba29a766a8659b64b06816
EC-GAD-DAULE-LPI-GADIMCD-2025-03:0799,APUV1-f06cb1b04322f51142e5ded4,APUCON-9b86aef16e5b745cc69b345e,EC-GAD-DAULE-LPI-GADIMCD-2025-03,MALECON,799,SUMINISTRO E INSTALACION DE REJILLA DE DESBASTE 0.35x0.95m,u,2.000000,80.250000,0.2000,16.050000,0.000000,96.300000,96.300000,11,ANALISIS-DE-PRECIOS-UNITARIOS-1-1000-EXCEL.xlsx,sheet1,67959,f06cb1b04322f51142e5ded424260a50465834c8ea76bcb09b49ba1f500348b6
EC-GAD-DAULE-LPI-GADIMCD-2025-03:0800,APUV1-6e212b589e206bc0aab24e9c,APUCON-c5fa9f0e504279ef5941958a,EC-GAD-DAULE-LPI-GADIMCD-2025-03,MALECON,800,SUMINISITRO E INSTALACION DE CANASTILLA DE RECOLECCION DE SOLIDOS,u,2.000000,99.608300,0.2000,19.921660,0.000000,119.529960,119.530000,9,ANALISIS-DE-PRECIOS-UNITARIOS-1-1000-EXCEL.xlsx,sheet1,68044,6e212b589e206bc0aab24e9ce4ed72f34427c4cc871ff3208ed81905ccdfeab3
EC-GAD-DAULE-LPI-GADIMCD-2025-03:0801,APUV1-36a4a8253240d6c430b578f3,APUCON-3f76efff77942d0771153986,EC-GAD-DAULE-LPI-GADIMCD-2025-03,MALECON,801,"PLANCHA AGUJERADA E=6mm, D=5cm",m2,0.300000,541.316900,0.2000,108.263380,0.000000,649.580280,649.580000,7,ANALISIS-DE-PRECIOS-UNITARIOS-1-1000-EXCEL.xlsx,sheet1,68146,36a4a8253240d6c430b578f3e2c85c13c5307a31769fdec5ae97eec3d1411647
EC-GAD-DAULE-LPI-GADIMCD-2025-03:0802,APUV1-a8d2629e95cacff03a8715a9,APUCON-13b4fe9a249c46fefb7805d5,EC-GAD-DAULE-LPI-GADIMCD-2025-03,MALECON,802,SUMINISTRO E INSTALACION DE VALVULA COMPUERTA VASTAGO FIJO EXTREMOS BRIDADOS D=200mm PN10,u,6.000000,978.298000,0.2000,195.659600,0.000000,1173.957600,1173.960000,5,ANALISIS-DE-PRECIOS-UNITARIOS-1-1000-EXCEL.xlsx,sheet1,68231,a8d2629e95cacff03a8715a9cc7c7782f405f24cecd31aaf9dfe8aa7294c748c
EC-GAD-DAULE-LPI-GADIMCD-2025-03:0803,APUV1-090fbf2309b3e461a91592fa,APUCON-fa60a27758224b8ba1eb94a9,EC-GAD-DAULE-LPI-GADIMCD-2025-03,MALECON,803,SUMINISTRO E INSTALACION DE UNION MECANICA 200mm,u,0.500000,112.801500,0.2000,22.560300,0.000000,135.361800,135.360000,5,ANALISIS-DE-PRECIOS-UNITARIOS-1-1000-EXCEL.xlsx,sheet1,68316,090fbf2309b3e461a91592fa3d7ec05389dd5d87a13d59839bb7158098bf496b
EC-GAD-DAULE-LPI-GADIMCD-2025-03:0804,APUV1-a07956edef18b33d80e1aa8d,APUCON-48abf190faa66a87e20c5f7a,EC-GAD-DAULE-LPI-GADIMCD-2025-03,MALECON,804,SUMINISTRO E INSTALACION DE BRIDA DE ACERO AL CARBONO ASTM A-105 DN 200mm,u,0.500000,222.753700,0.2000,44.550740,0.000000,267.304440,267.300000,11,ANALISIS-DE-PRECIOS-UNITARIOS-1-1000-EXCEL.xlsx,sheet1,68401,a07956edef18b33d80e1aa8d1d0d7e513a5169e50301d1b5860c7bbae249f421
EC-GAD-DAULE-LPI-GADIMCD-2025-03:0805,APUV1-65feb74d1d8deff95134d925,APUCON-dbd2524b4249f47825c4e939,EC-GAD-DAULE-LPI-GADIMCD-2025-03,MALECON,805,SUMINISTRO DE TUBERIA PVC ESTRUCTURADA DI = 200 mm (DN220) NORMA NTE INEN 2059,m,0.000000,16.170000,0.2000,3.234000,0.000000,19.404000,19.400000,3,ANALISIS-DE-PRECIOS-UNITARIOS-1-1000-EXCEL.xlsx,sheet1,68486,65feb74d1d8deff95134d925fb475a28d23338e2c21274f2d33ff9ccb13c2a7e
EC-GAD-DAULE-LPI-GADIMCD-2025-03:0806,APUV1-a872bdf859022776871cd57f,APUCON-e14fc1adac7824639dd23f12,EC-GAD-DAULE-LPI-GADIMCD-2025-03,MALECON,806,INSTALACION DE TUBERIA PVC ESTRUCTURADA DI = 200 mm (DN220) NORMA NTE INEN 2059,m,0.150000,4.823175,0.2000,0.964635,0.000000,5.787810,5.790000,8,ANALISIS-DE-PRECIOS-UNITARIOS-1-1000-EXCEL.xlsx,sheet1,68571,a872bdf859022776871cd57ff4eaaa97c244de41e510d67ec3d9709a9cb3da5b
EC-GAD-DAULE-LPI-GADIMCD-2025-03:0807,APUV1-e7f8d5ef9f624adb7b9d08fc,APUCON-49aff83a215624e94e66aaf2,EC-GAD-DAULE-LPI-GADIMCD-2025-03,MALECON,807,SUMINISTRO DE TUBERIA PVC ESTRUCTURADA DI=250 mm (DN275) NORMA NTE INEN 2059,m,0.000000,13.020000,0.2000,2.604000,0.000000,15.624000,15.620000,3,ANALISIS-DE-PRECIOS-UNITARIOS-1-1000-EXCEL.xlsx,sheet1,68656,e7f8d5ef9f624adb7b9d08fcd36c7625922c6d8156edc7e82c825e246ddb5ed5
EC-GAD-DAULE-LPI-GADIMCD-2025-03:0808,APUV1-bd729a6326a7e8fcd7f0c273,APUCON-ecab1584b6a236b6d9db601e,EC-GAD-DAULE-LPI-GADIMCD-2025-03,MALECON,808,INSTALACION DE TUBERIA PVC ESTRUCTURADA DI=250 mm (DN275) NORMA NTE INEN 2059,m,0.150000,4.823175,0.2000,0.964635,0.000000,5.787810,5.790000,8,ANALISIS-DE-PRECIOS-UNITARIOS-1-1000-EXCEL.xlsx,sheet1,68741,bd729a6326a7e8fcd7f0c2734066624fe1417b0c4ebd207ef75541faf71f51b8
EC-GAD-DAULE-LPI-GADIMCD-2025-03:0809,APUV1-6903569f62fd2121bb7edb26,APUCON-a09b629238f80c719a133c6b,EC-GAD-DAULE-LPI-GADIMCD-2025-03,MALECON,809,SUMINISTRO DE TUBERIA PVC ESTRUCTURADA DI=160 mm (DN175) NORMA NTE INEN 2059,m,0.000000,9.380000,0.2000,1.876000,0.000000,11.256000,11.260000,3,ANALISIS-DE-PRECIOS-UNITARIOS-1-1000-EXCEL.xlsx,sheet1,68826,6903569f62fd2121bb7edb26aba59d961e3129840fa691740d398adce9ae7706
EC-GAD-DAULE-LPI-GADIMCD-2025-03:0810,APUV1-7f4a4aa796b840723a77512e,APUCON-0913926190c80354e5ae990b,EC-GAD-DAULE-LPI-GADIMCD-2025-03,MALECON,810,INSTALACION DE TUBERIA PVC ESTRUCTURADA DI=160 mm (DN175) NORMA NTE INEN 2059,m,0.100000,3.215450,0.2000,0.643090,0.000000,3.858540,3.860000,8,ANALISIS-DE-PRECIOS-UNITARIOS-1-1000-EXCEL.xlsx,sheet1,68911,7f4a4aa796b840723a77512e989a955b6e810db293e612eafd3b548a53e714f2
EC-GAD-DAULE-LPI-GADIMCD-2025-03:0811,APUV1-1d88119a0eced71c6d10d28e,APUCON-1c01a8110e2ef17ef3f61727,EC-GAD-DAULE-LPI-GADIMCD-2025-03,MALECON,811,SUMINISTRO DE TUBERIA PVC ESTRUCTURADA DI=110 mm (DN125) NORMA NTE INEN 2059,m,0.000000,5.800000,0.2000,1.160000,0.000000,6.960000,6.960000,2,ANALISIS-DE-PRECIOS-UNITARIOS-1-1000-EXCEL.xlsx,sheet1,68996,1d88119a0eced71c6d10d28eeb53312834e5adfedd4e23f71b964b8f931608c3
EC-GAD-DAULE-LPI-GADIMCD-2025-03:0812,APUV1-4b53e2abe8a05a68f55a3fdc,APUCON-d6a47070ea4db5b9089adf5f,EC-GAD-DAULE-LPI-GADIMCD-2025-03,MALECON,812,INSTALACION DE TUBERIA PVC ESTRUCTURADA DI=110 mm (DN125) NORMA NTE INEN 2059,m,0.120000,3.319260,0.2000,0.663852,0.000000,3.983112,3.980000,7,ANALISIS-DE-PRECIOS-UNITARIOS-1-1000-EXCEL.xlsx,sheet1,69081,4b53e2abe8a05a68f55a3fdc81b5b7a3cc0de7187cdbc60c163c5401cdea4cd9
EC-GAD-DAULE-LPI-GADIMCD-2025-03:0813,APUV1-384ac8c20ab1be4fab2512eb,APUCON-e6345e04cbb8f8fd06cba3e3,EC-GAD-DAULE-LPI-GADIMCD-2025-03,MALECON,813,SUMINISTRO E INSTALACION DE CODO DESAGUE CC 220mmX90',u,0.150000,14.688450,0.2000,2.937690,0.000000,17.626140,17.630000,5,ANALISIS-DE-PRECIOS-UNITARIOS-1-1000-EXCEL.xlsx,sheet1,69166,384ac8c20ab1be4fab2512eb81c6ab3b1d933917b87cc48fcf018581cbabe2c1
EC-GAD-DAULE-LPI-GADIMCD-2025-03:0814,APUV1-afadfc0bc91b79d7fb71e245,APUCON-3e71f731d56477840ac9c5f6,EC-GAD-DAULE-LPI-GADIMCD-2025-03,MALECON,814,SUMINISTRO E INSTALACION DE CODO DESAGUE CC 160mmX90',u,0.150000,14.688450,0.2000,2.937690,0.000000,17.626140,17.630000,5,ANALISIS-DE-PRECIOS-UNITARIOS-1-1000-EXCEL.xlsx,sheet1,69251,afadfc0bc91b79d7fb71e2458a0a321a6564b7462e0bf2d9300866bb573a18dd
EC-GAD-DAULE-LPI-GADIMCD-2025-03:0815,APUV1-cc8195f4780d697513f4ce74,APUCON-83cd8642a9639a4898df0a27,EC-GAD-DAULE-LPI-GADIMCD-2025-03,MALECON,815,SUMINISTRO E INSTALACION DE CODO DESAGUE CC 125mmX45',u,0.150000,8.988450,0.2000,1.797690,0.000000,10.786140,10.790000,5,ANALISIS-DE-PRECIOS-UNITARIOS-1-1000-EXCEL.xlsx,sheet1,69336,cc8195f4780d697513f4ce7448a1b44b707bcf714afaf6497b41a81cc6eef016
EC-GAD-DAULE-LPI-GADIMCD-2025-03:0816,APUV1-02d3ac0db553472ccdd4ad57,APUCON-21a411466992cac73fd023a5,EC-GAD-DAULE-LPI-GADIMCD-2025-03,MALECON,816,SUMINISTRO E INSTALACION DE BLOWER DE 15 HP,u,10.000000,2053.645000,0.2000,410.729000,0.000000,2464.374000,2464.370000,6,ANALISIS-DE-PRECIOS-UNITARIOS-1-1000-EXCEL.xlsx,sheet1,69421,02d3ac0db553472ccdd4ad57aa71977ea472e36790b1256dc558263e919dc9c3
EC-GAD-DAULE-LPI-GADIMCD-2025-03:0817,APUV1-45ea3c7b0d642e4f0bc4f8a6,APUCON-9712f0d6f77c376b729e7105,EC-GAD-DAULE-LPI-GADIMCD-2025-03,MALECON,817,"SUMINISTRO E INSTALACION DE DIFUSOR DE 12""",u,1.500000,85.900250,0.2000,17.180050,0.000000,103.080300,103.080000,5,ANALISIS-DE-PRECIOS-UNITARIOS-1-1000-EXCEL.xlsx,sheet1,69506,45ea3c7b0d642e4f0bc4f8a68821ae8c6ad7eea74fe62246701aa67e3caa1201
EC-GAD-DAULE-LPI-GADIMCD-2025-03:0818,APUV1-615e03c21b96ccca9fc0f1ce,APUCON-357ea73def590eb5719db54f,EC-GAD-DAULE-LPI-GADIMCD-2025-03,MALECON,818,SUMINISTRO E INSTALACION DE VALVULA DE ALIVIO D=150mm PN10 EXTREMOS BRIDADOS,u,8.000000,7592.916000,0.2000,1518.583200,0.000000,9111.499200,9111.500000,5,ANALISIS-DE-PRECIOS-UNITARIOS-1-1000-EXCEL.xlsx,sheet1,69591,615e03c21b96ccca9fc0f1cee440787536f9ee75b4bfef02801a3b809360ff71
EC-GAD-DAULE-LPI-GADIMCD-2025-03:0819,APUV1-629ed03ab21df86e1c0f5948,APUCON-b8d3252c886ca4b8d00cc824,EC-GAD-DAULE-LPI-GADIMCD-2025-03,MALECON,819,ESCALERA DE ACERO INOXIDABLE,m,1.500000,137.000650,0.2000,27.400130,0.000000,164.400780,164.400000,12,ANALISIS-DE-PRECIOS-UNITARIOS-1-1000-EXCEL.xlsx,sheet1,69676,629ed03ab21df86e1c0f5948e2842f7651f625703c16c3263f891657ac11b148
EC-GAD-DAULE-LPI-GADIMCD-2025-03:0820,APUV1-03f88bd1a42b4b8444ae5187,APUCON-6984530abb68d2e7b21c3762,EC-GAD-DAULE-LPI-GADIMCD-2025-03,MALECON,820,SUMINISTRO E INSTALACION DE BARANDA METALICA (INCLUYE PINTURA),m,0.750000,97.287230,0.2000,19.457446,0.000000,116.744676,116.740000,11,ANALISIS-DE-PRECIOS-UNITARIOS-1-1000-EXCEL.xlsx,sheet1,69761,03f88bd1a42b4b8444ae51870a35661181587ded9828707f366c4dac2e046a6e
EC-GAD-DAULE-LPI-GADIMCD-2025-03:0821,APUV1-5e49c880df6453b94a73ba6c,APUCON-83ffecdf1e45ab97c6b97d3c,EC-GAD-DAULE-LPI-GADIMCD-2025-03,MALECON,821,SUMINISTRO E INSTALACION DE TUBERIA ACERO INOXIDABLE AISI 304 D=6 IN,m,0.200000,121.672500,0.2000,24.334500,0.000000,146.007000,146.010000,7,ANALISIS-DE-PRECIOS-UNITARIOS-1-1000-EXCEL.xlsx,sheet1,69846,5e49c880df6453b94a73ba6cd7d9acddffc1d94997d23059df088afdffae2898
EC-GAD-DAULE-LPI-GADIMCD-2025-03:0822,APUV1-1a130ce7b2f11d9a233fcec1,APUCON-1d4c7b48a496db64e911f04e,EC-GAD-DAULE-LPI-GADIMCD-2025-03,MALECON,822,SUMINISTRO E INSTALACION DE CODO ACERO INOXIDABLE AISI 304 D=6 IN,u,1.000000,211.923000,0.2000,42.384600,0.000000,254.307600,254.310000,5,ANALISIS-DE-PRECIOS-UNITARIOS-1-1000-EXCEL.xlsx,sheet1,69931,1a130ce7b2f11d9a233fcec10cb691ebc18cb2d29c38d04185bb08ab95b50866
EC-GAD-DAULE-LPI-GADIMCD-2025-03:0823,APUV1-ec517cc6e3f318cb3024e8fa,APUCON-c3cae9e25eb0f55bb22e1a6c,EC-GAD-DAULE-LPI-GADIMCD-2025-03,MALECON,823,SUMINISTRO Y COLOCACION DE ARENA PARA FILTRO (0.5 - 1 mm),m3,0.300000,244.914900,0.2000,48.982980,0.000000,293.897880,293.900000,3,ANALISIS-DE-PRECIOS-UNITARIOS-1-1000-EXCEL.xlsx,sheet1,70016,ec517cc6e3f318cb3024e8fa1687ffedfbe70818e7d21304e1fd2b36f3ef4589
EC-GAD-DAULE-LPI-GADIMCD-2025-03:0824,APUV1-997c235fb79ffca699c40fcd,APUCON-6063d5255e5946f0d88c3791,EC-GAD-DAULE-LPI-GADIMCD-2025-03,MALECON,824,SUMINISTRO Y COLOCACION DE GRAVA PARA FILTRO (6 - 12 mm),m3,0.350000,316.609050,0.2000,63.321810,0.000000,379.930860,379.930000,3,ANALISIS-DE-PRECIOS-UNITARIOS-1-1000-EXCEL.xlsx,sheet1,70101,997c235fb79ffca699c40fcd83519efc9723901d3178aace46c809cdf39b9e30
EC-GAD-DAULE-LPI-GADIMCD-2025-03:0825,APUV1-7562937814ee50d951c13885,APUCON-45d72dfba6154ea2134ce8e4,EC-GAD-DAULE-LPI-GADIMCD-2025-03,MALECON,825,SUMINISTRO Y COLOCACION DE GRAVA PARA FILTRO (18 - 25 mm),m3,0.500000,246.691500,0.2000,49.338300,0.000000,296.029800,296.030000,3,ANALISIS-DE-PRECIOS-UNITARIOS-1-1000-EXCEL.xlsx,sheet1,70186,7562937814ee50d951c13885c1da15f69e07eeaee780fce7c7ee44f7bcb63e6e
EC-GAD-DAULE-LPI-GADIMCD-2025-03:0826,APUV1-5aaefd2863da5391b692f2eb,APUCON-f336303b333c23797220f12a,EC-GAD-DAULE-LPI-GADIMCD-2025-03,MALECON,826,PARED DE BLOQUE 9x19x39cm,m2,0.600000,22.811600,0.2000,4.562320,0.000000,27.373920,27.370000,9,ANALISIS-DE-PRECIOS-UNITARIOS-1-1000-EXCEL.xlsx,sheet1,70271,5aaefd2863da5391b692f2eb04fa72f0bb5b1ae2a07dba681f3c459edf9d4514
EC-GAD-DAULE-LPI-GADIMCD-2025-03:0827,APUV1-700058d5c0d9efe3db3ee2b8,APUCON-0ce9ec10ebabb0cb50c145f2,EC-GAD-DAULE-LPI-GADIMCD-2025-03,MALECON,827,"SUMINISTRO E INSTALACION DE COLLARIN 63mm x 3/4""",u,0.200000,9.152100,0.2000,1.830420,0.000000,10.982520,10.980000,7,ANALISIS-DE-PRECIOS-UNITARIOS-1-1000-EXCEL.xlsx,sheet1,70356,700058d5c0d9efe3db3ee2b860a7ed8d9076130e037ca83e1286737ef6ed56de
EC-GAD-DAULE-LPI-GADIMCD-2025-03:0828,APUV1-60a32a5c5e856c4617a2e995,APUCON-b3b3b918d1354292f3bc9e27,EC-GAD-DAULE-LPI-GADIMCD-2025-03,MALECON,828,"SUMINISTRO E INSTALACION DE ADAPTADOR PEAD 3/4""",u,0.040000,5.506920,0.2000,1.101384,0.000000,6.608304,6.610000,5,ANALISIS-DE-PRECIOS-UNITARIOS-1-1000-EXCEL.xlsx,sheet1,70441,60a32a5c5e856c4617a2e9952a18703951d115f9e786d54668a04d39f8ecaac8
EC-GAD-DAULE-LPI-GADIMCD-2025-03:0829,APUV1-1360d5b7998060c1a3636ffd,APUCON-9761c157d857a599467b20a3,EC-GAD-DAULE-LPI-GADIMCD-2025-03,MALECON,829,SUMINISTRO E INSTALACION DE TUBERIA PEAD D= 20mm,m,0.060000,1.945380,0.2000,0.389076,0.000000,2.334456,2.330000,5,ANALISIS-DE-PRECIOS-UNITARIOS-1-1000-EXCEL.xlsx,sheet1,70526,1360d5b7998060c1a3636ffd97acb6a4235e37e36164030e7ec4b21c5b7aaf5b
EC-GAD-DAULE-LPI-GADIMCD-2025-03:0830,APUV1-a61f566bba6f411485e0b63b,APUCON-91079b084068950d0d800da3,EC-GAD-DAULE-LPI-GADIMCD-2025-03,MALECON,830,SUMINISTRO E INSTALACION DE CODO PEAD 20mmX90',u,0.100000,6.472300,0.2000,1.294460,0.000000,7.766760,7.770000,6,ANALISIS-DE-PRECIOS-UNITARIOS-1-1000-EXCEL.xlsx,sheet1,70611,a61f566bba6f411485e0b63b7d1462ab6b959d00dfbe8806ef36d13268906080
EC-GAD-DAULE-LPI-GADIMCD-2025-03:0831,APUV1-65b139f70e6a19502c9c1b74,APUCON-fd41bd72e79181f504799fed,EC-GAD-DAULE-LPI-GADIMCD-2025-03,MALECON,831,SUMINISTRO E INSTALACION DE UNION DE COMPRESION 20mm,u,0.200000,5.714600,0.2000,1.142920,0.000000,6.857520,6.860000,5,ANALISIS-DE-PRECIOS-UNITARIOS-1-1000-EXCEL.xlsx,sheet1,70696,65b139f70e6a19502c9c1b74c95261218ebc47617e817f60f1dc85157bd1d625
EC-GAD-DAULE-LPI-GADIMCD-2025-03:0832,APUV1-da7e1c378f4e1fb335dd3a8d,APUCON-695ac0d47bcb63612b181583,EC-GAD-DAULE-LPI-GADIMCD-2025-03,MALECON,832,SUMINISTRO DE TUBERIA PP UNION ROSCABLE DI=3/4 plg 1.25 MPA,m,0.000000,3.140000,0.2000,0.628000,0.000000,3.768000,3.770000,3,ANALISIS-DE-PRECIOS-UNITARIOS-1-1000-EXCEL.xlsx,sheet1,70781,da7e1c378f4e1fb335dd3a8d06fd5e1506ecef9d4f63b82e2930e2cf8b593edc
EC-GAD-DAULE-LPI-GADIMCD-2025-03:0833,APUV1-2211e0772918086e1f9129bf,APUCON-24333dfaef89e53a2b64ed3b,EC-GAD-DAULE-LPI-GADIMCD-2025-03,MALECON,833,INSTALACION DE TUBERIA PP UNION ROSCABLE DI=3/4 plg 1.25 MPA,m,0.149450,5.103493,0.2000,1.020699,0.000000,6.124192,6.120000,8,ANALISIS-DE-PRECIOS-UNITARIOS-1-1000-EXCEL.xlsx,sheet1,70866,2211e0772918086e1f9129bf454570d1e555541f1561568f40f26f3c1b2c5a3d
EC-GAD-DAULE-LPI-GADIMCD-2025-03:0834,APUV1-46cc3c2570cbf87df90d5b9b,APUCON-cc1025e114436d8b33f0fd51,EC-GAD-DAULE-LPI-GADIMCD-2025-03,MALECON,834,SUMINISTRO DE TUBERIA PP UNION ROSCABLE DI=1/2 plg 1.25 MPA,m,0.000000,1.980000,0.2000,0.396000,0.000000,2.376000,2.380000,2,ANALISIS-DE-PRECIOS-UNITARIOS-1-1000-EXCEL.xlsx,sheet1,70951,46cc3c2570cbf87df90d5b9b54b7b1aa025b44c3d7054d433aa7f9f390d74084
EC-GAD-DAULE-LPI-GADIMCD-2025-03:0835,APUV1-eaf7f264d364924aba935bf4,APUCON-3ec790c66776ef43dece6aba,EC-GAD-DAULE-LPI-GADIMCD-2025-03,MALECON,835,INSTALACION DE TUBERIA PP UNION ROSCABLE DI=1/2 plg 1.25 MPA,m,0.149500,2.502275,0.2000,0.500455,0.000000,3.002730,3.000000,7,ANALISIS-DE-PRECIOS-UNITARIOS-1-1000-EXCEL.xlsx,sheet1,71036,eaf7f264d364924aba935bf4a28eb1d4f9bdbc4f75769fcd18adacf15942195c
EC-GAD-DAULE-LPI-GADIMCD-2025-03:0836,APUV1-5d8a22c9bdc5f8c281aa0afc,APUCON-bf4342c752a3d4c03dad693b,EC-GAD-DAULE-LPI-GADIMCD-2025-03,MALECON,836,SUMINISTRO E INSTALACION DE CODO 45' PP 3/4 IN ROSCABLE,u,0.500000,8.361500,0.2000,1.672300,0.000000,10.033800,10.030000,5,ANALISIS-DE-PRECIOS-UNITARIOS-1-1000-EXCEL.xlsx,sheet1,71121,5d8a22c9bdc5f8c281aa0afc3a991f0e8e86362250ce20c67888f84ef2e885f3
EC-GAD-DAULE-LPI-GADIMCD-2025-03:0837,APUV1-7f7bedf963ea189ee63c8f6d,APUCON-9e3347c533ef6134e4b07710,EC-GAD-DAULE-LPI-GADIMCD-2025-03,MALECON,837,SUMINISTRO E INSTALACION DE CODO 90' PP 1/2 IN ROSCABLE,u,0.450000,6.785350,0.2000,1.357070,0.000000,8.142420,8.140000,5,ANALISIS-DE-PRECIOS-UNITARIOS-1-1000-EXCEL.xlsx,sheet1,71206,7f7bedf963ea189ee63c8f6d4bda10025640054c14c703585f6bf0b45c6f83d5
EC-GAD-DAULE-LPI-GADIMCD-2025-03:0838,APUV1-d966969815ab48914ba7aec7,APUCON-411b2aacf2b624a993a8a226,EC-GAD-DAULE-LPI-GADIMCD-2025-03,MALECON,838,SUMINISTRO E INSTALACION DE TEE 3/4 A 1/2 IN PP ROSCABLE,u,0.500000,8.636300,0.2000,1.727260,0.000000,10.363560,10.360000,5,ANALISIS-DE-PRECIOS-UNITARIOS-1-1000-EXCEL.xlsx,sheet1,71291,d966969815ab48914ba7aec729037580c22c8c61164ec2e002562894e5fd8911
EC-GAD-DAULE-LPI-GADIMCD-2025-03:0839,APUV1-2e469112c267fc75c52efa80,APUCON-8dd3fe55c80a21ab107cd04b,EC-GAD-DAULE-LPI-GADIMCD-2025-03,MALECON,839,"SUMINISTRO E INSTALACION DE LLAVE DE JARDIN 1/2""",u,0.050000,12.116150,0.2000,2.423230,0.000000,14.539380,14.540000,5,ANALISIS-DE-PRECIOS-UNITARIOS-1-1000-EXCEL.xlsx,sheet1,71376,2e469112c267fc75c52efa804eed657aec2825d66a3e6b6bfd16ccc3a6fd80de
EC-GAD-DAULE-LPI-GADIMCD-2025-03:0840,APUV1-ed14d2f0e8ba44233bb39d5d,APUCON-be782d014d5147aab9fa1c66,EC-GAD-DAULE-LPI-GADIMCD-2025-03,MALECON,840,SUMINISTRO E INSTALACION DE TUBERIA DESAGUE EC D= 110mm,m,0.110000,14.225095,0.2000,2.845019,0.000000,17.070114,17.070000,7,ANALISIS-DE-PRECIOS-UNITARIOS-1-1000-EXCEL.xlsx,sheet1,71461,ed14d2f0e8ba44233bb39d5d08e63e833f92e24724a25375b27ce3c3f8b14c49
EC-GAD-DAULE-LPI-GADIMCD-2025-03:0841,APUV1-3cfaa9f88d294c1c686a4503,APUCON-0d66dc024979b4f7e55eb6cb,EC-GAD-DAULE-LPI-GADIMCD-2025-03,MALECON,841,SUMINISTRO E INSTALACION DE TUBERIA DESAGUE EC D= 50mm,m,0.100000,11.251450,0.2000,2.250290,0.000000,13.501740,13.500000,7,ANALISIS-DE-PRECIOS-UNITARIOS-1-1000-EXCEL.xlsx,sheet1,71546,3cfaa9f88d294c1c686a4503b86e41957ab5613958320172ec0ccbeb0628eb6d
EC-GAD-DAULE-LPI-GADIMCD-2025-03:0842,APUV1-b78ebe85a031867c4fa653a1,APUCON-6faf72af9166bdebc7fc3228,EC-GAD-DAULE-LPI-GADIMCD-2025-03,MALECON,842,SUMINISTRO E INSTALACION DE YEE REDUCTORA DE DESAGUE DE 110 A 50mm,u,0.150000,7.878450,0.2000,1.575690,0.000000,9.454140,9.450000,5,ANALISIS-DE-PRECIOS-UNITARIOS-1-1000-EXCEL.xlsx,sheet1,71631,b78ebe85a031867c4fa653a1640a18a1f3c6ff4a699efb9eca1a66cf4798ea4d
EC-GAD-DAULE-LPI-GADIMCD-2025-03:0843,APUV1-bf6b4f333b30feea83c6455e,APUCON-67ae838aec082ae9060f2566,EC-GAD-DAULE-LPI-GADIMCD-2025-03,MALECON,843,SUMINISTRO E INSTALACION DE CODO DESAGUE EC 110mmX45',u,0.149500,8.121488,0.2000,1.624298,0.000000,9.745786,9.750000,5,ANALISIS-DE-PRECIOS-UNITARIOS-1-1000-EXCEL.xlsx,sheet1,71716,bf6b4f333b30feea83c6455eb73dcdb41cb4d73397c3e324192f430c5e7da63a
EC-GAD-DAULE-LPI-GADIMCD-2025-03:0844,APUV1-59150ffe047a3b6154114188,APUCON-313cc3d8f948d059443ff2bf,EC-GAD-DAULE-LPI-GADIMCD-2025-03,MALECON,844,SUMINISTRO E INSTALACION DE TUBERIA ACERO ASTM A36 D=100 mm,m,0.180000,75.775250,0.2000,15.155050,0.000000,90.930300,90.930000,7,ANALISIS-DE-PRECIOS-UNITARIOS-1-1000-EXCEL.xlsx,sheet1,71801,59150ffe047a3b615411418872211e0b9829376a996b4e9c156a5c306eae59a8
EC-GAD-DAULE-LPI-GADIMCD-2025-03:0845,APUV1-7a91ebde7aade4989f1a0e30,APUCON-6a1fba1bef8ab8a8608f8b1a,EC-GAD-DAULE-LPI-GADIMCD-2025-03,MALECON,845,SUMINISTRO E INSTALACION DE BOMBA SUMERGIBLE 1.0 HP 110/220V 1F,u,8.000000,1404.264000,0.2000,280.852800,0.000000,1685.116800,1685.120000,6,ANALISIS-DE-PRECIOS-UNITARIOS-1-1000-EXCEL.xlsx,sheet1,71886,7a91ebde7aade4989f1a0e306c264db3f3fef3b6a7575489edb4c5af19be4738
EC-GAD-DAULE-LPI-GADIMCD-2025-03:0846,APUV1-90fa278f101306599cd8d658,APUCON-6962cbd2089116b18abb1b67,EC-GAD-DAULE-LPI-GADIMCD-2025-03,MALECON,846,SUMINISTRO E INSTALACION DE TAPA DE ACERO (0.90x1.40m) (E=10mm),u,2.000000,151.581500,0.2000,30.316300,0.000000,181.897800,181.900000,10,ANALISIS-DE-PRECIOS-UNITARIOS-1-1000-EXCEL.xlsx,sheet1,71971,90fa278f101306599cd8d658c134c4ba07044a7883fec34ef4f6f7afd03fed63
EC-GAD-DAULE-LPI-GADIMCD-2025-03:0847,APUV1-debf8fbcc2194945fb600b1d,APUCON-b3f978f99970ae335a59f44d,EC-GAD-DAULE-LPI-GADIMCD-2025-03,MALECON,847,SUMINISTRO E INSTALACION DE TAPA DE ACERO (0.30x0.30m) (E=10mm),u,2.000000,57.074000,0.2000,11.414800,0.000000,68.488800,68.490000,10,ANALISIS-DE-PRECIOS-UNITARIOS-1-1000-EXCEL.xlsx,sheet1,72056,debf8fbcc2194945fb600b1de4f1584f21ac97043207e13115decefc041bc1ec
EC-GAD-DAULE-LPI-GADIMCD-2025-03:0848,APUV1-c8f25079ca45acf9f63834cf,APUCON-94f4770fa62c8df49dc73655,EC-GAD-DAULE-LPI-GADIMCD-2025-03,MALECON,848,"SUMINISTRO E INSTALACION DE PASAMURO PARA TUBERIA DE H.F. 250mm, L=0.40m",u,0.900000,258.570700,0.2000,51.714140,0.000000,310.284840,310.280000,5,ANALISIS-DE-PRECIOS-UNITARIOS-1-1000-EXCEL.xlsx,sheet1,72141,c8f25079ca45acf9f63834cf165ce8575077df3320804f2c1d3b83c069795f8e
EC-GAD-DAULE-LPI-GADIMCD-2025-03:0849,APUV1-4a2fa7da27a3bcc4a6e2a70f,APUCON-50838d66713df5fb626d4e42,EC-GAD-DAULE-LPI-GADIMCD-2025-03,MALECON,849,"SUMINISTRO E INSTALACION DE PASAMURO PARA TUBERIA DE H.F. 200mm, L=0.40m",u,0.900000,209.360700,0.2000,41.872140,0.000000,251.232840,251.230000,5,ANALISIS-DE-PRECIOS-UNITARIOS-1-1000-EXCEL.xlsx,sheet1,72226,4a2fa7da27a3bcc4a6e2a70f0687ea39c278e164bd3da1bdf98b4010df313617
EC-GAD-DAULE-LPI-GADIMCD-2025-03:0850,APUV1-7a12e725d430a895f5beb4c4,APUCON-39077a68437bbf4d3583cc4b,EC-GAD-DAULE-LPI-GADIMCD-2025-03,MALECON,850,"SUMINISTRO E INSTALACION DE PASAMURO PARA TUBERIA DE H.F. 150mm, L=0.40m",u,0.900000,160.150700,0.2000,32.030140,0.000000,192.180840,192.180000,5,ANALISIS-DE-PRECIOS-UNITARIOS-1-1000-EXCEL.xlsx,sheet1,72311,7a12e725d430a895f5beb4c4d2e487465808478e0d8cbcfc2ec4ac8bfcfa68ba
EC-GAD-DAULE-LPI-GADIMCD-2025-03:0851,APUV1-d178742c9de9691a3ec6476c,APUCON-afbf2a16545fcf3ad78f583b,EC-GAD-DAULE-LPI-GADIMCD-2025-03,MALECON,851,"SUMINISTRO E INSTALACION DE PASAMURO PARA TUBERIA DE H.F. 100mm, L=0.40m",u,0.900000,110.950700,0.2000,22.190140,0.000000,133.140840,133.140000,5,ANALISIS-DE-PRECIOS-UNITARIOS-1-1000-EXCEL.xlsx,sheet1,72396,d178742c9de9691a3ec6476ce2c100044bbf56dbfd8ef319d6d5a4c23d246b48
EC-GAD-DAULE-LPI-GADIMCD-2025-03:0852,APUV1-68b5dfa92dd9907f318261f2,APUCON-8f01730a43e0cf4dee0a1f6a,EC-GAD-DAULE-LPI-GADIMCD-2025-03,MALECON,852,SUMINISTRO E INSTALACION DE MAQUINA DE CONTROL DE OLORES,u,60.000000,85980.470000,0.2000,17196.094000,0.000000,103176.564000,103176.560000,9,ANALISIS-DE-PRECIOS-UNITARIOS-1-1000-EXCEL.xlsx,sheet1,72481,68b5dfa92dd9907f318261f2c46f5a184e3485f955e644e4a5d67ad6126fae64
EC-GAD-DAULE-LPI-GADIMCD-2025-03:0853,APUV1-6ea9022be83ff4c1d93d0a7b,APUCON-9cf6dc6810ed88c4065b73d3,EC-GAD-DAULE-LPI-GADIMCD-2025-03,MALECON,853,SUMINISTRO E INSTALACION DE TUBERIA VENTILACION EC D= 200mm,m,0.140000,24.836030,0.2000,4.967206,0.000000,29.803236,29.800000,7,ANALISIS-DE-PRECIOS-UNITARIOS-1-1000-EXCEL.xlsx,sheet1,72566,6ea9022be83ff4c1d93d0a7b48ec183a847c46aab5aa9ae0c1bf7b13fd076571
EC-GAD-DAULE-LPI-GADIMCD-2025-03:0854,APUV1-32f3f4a4c328410580edcdb9,APUCON-2ebc3de05cc1df52aaafec04,EC-GAD-DAULE-LPI-GADIMCD-2025-03,MALECON,854,SUMINISTRO E INSTALACION DE CODO VENTILACION EC 200mmX90',u,0.150000,20.378450,0.2000,4.075690,0.000000,24.454140,24.450000,5,ANALISIS-DE-PRECIOS-UNITARIOS-1-1000-EXCEL.xlsx,sheet1,72651,32f3f4a4c328410580edcdb97b370bc8c65648d8a6e13808b7b6ae657d516664
EC-GAD-DAULE-LPI-GADIMCD-2025-03:0855,APUV1-f580add7bf95e78fa435c20e,APUCON-08d55dd93b370327594d955a,EC-GAD-DAULE-LPI-GADIMCD-2025-03,MALECON,855,SUMINISTRO E INSTALACION DE TEE VENTILACION EC 200mm,u,0.150000,32.418450,0.2000,6.483690,0.000000,38.902140,38.900000,5,ANALISIS-DE-PRECIOS-UNITARIOS-1-1000-EXCEL.xlsx,sheet1,72736,f580add7bf95e78fa435c20ebf600be29241c09d16ada97edf2d5f485536dbb9
EC-GAD-DAULE-LPI-GADIMCD-2025-03:0856,APUV1-75bcb5958151f0e78f510348,APUCON-0cbcdc18c2f1c4b1bd08d810,EC-GAD-DAULE-LPI-GADIMCD-2025-03,MALECON,856,EXCAVACION A MANO,m3,0.555000,10.192298,0.2000,2.038460,0.000000,12.230757,12.230000,4,ANALISIS-DE-PRECIOS-UNITARIOS-1-1000-EXCEL.xlsx,sheet1,72821,75bcb5958151f0e78f510348ba8c308e293b3bf0549e7ce6f38b32a54fb0df4d
EC-GAD-DAULE-LPI-GADIMCD-2025-03:0857,APUV1-493d5cad39550cc04d2e6c2f,APUCON-14f8b49d40ccc852fea34b6c,EC-GAD-DAULE-LPI-GADIMCD-2025-03,MALECON,857,HORMIGON PREMEZCLADO F´C=280 Kg/cm2 INCLUYE ENCOFRADO,m3,3.000000,302.396000,0.2000,60.479200,0.000000,362.875200,362.880000,10,ANALISIS-DE-PRECIOS-UNITARIOS-1-1000-EXCEL.xlsx,sheet1,72906,493d5cad39550cc04d2e6c2f4980f8c0db2611fe931d4d9ee0460222bb9985b8
EC-GAD-DAULE-LPI-GADIMCD-2025-03:0858,APUV1-03e1287f0d767e1547be17c7,APUCON-2f2c9d3d698ad877a4e94f22,EC-GAD-DAULE-LPI-GADIMCD-2025-03,MALECON,858,ACERO DE REFUERZO EN BARRAS FY=4200 Kg/cm2,Kg,0.025000,1.931563,0.2000,0.386313,0.000000,2.317875,2.320000,7,ANALISIS-DE-PRECIOS-UNITARIOS-1-1000-EXCEL.xlsx,sheet1,72991,03e1287f0d767e1547be17c7f382c830483aeaa52945a4df6a8be7fafa676a03
EC-GAD-DAULE-LPI-GADIMCD-2025-03:0859,APUV1-03e1287f0d767e1547be17c7,APUCON-2f2c9d3d698ad877a4e94f22,EC-GAD-DAULE-LPI-GADIMCD-2025-03,MALECON,859,ACERO DE REFUERZO EN BARRAS FY=4200 Kg/cm2,Kg,0.025000,1.931563,0.2000,0.386313,0.000000,2.317875,2.320000,7,ANALISIS-DE-PRECIOS-UNITARIOS-1-1000-EXCEL.xlsx,sheet1,73076,03e1287f0d767e1547be17c7f382c830483aeaa52945a4df6a8be7fafa676a03
EC-GAD-DAULE-LPI-GADIMCD-2025-03:0860,APUV1-ad68a28407416ffc0b7194cf,APUCON-a2d102aa60a1009c32ec3be5,EC-GAD-DAULE-LPI-GADIMCD-2025-03,MALECON,860,HORMIGON PREMEZCLADO F´C=180 Kg/cm2 INCLUYE ENCOFRADO,m3,1.750000,175.285500,0.2000,35.057100,0.000000,210.342600,210.340000,8,ANALISIS-DE-PRECIOS-UNITARIOS-1-1000-EXCEL.xlsx,sheet1,73161,ad68a28407416ffc0b7194cfda3b3133f83e9a391143d1a1171d8a6d80c5033e
EC-GAD-DAULE-LPI-GADIMCD-2025-03:0861,APUV1-1f46d986fd85efbab376f2d0,APUCON-1c7defe720becd4db6cf28ad,EC-GAD-DAULE-LPI-GADIMCD-2025-03,MALECON,861,HORMIGON PREMEZCLADO F´C=210 Kg/cm2 INCLUYE ENCOFRADO,m3,1.750000,188.868125,0.2000,37.773625,0.000000,226.641750,226.640000,9,ANALISIS-DE-PRECIOS-UNITARIOS-1-1000-EXCEL.xlsx,sheet1,73246,1f46d986fd85efbab376f2d0a638ef8ad8bb85627f3f2fd7729ea47054db7a80
EC-GAD-DAULE-LPI-GADIMCD-2025-03:0862,APUV1-75bcb5958151f0e78f510348,APUCON-0cbcdc18c2f1c4b1bd08d810,EC-GAD-DAULE-LPI-GADIMCD-2025-03,MALECON,862,EXCAVACION A MANO,m3,0.555000,10.192298,0.2000,2.038460,0.000000,12.230757,12.230000,4,ANALISIS-DE-PRECIOS-UNITARIOS-1-1000-EXCEL.xlsx,sheet1,73331,75bcb5958151f0e78f510348ba8c308e293b3bf0549e7ce6f38b32a54fb0df4d
EC-GAD-DAULE-LPI-GADIMCD-2025-03:0863,APUV1-34b233ad709c151d01f184ea,APUCON-154bc66efa9589c542172f6b,EC-GAD-DAULE-LPI-GADIMCD-2025-03,MALECON,863,DESALOJO DEL MATERIAL SOBRANTE (BOTADERO MUNICIPAL),m3,0.092500,2.916617,0.2000,0.583323,0.000000,3.499941,3.500000,3,ANALISIS-DE-PRECIOS-UNITARIOS-1-1000-EXCEL.xlsx,sheet1,73416,34b233ad709c151d01f184ea900c462d2f9c3768eb44b57fc199aab9337e1d3e
EC-GAD-DAULE-LPI-GADIMCD-2025-03:0864,APUV1-e59cebfcd77c6c8c65506b68,APUCON-73f0e99a16978c5df411a0eb,EC-GAD-DAULE-LPI-GADIMCD-2025-03,MALECON,864,RELLENO COMPACTADO CON COMPACTADOR MANUAL DE MATERIAL IMPORTADO (INCLUYE TRANSPORTE),m3,0.125000,17.215750,0.2000,3.443150,0.000000,20.658900,20.660000,7,ANALISIS-DE-PRECIOS-UNITARIOS-1-1000-EXCEL.xlsx,sheet1,73501,e59cebfcd77c6c8c65506b68b786b3c65837f00ef9dcda1e729533e934857577
EC-GAD-DAULE-LPI-GADIMCD-2025-03:0865,APUV1-03e1287f0d767e1547be17c7,APUCON-2f2c9d3d698ad877a4e94f22,EC-GAD-DAULE-LPI-GADIMCD-2025-03,MALECON,865,ACERO DE REFUERZO EN BARRAS FY=4200 Kg/cm2,Kg,0.025000,1.931563,0.2000,0.386313,0.000000,2.317875,2.320000,7,ANALISIS-DE-PRECIOS-UNITARIOS-1-1000-EXCEL.xlsx,sheet1,73586,03e1287f0d767e1547be17c7f382c830483aeaa52945a4df6a8be7fafa676a03
EC-GAD-DAULE-LPI-GADIMCD-2025-03:0866,APUV1-ad68a28407416ffc0b7194cf,APUCON-a2d102aa60a1009c32ec3be5,EC-GAD-DAULE-LPI-GADIMCD-2025-03,MALECON,866,HORMIGON PREMEZCLADO F´C=180 Kg/cm2 INCLUYE ENCOFRADO,m3,1.750000,175.285500,0.2000,35.057100,0.000000,210.342600,210.340000,8,ANALISIS-DE-PRECIOS-UNITARIOS-1-1000-EXCEL.xlsx,sheet1,73671,ad68a28407416ffc0b7194cfda3b3133f83e9a391143d1a1171d8a6d80c5033e
EC-GAD-DAULE-LPI-GADIMCD-2025-03:0867,APUV1-1f46d986fd85efbab376f2d0,APUCON-1c7defe720becd4db6cf28ad,EC-GAD-DAULE-LPI-GADIMCD-2025-03,MALECON,867,HORMIGON PREMEZCLADO F´C=210 Kg/cm2 INCLUYE ENCOFRADO,m3,1.750000,188.868125,0.2000,37.773625,0.000000,226.641750,226.640000,9,ANALISIS-DE-PRECIOS-UNITARIOS-1-1000-EXCEL.xlsx,sheet1,73756,1f46d986fd85efbab376f2d0a638ef8ad8bb85627f3f2fd7729ea47054db7a80
EC-GAD-DAULE-LPI-GADIMCD-2025-03:0868,APUV1-75bcb5958151f0e78f510348,APUCON-0cbcdc18c2f1c4b1bd08d810,EC-GAD-DAULE-LPI-GADIMCD-2025-03,MALECON,868,EXCAVACION A MANO,m3,0.555000,10.192298,0.2000,2.038460,0.000000,12.230757,12.230000,4,ANALISIS-DE-PRECIOS-UNITARIOS-1-1000-EXCEL.xlsx,sheet1,73841,75bcb5958151f0e78f510348ba8c308e293b3bf0549e7ce6f38b32a54fb0df4d
EC-GAD-DAULE-LPI-GADIMCD-2025-03:0869,APUV1-34b233ad709c151d01f184ea,APUCON-154bc66efa9589c542172f6b,EC-GAD-DAULE-LPI-GADIMCD-2025-03,MALECON,869,DESALOJO DEL MATERIAL SOBRANTE (BOTADERO MUNICIPAL),m3,0.092500,2.916617,0.2000,0.583323,0.000000,3.499941,3.500000,3,ANALISIS-DE-PRECIOS-UNITARIOS-1-1000-EXCEL.xlsx,sheet1,73926,34b233ad709c151d01f184ea900c462d2f9c3768eb44b57fc199aab9337e1d3e
EC-GAD-DAULE-LPI-GADIMCD-2025-03:0870,APUV1-e59cebfcd77c6c8c65506b68,APUCON-73f0e99a16978c5df411a0eb,EC-GAD-DAULE-LPI-GADIMCD-2025-03,MALECON,870,RELLENO COMPACTADO CON COMPACTADOR MANUAL DE MATERIAL IMPORTADO (INCLUYE TRANSPORTE),m3,0.125000,17.215750,0.2000,3.443150,0.000000,20.658900,20.660000,7,ANALISIS-DE-PRECIOS-UNITARIOS-1-1000-EXCEL.xlsx,sheet1,74011,e59cebfcd77c6c8c65506b68b786b3c65837f00ef9dcda1e729533e934857577
EC-GAD-DAULE-LPI-GADIMCD-2025-03:0871,APUV1-03e1287f0d767e1547be17c7,APUCON-2f2c9d3d698ad877a4e94f22,EC-GAD-DAULE-LPI-GADIMCD-2025-03,MALECON,871,ACERO DE REFUERZO EN BARRAS FY=4200 Kg/cm2,Kg,0.025000,1.931563,0.2000,0.386313,0.000000,2.317875,2.320000,7,ANALISIS-DE-PRECIOS-UNITARIOS-1-1000-EXCEL.xlsx,sheet1,74096,03e1287f0d767e1547be17c7f382c830483aeaa52945a4df6a8be7fafa676a03
EC-GAD-DAULE-LPI-GADIMCD-2025-03:0872,APUV1-ad68a28407416ffc0b7194cf,APUCON-a2d102aa60a1009c32ec3be5,EC-GAD-DAULE-LPI-GADIMCD-2025-03,MALECON,872,HORMIGON PREMEZCLADO F´C=180 Kg/cm2 INCLUYE ENCOFRADO,m3,1.750000,175.285500,0.2000,35.057100,0.000000,210.342600,210.340000,8,ANALISIS-DE-PRECIOS-UNITARIOS-1-1000-EXCEL.xlsx,sheet1,74181,ad68a28407416ffc0b7194cfda3b3133f83e9a391143d1a1171d8a6d80c5033e
EC-GAD-DAULE-LPI-GADIMCD-2025-03:0873,APUV1-1f46d986fd85efbab376f2d0,APUCON-1c7defe720becd4db6cf28ad,EC-GAD-DAULE-LPI-GADIMCD-2025-03,MALECON,873,HORMIGON PREMEZCLADO F´C=210 Kg/cm2 INCLUYE ENCOFRADO,m3,1.750000,188.868125,0.2000,37.773625,0.000000,226.641750,226.640000,9,ANALISIS-DE-PRECIOS-UNITARIOS-1-1000-EXCEL.xlsx,sheet1,74266,1f46d986fd85efbab376f2d0a638ef8ad8bb85627f3f2fd7729ea47054db7a80
EC-GAD-DAULE-LPI-GADIMCD-2025-03:0874,APUV1-75bcb5958151f0e78f510348,APUCON-0cbcdc18c2f1c4b1bd08d810,EC-GAD-DAULE-LPI-GADIMCD-2025-03,MALECON,874,EXCAVACION A MANO,m3,0.555000,10.192298,0.2000,2.038460,0.000000,12.230757,12.230000,4,ANALISIS-DE-PRECIOS-UNITARIOS-1-1000-EXCEL.xlsx,sheet1,74351,75bcb5958151f0e78f510348ba8c308e293b3bf0549e7ce6f38b32a54fb0df4d
EC-GAD-DAULE-LPI-GADIMCD-2025-03:0875,APUV1-34b233ad709c151d01f184ea,APUCON-154bc66efa9589c542172f6b,EC-GAD-DAULE-LPI-GADIMCD-2025-03,MALECON,875,DESALOJO DEL MATERIAL SOBRANTE (BOTADERO MUNICIPAL),m3,0.092500,2.916617,0.2000,0.583323,0.000000,3.499941,3.500000,3,ANALISIS-DE-PRECIOS-UNITARIOS-1-1000-EXCEL.xlsx,sheet1,74436,34b233ad709c151d01f184ea900c462d2f9c3768eb44b57fc199aab9337e1d3e
EC-GAD-DAULE-LPI-GADIMCD-2025-03:0876,APUV1-e59cebfcd77c6c8c65506b68,APUCON-73f0e99a16978c5df411a0eb,EC-GAD-DAULE-LPI-GADIMCD-2025-03,MALECON,876,RELLENO COMPACTADO CON COMPACTADOR MANUAL DE MATERIAL IMPORTADO (INCLUYE TRANSPORTE),m3,0.125000,17.215750,0.2000,3.443150,0.000000,20.658900,20.660000,7,ANALISIS-DE-PRECIOS-UNITARIOS-1-1000-EXCEL.xlsx,sheet1,74521,e59cebfcd77c6c8c65506b68b786b3c65837f00ef9dcda1e729533e934857577
EC-GAD-DAULE-LPI-GADIMCD-2025-03:0877,APUV1-03e1287f0d767e1547be17c7,APUCON-2f2c9d3d698ad877a4e94f22,EC-GAD-DAULE-LPI-GADIMCD-2025-03,MALECON,877,ACERO DE REFUERZO EN BARRAS FY=4200 Kg/cm2,Kg,0.025000,1.931563,0.2000,0.386313,0.000000,2.317875,2.320000,7,ANALISIS-DE-PRECIOS-UNITARIOS-1-1000-EXCEL.xlsx,sheet1,74606,03e1287f0d767e1547be17c7f382c830483aeaa52945a4df6a8be7fafa676a03
EC-GAD-DAULE-LPI-GADIMCD-2025-03:0878,APUV1-ad68a28407416ffc0b7194cf,APUCON-a2d102aa60a1009c32ec3be5,EC-GAD-DAULE-LPI-GADIMCD-2025-03,MALECON,878,HORMIGON PREMEZCLADO F´C=180 Kg/cm2 INCLUYE ENCOFRADO,m3,1.750000,175.285500,0.2000,35.057100,0.000000,210.342600,210.340000,8,ANALISIS-DE-PRECIOS-UNITARIOS-1-1000-EXCEL.xlsx,sheet1,74691,ad68a28407416ffc0b7194cfda3b3133f83e9a391143d1a1171d8a6d80c5033e
EC-GAD-DAULE-LPI-GADIMCD-2025-03:0879,APUV1-1f46d986fd85efbab376f2d0,APUCON-1c7defe720becd4db6cf28ad,EC-GAD-DAULE-LPI-GADIMCD-2025-03,MALECON,879,HORMIGON PREMEZCLADO F´C=210 Kg/cm2 INCLUYE ENCOFRADO,m3,1.750000,188.868125,0.2000,37.773625,0.000000,226.641750,226.640000,9,ANALISIS-DE-PRECIOS-UNITARIOS-1-1000-EXCEL.xlsx,sheet1,74776,1f46d986fd85efbab376f2d0a638ef8ad8bb85627f3f2fd7729ea47054db7a80
EC-GAD-DAULE-LPI-GADIMCD-2025-03:0880,APUV1-75bcb5958151f0e78f510348,APUCON-0cbcdc18c2f1c4b1bd08d810,EC-GAD-DAULE-LPI-GADIMCD-2025-03,MALECON,880,EXCAVACION A MANO,m3,0.555000,10.192298,0.2000,2.038460,0.000000,12.230757,12.230000,4,ANALISIS-DE-PRECIOS-UNITARIOS-1-1000-EXCEL.xlsx,sheet1,74861,75bcb5958151f0e78f510348ba8c308e293b3bf0549e7ce6f38b32a54fb0df4d
EC-GAD-DAULE-LPI-GADIMCD-2025-03:0881,APUV1-34b233ad709c151d01f184ea,APUCON-154bc66efa9589c542172f6b,EC-GAD-DAULE-LPI-GADIMCD-2025-03,MALECON,881,DESALOJO DEL MATERIAL SOBRANTE (BOTADERO MUNICIPAL),m3,0.092500,2.916617,0.2000,0.583323,0.000000,3.499941,3.500000,3,ANALISIS-DE-PRECIOS-UNITARIOS-1-1000-EXCEL.xlsx,sheet1,74946,34b233ad709c151d01f184ea900c462d2f9c3768eb44b57fc199aab9337e1d3e
EC-GAD-DAULE-LPI-GADIMCD-2025-03:0882,APUV1-e59cebfcd77c6c8c65506b68,APUCON-73f0e99a16978c5df411a0eb,EC-GAD-DAULE-LPI-GADIMCD-2025-03,MALECON,882,RELLENO COMPACTADO CON COMPACTADOR MANUAL DE MATERIAL IMPORTADO (INCLUYE TRANSPORTE),m3,0.125000,17.215750,0.2000,3.443150,0.000000,20.658900,20.660000,7,ANALISIS-DE-PRECIOS-UNITARIOS-1-1000-EXCEL.xlsx,sheet1,75031,e59cebfcd77c6c8c65506b68b786b3c65837f00ef9dcda1e729533e934857577
EC-GAD-DAULE-LPI-GADIMCD-2025-03:0883,APUV1-f1cb9932cdd3ad61a274a261,APUCON-66855de4d5c38d3778918220,EC-GAD-DAULE-LPI-GADIMCD-2025-03,MALECON,883,"EXCAVACION MECANICA EN SUELO SIN CLASIFICAR 0,00 < H < 2,00m",m3,0.029760,3.198560,0.2000,0.639712,0.000000,3.838272,3.840000,7,ANALISIS-DE-PRECIOS-UNITARIOS-1-1000-EXCEL.xlsx,sheet1,75116,f1cb9932cdd3ad61a274a26179a699159a8b0e62898b87ca99c16c1b933f8582
EC-GAD-DAULE-LPI-GADIMCD-2025-03:0884,APUV1-34b233ad709c151d01f184ea,APUCON-154bc66efa9589c542172f6b,EC-GAD-DAULE-LPI-GADIMCD-2025-03,MALECON,884,DESALOJO DEL MATERIAL SOBRANTE (BOTADERO MUNICIPAL),m3,0.092500,2.916617,0.2000,0.583323,0.000000,3.499941,3.500000,3,ANALISIS-DE-PRECIOS-UNITARIOS-1-1000-EXCEL.xlsx,sheet1,75201,34b233ad709c151d01f184ea900c462d2f9c3768eb44b57fc199aab9337e1d3e
EC-GAD-DAULE-LPI-GADIMCD-2025-03:0885,APUV1-e59cebfcd77c6c8c65506b68,APUCON-73f0e99a16978c5df411a0eb,EC-GAD-DAULE-LPI-GADIMCD-2025-03,MALECON,885,RELLENO COMPACTADO CON COMPACTADOR MANUAL DE MATERIAL IMPORTADO (INCLUYE TRANSPORTE),m3,0.125000,17.215750,0.2000,3.440000,0.000000,20.655750,20.660000,7,ANALISIS-DE-PRECIOS-UNITARIOS-1-1000-EXCEL.xlsx,sheet1,75286,e59cebfcd77c6c8c65506b68b786b3c65837f00ef9dcda1e729533e934857577
EC-GAD-DAULE-LPI-GADIMCD-2025-03:0886,APUV1-7bdcc8cd6ed51fd544336c69,APUCON-efdd5aee92e1b62e0b44ccd1,EC-GAD-DAULE-LPI-GADIMCD-2025-03,MALECON,886,SUMINISTRO E INSTALACION DE CAMARA DE INSPECCION TIPO II DE HORMIGON ARMADO,u,5.000000,1946.222200,0.2000,389.244440,0.000000,2335.466640,2335.470000,15,ANALISIS-DE-PRECIOS-UNITARIOS-1-1000-EXCEL.xlsx,sheet1,75371,7bdcc8cd6ed51fd544336c692650dd4e150696298c67455398058fc9824ffd1d
EC-GAD-DAULE-LPI-GADIMCD-2025-03:0887,APUV1-bf365ab4901fcf53069585a6,APUCON-5361cc4ffe105f20543267ec,EC-GAD-DAULE-LPI-GADIMCD-2025-03,MALECON,887,SUMINISTRO E INSTALACION DE TAPA DE HD (D600) - INEN NTE 2496,u,0.500000,222.740750,0.2000,44.548150,0.000000,267.288900,267.290000,4,ANALISIS-DE-PRECIOS-UNITARIOS-1-1000-EXCEL.xlsx,sheet1,75456,bf365ab4901fcf53069585a6460912d0f0c772b0210a4e72d1634d7dd828524d
EC-GAD-DAULE-LPI-GADIMCD-2025-03:0888,APUV1-f623334eb03dc4a99d9d4fe0,APUCON-b4aabb9b3e2b9fd4f4514321,EC-GAD-DAULE-LPI-GADIMCD-2025-03,MALECON,888,HORMIGON ESTRUCTURAL/CEMENTO PORTLAND CL.-A; F'C=350 Kg/cm2 (INCLUYE CURADO),m3,1.750000,198.332500,0.2000,39.666500,0.000000,237.999000,238.000000,8,ANALISIS-DE-PRECIOS-UNITARIOS-1-1000-EXCEL.xlsx,sheet1,75541,f623334eb03dc4a99d9d4fe02c576ced6be7a783ad6295c4d1cab15f76f03560
EC-GAD-DAULE-LPI-GADIMCD-2025-03:0889,APUV1-03e1287f0d767e1547be17c7,APUCON-2f2c9d3d698ad877a4e94f22,EC-GAD-DAULE-LPI-GADIMCD-2025-03,MALECON,889,ACERO DE REFUERZO EN BARRAS FY=4200 Kg/cm2,Kg,0.025000,1.931563,0.2000,0.386313,0.000000,2.317875,2.320000,7,ANALISIS-DE-PRECIOS-UNITARIOS-1-1000-EXCEL.xlsx,sheet1,75626,03e1287f0d767e1547be17c7f382c830483aeaa52945a4df6a8be7fafa676a03
EC-GAD-DAULE-LPI-GADIMCD-2025-03:0890,APUV1-3186f6a09583b7a2bfd6ce63,APUCON-def85374e2c230c4743d88c5,EC-GAD-DAULE-LPI-GADIMCD-2025-03,MALECON,890,ESTRUCTURA 3F CENTRADA RETENCION EST-3CR,u,2.500000,424.470000,0.2000,84.894000,0.000000,509.364000,509.360000,19,ANALISIS-DE-PRECIOS-UNITARIOS-1-1000-EXCEL.xlsx,sheet1,75711,3186f6a09583b7a2bfd6ce63d468bbd456998fb57f0462ef91109186d06b224b
EC-GAD-DAULE-LPI-GADIMCD-2025-03:0891,APUV1-1a3a3851f8083bb08270e402,APUCON-d09808e3e5ee655ed1703f46,EC-GAD-DAULE-LPI-GADIMCD-2025-03,MALECON,891,ESTRUCTURA 3F VOLADA TERMINAL EST-3VR,u,2.500000,422.945000,0.2000,84.589000,0.000000,507.534000,507.530000,18,ANALISIS-DE-PRECIOS-UNITARIOS-1-1000-EXCEL.xlsx,sheet1,75796,1a3a3851f8083bb08270e402e8cf1aba04dca997329d2c9302e20dd474e84193
EC-GAD-DAULE-LPI-GADIMCD-2025-03:0892,APUV1-e605fd2d197ee567216d7736,APUCON-4892162837c64e2cd62af73f,EC-GAD-DAULE-LPI-GADIMCD-2025-03,MALECON,892,ESTRUCTURA 3F VOLADA PASANTE EST-3VP,u,2.500000,284.121250,0.2000,56.824250,0.000000,340.945500,340.950000,17,ANALISIS-DE-PRECIOS-UNITARIOS-1-1000-EXCEL.xlsx,sheet1,75881,e605fd2d197ee567216d7736398bff479fafc0b93b4f7116c824226175a606f6
EC-GAD-DAULE-LPI-GADIMCD-2025-03:0893,APUV1-4b5550d1be3cb16142b1d332,APUCON-c7dc30467b7f06a6a94761a2,EC-GAD-DAULE-LPI-GADIMCD-2025-03,MALECON,893,ESTRUCTURA 3F VOLADA ANGULAR EST-3VA,u,2.500000,429.746250,0.2000,85.949250,0.000000,515.695500,515.700000,17,ANALISIS-DE-PRECIOS-UNITARIOS-1-1000-EXCEL.xlsx,sheet1,75966,4b5550d1be3cb16142b1d332ccc62b59b2f7e8347ce6e3ad5e2e3a59872861bf
EC-GAD-DAULE-LPI-GADIMCD-2025-03:0894,APUV1-3f16beaba60310a9e5cb4903,APUCON-12e3420281dd089954a6fb82,EC-GAD-DAULE-LPI-GADIMCD-2025-03,MALECON,894,ESTRUCTURA 3F VOLADA DOBLE RETENCION EST-3VD,u,2.500000,524.950000,0.2000,104.990000,0.000000,629.940000,629.940000,20,ANALISIS-DE-PRECIOS-UNITARIOS-1-1000-EXCEL.xlsx,sheet1,76051,3f16beaba60310a9e5cb4903b8e67c5c8d710bafe8e6077bb26c1bea9387a0b3
EC-GAD-DAULE-LPI-GADIMCD-2025-03:0895,APUV1-49808fa368f668520711974f,APUCON-23d3b610a844937229f75927,EC-GAD-DAULE-LPI-GADIMCD-2025-03,MALECON,895,ESTRUCTURA DE NEUTRO: 1ED,u,1.500000,71.481500,0.2000,14.296300,0.000000,85.777800,85.780000,12,ANALISIS-DE-PRECIOS-UNITARIOS-1-1000-EXCEL.xlsx,sheet1,76136,49808fa368f668520711974f34b593fd103fd2127ee65682f17cdabc55202bd3
EC-GAD-DAULE-LPI-GADIMCD-2025-03:0896,APUV1-ff6e1145f39c57c86f71bdc0,APUCON-56a5999bede2eb9b72b92846,EC-GAD-DAULE-LPI-GADIMCD-2025-03,MALECON,896,ESTRUCTURA DE NEUTRO: 1ER,u,1.500000,62.722500,0.2000,12.544500,0.000000,75.267000,75.270000,12,ANALISIS-DE-PRECIOS-UNITARIOS-1-1000-EXCEL.xlsx,sheet1,76221,ff6e1145f39c57c86f71bdc08da0dd829993ec9beb701d14864446c59a6f1baa
EC-GAD-DAULE-LPI-GADIMCD-2025-03:0897,APUV1-a69ec52883c703aa9cf788ab,APUCON-57dd634347c2768c0aa4b659,EC-GAD-DAULE-LPI-GADIMCD-2025-03,MALECON,897,ESTRUCTURA DE NEUTRO: 1EP,u,1.500000,46.081500,0.2000,9.220000,0.000000,55.301500,55.300000,10,ANALISIS-DE-PRECIOS-UNITARIOS-1-1000-EXCEL.xlsx,sheet1,76306,a69ec52883c703aa9cf788ab6acd890c12bb060aaf275220f34495e601b59f63
EC-GAD-DAULE-LPI-GADIMCD-2025-03:0898,APUV1-d0da80fec1423800f1506e0f,APUCON-bf0d87b2e420650f06e0ddfb,EC-GAD-DAULE-LPI-GADIMCD-2025-03,MALECON,898,POSTE HA 12m X 500 KGF,u,2.000000,398.862000,0.2000,79.772400,0.000000,478.634400,478.630000,12,ANALISIS-DE-PRECIOS-UNITARIOS-1-1000-EXCEL.xlsx,sheet1,76391,d0da80fec1423800f1506e0fba7ae00ab1370b28c2e473cd686e60be00b91405
EC-GAD-DAULE-LPI-GADIMCD-2025-03:0899,APUV1-eaa5b5b3fd4bba50afee51a3,APUCON-0b65ef73842ddfef8b6121f2,EC-GAD-DAULE-LPI-GADIMCD-2025-03,MALECON,899,POSTE HA 12m X 2000 KGF,u,4.000000,1014.224000,0.2000,202.844800,0.000000,1217.068800,1217.070000,12,ANALISIS-DE-PRECIOS-UNITARIOS-1-1000-EXCEL.xlsx,sheet1,76476,eaa5b5b3fd4bba50afee51a3667815416f3b9549bfa3bdb312ee085b001f62eb
EC-GAD-DAULE-LPI-GADIMCD-2025-03:0900,APUV1-06e54cd1f1b5f61d0f92960c,APUCON-22167770d5f13417947867c8,EC-GAD-DAULE-LPI-GADIMCD-2025-03,MALECON,900,"PARARRAYO DE 10 KV, CON DESCONECTADOR Y ATERRIZAMIENTO",u,2.000000,173.430000,0.2000,34.686000,0.000000,208.116000,208.120000,15,ANALISIS-DE-PRECIOS-UNITARIOS-1-1000-EXCEL.xlsx,sheet1,76561,06e54cd1f1b5f61d0f92960ccbe956350395d944b019e6b6d1cfb0928f32daee
EC-GAD-DAULE-LPI-GADIMCD-2025-03:0901,APUV1-6366c0750c9311496c441207,APUCON-c5f49c5aa8d3efe09cbe32d8,EC-GAD-DAULE-LPI-GADIMCD-2025-03,MALECON,901,SECCIONADOR FUSIBLE 100 A - 27KV CON ROMPE ARCO,u,1.999900,262.579175,0.2000,52.515835,0.000000,315.095010,315.100000,13,ANALISIS-DE-PRECIOS-UNITARIOS-1-1000-EXCEL.xlsx,sheet1,76663,6366c0750c9311496c441207d95c6ff781248bc291186eaaf5f720fd400d9eb7
EC-GAD-DAULE-LPI-GADIMCD-2025-03:0902,APUV1-722eaf17ebcf18142d409d6d,APUCON-be4b470083342bbf32e93ae9,EC-GAD-DAULE-LPI-GADIMCD-2025-03,MALECON,902,TENDIDO Y REGULADO CONDUCTOR NO.2 AWG ACAR,km,8.000000,1456.168000,0.2000,291.233600,0.000000,1747.401600,1747.400000,9,ANALISIS-DE-PRECIOS-UNITARIOS-1-1000-EXCEL.xlsx,sheet1,76748,722eaf17ebcf18142d409d6dbb5a36192479a4d8e85f82c680883b66e15a69a8
EC-GAD-DAULE-LPI-GADIMCD-2025-03:0903,APUV1-d9b20e3f16d9134309931268,APUCON-86308f034ca08117f181e784,EC-GAD-DAULE-LPI-GADIMCD-2025-03,MALECON,903,TENDIDO Y REGULADO CONDUCTOR NO.2/0 AWG ACAR,km,8.000000,1456.168000,0.2000,291.233600,0.000000,1747.401600,1747.400000,9,ANALISIS-DE-PRECIOS-UNITARIOS-1-1000-EXCEL.xlsx,sheet1,76833,d9b20e3f16d9134309931268ed30708b4ddef51a31e2f05e753cd20947200125
EC-GAD-DAULE-LPI-GADIMCD-2025-03:0904,APUV1-8a2ca6f5ccfc5f34cf24aefc,APUCON-cbce392c85e95793d55e4291,EC-GAD-DAULE-LPI-GADIMCD-2025-03,MALECON,904,TENSOR A TIERRA SIMPLE TAT-OTS,u,2.000000,101.862000,0.2000,20.372400,0.000000,122.234400,122.230000,13,ANALISIS-DE-PRECIOS-UNITARIOS-1-1000-EXCEL.xlsx,sheet1,76918,8a2ca6f5ccfc5f34cf24aefc71e2fc7b0ea0a7bd055bdbc287f3062e6d6d12e6
EC-GAD-DAULE-LPI-GADIMCD-2025-03:0905,APUV1-51029765171d53cd9325c8f1,APUCON-1a19435f964526a59cdd9d23,EC-GAD-DAULE-LPI-GADIMCD-2025-03,MALECON,905,REPLANTEO DE REDES EN MEDIA TENSION,u,8.000000,361.484000,0.2000,72.296800,0.000000,433.780800,433.780000,12,ANALISIS-DE-PRECIOS-UNITARIOS-1-1000-EXCEL.xlsx,sheet1,77003,51029765171d53cd9325c8f13c5375ec698d024a93f909a04be907d5fdbb91c7
EC-GAD-DAULE-LPI-GADIMCD-2025-03:0906,APUV1-a97f5b91ead0aa0fc0c11af9,APUCON-32868477dde5ec0dfff3e7aa,EC-GAD-DAULE-LPI-GADIMCD-2025-03,MALECON,906,PRUEBAS DE ENERGIZACION DE LINEAS EN MT,u,8.000000,344.484000,0.2000,68.896800,0.000000,413.380800,413.380000,12,ANALISIS-DE-PRECIOS-UNITARIOS-1-1000-EXCEL.xlsx,sheet1,77088,a97f5b91ead0aa0fc0c11af9312fe2788db5fc1d2fe1c71cd8a7b000aff06771
EC-GAD-DAULE-LPI-GADIMCD-2025-03:0907,APUV1-c3e46f0258a3da0482fc80c1,APUCON-1dcf30ab7a66d90560192316,EC-GAD-DAULE-LPI-GADIMCD-2025-03,MALECON,907,PRUEBAS DE ENERGIZACION DE TRANSFORMADORES,u,8.000000,184.236000,0.2000,36.847200,0.000000,221.083200,221.080000,10,ANALISIS-DE-PRECIOS-UNITARIOS-1-1000-EXCEL.xlsx,sheet1,77173,c3e46f0258a3da0482fc80c1276e88d354dcaa72ba7a957fd5204571b220a53f
EC-GAD-DAULE-LPI-GADIMCD-2025-03:0908,APUV1-95f5548f8a072c7e83f3331b,APUCON-dd9ec12b229c94b5e148ca79,EC-GAD-DAULE-LPI-GADIMCD-2025-03,MALECON,908,SISTEMA A TIERRA EN CENTRO DE CARGA,u,8.000000,1090.832000,0.2000,218.166400,0.000000,1308.998400,1309.000000,14,ANALISIS-DE-PRECIOS-UNITARIOS-1-1000-EXCEL.xlsx,sheet1,77258,95f5548f8a072c7e83f3331b279907d4332adab4eea7607e1cba02813aa780ae
EC-GAD-DAULE-LPI-GADIMCD-2025-03:0909,APUV1-18ea99fe14f346a1a5a5cefc,APUCON-46b0a020f38cf90a2c7d3d00,EC-GAD-DAULE-LPI-GADIMCD-2025-03,MALECON,909,"CARGA, ACARREO Y DESCARGA DE POSTES H.A. 9 A12m",u,1.000000,73.798000,0.2000,14.759600,0.000000,88.557600,88.560000,9,ANALISIS-DE-PRECIOS-UNITARIOS-1-1000-EXCEL.xlsx,sheet1,77343,18ea99fe14f346a1a5a5cefcfec4208234060a2ec320aa82942b1dd18d69a5b9
EC-GAD-DAULE-LPI-GADIMCD-2025-03:0910,APUV1-5d16f94c09f92e23ca47fc95,APUCON-971ca91cc3202c36d41c8333,EC-GAD-DAULE-LPI-GADIMCD-2025-03,MALECON,910,CONSTRUCCION DE BASE PARA TRANSFORMADOR,u,3.000000,378.487500,0.2000,75.697500,0.000000,454.185000,454.190000,8,ANALISIS-DE-PRECIOS-UNITARIOS-1-1000-EXCEL.xlsx,sheet1,77428,5d16f94c09f92e23ca47fc95ea5bfca64d8ff8efb2187082d584c614a8010d89
EC-GAD-DAULE-LPI-GADIMCD-2025-03:0911,APUV1-f1c6be70d6972588634d95ca,APUCON-4ca686ac0606704bb33b8c40,EC-GAD-DAULE-LPI-GADIMCD-2025-03,MALECON,911,"DUCTERIA EMT RIGIDA 4"" PARA MEDIA TENSION",u,8.000000,603.850000,0.2000,120.770000,0.000000,724.620000,724.620000,14,ANALISIS-DE-PRECIOS-UNITARIOS-1-1000-EXCEL.xlsx,sheet1,77513,f1c6be70d6972588634d95ca6b7ec63e20074a6c8c8a7f21b58b833f780bdbd4
EC-GAD-DAULE-LPI-GADIMCD-2025-03:0912,APUV1-05b527e8c88c57417fa9a1d8,APUCON-21ed3fd63a987ff5e5401a9b,EC-GAD-DAULE-LPI-GADIMCD-2025-03,MALECON,912,PUNTAS TERMINALES EN MEDIA TENSION,u,1.000000,100.021000,0.2000,20.004200,0.000000,120.025200,120.030000,10,ANALISIS-DE-PRECIOS-UNITARIOS-1-1000-EXCEL.xlsx,sheet1,77598,05b527e8c88c57417fa9a1d8a0ab4a187a518eb6fe4f22ad9de9ba5a54474291
EC-GAD-DAULE-LPI-GADIMCD-2025-03:0913,APUV1-218373caea14de66e7420a33,APUCON-7cf1e03dd687d0802ddb292f,EC-GAD-DAULE-LPI-GADIMCD-2025-03,MALECON,913,ACOMETIDA 3F EN MEDIA TENSION A IDS,u,0.500000,74.568300,0.2000,14.913660,0.000000,89.481960,89.480000,16,ANALISIS-DE-PRECIOS-UNITARIOS-1-1000-EXCEL.xlsx,sheet1,77683,218373caea14de66e7420a33adfe195617608918a6d4599f167d04dcd59f18b9
EC-GAD-DAULE-LPI-GADIMCD-2025-03:0914,APUV1-353e2e5090a8649e11a32d57,APUCON-a3175bdff4c9cb31b2d7f0e2,EC-GAD-DAULE-LPI-GADIMCD-2025-03,MALECON,914,CAJA DE REVISION ELECTRICA 1.60x0.90x0.90m,u,7.790500,573.410310,0.2000,114.682062,0.000000,688.092373,688.090000,15,ANALISIS-DE-PRECIOS-UNITARIOS-1-1000-EXCEL.xlsx,sheet1,77768,353e2e5090a8649e11a32d57ab43d4ba3d6fe750f177dbd7cfe1c9a613087118
EC-GAD-DAULE-LPI-GADIMCD-2025-03:0915,APUV1-a05eab185daed5dbf3a1cddf,APUCON-f80e49af94d532989d192b64,EC-GAD-DAULE-LPI-GADIMCD-2025-03,MALECON,915,CAJA DE REVISION ELECTRICA 0.90x0.90x0.90m,u,1.990600,252.898763,0.2000,50.579753,0.000000,303.478515,303.480000,22,ANALISIS-DE-PRECIOS-UNITARIOS-1-1000-EXCEL.xlsx,sheet1,77853,a05eab185daed5dbf3a1cddfeaf4c06d59767a1a5cdd057612c0516d6bf27c06
EC-GAD-DAULE-LPI-GADIMCD-2025-03:0916,APUV1-206af7fd5abed3ba88d0467d,APUCON-9fa4e3243cb65dc60c387287,EC-GAD-DAULE-LPI-GADIMCD-2025-03,MALECON,916,INTERRUPTOR DISTRIBUCION SUBTERRANEA PADSWICHT 422,u,24.000000,94043.932000,0.2000,18808.786400,0.000000,112852.718400,112852.720000,12,ANALISIS-DE-PRECIOS-UNITARIOS-1-1000-EXCEL.xlsx,sheet1,77938,206af7fd5abed3ba88d0467d180f5fa381e2682e80d7d2e2aeee0847ca02cfc4
EC-GAD-DAULE-LPI-GADIMCD-2025-03:0917,APUV1-306490c5d32c6b341c329c37,APUCON-28623e14b270888fd99c31ff,EC-GAD-DAULE-LPI-GADIMCD-2025-03,MALECON,917,RED SUBTERRANEA 3F EN MEDIA TENSION,u,0.500000,54.245300,0.2000,10.849060,0.000000,65.094360,65.090000,16,ANALISIS-DE-PRECIOS-UNITARIOS-1-1000-EXCEL.xlsx,sheet1,78023,306490c5d32c6b341c329c3713ea430187632914ea3cc6a51b53514eed50201c
EC-GAD-DAULE-LPI-GADIMCD-2025-03:0918,APUV1-58b1351d2e5c91956374565a,APUCON-89adc9cfb588b99b19487ebc,EC-GAD-DAULE-LPI-GADIMCD-2025-03,MALECON,918,"TRANSFORMADOR 3F 150 KVA, TIPO PAD MOUNTED",u,8.000000,10708.576000,0.2000,2141.715200,0.000000,12850.291200,12850.290000,12,ANALISIS-DE-PRECIOS-UNITARIOS-1-1000-EXCEL.xlsx,sheet1,78108,58b1351d2e5c91956374565a0e8556a71ffe77f4315a90bd2001926cfb606b71
EC-GAD-DAULE-LPI-GADIMCD-2025-03:0919,APUV1-d012df8e6d96f72789717535,APUCON-1501a56d8aff5cfd14ea1bed,EC-GAD-DAULE-LPI-GADIMCD-2025-03,MALECON,919,"TRANSFORMADOR 3F 100 KVA, TIPO PAD MOUNTED",u,8.000000,8851.576000,0.2000,1770.315200,0.000000,10621.891200,10621.890000,12,ANALISIS-DE-PRECIOS-UNITARIOS-1-1000-EXCEL.xlsx,sheet1,78193,d012df8e6d96f727897175356219429b10a51d61205a5fb649915e6d2a43a55f
EC-GAD-DAULE-LPI-GADIMCD-2025-03:0920,APUV1-91222068632cdab95dda64df,APUCON-2e15d856d1356b20657f1625,EC-GAD-DAULE-LPI-GADIMCD-2025-03,MALECON,920,MEDICION INDIRECTA EN BAJA TENSION 3F TC 600:5,u,8.000000,1582.596000,0.2000,316.519200,0.000000,1899.115200,1899.120000,15,ANALISIS-DE-PRECIOS-UNITARIOS-1-1000-EXCEL.xlsx,sheet1,78278,91222068632cdab95dda64dffe9af3e6a78eaf15dacce06491f9d08467fa54c0
EC-GAD-DAULE-LPI-GADIMCD-2025-03:0921,APUV1-e55f917d8b890ae3078405c9,APUCON-b907b635454219f9ace15b75,EC-GAD-DAULE-LPI-GADIMCD-2025-03,MALECON,921,MEDICION INDIRECTA EN BAJA TENSION 3F TC 400:5,u,8.000000,1132.596000,0.2000,226.519200,0.000000,1359.115200,1359.120000,15,ANALISIS-DE-PRECIOS-UNITARIOS-1-1000-EXCEL.xlsx,sheet1,78363,e55f917d8b890ae3078405c922de08888abf82ff83fc4fb8901f831f6a474b67
EC-GAD-DAULE-LPI-GADIMCD-2025-03:0922,APUV1-03143c20af3399057b580d94,APUCON-25e226f49f460432b07a6bb5,EC-GAD-DAULE-LPI-GADIMCD-2025-03,MALECON,922,GENERADOR 3F - 70 KVA/56KW CABINADO - 220 V,u,8.000000,14322.852000,0.2000,2864.570400,0.000000,17187.422400,17187.420000,15,ANALISIS-DE-PRECIOS-UNITARIOS-1-1000-EXCEL.xlsx,sheet1,78448,03143c20af3399057b580d9438f99e06aa5cd4534548c04d06bb27fe8b4e2d11
EC-GAD-DAULE-LPI-GADIMCD-2025-03:0923,APUV1-8cc89c2ce06a88b165a7d8f3,APUCON-a91b8848025b7b76d32c95ab,EC-GAD-DAULE-LPI-GADIMCD-2025-03,MALECON,923,TABLERO TRANSFERENCIA AUTOMATICA 250A (TTA),u,8.000000,2637.368000,0.2000,527.473600,0.000000,3164.841600,3164.840000,10,ANALISIS-DE-PRECIOS-UNITARIOS-1-1000-EXCEL.xlsx,sheet1,78533,8cc89c2ce06a88b165a7d8f30f64c4d794cd627905ec8131a71f153e97e295ab
EC-GAD-DAULE-LPI-GADIMCD-2025-03:0924,APUV1-e972e2f2c67ecfd7b920ad50,APUCON-30516fc007ba24ae6be0be6d,EC-GAD-DAULE-LPI-GADIMCD-2025-03,MALECON,924,RED SUBTERRANEA 3F EN BAJA TENSION A TDG-01,u,0.600000,212.202600,0.2000,42.440520,0.000000,254.643120,254.640000,10,ANALISIS-DE-PRECIOS-UNITARIOS-1-1000-EXCEL.xlsx,sheet1,78618,e972e2f2c67ecfd7b920ad504269d67b0361d6e88f756181f4adeb3fec3b45a6
EC-GAD-DAULE-LPI-GADIMCD-2025-03:0925,APUV1-1be324b09e2bf0cabb9dbb76,APUCON-67e59510b239d1d55e1893e4,EC-GAD-DAULE-LPI-GADIMCD-2025-03,MALECON,925,RED SUBTERRANEA 3F EN BAJA TENSION A TDG-02,u,0.600000,181.702600,0.2000,36.340520,0.000000,218.043120,218.040000,11,ANALISIS-DE-PRECIOS-UNITARIOS-1-1000-EXCEL.xlsx,sheet1,78703,1be324b09e2bf0cabb9dbb76391f944e37a9d879f56c8d913adb697f6b94e948
EC-GAD-DAULE-LPI-GADIMCD-2025-03:0926,APUV1-5144283741b3aac1c09dea8d,APUCON-623b51b1df0fcffd7eaa3249,EC-GAD-DAULE-LPI-GADIMCD-2025-03,MALECON,926,TABLERO DISTRIBUCION GENERAL FASE 1A (TDG-01),u,6.000000,2985.326000,0.2000,597.065200,0.000000,3582.391200,3582.390000,13,ANALISIS-DE-PRECIOS-UNITARIOS-1-1000-EXCEL.xlsx,sheet1,78788,5144283741b3aac1c09dea8d855608e9ded90bd41cdc7f7bac67dcb044d0a657
EC-GAD-DAULE-LPI-GADIMCD-2025-03:0927,APUV1-31f924d462377dc2a70cc49d,APUCON-65ca474cf640f44de6b7ef2c,EC-GAD-DAULE-LPI-GADIMCD-2025-03,MALECON,927,TABLERO DISTRIBUCION GENERAL FASE 1B (TDG-02),u,6.000000,2930.526000,0.2000,586.105200,0.000000,3516.631200,3516.630000,14,ANALISIS-DE-PRECIOS-UNITARIOS-1-1000-EXCEL.xlsx,sheet1,78873,31f924d462377dc2a70cc49d312fc4b2898d57d5e863da993e064de4c0af242c
EC-GAD-DAULE-LPI-GADIMCD-2025-03:0928,APUV1-09390963593cd5f542429c8c,APUCON-0e15f312d5f2de082c511a67,EC-GAD-DAULE-LPI-GADIMCD-2025-03,MALECON,928,TABLERO DISTRIBUCION EMERGENCIA (TDE),u,6.000000,1741.726000,0.2000,348.345200,0.000000,2090.071200,2090.070000,12,ANALISIS-DE-PRECIOS-UNITARIOS-1-1000-EXCEL.xlsx,sheet1,78958,09390963593cd5f542429c8c9ea1d4c8f09d5bbaf8b87ebca063eb23849603e6
EC-GAD-DAULE-LPI-GADIMCD-2025-03:0929,APUV1-23f4627b50da754305101a64,APUCON-603c2ab2ea9bbe0fa54897bc,EC-GAD-DAULE-LPI-GADIMCD-2025-03,MALECON,929,SISTEMA DE ATERRIZAMIENTO (MALLA Y ELECTRODO),u,6.000000,1676.186000,0.2000,335.237200,0.000000,2011.423200,2011.420000,12,ANALISIS-DE-PRECIOS-UNITARIOS-1-1000-EXCEL.xlsx,sheet1,79043,23f4627b50da754305101a646f28c2d87ebd8a38bdd40f1534abcbc48a3464c5
EC-GAD-DAULE-LPI-GADIMCD-2025-03:0930,APUV1-f50317f7902699f9c8df3a4f,APUCON-b94c1d0a70cb735f5301c67a,EC-GAD-DAULE-LPI-GADIMCD-2025-03,MALECON,930,CAJA DE REVISION ELECTRICA 0.60x0.60x0.60m,u,8.000000,364.774880,0.2000,72.954976,0.000000,437.729856,437.730000,16,ANALISIS-DE-PRECIOS-UNITARIOS-1-1000-EXCEL.xlsx,sheet1,79128,f50317f7902699f9c8df3a4f6e6eb1d04d081bd1167198755f77d54f3c17f83c
EC-GAD-DAULE-LPI-GADIMCD-2025-03:0931,APUV1-3299db786351a577d0e04e6c,APUCON-8a7a9cd6bf1c8dc8e7c75481,EC-GAD-DAULE-LPI-GADIMCD-2025-03,MALECON,931,CAJA DE REVISION ELECTRICA 0.40x0.40x0.40m,u,5.000000,236.107160,0.2000,47.221432,0.000000,283.328592,283.330000,16,ANALISIS-DE-PRECIOS-UNITARIOS-1-1000-EXCEL.xlsx,sheet1,79213,3299db786351a577d0e04e6cc859494ec8696ee27a00b20a515218d625e8f8f0
EC-GAD-DAULE-LPI-GADIMCD-2025-03:0932,APUV1-6e05fa14f0ae02547a8044b2,APUCON-98c0c2346cf4f9cfdd551ccd,EC-GAD-DAULE-LPI-GADIMCD-2025-03,MALECON,932,"CANALIZACION BATERIA 6 X 4"" PVC PESADO",m,1.250000,117.944625,0.2000,23.588925,0.000000,141.533550,141.530000,6,ANALISIS-DE-PRECIOS-UNITARIOS-1-1000-EXCEL.xlsx,sheet1,79298,6e05fa14f0ae02547a8044b272973f8332af1f596f0e09c6026c639280241b59
EC-GAD-DAULE-LPI-GADIMCD-2025-03:0933,APUV1-3dccf30d1c35348df3c61243,APUCON-1931858cd99c7170bf9e3aca,EC-GAD-DAULE-LPI-GADIMCD-2025-03,MALECON,933,"CANALIZACION BATERIA 4 x 4"" PVC PESADO",m,1.000000,58.264500,0.2000,11.652900,0.000000,69.917400,69.920000,5,ANALISIS-DE-PRECIOS-UNITARIOS-1-1000-EXCEL.xlsx,sheet1,79383,3dccf30d1c35348df3c6124384cdba24387032d000437bd38656be7e2f70877a
EC-GAD-DAULE-LPI-GADIMCD-2025-03:0934,APUV1-8d1d00bc25bcdfe63614d90b,APUCON-3089989abc08c95cff538596,EC-GAD-DAULE-LPI-GADIMCD-2025-03,MALECON,934,"CANALIZACION BATERIA 2 x 4"" PVC PESADO",m,1.000000,38.164500,0.2000,7.632900,0.000000,45.797400,45.800000,5,ANALISIS-DE-PRECIOS-UNITARIOS-1-1000-EXCEL.xlsx,sheet1,79468,8d1d00bc25bcdfe63614d90b0a143c3c626b4147bae584b3e55afa28ad9e682b
EC-GAD-DAULE-LPI-GADIMCD-2025-03:0935,APUV1-5c8e9e43b1c00e79cb84ab11,APUCON-9ed16913c558a1422855df58,EC-GAD-DAULE-LPI-GADIMCD-2025-03,MALECON,935,"CANALIZACION BATERIA 2 x 4"" PVC CORRUGADO",m,1.000000,38.164500,0.2000,7.632900,0.000000,45.797400,45.800000,5,ANALISIS-DE-PRECIOS-UNITARIOS-1-1000-EXCEL.xlsx,sheet1,79553,5c8e9e43b1c00e79cb84ab112f8a418808af3d5bf88b74c93ad4c2f9fdc396c2
EC-GAD-DAULE-LPI-GADIMCD-2025-03:0936,APUV1-ecdc65849f499c20625317ec,APUCON-6f1c7a345037eb999e71bc9d,EC-GAD-DAULE-LPI-GADIMCD-2025-03,MALECON,936,"CANALIZACION 4 x 4"" PVC PESADO + 4x4"" MET. RIGIDO",m,2.000000,242.810800,0.2000,48.562160,0.000000,291.372960,291.370000,8,ANALISIS-DE-PRECIOS-UNITARIOS-1-1000-EXCEL.xlsx,sheet1,79638,ecdc65849f499c20625317ec371e83cad8d0eabddcbb466b4c246660e2a7ff04
EC-GAD-DAULE-LPI-GADIMCD-2025-03:0937,APUV1-74588a615948f3b0f24aa21e,APUCON-09b714fe48add3b8bdfdefdd,EC-GAD-DAULE-LPI-GADIMCD-2025-03,MALECON,937,"CANALIZACION 4 x 4"" PVC PESADO + 3x 4"" MET. RIGIDO",m,1.750000,171.497875,0.2000,34.299575,0.000000,205.797450,205.800000,7,ANALISIS-DE-PRECIOS-UNITARIOS-1-1000-EXCEL.xlsx,sheet1,79723,74588a615948f3b0f24aa21ea1f910088f27ae29ace837f2ea5f345ee8a49acd
EC-GAD-DAULE-LPI-GADIMCD-2025-03:0938,APUV1-2ba54c4cfe5e3626d2215c25,APUCON-d9fbc86c67a5b5d28d046fe1,EC-GAD-DAULE-LPI-GADIMCD-2025-03,MALECON,938,"CANALIZACION 4 x 4"" PVC PESADO + 2x4"" MET. RIGIDO",m,1.500000,134.212350,0.2000,26.842470,0.000000,161.054820,161.050000,7,ANALISIS-DE-PRECIOS-UNITARIOS-1-1000-EXCEL.xlsx,sheet1,79808,2ba54c4cfe5e3626d2215c25cb4da121e8dc27c42c8f307bdfc8aa82025c1cef
EC-GAD-DAULE-LPI-GADIMCD-2025-03:0939,APUV1-b5b51d1c31425777aa8884ea,APUCON-9334bd606fc98b8fb6942bd0,EC-GAD-DAULE-LPI-GADIMCD-2025-03,MALECON,939,"CANALIZACION 2 x 4"" PVC PESADO + 2x4"" MET. RIGIDO",m,1.000000,104.930100,0.2000,20.986020,0.000000,125.916120,125.920000,7,ANALISIS-DE-PRECIOS-UNITARIOS-1-1000-EXCEL.xlsx,sheet1,79893,b5b51d1c31425777aa8884eacf8de5ddb1231ded24a92075ac71c197089517ce
EC-GAD-DAULE-LPI-GADIMCD-2025-03:0940,APUV1-b67464a3d1fb72ab96bec0be,APUCON-f696a74540c5fbf61c5347c4,EC-GAD-DAULE-LPI-GADIMCD-2025-03,MALECON,940,"CANALIZACION 2 x 4"" MET. RIGIDO",m,1.000000,85.130100,0.2000,17.026020,0.000000,102.156120,102.160000,6,ANALISIS-DE-PRECIOS-UNITARIOS-1-1000-EXCEL.xlsx,sheet1,79978,b67464a3d1fb72ab96bec0be961b6867ca3fd4a0826dad941f0e3ec787c268f7
EC-GAD-DAULE-LPI-GADIMCD-2025-03:0941,APUV1-847f1fca5b48a0c573b4dfba,APUCON-c0c160efcd59fe122ca9fc91,EC-GAD-DAULE-LPI-GADIMCD-2025-03,MALECON,941,ALIMENTADOR AWG-THHN-CU: 3NO.250 + 1NO.4/0 + TNO.2/0,m,0.400000,95.268400,0.2000,19.053680,0.000000,114.322080,114.320000,8,ANALISIS-DE-PRECIOS-UNITARIOS-1-1000-EXCEL.xlsx,sheet1,80063,847f1fca5b48a0c573b4dfbaec5807cc81351cb5066211130b928c8398a19941
EC-GAD-DAULE-LPI-GADIMCD-2025-03:0942,APUV1-bd3007a31663c991aa3a50be,APUCON-43b7ea742aa561f1e2086f2a,EC-GAD-DAULE-LPI-GADIMCD-2025-03,MALECON,942,ALIMENTADOR AWG-THHN-CU: 3 NO. 4/0 + 1 NO. 2/0 + T NO. 2,m,0.400000,87.018000,0.2000,17.403600,0.000000,104.421600,104.420000,13,ANALISIS-DE-PRECIOS-UNITARIOS-1-1000-EXCEL.xlsx,sheet1,80148,bd3007a31663c991aa3a50be9228ee474f3abe76db654f9361739f30d52806c5
EC-GAD-DAULE-LPI-GADIMCD-2025-03:0943,APUV1-84c391cf142c564184664684,APUCON-65988f183863af40a04cfd5d,EC-GAD-DAULE-LPI-GADIMCD-2025-03,MALECON,943,ALIMENTADOR AWG-THHN-CU: 3 NO. 1/0 + 1 NO. 2 + T NO. 4,m,0.400000,46.454800,0.2000,9.290960,0.000000,55.745760,55.750000,11,ANALISIS-DE-PRECIOS-UNITARIOS-1-1000-EXCEL.xlsx,sheet1,80233,84c391cf142c5641846646849881aca682e6104d1d322dc3f2b6c177f16ac9dd
EC-GAD-DAULE-LPI-GADIMCD-2025-03:0944,APUV1-c86966da5a2f6c0afa3bf5b9,APUCON-e1a89140d8b2aa0f45587e74,EC-GAD-DAULE-LPI-GADIMCD-2025-03,MALECON,944,ALIMENTADOR AWG-THHN-CU: 3 NO.2 + 1 NO.4 + T NO.6,m,0.400000,36.954800,0.2000,7.390960,0.000000,44.345760,44.350000,11,ANALISIS-DE-PRECIOS-UNITARIOS-1-1000-EXCEL.xlsx,sheet1,80318,c86966da5a2f6c0afa3bf5b91a97a3fda5634fb844c99daa4f5f2a283a409ae3
EC-GAD-DAULE-LPI-GADIMCD-2025-03:0945,APUV1-7e94afb8cca4924aff4e9b18,APUCON-fe312dd7f46115b2b5bb0d85,EC-GAD-DAULE-LPI-GADIMCD-2025-03,MALECON,945,ALIMENTADOR AWG-THHN-CU: 3 NO.4 + 1 NO.6 + T NO.8,m,0.400000,29.674800,0.2000,5.934960,0.000000,35.609760,35.610000,11,ANALISIS-DE-PRECIOS-UNITARIOS-1-1000-EXCEL.xlsx,sheet1,80403,7e94afb8cca4924aff4e9b187dd79ae3eddb8f04f4478c68fb6237075ea1c08c
EC-GAD-DAULE-LPI-GADIMCD-2025-03:0946,APUV1-ec29febfefc671cfa6c7f90d,APUCON-ac38a927bd9465ec29162832,EC-GAD-DAULE-LPI-GADIMCD-2025-03,MALECON,946,ALIMENTADOR AWG-THHN-CU: 3 NO.6 + 1 NO.8 + T NO.10,m,0.400000,23.954800,0.2000,4.790960,0.000000,28.745760,28.750000,11,ANALISIS-DE-PRECIOS-UNITARIOS-1-1000-EXCEL.xlsx,sheet1,80488,ec29febfefc671cfa6c7f90d5d048a1cd338c22009d46e8f1738244cea268ba1
EC-GAD-DAULE-LPI-GADIMCD-2025-03:0947,APUV1-b8657a46e2524fe388712ca8,APUCON-43d9a0f3e438b186a5e31bfb,EC-GAD-DAULE-LPI-GADIMCD-2025-03,MALECON,947,ALIMENTADOR AWG-THHN-CU: 2 NO.6 + 1 NO.8 + T NO.10,m,0.400000,21.714800,0.2000,4.342960,0.000000,26.057760,26.060000,11,ANALISIS-DE-PRECIOS-UNITARIOS-1-1000-EXCEL.xlsx,sheet1,80573,b8657a46e2524fe388712ca8d723af2f2f2d808e29f276e7397c27b6a5c5cccc
EC-GAD-DAULE-LPI-GADIMCD-2025-03:0948,APUV1-25f09c165f11819869cc4035,APUCON-64c9b276ae83587c5af02a37,EC-GAD-DAULE-LPI-GADIMCD-2025-03,MALECON,948,ALIMENTADOR AWG-THHN-CU: 3 NO.8 + 1 NO.10 + T NO.12,m,0.200000,15.839200,0.2000,3.167840,0.000000,19.007040,19.010000,11,ANALISIS-DE-PRECIOS-UNITARIOS-1-1000-EXCEL.xlsx,sheet1,80658,25f09c165f11819869cc4035ec6347c0ada07ee420153ef8f233e4f255a2ea3e
EC-GAD-DAULE-LPI-GADIMCD-2025-03:0949,APUV1-0029aaaa7d9ba2c1a0a38ede,APUCON-0ae07f56cfcbc938196a2b09,EC-GAD-DAULE-LPI-GADIMCD-2025-03,MALECON,949,ALIMENTADOR AWG-THHN-CU: 2 NO.8 + 1 NO.10 + T NO.12,m,0.200000,14.379200,0.2000,2.875840,0.000000,17.255040,17.260000,11,ANALISIS-DE-PRECIOS-UNITARIOS-1-1000-EXCEL.xlsx,sheet1,80743,0029aaaa7d9ba2c1a0a38ede378c935f53535e869b6c174bafb40646fbf3659d
EC-GAD-DAULE-LPI-GADIMCD-2025-03:0950,APUV1-cd4b972cd9efaeaf29373067,APUCON-a8d724fc7193f204c3cfeecc,EC-GAD-DAULE-LPI-GADIMCD-2025-03,MALECON,950,TABLERO 3F DISTRIBUCION TM1,u,4.000000,1806.184000,0.2000,361.236800,0.000000,2167.420800,2167.420000,14,ANALISIS-DE-PRECIOS-UNITARIOS-1-1000-EXCEL.xlsx,sheet1,80828,cd4b972cd9efaeaf2937306711b91b4040067f28247e5cfce52584b7494dd377
EC-GAD-DAULE-LPI-GADIMCD-2025-03:0951,APUV1-5e843b1661dea7ad699bd002,APUCON-298a91cf6b5685f477af87bd,EC-GAD-DAULE-LPI-GADIMCD-2025-03,MALECON,951,TABLERO 3F DISTRIBUCION TM2,u,4.000000,1780.060000,0.2000,356.012000,0.000000,2136.072000,2136.070000,13,ANALISIS-DE-PRECIOS-UNITARIOS-1-1000-EXCEL.xlsx,sheet1,80913,5e843b1661dea7ad699bd002c69f04ccbebc8b59256b0f1c3d8f9b6f3c79a543
EC-GAD-DAULE-LPI-GADIMCD-2025-03:0952,APUV1-3157a49ec0524b200544525a,APUCON-448b4c04da2fe0f299767f50,EC-GAD-DAULE-LPI-GADIMCD-2025-03,MALECON,952,TABLERO 3F DISTRIBUCION TPC-M1,u,4.000000,1508.084000,0.2000,301.616800,0.000000,1809.700800,1809.700000,12,ANALISIS-DE-PRECIOS-UNITARIOS-1-1000-EXCEL.xlsx,sheet1,80998,3157a49ec0524b200544525aefe21e0fbb85a77aad3d7db6d9ecc60ce0ae43af
EC-GAD-DAULE-LPI-GADIMCD-2025-03:0953,APUV1-e76eda724414949556670195,APUCON-26e53023dccd5972c2eda590,EC-GAD-DAULE-LPI-GADIMCD-2025-03,MALECON,953,TABLERO 3F DISTRIBUCION TPC-M2,u,4.000000,1768.060000,0.2000,353.612000,0.000000,2121.672000,2121.670000,12,ANALISIS-DE-PRECIOS-UNITARIOS-1-1000-EXCEL.xlsx,sheet1,81083,e76eda7244149495566701956da4728b4c09d30711ec8f2c59f5f567ecf8a1b9
EC-GAD-DAULE-LPI-GADIMCD-2025-03:0954,APUV1-fae08de94ee368bc2094d192,APUCON-c523225fc76d00bb3792f1b2,EC-GAD-DAULE-LPI-GADIMCD-2025-03,MALECON,954,TABLERO 3F DISTRIBUCION TCA - 01,u,4.000000,1429.684000,0.2000,285.936800,0.000000,1715.620800,1715.620000,11,ANALISIS-DE-PRECIOS-UNITARIOS-1-1000-EXCEL.xlsx,sheet1,81168,fae08de94ee368bc2094d1923fc64bbaff1f2516b08205049b25cb483ff0b3f8
EC-GAD-DAULE-LPI-GADIMCD-2025-03:0955,APUV1-d8d1e421fd5137e29dcdb587,APUCON-e0aead36b0e604ec2bd28ac9,EC-GAD-DAULE-LPI-GADIMCD-2025-03,MALECON,955,TABLERO 3F DISTRIBUCION TCB - 01,u,4.000000,972.084000,0.2000,194.416800,0.000000,1166.500800,1166.500000,9,ANALISIS-DE-PRECIOS-UNITARIOS-1-1000-EXCEL.xlsx,sheet1,81253,d8d1e421fd5137e29dcdb587b6a6dffb6ed530b170525578f4c4188469432b54
EC-GAD-DAULE-LPI-GADIMCD-2025-03:0956,APUV1-1e305645fd68ed373ea7a081,APUCON-426af37fbd9231b7bd2d543c,EC-GAD-DAULE-LPI-GADIMCD-2025-03,MALECON,956,TABLERO 3F DISTRIBUCION TDB - 01,u,4.000000,1434.884000,0.2000,286.976800,0.000000,1721.860800,1721.860000,10,ANALISIS-DE-PRECIOS-UNITARIOS-1-1000-EXCEL.xlsx,sheet1,81338,1e305645fd68ed373ea7a081439f505eb602e67278626112a2608c118ccc96e4
EC-GAD-DAULE-LPI-GADIMCD-2025-03:0957,APUV1-b8b3557ee37826bcfe852f2b,APUCON-9fd4c3e891f049600cac2bf6,EC-GAD-DAULE-LPI-GADIMCD-2025-03,MALECON,957,TABLERO 3F DISTRIBUCION TDB - 02,u,4.000000,1820.884000,0.2000,364.176800,0.000000,2185.060800,2185.060000,12,ANALISIS-DE-PRECIOS-UNITARIOS-1-1000-EXCEL.xlsx,sheet1,81423,b8b3557ee37826bcfe852f2bf02a65d44a9d659d73b09db3362ea3cc69bbbb37
EC-GAD-DAULE-LPI-GADIMCD-2025-03:0958,APUV1-23914ed67b91dc389271f77a,APUCON-dae2c10d5599c9d3e3a614fe,EC-GAD-DAULE-LPI-GADIMCD-2025-03,MALECON,958,TABLERO 3F DISTRIBUCION TDB - 03,u,6.000000,3784.326000,0.2000,756.865200,0.000000,4541.191200,4541.190000,12,ANALISIS-DE-PRECIOS-UNITARIOS-1-1000-EXCEL.xlsx,sheet1,81508,23914ed67b91dc389271f77add386bec85f55242c0b8cab8a1fc6cc401fe5960
EC-GAD-DAULE-LPI-GADIMCD-2025-03:0959,APUV1-e1c3166a70b1503f4055f366,APUCON-a9ab8a0ab52931192dd230fd,EC-GAD-DAULE-LPI-GADIMCD-2025-03,MALECON,959,TABLERO 3F DISTRIBUCION TDB - 04,u,6.000000,1800.326000,0.2000,360.065200,0.000000,2160.391200,2160.390000,10,ANALISIS-DE-PRECIOS-UNITARIOS-1-1000-EXCEL.xlsx,sheet1,81593,e1c3166a70b1503f4055f366c62120f2b9cd17d46a2aae7c573bef9d779d72f4
EC-GAD-DAULE-LPI-GADIMCD-2025-03:0960,APUV1-978eb6039529435b15fcf69d,APUCON-ca4d028bb013dee90b13db99,EC-GAD-DAULE-LPI-GADIMCD-2025-03,MALECON,960,TABLERO 3F DISTRIBUCION TDB - 1B,u,6.000000,1882.726000,0.2000,376.545200,0.000000,2259.271200,2259.270000,12,ANALISIS-DE-PRECIOS-UNITARIOS-1-1000-EXCEL.xlsx,sheet1,81678,978eb6039529435b15fcf69d1774a53ad70aa3b2b1100334a79a6666b58e0b7d
EC-GAD-DAULE-LPI-GADIMCD-2025-03:0961,APUV1-a4d8f21c27c32fd7e1a69ffb,APUCON-dad513049c641ac2a359263d,EC-GAD-DAULE-LPI-GADIMCD-2025-03,MALECON,961,PANEL 3F DISTRIBUCION PD-ADM,u,4.000000,445.684000,0.2000,89.136800,0.000000,534.820800,534.820000,10,ANALISIS-DE-PRECIOS-UNITARIOS-1-1000-EXCEL.xlsx,sheet1,81763,a4d8f21c27c32fd7e1a69ffb69abcd90bae043522d7fcd0566838a44d67e7557
EC-GAD-DAULE-LPI-GADIMCD-2025-03:0962,APUV1-de74b6faf95af55ebfbfb293,APUCON-8c9cee15f7acbbde22208bbe,EC-GAD-DAULE-LPI-GADIMCD-2025-03,MALECON,962,PANEL 3F DISTRIBUCION PD-LC (LOCALES COMERCIALES),u,3.000000,221.763000,0.2000,44.352600,0.000000,266.115600,266.120000,9,ANALISIS-DE-PRECIOS-UNITARIOS-1-1000-EXCEL.xlsx,sheet1,81848,de74b6faf95af55ebfbfb29328a98e8c09848ec3fd1ed5a52f107bd13d001430
EC-GAD-DAULE-LPI-GADIMCD-2025-03:0963,APUV1-7b0112d889c0c24004d5d6c4,APUCON-8662b65503685e5139086d44,EC-GAD-DAULE-LPI-GADIMCD-2025-03,MALECON,963,PANEL 3F DISTRIBUCION PD-B (BARES),u,4.000000,240.684000,0.2000,48.136800,0.000000,288.820800,288.820000,9,ANALISIS-DE-PRECIOS-UNITARIOS-1-1000-EXCEL.xlsx,sheet1,81933,7b0112d889c0c24004d5d6c4b5daf5b76a48a38d3a90b455be2c41b71f8df900
EC-GAD-DAULE-LPI-GADIMCD-2025-03:0964,APUV1-61ddb00cfad47c4d1c7f3f0c,APUCON-7e5bb9dfc2cce43be74f033e,EC-GAD-DAULE-LPI-GADIMCD-2025-03,MALECON,964,PANEL 3F DISTRIBUCION PD-SG (SERVICIO GENERAL),u,3.000000,396.763000,0.2000,79.352600,0.000000,476.115600,476.120000,9,ANALISIS-DE-PRECIOS-UNITARIOS-1-1000-EXCEL.xlsx,sheet1,82018,61ddb00cfad47c4d1c7f3f0c03dabb4a25586b024a2ab43c2129c6f564c27b39
EC-GAD-DAULE-LPI-GADIMCD-2025-03:0965,APUV1-03f767ee15ded89049653d34,APUCON-f96a82bc11e18346a1a29632,EC-GAD-DAULE-LPI-GADIMCD-2025-03,MALECON,965,PANEL 3F DISTRIBUCION PSG-M1,u,3.000000,324.763000,0.2000,64.952600,0.000000,389.715600,389.720000,8,ANALISIS-DE-PRECIOS-UNITARIOS-1-1000-EXCEL.xlsx,sheet1,82103,03f767ee15ded89049653d347bbb25db2af94d504d59f0541450bfd8fecf7406
EC-GAD-DAULE-LPI-GADIMCD-2025-03:0966,APUV1-e67c49cd2134f69f0ea680e2,APUCON-34c5c1795bfd1809fef3f24d,EC-GAD-DAULE-LPI-GADIMCD-2025-03,MALECON,966,PANEL 3F DISTRIBUCION PSG-M2,u,3.000000,213.763000,0.2000,42.752600,0.000000,256.515600,256.520000,8,ANALISIS-DE-PRECIOS-UNITARIOS-1-1000-EXCEL.xlsx,sheet1,82188,e67c49cd2134f69f0ea680e2cc754744d251cd7310af9707172641d536c62c33
EC-GAD-DAULE-LPI-GADIMCD-2025-03:0967,APUV1-15a5192dd730e778314856ee,APUCON-c6edaf19597196adcaad70ae,EC-GAD-DAULE-LPI-GADIMCD-2025-03,MALECON,967,SALIDA DE ILUMINACION 120 V,u,1.000000,52.729000,0.2000,10.545800,0.000000,63.274800,63.270000,14,ANALISIS-DE-PRECIOS-UNITARIOS-1-1000-EXCEL.xlsx,sheet1,82273,15a5192dd730e778314856eec18ed08bc70e05cb37e53a0c41c1088c88532272
EC-GAD-DAULE-LPI-GADIMCD-2025-03:0968,APUV1-f9c631547143711284b279ee,APUCON-1e5deef68ae6958821909c2d,EC-GAD-DAULE-LPI-GADIMCD-2025-03,MALECON,968,SALIDA DE ILUMINACION 220 V,u,2.000000,98.154000,0.2000,19.630800,0.000000,117.784800,117.780000,13,ANALISIS-DE-PRECIOS-UNITARIOS-1-1000-EXCEL.xlsx,sheet1,82358,f9c631547143711284b279eef478cb0632a722ded11d258d235f41b0dd800797
EC-GAD-DAULE-LPI-GADIMCD-2025-03:0969,APUV1-3826c36e57295f5a3150f631,APUCON-5185f4c9971760762eea24b9,EC-GAD-DAULE-LPI-GADIMCD-2025-03,MALECON,969,SALIDA DE TOMACORRIENTE DOBLE POLARIZADO 120 V,u,1.000000,52.563000,0.2000,10.512600,0.000000,63.075600,63.080000,12,ANALISIS-DE-PRECIOS-UNITARIOS-1-1000-EXCEL.xlsx,sheet1,82443,3826c36e57295f5a3150f63185146c6b3cd22dd63a72d1232562b179ec5e4c2c
EC-GAD-DAULE-LPI-GADIMCD-2025-03:0970,APUV1-6f10e2f7ed815a586314b3a3,APUCON-bc987cdcb555897cfabcfb32,EC-GAD-DAULE-LPI-GADIMCD-2025-03,MALECON,970,SALIDA DE TOMACORRIENTE ESPECIAL 240 V,u,1.000000,79.563000,0.2000,15.912600,0.000000,95.475600,95.480000,12,ANALISIS-DE-PRECIOS-UNITARIOS-1-1000-EXCEL.xlsx,sheet1,82528,6f10e2f7ed815a586314b3a3b5d9a08308c7a04f4f08e0db37fefc6f6b2189fd
EC-GAD-DAULE-LPI-GADIMCD-2025-03:0971,APUV1-b99f79bb459385c4103f86d5,APUCON-ebf88c02305e8377421a9f66,EC-GAD-DAULE-LPI-GADIMCD-2025-03,MALECON,971,LUMINARIA TIPO APLIQUE DE PARED,u,1.000000,32.863200,0.2000,6.572640,0.000000,39.435840,39.440000,7,ANALISIS-DE-PRECIOS-UNITARIOS-1-1000-EXCEL.xlsx,sheet1,82613,b99f79bb459385c4103f86d52f231085e75f4c22a42a688f4e2ca274bdf0fe79
EC-GAD-DAULE-LPI-GADIMCD-2025-03:0972,APUV1-2cad8f75012c1c83f0c0c903,APUCON-42cb066efaa922e87fb5dea5,EC-GAD-DAULE-LPI-GADIMCD-2025-03,MALECON,972,APLIQUE GUIA DE PISO 220 V - 15 W; IP67-IK10,u,1.000000,33.955700,0.2000,6.791140,0.000000,40.746840,40.750000,5,ANALISIS-DE-PRECIOS-UNITARIOS-1-1000-EXCEL.xlsx,sheet1,82698,2cad8f75012c1c83f0c0c90306a3a0c66563dc08fe6efa3fc5f7f16e45f84fea
EC-GAD-DAULE-LPI-GADIMCD-2025-03:0973,APUV1-4415e53639bb6c8aaf73ea1e,APUCON-d879ff65162854adb4c9cbe1,EC-GAD-DAULE-LPI-GADIMCD-2025-03,MALECON,973,APLIQUE DE PISO DECORATIVO AJUSTABLE ASIMETRICO 220 V- 38 W; IP68-IK10,u,1.000000,27.863200,0.2000,5.572640,0.000000,33.435840,33.440000,6,ANALISIS-DE-PRECIOS-UNITARIOS-1-1000-EXCEL.xlsx,sheet1,82783,4415e53639bb6c8aaf73ea1e86793c22548265eb8bd50cffce7453767deaff1f
EC-GAD-DAULE-LPI-GADIMCD-2025-03:0974,APUV1-3dabd1ea1aa434dd976a00a9,APUCON-27e6c8e1e5bf9cdf09ff34ca,EC-GAD-DAULE-LPI-GADIMCD-2025-03,MALECON,974,LUMINARIA LED SELLADA 220 V 55W O SIMILAR,u,1.000000,103.943200,0.2000,20.788640,0.000000,124.731840,124.730000,6,ANALISIS-DE-PRECIOS-UNITARIOS-1-1000-EXCEL.xlsx,sheet1,82868,3dabd1ea1aa434dd976a00a940ecf1367c4ff84e31dd14bb4cbc2a07d5ee7c9c
EC-GAD-DAULE-LPI-GADIMCD-2025-03:0975,APUV1-c937f65bffafce4d6c4bfde6,APUCON-0a7b9052e2d85b1470df65f2,EC-GAD-DAULE-LPI-GADIMCD-2025-03,MALECON,975,LUMINARIA LED SELLADA 220 V 20W O SIMILAR,u,1.000000,83.943200,0.2000,16.788640,0.000000,100.731840,100.730000,6,ANALISIS-DE-PRECIOS-UNITARIOS-1-1000-EXCEL.xlsx,sheet1,82953,c937f65bffafce4d6c4bfde65b89d7286c378cf77939c5b18959958333dfb87a
EC-GAD-DAULE-LPI-GADIMCD-2025-03:0976,APUV1-2a856fff04c9ed2369e9b330,APUCON-62620f7137f201a399fd2007,EC-GAD-DAULE-LPI-GADIMCD-2025-03,MALECON,976,"LUMINARIA TIPO PARQUE EN POSTE 4.00m; 220V - 80W, IP66-IK08",u,2.000000,457.862200,0.2000,91.572440,0.000000,549.434640,549.430000,8,ANALISIS-DE-PRECIOS-UNITARIOS-1-1000-EXCEL.xlsx,sheet1,83038,2a856fff04c9ed2369e9b330e722cb444521f20bdfa40f16b847f4b3cd13d867
EC-GAD-DAULE-LPI-GADIMCD-2025-03:0977,APUV1-298ffaed9d4e07671833e327,APUCON-7bc434a62b3658ce4062c7f8,EC-GAD-DAULE-LPI-GADIMCD-2025-03,MALECON,977,LUMINARIA EN POSTE 7.00m; 220V -100W; IP66-IK08,u,1.000000,438.941200,0.2000,87.788240,0.000000,526.729440,526.730000,8,ANALISIS-DE-PRECIOS-UNITARIOS-1-1000-EXCEL.xlsx,sheet1,83123,298ffaed9d4e07671833e3274be5a8c1600569b0da196327d679b8d6cff557a9
EC-GAD-DAULE-LPI-GADIMCD-2025-03:0978,APUV1-b3bf39e9960dd41bc243031c,APUCON-aad1507df199a6aa809e422c,EC-GAD-DAULE-LPI-GADIMCD-2025-03,MALECON,978,CANALETA SELLADA 30.00cm X 20.00cm X 2.50m,u,1.000000,90.921000,0.2000,18.184200,0.000000,109.105200,109.110000,7,ANALISIS-DE-PRECIOS-UNITARIOS-1-1000-EXCEL.xlsx,sheet1,83208,b3bf39e9960dd41bc243031c672f63342addeecbf67e6a5870ac699a18e99998
EC-GAD-DAULE-LPI-GADIMCD-2025-03:0979,APUV1-02737e417c687a3ff41f35f4,APUCON-8d9e79944db8fd9ae31d0ae0,EC-GAD-DAULE-LPI-GADIMCD-2025-03,MALECON,979,LUMINARIA VIAL EN POSTE DE 12.00m - 218 W - 220 V,u,2.000000,1293.842000,0.2000,258.768400,0.000000,1552.610400,1552.610000,10,ANALISIS-DE-PRECIOS-UNITARIOS-1-1000-EXCEL.xlsx,sheet1,83293,02737e417c687a3ff41f35f4ecd2d7216e98edf3f50ac34d0a5365e9bd4b2014
EC-GAD-DAULE-LPI-GADIMCD-2025-03:0980,APUV1-9076ffb60aa217299a9b271d,APUCON-2b49923216e66915edb87aa0,EC-GAD-DAULE-LPI-GADIMCD-2025-03,MALECON,980,PANEL LED CUADRADA - 30-60W /100 - 220V,u,2.000000,97.846000,0.2000,19.569200,0.000000,117.415200,117.420000,5,ANALISIS-DE-PRECIOS-UNITARIOS-1-1000-EXCEL.xlsx,sheet1,83378,9076ffb60aa217299a9b271de673bc6656b7f56ca30347fd175c4f4bfc86f9ed
EC-GAD-DAULE-LPI-GADIMCD-2025-03:0981,APUV1-4e8b573f8f305cdc0c5507b0,APUCON-b3196744f91c96965df0d8dd,EC-GAD-DAULE-LPI-GADIMCD-2025-03,MALECON,981,TIRAS LED RGB 24V - 12V; IP67 - IK10 (1.00m),u,1.000000,33.960200,0.2000,6.792040,0.000000,40.752240,40.750000,5,ANALISIS-DE-PRECIOS-UNITARIOS-1-1000-EXCEL.xlsx,sheet1,83463,4e8b573f8f305cdc0c5507b0d1a20756d21af4608d56a9200e42eca7dd3d7dba
EC-GAD-DAULE-LPI-GADIMCD-2025-03:0982,APUV1-420d41e63d3b39245231bc03,APUCON-21e2a3e1864f236b15c34779,EC-GAD-DAULE-LPI-GADIMCD-2025-03,MALECON,982,COLUMNA INTELIGENTE,u,8.000000,12564.626000,0.2000,2512.925200,0.000000,15077.551200,15077.550000,9,ANALISIS-DE-PRECIOS-UNITARIOS-1-1000-EXCEL.xlsx,sheet1,83548,420d41e63d3b39245231bc039b325b0a19f2e731775ed73627a0ba95639bf645
EC-GAD-DAULE-LPI-GADIMCD-2025-03:0983,APUV1-f16bdd24a65255a72d61f200,APUCON-32ef2c3f168aed817a6286c7,EC-GAD-DAULE-LPI-GADIMCD-2025-03,MALECON,983,MINI POSTE DE ILUMINACION 220 V - 25 W; IP67 - IK10,u,2.000000,122.846000,0.2000,24.569200,0.000000,147.415200,147.420000,5,ANALISIS-DE-PRECIOS-UNITARIOS-1-1000-EXCEL.xlsx,sheet1,83633,f16bdd24a65255a72d61f200b48c53d32ac1e28a4e4a1fde1314d756711e236f
EC-GAD-DAULE-LPI-GADIMCD-2025-03:0984,APUV1-3e730262ce40e51ed41d8676,APUCON-a844b57e9e22b3923e390de7,EC-GAD-DAULE-LPI-GADIMCD-2025-03,MALECON,984,TIRAS LED LUZ NEUTRA 24V - 12W; IP67 - IK10 (1.00 m),u,1.000000,23.955700,0.2000,4.791140,0.000000,28.746840,28.750000,5,ANALISIS-DE-PRECIOS-UNITARIOS-1-1000-EXCEL.xlsx,sheet1,83718,3e730262ce40e51ed41d86766946dc44b3320945529a042ac14a0eb53822604d
EC-GAD-DAULE-LPI-GADIMCD-2025-03:0985,APUV1-91657e0bace1749d9c7703a0,APUCON-a95cc7f165391d192de07b1a,EC-GAD-DAULE-LPI-GADIMCD-2025-03,MALECON,985,"REFLECTOR SUMERGIBLE RGB 150 W, IP68 (CHORRO AGUA)",u,8.000000,301.368000,0.2000,60.273600,0.000000,361.641600,361.640000,6,ANALISIS-DE-PRECIOS-UNITARIOS-1-1000-EXCEL.xlsx,sheet1,83803,91657e0bace1749d9c7703a003b25e288723c7976d08c0f325f41b5788a307ae
EC-GAD-DAULE-LPI-GADIMCD-2025-03:0986,APUV1-234ce7356464d13e5f64a7a9,APUCON-68e44a639ccad35aa16e16b9,EC-GAD-DAULE-LPI-GADIMCD-2025-03,MALECON,986,REFLECTOR LED 150 W - 220 V; COLOR NEUTRO GRADO IP68,u,8.000000,331.368000,0.2000,66.273600,0.000000,397.641600,397.640000,6,ANALISIS-DE-PRECIOS-UNITARIOS-1-1000-EXCEL.xlsx,sheet1,83888,234ce7356464d13e5f64a7a99f6d8bf5e78be5729e80c61b17f5645a3c3c8f50
EC-GAD-DAULE-LPI-GADIMCD-2025-03:0987,APUV1-16d3c2a19c3add66fb06102f,APUCON-72c6278def632fad730dab3f,EC-GAD-DAULE-LPI-GADIMCD-2025-03,MALECON,987,TRANSICION CANALIZACION EN MUELLES (FIJO - MOVIL),u,3.000000,158.763000,0.2000,31.752600,0.000000,190.515600,190.520000,8,ANALISIS-DE-PRECIOS-UNITARIOS-1-1000-EXCEL.xlsx,sheet1,83973,16d3c2a19c3add66fb06102fbe1477058c00a76d6d375548eb1f838c1007538c
EC-GAD-DAULE-LPI-GADIMCD-2025-03:0988,APUV1-3e91b3e85e3929bf9e898f1b,APUCON-4ed6a6f9d7721e988c96cddf,EC-GAD-DAULE-LPI-GADIMCD-2025-03,MALECON,988,PROVISION DE TAPA DE GRAFITO ESFEROIDAL DE 80cm DE DIAMETRO CON RESISTENCIA 125KN PARA LAS CAJAS PROYECTADAS. INCLUYE TRANSPORTE Y SISTEMA ELECTRICO,u,0.000000,310.000000,0.2000,62.000000,0.000000,372.000000,372.000000,2,ANALISIS-DE-PRECIOS-UNITARIOS-1-1000-EXCEL.xlsx,sheet1,84058,3e91b3e85e3929bf9e898f1b512d27b01503e79a5b9242f3bf43c25fac75ef68
EC-GAD-DAULE-LPI-GADIMCD-2025-03:0989,APUV1-7cd362e771d617334d9eefae,APUCON-ab6ea6c7d303c73ecc8b5a4f,EC-GAD-DAULE-LPI-GADIMCD-2025-03,MALECON,989,PROVISION DE TAPA DE GRAFITO ESFEROIDAL DE 60cm DE DIAMETRO CON RESISTENCIA 125KN PARA LAS CAJAS PROYECTADAS. INCLUYE TRANSPORTE Y SISTEMA ELECTRICO,u,0.000000,180.000000,0.2000,36.000000,0.000000,216.000000,216.000000,2,ANALISIS-DE-PRECIOS-UNITARIOS-1-1000-EXCEL.xlsx,sheet1,84143,7cd362e771d617334d9eefae236ddea3fcb1cb181d7a6048717b450338f43904
EC-GAD-DAULE-LPI-GADIMCD-2025-03:0990,APUV1-a1a850182ff754a8c63dd30f,APUCON-c3472d77ed98a3ee24c3baf9,EC-GAD-DAULE-LPI-GADIMCD-2025-03,MALECON,990,TAPA METALICA DE 40X40cm CON LOGO ELECTRICIDAD PARA CAJAS PROYECTADAS DE 125KN,u,1.500000,157.675000,0.2000,31.535000,0.000000,189.210000,189.210000,8,ANALISIS-DE-PRECIOS-UNITARIOS-1-1000-EXCEL.xlsx,sheet1,84228,a1a850182ff754a8c63dd30f038e349ba67bfbc9c47cd559083e451bb2553b9e
EC-GAD-DAULE-LPI-GADIMCD-2025-03:0991,APUV1-4b5550d1be3cb16142b1d332,APUCON-c7dc30467b7f06a6a94761a2,EC-GAD-DAULE-LPI-GADIMCD-2025-03,MALECON,991,ESTRUCTURA 3F VOLADA ANGULAR EST-3VA,u,2.500000,429.746250,0.2000,85.949250,0.000000,515.695500,515.700000,17,ANALISIS-DE-PRECIOS-UNITARIOS-1-1000-EXCEL.xlsx,sheet1,84313,4b5550d1be3cb16142b1d332ccc62b59b2f7e8347ce6e3ad5e2e3a59872861bf
EC-GAD-DAULE-LPI-GADIMCD-2025-03:0992,APUV1-d0da80fec1423800f1506e0f,APUCON-bf0d87b2e420650f06e0ddfb,EC-GAD-DAULE-LPI-GADIMCD-2025-03,MALECON,992,POSTE HA 12m X 500 KGF,u,2.000000,398.862000,0.2000,79.772400,0.000000,478.634400,478.630000,12,ANALISIS-DE-PRECIOS-UNITARIOS-1-1000-EXCEL.xlsx,sheet1,84398,d0da80fec1423800f1506e0fba7ae00ab1370b28c2e473cd686e60be00b91405
EC-GAD-DAULE-LPI-GADIMCD-2025-03:0993,APUV1-22841c640cdb009845a6f36b,APUCON-ae41728d101088b49fa64a41,EC-GAD-DAULE-LPI-GADIMCD-2025-03,MALECON,993,SECCIONADOR FUSIBLE 100 A - 27kW CON ROMPE ARCO,u,1.999900,262.579175,0.2000,52.515835,0.000000,315.095010,315.100000,13,ANALISIS-DE-PRECIOS-UNITARIOS-1-1000-EXCEL.xlsx,sheet1,84483,22841c640cdb009845a6f36bce44f032dac401e3ddd9cff6f13f0bd4c915a845
EC-GAD-DAULE-LPI-GADIMCD-2025-03:0994,APUV1-f50317f7902699f9c8df3a4f,APUCON-b94c1d0a70cb735f5301c67a,EC-GAD-DAULE-LPI-GADIMCD-2025-03,MALECON,994,CAJA DE REVISION ELECTRICA 0.60x0.60x0.60m,u,8.000000,364.774880,0.2000,72.954976,0.000000,437.729856,437.730000,16,ANALISIS-DE-PRECIOS-UNITARIOS-1-1000-EXCEL.xlsx,sheet1,84568,f50317f7902699f9c8df3a4f6e6eb1d04d081bd1167198755f77d54f3c17f83c
EC-GAD-DAULE-LPI-GADIMCD-2025-03:0995,APUV1-3299db786351a577d0e04e6c,APUCON-8a7a9cd6bf1c8dc8e7c75481,EC-GAD-DAULE-LPI-GADIMCD-2025-03,MALECON,995,CAJA DE REVISION ELECTRICA 0.40x0.40x0.40m,u,5.000000,236.107160,0.2000,47.221432,0.000000,283.328592,283.330000,16,ANALISIS-DE-PRECIOS-UNITARIOS-1-1000-EXCEL.xlsx,sheet1,84653,3299db786351a577d0e04e6cc859494ec8696ee27a00b20a515218d625e8f8f0
EC-GAD-DAULE-LPI-GADIMCD-2025-03:0996,APUV1-b8657a46e2524fe388712ca8,APUCON-43d9a0f3e438b186a5e31bfb,EC-GAD-DAULE-LPI-GADIMCD-2025-03,MALECON,996,ALIMENTADOR AWG-THHN-CU: 2 NO.6 + 1 NO.8 + T NO.10,m,0.400000,21.714800,0.2000,4.342960,0.000000,26.057760,26.060000,11,ANALISIS-DE-PRECIOS-UNITARIOS-1-1000-EXCEL.xlsx,sheet1,84738,b8657a46e2524fe388712ca8d723af2f2f2d808e29f276e7397c27b6a5c5cccc
EC-GAD-DAULE-LPI-GADIMCD-2025-03:0997,APUV1-0029aaaa7d9ba2c1a0a38ede,APUCON-0ae07f56cfcbc938196a2b09,EC-GAD-DAULE-LPI-GADIMCD-2025-03,MALECON,997,ALIMENTADOR AWG-THHN-CU: 2 NO.8 + 1 NO.10 + T NO.12,m,0.200000,14.379200,0.2000,2.875840,0.000000,17.255040,17.260000,11,ANALISIS-DE-PRECIOS-UNITARIOS-1-1000-EXCEL.xlsx,sheet1,84823,0029aaaa7d9ba2c1a0a38ede378c935f53535e869b6c174bafb40646fbf3659d
EC-GAD-DAULE-LPI-GADIMCD-2025-03:0998,APUV1-02737e417c687a3ff41f35f4,APUCON-8d9e79944db8fd9ae31d0ae0,EC-GAD-DAULE-LPI-GADIMCD-2025-03,MALECON,998,LUMINARIA VIAL EN POSTE DE 12.00m - 218 W - 220 V,u,2.000000,1293.842000,0.2000,258.768400,0.000000,1552.610400,1552.610000,10,ANALISIS-DE-PRECIOS-UNITARIOS-1-1000-EXCEL.xlsx,sheet1,84908,02737e417c687a3ff41f35f4ecd2d7216e98edf3f50ac34d0a5365e9bd4b2014
EC-GAD-DAULE-LPI-GADIMCD-2025-03:0999,APUV1-7cd362e771d617334d9eefae,APUCON-ab6ea6c7d303c73ecc8b5a4f,EC-GAD-DAULE-LPI-GADIMCD-2025-03,MALECON,999,PROVISION DE TAPA DE GRAFITO ESFEROIDAL DE 60cm DE DIAMETRO CON RESISTENCIA 125KN PARA LAS CAJAS PROYECTADAS. INCLUYE TRANSPORTE Y SISTEMA ELECTRICO,u,0.000000,180.000000,0.2000,36.000000,0.000000,216.000000,216.000000,2,ANALISIS-DE-PRECIOS-UNITARIOS-1-1000-EXCEL.xlsx,sheet1,84993,7cd362e771d617334d9eefae236ddea3fcb1cb181d7a6048717b450338f43904
EC-GAD-DAULE-LPI-GADIMCD-2025-03:1000,APUV1-a1a850182ff754a8c63dd30f,APUCON-c3472d77ed98a3ee24c3baf9,EC-GAD-DAULE-LPI-GADIMCD-2025-03,MALECON,1000,TAPA METALICA DE 40X40cm CON LOGO ELECTRICIDAD PARA CAJAS PROYECTADAS DE 125KN,u,1.500000,157.675000,0.2000,31.535000,0.000000,189.210000,189.210000,8,ANALISIS-DE-PRECIOS-UNITARIOS-1-1000-EXCEL.xlsx,sheet1,85078,a1a850182ff754a8c63dd30f038e349ba67bfbc9c47cd559083e451bb2553b9e
EC-GAD-DAULE-LPI-GADIMCD-2025-03:1001,APUV1-6512faa1fce61ebf8f081268,APUCON-8f09e895053df388547a494c,EC-GAD-DAULE-LPI-GADIMCD-2025-03,MALECON,1001,TRANSFORMADOR 1F 10 KVA TIPO AUTO PROTEGIDO 7.9KV/120-240 V,u,3.000100,1173.569392,0.2000,234.713878,0.000000,1408.283271,1408.280000,13,ANALISIS-DE-PRECIOS-UNITARIOS-1001-1053-EXCEL.xlsx,sheet1,10,6512faa1fce61ebf8f08126850a67781691ac79c90393610f9ab979dd7cfa026
EC-GAD-DAULE-LPI-GADIMCD-2025-03:1002,APUV1-41f0ab2a73b784718c190c0b,APUCON-b3ab93aa2b2c12d6d69fefdb,EC-GAD-DAULE-LPI-GADIMCD-2025-03,MALECON,1002,"DUCTERIA METALICA RIGIDA 2"" PARA BAJA TENSION",u,3.000000,226.633000,0.2000,45.326600,0.000000,271.959600,271.960000,11,ANALISIS-DE-PRECIOS-UNITARIOS-1001-1053-EXCEL.xlsx,sheet1,95,41f0ab2a73b784718c190c0bc06c5be66e676976cc4777983e5e8f3c1e5b0e9c
EC-GAD-DAULE-LPI-GADIMCD-2025-03:1003,APUV1-bb213bb9f19fa0a626d7a8c1,APUCON-4506f70b34dcce31f4c50514,EC-GAD-DAULE-LPI-GADIMCD-2025-03,MALECON,1003,CANALIZACION DE BATERIA DE 4 x 50mm PVC PESADO,m,1.000000,42.808500,0.2000,8.561700,0.000000,51.370200,51.370000,6,ANALISIS-DE-PRECIOS-UNITARIOS-1001-1053-EXCEL.xlsx,sheet1,180,bb213bb9f19fa0a626d7a8c1eb82556ba4322af958432d019b911fd7da259093
EC-GAD-DAULE-LPI-GADIMCD-2025-03:1004,APUV1-dfdc9d2c5f7faabcf96f1d70,APUCON-40286ef040f8af967683a49e,EC-GAD-DAULE-LPI-GADIMCD-2025-03,MALECON,1004,CANALIZACION 4 x 50mm PVC PESADO + 4 x 110mm PVC PESADO,m,2.000100,96.580836,0.2000,19.316167,0.000000,115.897004,115.900000,6,ANALISIS-DE-PRECIOS-UNITARIOS-1001-1053-EXCEL.xlsx,sheet1,265,dfdc9d2c5f7faabcf96f1d7074c59ede6a8cb658a33f34739a9b739bf920625f
EC-GAD-DAULE-LPI-GADIMCD-2025-03:1005,APUV1-e38a8e580468c58fb59e8137,APUCON-6bb6adb9d923dc023a3a1adb,EC-GAD-DAULE-LPI-GADIMCD-2025-03,MALECON,1005,TABLERO DE CONTROL DE ALUMBRADO (TCA),u,3.000100,763.764892,0.2000,152.752978,0.000000,916.517871,916.520000,9,ANALISIS-DE-PRECIOS-UNITARIOS-1001-1053-EXCEL.xlsx,sheet1,350,e38a8e580468c58fb59e813721b3a2f1c1ea6905aecfd4b038fe8a19d240d077
EC-GAD-DAULE-LPI-GADIMCD-2025-03:1006,APUV1-e7483f758a8597989f2e02c5,APUCON-22a0cc7a4326ee6f839ec111,EC-GAD-DAULE-LPI-GADIMCD-2025-03,MALECON,1006,"DUCTERIA METALICA RIGIDA 2"" PARA FIBRA OPTICA",u,2.500500,595.195276,0.2000,119.039055,0.000000,714.234331,714.230000,17,ANALISIS-DE-PRECIOS-UNITARIOS-1001-1053-EXCEL.xlsx,sheet1,435,e7483f758a8597989f2e02c51dafcabdb43417a0cfb62ab1609435328a6cfbcc
EC-GAD-DAULE-LPI-GADIMCD-2025-03:1007,APUV1-9435d2575a04d5f983cc1ddd,APUCON-3f6931337d75452dae5f9051,EC-GAD-DAULE-LPI-GADIMCD-2025-03,MALECON,1007,RED DE FIBRA OPTICA ADSS 24 HILOS,m,10.000000,1260.210000,0.2000,252.042000,0.000000,1512.252000,1512.250000,10,ANALISIS-DE-PRECIOS-UNITARIOS-1001-1053-EXCEL.xlsx,sheet1,520,9435d2575a04d5f983cc1ddd5aabf48d22e386d8bb5358c23a6ffb3df42cc314
EC-GAD-DAULE-LPI-GADIMCD-2025-03:1008,APUV1-6640e71a760a4eb03c65d06f,APUCON-5d2f43815983ac070fbaaf4a,EC-GAD-DAULE-LPI-GADIMCD-2025-03,MALECON,1008,CAJAS DE TELECOMUNICACIONES 40x40,u,1.496400,259.931384,0.2000,51.986277,0.000000,311.917661,311.920000,22,ANALISIS-DE-PRECIOS-UNITARIOS-1001-1053-EXCEL.xlsx,sheet1,605,6640e71a760a4eb03c65d06f8d65610dcdc622255538ad3aabba66e36f4a8541
EC-GAD-DAULE-LPI-GADIMCD-2025-03:1009,APUV1-a1434e05d4fa5403c0b8c5ad,APUCON-bbb610909b9c4091fd747c26,EC-GAD-DAULE-LPI-GADIMCD-2025-03,MALECON,1009,CAJAS DE PASO 25x25x15cm CON PUERTA INOXIDABLE,u,0.999900,47.018798,0.2000,9.403760,0.000000,56.422557,56.420000,8,ANALISIS-DE-PRECIOS-UNITARIOS-1001-1053-EXCEL.xlsx,sheet1,690,a1434e05d4fa5403c0b8c5ad1e1d60ad29d3af00ed4fc88f1996a8b7e617725b
EC-GAD-DAULE-LPI-GADIMCD-2025-03:1010,APUV1-ba047d1f8cab40aaff7342e7,APUCON-7f5ea9cdc2d6b74328709713,EC-GAD-DAULE-LPI-GADIMCD-2025-03,MALECON,1010,GABINETE RACK DE PISO CERRADO 42UR,u,8.000000,985.168000,0.2000,197.033600,0.000000,1182.201600,1182.200000,8,ANALISIS-DE-PRECIOS-UNITARIOS-1001-1053-EXCEL.xlsx,sheet1,775,ba047d1f8cab40aaff7342e78969ad5adf7c72fc6d3acbe206a094c0851192e3
EC-GAD-DAULE-LPI-GADIMCD-2025-03:1011,APUV1-9f13765c5c5ccd7de96bfcda,APUCON-00e5c32040ce6c4292d01726,EC-GAD-DAULE-LPI-GADIMCD-2025-03,MALECON,1011,PEDESTALES/ GABINETES EXTERIORES DE ACERO INOXIDABLE,u,8.000000,626.168000,0.2000,125.233600,0.000000,751.401600,751.400000,8,ANALISIS-DE-PRECIOS-UNITARIOS-1001-1053-EXCEL.xlsx,sheet1,860,9f13765c5c5ccd7de96bfcdaf3c91448a5fdb8cd139854ceae21587e7ddd9704
EC-GAD-DAULE-LPI-GADIMCD-2025-03:1012,APUV1-09d8f5b1d21409d1ec6e138d,APUCON-d885f2c6c806f3608851b2bb,EC-GAD-DAULE-LPI-GADIMCD-2025-03,MALECON,1012,ROUTER CORE GB CON PUERTO SFP,u,8.000000,841.768000,0.2000,168.353600,0.000000,1010.121600,1010.120000,8,ANALISIS-DE-PRECIOS-UNITARIOS-1001-1053-EXCEL.xlsx,sheet1,945,09d8f5b1d21409d1ec6e138d98c8e884e78a67f18597980c117acf7c76ba3c0d
EC-GAD-DAULE-LPI-GADIMCD-2025-03:1013,APUV1-c0d415c8eb1ccf762d698d47,APUCON-9f5f6f778f9585461c65f46d,EC-GAD-DAULE-LPI-GADIMCD-2025-03,MALECON,1013,SWITCH CORE 24 PUERTOS LAN + 2 PUERTOS F. OP,u,8.000000,456.168000,0.2000,91.233600,0.000000,547.401600,547.400000,8,ANALISIS-DE-PRECIOS-UNITARIOS-1001-1053-EXCEL.xlsx,sheet1,1030,c0d415c8eb1ccf762d698d477839c6ec39d4cb46426ecbebf37a82294b1e2daa
EC-GAD-DAULE-LPI-GADIMCD-2025-03:1014,APUV1-e19b206b7ee25f5b38a4575d,APUCON-469e9d78a5603f46b82c914f,EC-GAD-DAULE-LPI-GADIMCD-2025-03,MALECON,1014,SWITCH POE ADMINISTRABLE 24 PUERTOS,u,8.000000,536.168000,0.2000,107.233600,0.000000,643.401600,643.400000,8,ANALISIS-DE-PRECIOS-UNITARIOS-1001-1053-EXCEL.xlsx,sheet1,1115,e19b206b7ee25f5b38a4575d0f007e78c2f0b9131ceb8f59dd4f6ad3a29c81d0
EC-GAD-DAULE-LPI-GADIMCD-2025-03:1015,APUV1-bdd49c9be53114bd0735336d,APUCON-7c792010d495c6f77d1e5db2,EC-GAD-DAULE-LPI-GADIMCD-2025-03,MALECON,1015,NVR 32 CANALES,u,10.000000,580.210000,0.2000,116.042000,0.000000,696.252000,696.250000,8,ANALISIS-DE-PRECIOS-UNITARIOS-1001-1053-EXCEL.xlsx,sheet1,1200,bdd49c9be53114bd0735336de542239f9cccbf8bd2598b5d6876001e8dcd58b9
EC-GAD-DAULE-LPI-GADIMCD-2025-03:1016,APUV1-6ab7984d8eb6ede2d199d296,APUCON-67affacc9df8f39f84daabd1,EC-GAD-DAULE-LPI-GADIMCD-2025-03,MALECON,1016,DISCO DURO 6 TB - 3.5,u,6.000000,356.126000,0.2000,71.225200,0.000000,427.351200,427.350000,8,ANALISIS-DE-PRECIOS-UNITARIOS-1001-1053-EXCEL.xlsx,sheet1,1285,6ab7984d8eb6ede2d199d296b7e4e56ca1af0b5914fd234f2a3210fa301a733d
EC-GAD-DAULE-LPI-GADIMCD-2025-03:1017,APUV1-0950bebb5c1d7216d8283505,APUCON-164d020370705a204502ff83,EC-GAD-DAULE-LPI-GADIMCD-2025-03,MALECON,1017,"UNIDAD UPS 1,5 KVA - ON LINE",u,4.000000,550.650000,0.2000,110.130000,0.000000,660.780000,660.780000,8,ANALISIS-DE-PRECIOS-UNITARIOS-1001-1053-EXCEL.xlsx,sheet1,1370,0950bebb5c1d7216d828350541841a82a4b24f40c97b9655c95823ac9d37fbd3
EC-GAD-DAULE-LPI-GADIMCD-2025-03:1018,APUV1-3bb5ffd633db56bbb8671b4a,APUCON-936a6d147d6857475a513a09,EC-GAD-DAULE-LPI-GADIMCD-2025-03,MALECON,1018,UNIDAD UPS 3 KVA- ON LINE,u,8.000000,1057.768000,0.2000,211.553600,0.000000,1269.321600,1269.320000,8,ANALISIS-DE-PRECIOS-UNITARIOS-1001-1053-EXCEL.xlsx,sheet1,1455,3bb5ffd633db56bbb8671b4a6097456f42f582fcf2b35ba2b7434761711f5eae
EC-GAD-DAULE-LPI-GADIMCD-2025-03:1019,APUV1-69aeddeadbb3d725b60b04f4,APUCON-9ff65280dc63bc7f92c4bf42,EC-GAD-DAULE-LPI-GADIMCD-2025-03,MALECON,1019,ROSETA OPTICA COMPLETAS,u,3.000000,54.669000,0.2000,10.933800,0.000000,65.602800,65.600000,7,ANALISIS-DE-PRECIOS-UNITARIOS-1001-1053-EXCEL.xlsx,sheet1,1540,69aeddeadbb3d725b60b04f47633898c397860fd74ba7739697226139bac50e8
EC-GAD-DAULE-LPI-GADIMCD-2025-03:1020,APUV1-3311400c28ee3f19a0ece2e7,APUCON-5f70108fb125c3eabc4dedb4,EC-GAD-DAULE-LPI-GADIMCD-2025-03,MALECON,1020,FIBRA OPTICA DE 2 HILOS - DROP,u,8.000000,226.170000,0.2000,45.234000,0.000000,271.404000,271.400000,8,ANALISIS-DE-PRECIOS-UNITARIOS-1001-1053-EXCEL.xlsx,sheet1,1625,3311400c28ee3f19a0ece2e7182afc46e90c46c871c7c858635dc6f691f477f0
EC-GAD-DAULE-LPI-GADIMCD-2025-03:1021,APUV1-798aa6a2b0f6310be06a2f62,APUCON-7c3cc538565203d0f37105df,EC-GAD-DAULE-LPI-GADIMCD-2025-03,MALECON,1021,PATCH CORD LC MONOMODO DUPLEX (2.00m DE LARGO),u,1.000000,17.229000,0.2000,3.445800,0.000000,20.674800,20.670000,6,ANALISIS-DE-PRECIOS-UNITARIOS-1001-1053-EXCEL.xlsx,sheet1,1710,798aa6a2b0f6310be06a2f6212a46e454b00bb7d9e50dda0b43f7b1bcd0ced07
EC-GAD-DAULE-LPI-GADIMCD-2025-03:1022,APUV1-b755795aa6523c7418539450,APUCON-b7552d222e464f95909afab6,EC-GAD-DAULE-LPI-GADIMCD-2025-03,MALECON,1022,OLT - 4 PUERTOS GPON,u,6.000000,832.126000,0.2000,166.425200,0.000000,998.551200,998.550000,8,ANALISIS-DE-PRECIOS-UNITARIOS-1001-1053-EXCEL.xlsx,sheet1,1795,b755795aa6523c7418539450ed9dcbf81135f095da040301229c9a9bca764f32
EC-GAD-DAULE-LPI-GADIMCD-2025-03:1023,APUV1-ac06577e157b80e0d9673f8c,APUCON-ee04942603e0bae1f945f205,EC-GAD-DAULE-LPI-GADIMCD-2025-03,MALECON,1023,PATCH CORD UTP - CATEGORIA 6A (2.00m DE LARGO),u,1.000000,15.229000,0.2000,3.045800,0.000000,18.274800,18.270000,6,ANALISIS-DE-PRECIOS-UNITARIOS-1001-1053-EXCEL.xlsx,sheet1,1880,ac06577e157b80e0d9673f8c88d9a4572223c34ea72d3a27c1e19d4b3b205b61
EC-GAD-DAULE-LPI-GADIMCD-2025-03:1024,APUV1-1bd8cbd64c7423b34d14aa8a,APUCON-fbebe157591aeccd6ebae66b,EC-GAD-DAULE-LPI-GADIMCD-2025-03,MALECON,1024,CONVERTIDORES DE FIBRA OPTICA SFP MONOMODO 10K,u,3.000000,153.063000,0.2000,30.612600,0.000000,183.675600,183.680000,8,ANALISIS-DE-PRECIOS-UNITARIOS-1001-1053-EXCEL.xlsx,sheet1,1965,1bd8cbd64c7423b34d14aa8abc609fe52bc7fc28c32462eeab057a4349545f43
EC-GAD-DAULE-LPI-GADIMCD-2025-03:1025,APUV1-15103c089490bef4d6c7c786,APUCON-76d751890a7b837c4f0be340,EC-GAD-DAULE-LPI-GADIMCD-2025-03,MALECON,1025,CAJA DE DISTRIBUCION IP 68 COMPLETA CON SPLITTER 1:16,u,5.000000,160.105000,0.2000,32.021000,0.000000,192.126000,192.130000,8,ANALISIS-DE-PRECIOS-UNITARIOS-1001-1053-EXCEL.xlsx,sheet1,2050,15103c089490bef4d6c7c7862bd9396e9e738578e043e6e1db41076a32749b67
EC-GAD-DAULE-LPI-GADIMCD-2025-03:1026,APUV1-5180e3dd486d94e444ae63f4,APUCON-d2f1cbaa235a0d354b6b7efd,EC-GAD-DAULE-LPI-GADIMCD-2025-03,MALECON,1026,"CABLE UTP CATEGORIA 6A, 100% COBRE - EXTERIOR",u,4.000000,188.884000,0.2000,37.776800,0.000000,226.660800,226.660000,8,ANALISIS-DE-PRECIOS-UNITARIOS-1001-1053-EXCEL.xlsx,sheet1,2135,5180e3dd486d94e444ae63f4a3a52f9c3fa4417e43d17e6bd8d05fe8788b5370
EC-GAD-DAULE-LPI-GADIMCD-2025-03:1027,APUV1-d9121e914f8f9cd4b1360bd9,APUCON-3e49d11e560535aa1be4b18b,EC-GAD-DAULE-LPI-GADIMCD-2025-03,MALECON,1027,BANDEJA PORTACABLES TIPO ESCALERA,u,0.500000,66.079250,0.2000,13.215850,0.000000,79.295100,79.300000,7,ANALISIS-DE-PRECIOS-UNITARIOS-1001-1053-EXCEL.xlsx,sheet1,2220,d9121e914f8f9cd4b1360bd901137a29d40829ea6fb9ca6015a8753d5d4163c6
EC-GAD-DAULE-LPI-GADIMCD-2025-03:1028,APUV1-a02ff6141488dd386ead7f5c,APUCON-cd1ec124995cc86880ca9f7b,EC-GAD-DAULE-LPI-GADIMCD-2025-03,MALECON,1028,CAMARA IP DOMO INTERNAS - ALCANCE 40.00m,u,2.400000,172.850400,0.2000,34.570080,0.000000,207.420480,207.420000,8,ANALISIS-DE-PRECIOS-UNITARIOS-1001-1053-EXCEL.xlsx,sheet1,2305,a02ff6141488dd386ead7f5c5481968cfc76091cb0665a630a76310229bf1924
EC-GAD-DAULE-LPI-GADIMCD-2025-03:1029,APUV1-693ea7a9bbbee64b4d77196d,APUCON-e3651e63a002e0ffa2255ee4,EC-GAD-DAULE-LPI-GADIMCD-2025-03,MALECON,1029,CAMARA IP BALA EXTERNAS - ALCANCE 60.00m,u,2.400000,532.850400,0.2000,106.570080,0.000000,639.420480,639.420000,8,ANALISIS-DE-PRECIOS-UNITARIOS-1001-1053-EXCEL.xlsx,sheet1,2390,693ea7a9bbbee64b4d77196dad16681944e9b2a6f3edf13fa7d3f531d2a9d93d
EC-GAD-DAULE-LPI-GADIMCD-2025-03:1030,APUV1-230f09ae2913640391ad3a71,APUCON-4df9b4b696d977b46036ef8d,EC-GAD-DAULE-LPI-GADIMCD-2025-03,MALECON,1030,CAMARA PTZ 25X ZOOM IP 2MP,u,6.000000,612.126000,0.2000,122.425200,0.000000,734.551200,734.550000,8,ANALISIS-DE-PRECIOS-UNITARIOS-1001-1053-EXCEL.xlsx,sheet1,2475,230f09ae2913640391ad3a7197162c47eea0e53805709d1ab7d2e479a5618326
EC-GAD-DAULE-LPI-GADIMCD-2025-03:1031,APUV1-97946ae8890550908b36805a,APUCON-7a5977c4337279aec44dca1e,EC-GAD-DAULE-LPI-GADIMCD-2025-03,MALECON,1031,EQUIPO ACCES POINT,u,3.000000,1453.663000,0.2000,290.732600,0.000000,1744.395600,1744.400000,8,ANALISIS-DE-PRECIOS-UNITARIOS-1001-1053-EXCEL.xlsx,sheet1,2560,97946ae8890550908b36805a7e00376cbc8f5a7d74084faf9901d8af6118e095
EC-GAD-DAULE-LPI-GADIMCD-2025-03:1032,APUV1-5184dba141adb016cf3ced74,APUCON-91de61952904c4a6d03152ba,EC-GAD-DAULE-LPI-GADIMCD-2025-03,MALECON,1032,RELOJ BIOMETRICO,u,2.000000,1426.754000,0.2000,285.350800,0.000000,1712.104800,1712.100000,5,ANALISIS-DE-PRECIOS-UNITARIOS-1001-1053-EXCEL.xlsx,sheet1,2645,5184dba141adb016cf3ced74a394655df37fe52b72950005ec4a0a084d38e418
EC-GAD-DAULE-LPI-GADIMCD-2025-03:1033,APUV1-327b8e264d1a2f29fcaec4e5,APUCON-150f73d761d39bb053932dd2,EC-GAD-DAULE-LPI-GADIMCD-2025-03,MALECON,1033,"TELEVISOR SMART TV ANDROID 55""",u,2.000000,1359.724000,0.2000,271.944800,0.000000,1631.668800,1631.670000,8,ANALISIS-DE-PRECIOS-UNITARIOS-1001-1053-EXCEL.xlsx,sheet1,2730,327b8e264d1a2f29fcaec4e5c142805542d0a3d38dc408c3faaaa0789ccfb370
EC-GAD-DAULE-LPI-GADIMCD-2025-03:1034,APUV1-1bb08c425d6e637434af38b4,APUCON-74914065f5f1e8bef088cded,EC-GAD-DAULE-LPI-GADIMCD-2025-03,MALECON,1034,PUNTO DE CONEXION DE RED,u,3.000000,124.169000,0.2000,24.833800,0.000000,149.002800,149.000000,7,ANALISIS-DE-PRECIOS-UNITARIOS-1001-1053-EXCEL.xlsx,sheet1,2815,1bb08c425d6e637434af38b4dcde5edf6f0b13210c168cdadf94e6a806033186
EC-GAD-DAULE-LPI-GADIMCD-2025-03:1035,APUV1-67025caae35a2328fa19528f,APUCON-5219108268549ecd105c2c76,EC-GAD-DAULE-LPI-GADIMCD-2025-03,MALECON,1035,CERTIFICACION DE RED,u,0.100000,7.422300,0.2000,1.484460,0.000000,8.906760,8.910000,7,ANALISIS-DE-PRECIOS-UNITARIOS-1001-1053-EXCEL.xlsx,sheet1,2900,67025caae35a2328fa19528fc01fb41deda2570071cac050c222ca830ddde2bd
EC-GAD-DAULE-LPI-GADIMCD-2025-03:1036,APUV1-f50317f7902699f9c8df3a4f,APUCON-b94c1d0a70cb735f5301c67a,EC-GAD-DAULE-LPI-GADIMCD-2025-03,MALECON,1036,CAJA DE REVISION ELECTRICA 0.60x0.60x0.60m,u,8.000000,364.774880,0.2000,72.954976,0.000000,437.729856,437.730000,16,ANALISIS-DE-PRECIOS-UNITARIOS-1001-1053-EXCEL.xlsx,sheet1,2985,f50317f7902699f9c8df3a4f6e6eb1d04d081bd1167198755f77d54f3c17f83c
EC-GAD-DAULE-LPI-GADIMCD-2025-03:1037,APUV1-bb213bb9f19fa0a626d7a8c1,APUCON-4506f70b34dcce31f4c50514,EC-GAD-DAULE-LPI-GADIMCD-2025-03,MALECON,1037,CANALIZACION DE BATERIA DE 4 x 50mm PVC PESADO,m,1.000000,42.808500,0.2000,8.561700,0.000000,51.370200,51.370000,6,ANALISIS-DE-PRECIOS-UNITARIOS-1001-1053-EXCEL.xlsx,sheet1,3070,bb213bb9f19fa0a626d7a8c1eb82556ba4322af958432d019b911fd7da259093
EC-GAD-DAULE-LPI-GADIMCD-2025-03:1038,APUV1-b4d0e421a39460908c309432,APUCON-615ec8552ca801033b30a678,EC-GAD-DAULE-LPI-GADIMCD-2025-03,MALECON,1038,AGUA PARA EL CONTROL DEL POLVO,m3,0.775000,5.190000,0.2000,1.040000,0.000000,6.230000,6.230000,3,ANALISIS-DE-PRECIOS-UNITARIOS-1001-1053-EXCEL.xlsx,sheet1,3155,b4d0e421a39460908c309432828b954e016c6df4c7766e493ce0f50419bd30c9
EC-GAD-DAULE-LPI-GADIMCD-2025-03:1039,APUV1-39754a5e989b229e206733bb,APUCON-de333958b285632dd08d1b25,EC-GAD-DAULE-LPI-GADIMCD-2025-03,MALECON,1039,BATERIAS SANITARIAS PORTATILES (MENSUAL),u,2.000000,153.446000,0.2000,30.689200,0.000000,184.135200,184.140000,3,ANALISIS-DE-PRECIOS-UNITARIOS-1001-1053-EXCEL.xlsx,sheet1,3240,39754a5e989b229e206733bbe783c93467804db90142deece17e60d15b60d5d7
EC-GAD-DAULE-LPI-GADIMCD-2025-03:1040,APUV1-4f40d69f46508e0b2817c151,APUCON-3d39f769934276d103a04aab,EC-GAD-DAULE-LPI-GADIMCD-2025-03,MALECON,1040,TANQUE DE 55 GALONES,u,0.500000,19.441500,0.2000,3.888300,0.000000,23.329800,23.330000,3,ANALISIS-DE-PRECIOS-UNITARIOS-1001-1053-EXCEL.xlsx,sheet1,3325,4f40d69f46508e0b2817c151c1f38dd97a4e1e8773386bc32753a6670c7065cc
EC-GAD-DAULE-LPI-GADIMCD-2025-03:1041,APUV1-e7d8dc6e086a3d35ee1fc07e,APUCON-68ceeb48529c543c9c4584f3,EC-GAD-DAULE-LPI-GADIMCD-2025-03,MALECON,1041,VOLANTES INFORMATIVOS,u,0.010000,0.094415,0.2000,0.018883,0.000000,0.113298,0.110000,3,ANALISIS-DE-PRECIOS-UNITARIOS-1001-1053-EXCEL.xlsx,sheet1,3410,e7d8dc6e086a3d35ee1fc07e1fbc9865e2a505c689967d12a742011191835577
EC-GAD-DAULE-LPI-GADIMCD-2025-03:1042,APUV1-e6fec674df008ddc8bb1b08f,APUCON-4ac51f15d0d307bdcd573464,EC-GAD-DAULE-LPI-GADIMCD-2025-03,MALECON,1042,EQUIPO DE PROTECCION PERSONAL (JUEGO),u,0.000000,56.340000,0.2000,11.268000,0.000000,67.608000,67.610000,9,ANALISIS-DE-PRECIOS-UNITARIOS-1001-1053-EXCEL.xlsx,sheet1,3495,e6fec674df008ddc8bb1b08fe848f67faaa8d5881607ac71c30b78e1b394361b
EC-GAD-DAULE-LPI-GADIMCD-2025-03:1043,APUV1-d09972367ab42adf32400fa3,APUCON-2955dbef2bc235d989f5abcc,EC-GAD-DAULE-LPI-GADIMCD-2025-03,MALECON,1043,CINTA PLASTICA DE SEGURIDAD (COLOR REFLECTIVO),m,0.009000,0.089974,0.2000,0.017995,0.000000,0.107968,0.110000,3,ANALISIS-DE-PRECIOS-UNITARIOS-1001-1053-EXCEL.xlsx,sheet1,3580,d09972367ab42adf32400fa3abd78055f9ff717ae67cce256b80b616ffb42180
EC-GAD-DAULE-LPI-GADIMCD-2025-03:1044,APUV1-1919e37c2579c3a1b53fcf85,APUCON-eac8ddee160cc5b072e3fceb,EC-GAD-DAULE-LPI-GADIMCD-2025-03,MALECON,1044,"PARANTE VIAL DE POLIETILENO H=1.41m, D=0.74m, INCLUYE BASE",u,0.500000,41.040750,0.2000,8.208150,0.000000,49.248900,49.250000,3,ANALISIS-DE-PRECIOS-UNITARIOS-1001-1053-EXCEL.xlsx,sheet1,3665,1919e37c2579c3a1b53fcf8502932ad6f71a4a043fee918a6bf30d27855afd61
EC-GAD-DAULE-LPI-GADIMCD-2025-03:1045,APUV1-c0b8a8521d3e94e3937c8686,APUCON-31db3122912c58587826d131,EC-GAD-DAULE-LPI-GADIMCD-2025-03,MALECON,1045,LETRERO METALICO REFLECTIVO PARA SEÑAL DE SEGURIDAD,m2,1.419650,113.352266,0.2000,22.670453,0.000000,136.022719,136.020000,13,ANALISIS-DE-PRECIOS-UNITARIOS-1001-1053-EXCEL.xlsx,sheet1,3750,c0b8a8521d3e94e3937c86865cc15afe468de3c80d45eae448953a8d154bc767
EC-GAD-DAULE-LPI-GADIMCD-2025-03:1046,APUV1-f8c3f778ae869510a533a6ff,APUCON-6db97741eb9d807888a9cc0e,EC-GAD-DAULE-LPI-GADIMCD-2025-03,MALECON,1046,TANQUETAS PROTECTOR VIAL DE POLIETILENO,u,0.503000,132.934074,0.2000,26.586815,0.000000,159.520889,159.520000,3,ANALISIS-DE-PRECIOS-UNITARIOS-1001-1053-EXCEL.xlsx,sheet1,3835,f8c3f778ae869510a533a6ffbc19dec0cf04d9bce3563de6a8104bd5786a5be0
EC-GAD-DAULE-LPI-GADIMCD-2025-03:1047,APUV1-c228e302d07627c0d0226cad,APUCON-6f119af8bbe85f39c03c8051,EC-GAD-DAULE-LPI-GADIMCD-2025-03,MALECON,1047,CONOS DE SEGURIDAD H: 70cm CON REFLECTIVO CON BASE DE CAUCHO,u,0.250000,25.220375,0.2000,5.044075,0.000000,30.264450,30.260000,3,ANALISIS-DE-PRECIOS-UNITARIOS-1001-1053-EXCEL.xlsx,sheet1,3920,c228e302d07627c0d0226cad9f8f66f7274ba2b800bc014b4faadd9eb14163a1
EC-GAD-DAULE-LPI-GADIMCD-2025-03:1048,APUV1-f6fcb9efaafdad3b0d41dd5e,APUCON-92a88cf6212ef444e2a4fb49,EC-GAD-DAULE-LPI-GADIMCD-2025-03,MALECON,1048,EXTINTOR PQS 10 lb,u,0.000000,20.000000,0.2000,4.000000,0.000000,24.000000,24.000000,2,ANALISIS-DE-PRECIOS-UNITARIOS-1001-1053-EXCEL.xlsx,sheet1,4005,f6fcb9efaafdad3b0d41dd5e70cb73386724fa7d99dc36e8d7d8f34f5acf9cb6
EC-GAD-DAULE-LPI-GADIMCD-2025-03:1049,APUV1-ed1beecba2613d5220f9e3b4,APUCON-2c40858ed57fcc9a1fc3fcb1,EC-GAD-DAULE-LPI-GADIMCD-2025-03,MALECON,1049,BOTIQUIN DE PRIMEROS AUXILIOS,u,0.000000,83.270000,0.2000,16.654000,0.000000,99.924000,99.920000,3,ANALISIS-DE-PRECIOS-UNITARIOS-1001-1053-EXCEL.xlsx,sheet1,4090,ed1beecba2613d5220f9e3b4267c5a270cc25404e3a283d8a3c5385362e0aed2
EC-GAD-DAULE-LPI-GADIMCD-2025-03:1050,APUV1-e46064bc337d06082e160daf,APUCON-1e44a65fa4da580bd0ead64b,EC-GAD-DAULE-LPI-GADIMCD-2025-03,MALECON,1050,KIT ANTIDERRAMES,u,0.010000,30.044415,0.2000,6.008883,0.000000,36.053298,36.050000,3,ANALISIS-DE-PRECIOS-UNITARIOS-1001-1053-EXCEL.xlsx,sheet1,4175,e46064bc337d06082e160daf07b18e9ef59f2672aba535634c4a284fce5aa85e
EC-GAD-DAULE-LPI-GADIMCD-2025-03:1051,APUV1-6ae61313fd113da5a3e416be,APUCON-23b262b2a85f0ad3ef88483e,EC-GAD-DAULE-LPI-GADIMCD-2025-03,MALECON,1051,MATERIAL CHARLAS INFORMATIVAS,u,0.010000,0.094415,0.2000,0.018883,0.000000,0.113298,0.110000,3,ANALISIS-DE-PRECIOS-UNITARIOS-1001-1053-EXCEL.xlsx,sheet1,4260,6ae61313fd113da5a3e416be7b3d4dbd979c4ce23b9504528f6f46f0013e47b0
EC-GAD-DAULE-LPI-GADIMCD-2025-03:1052,APUV1-c3c994a8cd21fc2730488dd0,APUCON-a04c3202afbb6779d7b82dba,EC-GAD-DAULE-LPI-GADIMCD-2025-03,MALECON,1052,MONITOREO DE MATERIAL PARTICULADO (PM10 Y PM2.5),u,1.000000,167.883000,0.2000,33.576600,0.000000,201.459600,201.460000,4,ANALISIS-DE-PRECIOS-UNITARIOS-1001-1053-EXCEL.xlsx,sheet1,4345,c3c994a8cd21fc2730488dd05558df6f46081d8dad767dec05fe9c4ed96adaaa
EC-GAD-DAULE-LPI-GADIMCD-2025-03:1053,APUV1-8f4acda1924664d354242d9c,APUCON-f9a8052e663317e22dd892c8,EC-GAD-DAULE-LPI-GADIMCD-2025-03,MALECON,1053,MONITOREO DE RUIDO,u,0.769250,35.601999,0.2000,7.120400,0.000000,42.722399,42.720000,4,ANALISIS-DE-PRECIOS-UNITARIOS-1001-1053-EXCEL.xlsx,sheet1,4430,8f4acda1924664d354242d9cfbd5ea7be244b9132c06492b9ab7e7999d83ca40
EC-GAD-DAULE-LPI-GADIMCD-2025-01:0001,APUV1-b10446ac2cb7a6c0d72f3123,APUCON-c16fccc67dbbd1a460a11321,EC-GAD-DAULE-LPI-GADIMCD-2025-01,REGENERACION,1,"DESMONTAJE Y TRASLADO A BODEGA MUNICIPAL: BASUREROS, BANCAS METALICAS, BOLARDOS E HIDRANTES",u,0.500000,29.415000,0.2000,5.883000,0.000000,35.298000,35.300000,9,ANALISIS-DE-PRECIOS-UNITARIOS.xlsx,sheet1,73,b10446ac2cb7a6c0d72f3123c3ef536c066dae78933cf9031861a11f1b4c7166
EC-GAD-DAULE-LPI-GADIMCD-2025-01:0002,APUV1-ae483df95d48a1efd496585f,APUCON-3709686cadc742f5293dc7e6,EC-GAD-DAULE-LPI-GADIMCD-2025-01,REGENERACION,2,DESMONTAJE Y MONTAJE DE ADOQUINES DE ARCILLA DE VARIOS COLORES,m2,0.120000,6.594000,0.2000,1.319000,0.000000,7.913000,7.910000,7,ANALISIS-DE-PRECIOS-UNITARIOS.xlsx,sheet1,158,ae483df95d48a1efd496585fcdb104cb26349158327bc95efd0c49dc2e9af597
EC-GAD-DAULE-LPI-GADIMCD-2025-01:0003,APUV1-31523e9e22de2ab4d3205dbf,APUCON-f21fa22ffb22ef2abe2f55e2,EC-GAD-DAULE-LPI-GADIMCD-2025-01,REGENERACION,3,DESMONTAJE Y TRASLADO A BODEGA MUNICIPAL: POSTES DE SEÑALIZACION,u,0.400000,34.509000,0.2000,6.902000,0.000000,41.411000,41.410000,9,ANALISIS-DE-PRECIOS-UNITARIOS.xlsx,sheet1,243,31523e9e22de2ab4d3205dbff8cd08fe01e3d8cf57523e419944e81e4fe6e4e8
EC-GAD-DAULE-LPI-GADIMCD-2025-01:0004,APUV1-d320a64ff877b122f1c90a7c,APUCON-e71904c3f4878271f24c8b92,EC-GAD-DAULE-LPI-GADIMCD-2025-01,REGENERACION,4,DESMONTAJE Y ENTREGA A SUS PROPIETARIOS DE LETREROS DE PUBLICIDAD,u,0.800000,21.104000,0.2000,4.221000,0.000000,25.325000,25.330000,5,ANALISIS-DE-PRECIOS-UNITARIOS.xlsx,sheet1,328,d320a64ff877b122f1c90a7cd2996f8707ef0d85f56bdce350095ea00cabe31f
EC-GAD-DAULE-LPI-GADIMCD-2025-01:0005,APUV1-f994f4ed9bf328aae218773f,APUCON-cad622389b8de135093f7a18,EC-GAD-DAULE-LPI-GADIMCD-2025-01,REGENERACION,5,"APUNTALAMIENTO PROVISIONAL: POSTE DE LUZ, COMUNICACION, SEMAFORIZACION, LETRERO PUBLICITARIO Y ARBOLES",u,0.500000,31.417000,0.2000,6.283000,0.000000,37.700000,37.700000,10,ANALISIS-DE-PRECIOS-UNITARIOS.xlsx,sheet1,413,f994f4ed9bf328aae218773f043f668b462ae462e125a94a321308c3cefa45c0
EC-GAD-DAULE-LPI-GADIMCD-2025-01:0006,APUV1-54dd3fd32dd6e271d0527b43,APUCON-0bcf0ef2c73a0fe52539bec7,EC-GAD-DAULE-LPI-GADIMCD-2025-01,REGENERACION,6,DESMONTAJE Y TRASLADO A BODEGA MUNICIPAL: REJILLAS PARA SUMIDEROS,u,0.400000,21.611000,0.2000,4.322000,0.000000,25.933000,25.930000,7,ANALISIS-DE-PRECIOS-UNITARIOS.xlsx,sheet1,498,54dd3fd32dd6e271d0527b4328dabd19b39bdf661caf5fc648336e5a29ccb62a
EC-GAD-DAULE-LPI-GADIMCD-2025-01:0007,APUV1-c2d082836033278a20329f0d,APUCON-4254e25c0ab0f4b242d7048c,EC-GAD-DAULE-LPI-GADIMCD-2025-01,REGENERACION,7,"TRANSPORTE DE TAPA DE CAJA SOBRANTE DE LA UNIDAD ELECTRICA, CORPORACION NACIONAL DE TELECOMUNICACIONES Y EMPRESA DE AGUA POTABLE",u,0.305000,7.918000,0.2000,1.584000,0.000000,9.502000,9.500000,5,ANALISIS-DE-PRECIOS-UNITARIOS.xlsx,sheet1,583,c2d082836033278a20329f0d929670e9a0fa6423d5026cf74ff9be70bc60d41c
EC-GAD-DAULE-LPI-GADIMCD-2025-01:0008,APUV1-a65a186f4e3d7f4bb215d2dc,APUCON-4c579a225cdbc566309c45fc,EC-GAD-DAULE-LPI-GADIMCD-2025-01,REGENERACION,8,DESMONTAJE DE TECHO EXISTENTE Y ESTRUCTURAS METALICAS EXISTENTE Y ENTREGA A SU PROPIETARIO,m2,0.377000,10.041000,0.2000,2.008000,0.000000,12.049000,12.050000,8,ANALISIS-DE-PRECIOS-UNITARIOS.xlsx,sheet1,668,a65a186f4e3d7f4bb215d2dc1f4bde2477fb154971ac3fa115d3ac2ff7ca335c
EC-GAD-DAULE-LPI-GADIMCD-2025-01:0009,APUV1-263e721b380b6d0a5feb2cd3,APUCON-6a56b34054b067ab1be7980b,EC-GAD-DAULE-LPI-GADIMCD-2025-01,REGENERACION,9,DESMONTAJE DE CERRAMIENTO Y ESTRUCTURA METALICA EXISTENTES Y ENTREGA A PROPIETARIO,m2,0.550000,29.884000,0.2000,5.977000,0.000000,35.861000,35.860000,8,ANALISIS-DE-PRECIOS-UNITARIOS.xlsx,sheet1,753,263e721b380b6d0a5feb2cd3853594a4e5386b2812029d826a9f2de55440e08e
EC-GAD-DAULE-LPI-GADIMCD-2025-01:0010,APUV1-78ef0ee34f0e1b1240ed98c4,APUCON-255c24f4df21c478baa00410,EC-GAD-DAULE-LPI-GADIMCD-2025-01,REGENERACION,10,RETIRADA DE POSTE CON LUMINARIAS Y ENTREGA A PROPIETARIO,u,0.501000,31.408000,0.2000,6.282000,0.000000,37.690000,37.690000,9,ANALISIS-DE-PRECIOS-UNITARIOS.xlsx,sheet1,838,78ef0ee34f0e1b1240ed98c456e651cab2036a5866635266cba10d0c4dab0c81
EC-GAD-DAULE-LPI-GADIMCD-2025-01:0011,APUV1-98ca4cc3a947d1ed221924c8,APUCON-a3f915e09459d106dedf3b20,EC-GAD-DAULE-LPI-GADIMCD-2025-01,REGENERACION,11,RETIRO DE PILARES DE MADERA,u,0.250000,20.662000,0.2000,4.132000,0.000000,24.794000,24.790000,7,ANALISIS-DE-PRECIOS-UNITARIOS.xlsx,sheet1,923,98ca4cc3a947d1ed221924c8963bc258bcfcfcbaaac8efe098ca285d9025503a
EC-GAD-DAULE-LPI-GADIMCD-2025-01:0012,APUV1-291267b13e5656ec83395506,APUCON-3d5597f1d010345cdd729fee,EC-GAD-DAULE-LPI-GADIMCD-2025-01,REGENERACION,12,DEMOLICION DE CONTRAPISO EN SOPORTALES Y ACERAS (INCLUYE RECUBRIMIENTOS Y DESALOJO),m2,0.065000,6.566000,0.2000,1.313000,0.000000,7.879000,7.880000,7,ANALISIS-DE-PRECIOS-UNITARIOS.xlsx,sheet1,1008,291267b13e5656ec83395506f3ac7dc8cae498c9b08bfc7e63741abb92ea7e7c
EC-GAD-DAULE-LPI-GADIMCD-2025-01:0013,APUV1-0558323a3914979963e403ff,APUCON-8c9793d0860dfdb645f8bf0f,EC-GAD-DAULE-LPI-GADIMCD-2025-01,REGENERACION,13,DEMOLICION CON MAQUINA DE BORDILLO CUNETA DE HORMIGON SIMPLE (INCL. DESALOJO),m,0.050000,4.370000,0.2000,0.874000,0.000000,5.244000,5.240000,8,ANALISIS-DE-PRECIOS-UNITARIOS.xlsx,sheet1,1093,0558323a3914979963e403ff0afcfa465215c766fe45453e499e27eaf835a086
EC-GAD-DAULE-LPI-GADIMCD-2025-01:0014,APUV1-72f984c95fa933be2b8d24b5,APUCON-469686e37bc293ea8bd47c8c,EC-GAD-DAULE-LPI-GADIMCD-2025-01,REGENERACION,14,"DEMOLICION Y DESALOJO CON MAQUINARIA DE HORMIGON SIMPLE, MUROS, MESAS, ESCALONES, SUMIDEROS, JARDINERAS, CAJAS EN ACERAS Y SOPORTALES (INCL. DESALOJO)",m3,0.320000,42.191000,0.2000,8.438000,0.000000,50.629000,50.630000,10,ANALISIS-DE-PRECIOS-UNITARIOS.xlsx,sheet1,1178,72f984c95fa933be2b8d24b59f199cae0b777908c0600d1352d2fdbbf9ebd01b
EC-GAD-DAULE-LPI-GADIMCD-2025-01:0015,APUV1-342004c0069fb1dd54364d5f,APUCON-9c5a62ffd75a7a3fedfb95ad,EC-GAD-DAULE-LPI-GADIMCD-2025-01,REGENERACION,15,DEMOLICION DE ESTRUCTURAS CON HORMIGON ARMADO (INCL. DESALOJO),m3,0.500000,58.538000,0.2000,11.708000,0.000000,70.246000,70.250000,9,ANALISIS-DE-PRECIOS-UNITARIOS.xlsx,sheet1,1263,342004c0069fb1dd54364d5f3d6ce4bd1b437339f728105135d1cbbc1f1aaab8
EC-GAD-DAULE-LPI-GADIMCD-2025-01:0016,APUV1-edb458a62381544549f95a85,APUCON-63d7e26de944fdfbaaa7939a,EC-GAD-DAULE-LPI-GADIMCD-2025-01,REGENERACION,16,DEMOLICION MANUAL Y DESALOJO DE CONTRAPISO Y OTROS ELEMENTOS DE HORMIGON,m3,0.750000,47.463000,0.2000,9.493000,0.000000,56.956000,56.960000,6,ANALISIS-DE-PRECIOS-UNITARIOS.xlsx,sheet1,1348,edb458a62381544549f95a859b636f48b2006abc6f3a932fc4e6085980e67db8
EC-GAD-DAULE-LPI-GADIMCD-2025-01:0017,APUV1-ad740b07566799d05e5aac24,APUCON-99c7972f0f58ef1759ba8972,EC-GAD-DAULE-LPI-GADIMCD-2025-01,REGENERACION,17,EXCAVACION A MAQUINA EN SUELO SIN CLASIFICAR (INCL. DESALOJO),m3,0.036050,3.459000,0.2000,0.692000,0.000000,4.151000,4.150000,7,ANALISIS-DE-PRECIOS-UNITARIOS.xlsx,sheet1,1433,ad740b07566799d05e5aac24fa09144509be4ab50e6e1a01b8a07ae6b6d4da3e
EC-GAD-DAULE-LPI-GADIMCD-2025-01:0018,APUV1-f235199e4a7e0d80bbfef84b,APUCON-d7c599ee0c19bfb629aaac4d,EC-GAD-DAULE-LPI-GADIMCD-2025-01,REGENERACION,18,"EXCAVACION A MANO EN SUELO SIN CLASIFICAR, PROFUNDIDAD DE (0 A 2.00m) (INCL. DESALOJO)",m3,0.140000,7.678000,0.2000,1.536000,0.000000,9.214000,9.210000,5,ANALISIS-DE-PRECIOS-UNITARIOS.xlsx,sheet1,1518,f235199e4a7e0d80bbfef84b4247d34925255aabddd15f94a2546df17322db29
EC-GAD-DAULE-LPI-GADIMCD-2025-01:0019,APUV1-9dbeb2a0a946926f167fee9e,APUCON-8c20ee7a19885ed5761bc8a9,EC-GAD-DAULE-LPI-GADIMCD-2025-01,REGENERACION,19,RELLENO COMPACTADO AL 95% DEL PROCTOR MODIFICADO CON MATERIAL DE PRESTAMO IMPORTADO (INCL. TRANSPORTE),m3,0.031000,11.959000,0.2000,2.392000,0.000000,14.351000,14.350000,13,ANALISIS-DE-PRECIOS-UNITARIOS.xlsx,sheet1,1603,9dbeb2a0a946926f167fee9ec59f4a25de64bed5dfd98bc2ac2c26e0b6af6aea
EC-GAD-DAULE-LPI-GADIMCD-2025-01:0020,APUV1-78b9dbe5c5fc629779d5ba01,APUCON-172b3d8bae5bbce2252fc718,EC-GAD-DAULE-LPI-GADIMCD-2025-01,REGENERACION,20,"MATERIAL - SUB BASE CLASE 3 (INCL. TRANSPORTE, TENDIDO Y COMPACTACION)",m3,0.055000,19.634000,0.2000,3.927000,0.000000,23.561000,23.560000,12,ANALISIS-DE-PRECIOS-UNITARIOS.xlsx,sheet1,1688,78b9dbe5c5fc629779d5ba016a81fd0578eed018c5ff6a4b4332e2f943866410
EC-GAD-DAULE-LPI-GADIMCD-2025-01:0021,APUV1-750cead950ad5588c359d601,APUCON-1b50084c9862758158ef0cec,EC-GAD-DAULE-LPI-GADIMCD-2025-01,REGENERACION,21,"RAMPA PEATONAL EN ACERAS HORMIGON SIMPLE F'C=210 KG/CM2, E=8CM (INCL. MALLA ELECTROSOLDADA 15x15cm Ø8mm, JUNTA CON MATERIAL BITUMINOSO, VIGA DE BORDE Y ACABADOS)",m2,0.100000,30.961000,0.2000,6.192000,0.000000,37.153000,37.150000,20,ANALISIS-DE-PRECIOS-UNITARIOS.xlsx,sheet1,1773,750cead950ad5588c359d6012be6d3d677428f98ba517724d410d10b3c48f08b
EC-GAD-DAULE-LPI-GADIMCD-2025-01:0022,APUV1-7c413b5b8ce7cf5c176d83ca,APUCON-613305b611d886934dd3da11,EC-GAD-DAULE-LPI-GADIMCD-2025-01,REGENERACION,22,"RAMPA VEHICULAR EN ACERA F'C=280 KG/CM2, E=15cm (CON DOBLE MALLA ELECTROSOLDADA Ø8mm C/15x15 cm)",m2,0.200000,39.759000,0.2000,7.952000,0.000000,47.711000,47.710000,19,ANALISIS-DE-PRECIOS-UNITARIOS.xlsx,sheet1,1858,7c413b5b8ce7cf5c176d83ca6e1eb717640e63b64a892c77d79fdf2486a45069
EC-GAD-DAULE-LPI-GADIMCD-2025-01:0023,APUV1-19b59767eebda1b967514d6b,APUCON-0d179378ffae6ae2259efdc0,EC-GAD-DAULE-LPI-GADIMCD-2025-01,REGENERACION,23,BORDILLO CUNETA TIPO 40x60x15cm CON HORMIGON SIMPLE F´C= 280 KG/CM2 (INCL. CURADOR Y SELLADO DE JUNTA CON MATERIAL BITUMINOSO),m,0.103100,23.168000,0.2000,4.634000,0.000000,27.802000,27.800000,18,ANALISIS-DE-PRECIOS-UNITARIOS.xlsx,sheet1,1943,19b59767eebda1b967514d6bb90b23128f814701cd2b8c0e7d71beb0a3d8e690
EC-GAD-DAULE-LPI-GADIMCD-2025-01:0024,APUV1-ed178c9553c4402d9c354db6,APUCON-741da37487f74ef47b3904cd,EC-GAD-DAULE-LPI-GADIMCD-2025-01,REGENERACION,24,BORDILLO DE RAMPA VEHICULAR Y PEATONAL CON HORMIGON SIMPLE F'C=280 KG/CM2 (INCL. CONSTRUCCION Y SELLADO DE JUNTAS),m,0.099500,17.049000,0.2000,3.410000,0.000000,20.459000,20.460000,18,ANALISIS-DE-PRECIOS-UNITARIOS.xlsx,sheet1,2028,ed178c9553c4402d9c354db6653f08cae7d2b1d14c018925b7c875fea3c6fc8c
EC-GAD-DAULE-LPI-GADIMCD-2025-01:0025,APUV1-5da038eb63b713dc9a982bd9,APUCON-7a96a92d60a2c3ed4e58677e,EC-GAD-DAULE-LPI-GADIMCD-2025-01,REGENERACION,25,BORDILLO SIN CUNETA CON HORMIGON SIMPLE F´C= 280 KG/CM2 (INCL. CONSTRUCCION Y SELLADO DE JUNTAS),m,0.100000,14.215000,0.2000,2.843000,0.000000,17.058000,17.060000,18,ANALISIS-DE-PRECIOS-UNITARIOS.xlsx,sheet1,2113,5da038eb63b713dc9a982bd97d407629026cabbacaa1cbcfe87fb64c341fd9bb
EC-GAD-DAULE-LPI-GADIMCD-2025-01:0026,APUV1-f3f554d3f6f0731d8062532c,APUCON-6c818d697e2ceebddda7a5ad,EC-GAD-DAULE-LPI-GADIMCD-2025-01,REGENERACION,26,CUNETA SIN BORDILLO CON HORMIGON SIMPLE F'C=280 KG/CM2 (INCL. CONSTRUCCION Y SELLADO DE JUNTAS),m,0.095000,13.751000,0.2000,2.750000,0.000000,16.501000,16.500000,18,ANALISIS-DE-PRECIOS-UNITARIOS.xlsx,sheet1,2198,f3f554d3f6f0731d8062532c27d8543ab9395ed5dc87b66f40fd501b404d0dbe
EC-GAD-DAULE-LPI-GADIMCD-2025-01:0027,APUV1-3334eebf2cf17c162693f3d0,APUCON-e6c327dcf5ac341aa5738240,EC-GAD-DAULE-LPI-GADIMCD-2025-01,REGENERACION,27,BORDILLO TIPO ESCALON DE HORMIGON SIMPLE F´C=210 KG/CM2 (DOBLE ESCALON),m,0.124000,32.863000,0.2000,6.573000,0.000000,39.436000,39.440000,18,ANALISIS-DE-PRECIOS-UNITARIOS.xlsx,sheet1,2283,3334eebf2cf17c162693f3d0103abb716c7a6a09325fe6d0e9d2902fc8f602f4
EC-GAD-DAULE-LPI-GADIMCD-2025-01:0028,APUV1-ee9a0d4439a893f778fa4c83,APUCON-126278f4831b2a77d966d8a8,EC-GAD-DAULE-LPI-GADIMCD-2025-01,REGENERACION,28,BORDILLO TIPO ESCALÓN SIN CUNETA DE HORMIGÓN SIMPLE F´C=210 KG/CM2 (DOBLE ESCALÓN),m,0.100000,27.891000,0.2000,5.578000,0.000000,33.469000,33.470000,18,ANALISIS-DE-PRECIOS-UNITARIOS.xlsx,sheet1,2368,ee9a0d4439a893f778fa4c839f3bfedc82f4beb272401678a1d62f15f9511d40
EC-GAD-DAULE-LPI-GADIMCD-2025-01:0029,APUV1-4639a40c6443ae93c148f3ac,APUCON-9a85a11571f6725a3f53956e,EC-GAD-DAULE-LPI-GADIMCD-2025-01,REGENERACION,29,BORDILLO TRIPLE ESCALON DE HORMIGON SIMPLE VISTO F´C=280KG/CM2 (BORDILLO TRIPLE ESCALÓN),m,0.200000,44.097000,0.2000,8.819000,0.000000,52.916000,52.920000,18,ANALISIS-DE-PRECIOS-UNITARIOS.xlsx,sheet1,2453,4639a40c6443ae93c148f3acd24abcb60fa29e8ca9beaba804b2b74db3bf2298
EC-GAD-DAULE-LPI-GADIMCD-2025-01:0030,APUV1-d29bb0fc60fdb5c50a909a69,APUCON-5d97b5475adb4a3cdd47232f,EC-GAD-DAULE-LPI-GADIMCD-2025-01,REGENERACION,30,ESCALONES Y RAMPAS EN SOPORTALES DE HORMIGÓN F`C=210KG/CM2,m3,2.000000,203.116000,0.2000,40.623000,0.000000,243.739000,243.740000,17,ANALISIS-DE-PRECIOS-UNITARIOS.xlsx,sheet1,2538,d29bb0fc60fdb5c50a909a69663b6277142f5414eab202bfc67a3fdcf5b36ef2
EC-GAD-DAULE-LPI-GADIMCD-2025-01:0031,APUV1-5caaaef4a10af7bf542ae505,APUCON-ce7787b78fd64efb4c418209,EC-GAD-DAULE-LPI-GADIMCD-2025-01,REGENERACION,31,"HORMIGÓN SIMPLE PARA CAJAS, DUCTOS, ENCAMISADOS, TAPAS, BORDILLOS EN ACERAS, PILARES, VIGUETAS Y SOPORTALES F´C=210 KG/CM2 / (INCL. ENCOFRADO)",m3,4.000000,293.818000,0.2000,58.764000,0.000000,352.582000,352.580000,17,ANALISIS-DE-PRECIOS-UNITARIOS.xlsx,sheet1,2623,5caaaef4a10af7bf542ae5053cab65967eb4f7dc44bace2cebd553738e7e1985
EC-GAD-DAULE-LPI-GADIMCD-2025-01:0032,APUV1-d9ccc3107e7a8625dffff2ac,APUCON-c70108205f89db564999d0d4,EC-GAD-DAULE-LPI-GADIMCD-2025-01,REGENERACION,32,HORMIGÓN FUNDIDO CON PIGMENTO TONO SIMILAR AL ADOQUÍN E= 8 CM,m2,0.150000,11.387000,0.2000,2.277000,0.000000,13.664000,13.660000,13,ANALISIS-DE-PRECIOS-UNITARIOS.xlsx,sheet1,2708,d9ccc3107e7a8625dffff2ac48027db7bdf8594d87af373f746a99ddd05c1420
EC-GAD-DAULE-LPI-GADIMCD-2025-01:0033,APUV1-37f4d3c87e3b61274246a220,APUCON-cbbb2ec5f83f3fa5e1234a47,EC-GAD-DAULE-LPI-GADIMCD-2025-01,REGENERACION,33,"HORMIGÓN ARMADO PARA COLUMNAS, RIOSTRAS, VIGAS DE AMARRE F´C=210 KG/CM2 (INCL. ENCOFRADO)",m3,1.990000,245.277000,0.2000,49.055000,0.000000,294.332000,294.330000,20,ANALISIS-DE-PRECIOS-UNITARIOS.xlsx,sheet1,2793,37f4d3c87e3b61274246a220b15f565a8111827256c4cf01dc99e2892295d1c1
EC-GAD-DAULE-LPI-GADIMCD-2025-01:0034,APUV1-a4f4323ae28cd75d8d00c652,APUCON-2d04088de5e55f9850ef5893,EC-GAD-DAULE-LPI-GADIMCD-2025-01,REGENERACION,34,MURO SEPARADOR DE PISO HORMIGON SIMPLE F'C=210 KG/CM2 DE 15x15 cm (INCL. MURO DE CONFINAMIENTO DE ADOQUIN),m,0.200000,9.804000,0.2000,1.961000,0.000000,11.765000,11.770000,18,ANALISIS-DE-PRECIOS-UNITARIOS.xlsx,sheet1,2878,a4f4323ae28cd75d8d00c652f937f428673dad223aea569a3a92e30b20fb3b9d
EC-GAD-DAULE-LPI-GADIMCD-2025-01:0035,APUV1-93a07c8cf130ec6404adbb75,APUCON-36a5eb1c37d250073c05e10a,EC-GAD-DAULE-LPI-GADIMCD-2025-01,REGENERACION,35,"ACERA O CAMINERA CON HORMIGON SIMPLE F'C=210 KG/CM2; E=10cm ACABADO DE HORMIGON BARRIDO O ACANALADO (INCL. MALLA ELECTROSOLDADA 5.5mm 15x15, ADITIVO CURADOR Y MATERIAL BITUMINOSO PARA JUNTAS DE 8 A 10mm CADA 3.5m)",m2,0.079200,16.996000,0.2000,3.399000,0.000000,20.395000,20.400000,19,ANALISIS-DE-PRECIOS-UNITARIOS.xlsx,sheet1,2963,93a07c8cf130ec6404adbb751778f5bb6066020f51a3dcbdb9904d0b41558f9f
EC-GAD-DAULE-LPI-GADIMCD-2025-01:0036,APUV1-b0cbb62906d471e58c060464,APUCON-857379764daa0aa600a3b831,EC-GAD-DAULE-LPI-GADIMCD-2025-01,REGENERACION,36,CONTRAPISO DE HORMIGON SIMPLE F`C=210 KG/CM2; E=8CM (INCL. ENCOFRADO),m2,0.200000,15.247000,0.2000,3.049000,0.000000,18.296000,18.300000,17,ANALISIS-DE-PRECIOS-UNITARIOS.xlsx,sheet1,3048,b0cbb62906d471e58c0604647ce96bebcfe72e2f73483bdc598b8aca8a6ced42
EC-GAD-DAULE-LPI-GADIMCD-2025-01:0037,APUV1-d117dec6f1b38c4b4410cddb,APUCON-3f5319b4b823b27c3dd01a1a,EC-GAD-DAULE-LPI-GADIMCD-2025-01,REGENERACION,37,"MURO DE HORMIGON ARMADO PARA ARBOL DE 110x110cm (EXTERIOR) DE F'C= 210 KG/CM2, E=10.00cm (INCL. MALLA ELECTROSOLDADA Ø5,5mm C/ 15x15cm)",u,2.500000,187.446000,0.2000,37.489000,0.000000,224.935000,224.940000,17,ANALISIS-DE-PRECIOS-UNITARIOS.xlsx,sheet1,3133,d117dec6f1b38c4b4410cddb4ccdd3697d3fbe6c3044e6d205c306da58545e4c
EC-GAD-DAULE-LPI-GADIMCD-2025-01:0038,APUV1-a6d443748621f6670ed4b3df,APUCON-dedc36217ef9464629d656c4,EC-GAD-DAULE-LPI-GADIMCD-2025-01,REGENERACION,38,"MURO DE HORMIGON ARMADO PARA ARBOL DE 165x165cm (EXTERIOR) F´C=210 KG/CM2, E=10cm (INCL. MALLA ELECTROSOLDADA Ø5,5mm C/15x15cm)",u,2.970000,232.963000,0.2000,46.593000,0.000000,279.556000,279.560000,17,ANALISIS-DE-PRECIOS-UNITARIOS.xlsx,sheet1,3218,a6d443748621f6670ed4b3dfdcb7a225cb4d06700356b6270ca12c43d5e7403e
EC-GAD-DAULE-LPI-GADIMCD-2025-01:0039,APUV1-04ad22e2b909a2c17897fd32,APUCON-e13458c928522eda3a43dc9c,EC-GAD-DAULE-LPI-GADIMCD-2025-01,REGENERACION,39,"MURO DE HORMIGON ARMADO PARA ARBOL EN JARDINERAS ESQUINERAS F´C= 210 KG/CM2 (INCL. MALLA ELECTROSOLDADA Ø5,5mm C/15x15cm)",u,2.500000,165.924000,0.2000,33.185000,0.000000,199.109000,199.110000,17,ANALISIS-DE-PRECIOS-UNITARIOS.xlsx,sheet1,3303,04ad22e2b909a2c17897fd324ec70893a6a846f1f03a97d947197163b7e29281
EC-GAD-DAULE-LPI-GADIMCD-2025-01:0040,APUV1-c8c12d3a06e33f83490e992f,APUCON-e5ccf10fe99bb37b392e556c,EC-GAD-DAULE-LPI-GADIMCD-2025-01,REGENERACION,40,"MURO DE HORMIGON ARMADO PARA ARBOL EN ESTACIONAMIENTOS DE F´C= 280 KG/CM2, E=15cm (INCL. DOBLE MALLA ELECTROSOLDADA Ø5,5mm C/ 15x15cm)",u,3.250000,251.869000,0.2000,50.374000,0.000000,302.243000,302.240000,19,ANALISIS-DE-PRECIOS-UNITARIOS.xlsx,sheet1,3388,c8c12d3a06e33f83490e992f21c63c240b83c12a775e961bb3f56f6501e50c9f
EC-GAD-DAULE-LPI-GADIMCD-2025-01:0041,APUV1-7625a6c9acabe7f4eac7a117,APUCON-ee9051aa4e2cda3b0ca834c7,EC-GAD-DAULE-LPI-GADIMCD-2025-01,REGENERACION,41,"MURO DE HORMIGON ARMADO PARA ARBOL DE F'C=280 KG/CM2, E=15cm (INCL. DOBLE MALLA ELECTROSOLDADA Ø5,5mm C/15x15cm)",m,0.360000,21.312000,0.2000,4.262000,0.000000,25.574000,25.570000,19,ANALISIS-DE-PRECIOS-UNITARIOS.xlsx,sheet1,3473,7625a6c9acabe7f4eac7a11748a3a97932e91dccc6ca6ceb545ba662d0ae371f
EC-GAD-DAULE-LPI-GADIMCD-2025-01:0042,APUV1-ab017a35a44ed6c47130860b,APUCON-2f2c9d3d698ad877a4e94f22,EC-GAD-DAULE-LPI-GADIMCD-2025-01,REGENERACION,42,ACERO DE REFUERZO EN BARRAS FY= 4200 KG/CM2,Kg,0.014610,1.863000,0.2000,0.373000,0.000000,2.236000,2.240000,11,ANALISIS-DE-PRECIOS-UNITARIOS.xlsx,sheet1,3558,ab017a35a44ed6c47130860b5170f264dbf3fc4016211d8261b68564d0f0e26d
EC-GAD-DAULE-LPI-GADIMCD-2025-01:0043,APUV1-d86e8f2b66d2435d19d2b993,APUCON-0fc1919871d6f9bb9767292b,EC-GAD-DAULE-LPI-GADIMCD-2025-01,REGENERACION,43,SUMINISTRO E INSTALACION DE VENTANA CORREDIZA CON PERFIL DE ALUMINIO NATURAL Y VIDRIO CLARO E=6.00mm (INCL. MALLA ANTIMOSQUITO Y TRANSPORTE),m2,1.503000,114.306000,0.2000,22.861000,0.000000,137.167000,137.170000,7,ANALISIS-DE-PRECIOS-UNITARIOS.xlsx,sheet1,3643,d86e8f2b66d2435d19d2b99397467d34126b69c684622bf180af3457ef8ffa5f
EC-GAD-DAULE-LPI-GADIMCD-2025-01:0044,APUV1-826f20d9bb8cd32a10736dce,APUCON-f5eab3197fa4cdbe87eeaa3f,EC-GAD-DAULE-LPI-GADIMCD-2025-01,REGENERACION,44,SUMINISTRO E INSTALACION DE PUERTA DE MADERA TAMBORADA (INCL. MARCO Y TAPAMARCO),m2,2.000000,126.227000,0.2000,25.245000,0.000000,151.472000,151.470000,9,ANALISIS-DE-PRECIOS-UNITARIOS.xlsx,sheet1,3728,826f20d9bb8cd32a10736dcecd45f37a367d3c504a08dcc8fe085e23e485f9f7
EC-GAD-DAULE-LPI-GADIMCD-2025-01:0045,APUV1-4ffa0a6b1b29619856122cb2,APUCON-fb268ad232ee7360933ae180,EC-GAD-DAULE-LPI-GADIMCD-2025-01,REGENERACION,45,"SUMINISTRO E INSTALACION DE CUBIERTA DE PLANCHA METALICA, REVESTIMIENTO DE ALUMINIO Y ZINC E=0,35mm (INCL. CUMBREROS)",m2,0.250000,11.683000,0.2000,2.337000,0.000000,14.020000,14.020000,8,ANALISIS-DE-PRECIOS-UNITARIOS.xlsx,sheet1,3813,4ffa0a6b1b29619856122cb201049234981b2ac5bd789ab62d1948f35ba7d7dd
EC-GAD-DAULE-LPI-GADIMCD-2025-01:0046,APUV1-9258b7f52db69aacb025e3a4,APUCON-1ce0116df96db71140edbc06,EC-GAD-DAULE-LPI-GADIMCD-2025-01,REGENERACION,46,PERFILERIA METALICA (CORREAS) PARA SOPORTE DE CUBIERTA (INCL. PINTURA ANTICORROSIVA),m2,0.189500,12.292000,0.2000,2.458000,0.000000,14.750000,14.750000,14,ANALISIS-DE-PRECIOS-UNITARIOS.xlsx,sheet1,3898,9258b7f52db69aacb025e3a47189880be7af5a2e114a9179084f57bde5f1cdb7
EC-GAD-DAULE-LPI-GADIMCD-2025-01:0047,APUV1-8ca8361185f00c940ed00593,APUCON-c12dac66271f31bc5d15e80b,EC-GAD-DAULE-LPI-GADIMCD-2025-01,REGENERACION,47,"CERRAMIENTO DE SOLARES VACIOS (INCL. MAMPOSTERIA, CIMENTACION Y METAL MECANICA)",m,2.000000,249.403000,0.2000,49.881000,0.000000,299.284000,299.280000,31,ANALISIS-DE-PRECIOS-UNITARIOS.xlsx,sheet1,3983,8ca8361185f00c940ed00593252257fe2e1839aa9e34819c920e223ac818c995
EC-GAD-DAULE-LPI-GADIMCD-2025-01:0048,APUV1-4f9513e1036137a553e84171,APUCON-f063d558079ab9f84373d430,EC-GAD-DAULE-LPI-GADIMCD-2025-01,REGENERACION,48,"CERRAMIENTO DE FIBROCEMENTO (INCL. PINTURA, ACERO DE REFUERZO, BLOQUE CEMENTO Y MALLA ELECTROSOLDADA)",m,1.250000,203.473000,0.2000,40.695000,0.000000,244.168000,244.170000,31,ANALISIS-DE-PRECIOS-UNITARIOS.xlsx,sheet1,4068,4f9513e1036137a553e84171fab81c1ea31b91e063f4201433c107b02b51c819
EC-GAD-DAULE-LPI-GADIMCD-2025-01:0049,APUV1-c98da478b6d265229590bf55,APUCON-b1c5a9fb8d8e8f4531ffae00,EC-GAD-DAULE-LPI-GADIMCD-2025-01,REGENERACION,49,"SUMINISTRO E INSTALACION DE HIDRANTES DE 4"" (110mm) CON DOS SALIDAS DE 2 1/2"" (75mm) (INCL. CAJETIN, TAPA METALICA CON MARCO Y CONTRAMARCO Y VISOR, GIBAULT, BRIDA, MEDIDOR DE 3"" (90mm), VALVULA, ACCESORIOS VARIOS, PINTURA Y ACERO DE REFUERZO)",u,20.000000,2880.401000,0.2000,576.080000,0.000000,3456.481000,3456.480000,36,ANALISIS-DE-PRECIOS-UNITARIOS.xlsx,sheet1,4153,c98da478b6d265229590bf55653e46a28c6c012f4ce647cb9856e7604b16c201
EC-GAD-DAULE-LPI-GADIMCD-2025-01:0050,APUV1-d4089a3304d5fafdcb95a2df,APUCON-818b3f6beb51c98a4fd725d7,EC-GAD-DAULE-LPI-GADIMCD-2025-01,REGENERACION,50,"ENCAMISADO DE PROTECCION PARA CANALIZACION (1 Y 2 TUBOS D=2"" (63mm)) - (INCL. MALLA PARA ENLUCIR Y ENLUCIDO DE FACHADA PARA ACOMETIDAS ELECTRICAS, DATOS Y EMPRESA DE TELECOMUNICACIONES)",m,1.017000,26.232000,0.2000,5.246000,0.000000,31.478000,31.480000,9,ANALISIS-DE-PRECIOS-UNITARIOS.xlsx,sheet1,4238,d4089a3304d5fafdcb95a2df835643fa8e37da3da0f927c032770eccca1b65e1
EC-GAD-DAULE-LPI-GADIMCD-2025-01:0051,APUV1-710805bb2ba9db405f8edd8b,APUCON-bd393bdb4a89b065af616c69,EC-GAD-DAULE-LPI-GADIMCD-2025-01,REGENERACION,51,"PERFORACION DE VIGAS, RIOSTRAS Y OTROS ELEMENTOS ESTRUCTURALES PARA ACOMETIDAS ELECTRICAS - DATOS Y EMPRESA DE TELECOMUNICACIONES (INCL. RESANE RESPECTIVO)",u,1.490000,38.203000,0.2000,7.641000,0.000000,45.844000,45.840000,9,ANALISIS-DE-PRECIOS-UNITARIOS.xlsx,sheet1,4323,710805bb2ba9db405f8edd8bac87e1d20207ad7683794c27fb56c13973c1f997
EC-GAD-DAULE-LPI-GADIMCD-2025-01:0052,APUV1-c77b50bb97913249e11db13d,APUCON-2e665d5c0cdac09c99a614c6,EC-GAD-DAULE-LPI-GADIMCD-2025-01,REGENERACION,52,ENCAMISADO DE HORMIGON SIMPLE F'C=210 KG/CM2 PARA PROTECCION DE TUBERIA EXISTENTE DE AA.PP.,m,1.586000,36.572000,0.2000,7.314000,0.000000,43.886000,43.890000,9,ANALISIS-DE-PRECIOS-UNITARIOS.xlsx,sheet1,4408,c77b50bb97913249e11db13daea71509e7952898d83070307252dd1aeacc894b
EC-GAD-DAULE-LPI-GADIMCD-2025-01:0053,APUV1-dda8fb7a071d18aab0d3d5a7,APUCON-6170de69e383e2715fc368ab,EC-GAD-DAULE-LPI-GADIMCD-2025-01,REGENERACION,53,ENLUCIDO DE FACHADA Y CULATAS DE EDIFICIOS,m2,0.450000,8.939000,0.2000,1.788000,0.000000,10.727000,10.730000,10,ANALISIS-DE-PRECIOS-UNITARIOS.xlsx,sheet1,4493,dda8fb7a071d18aab0d3d5a76a96ce983082fee9d4841014f23e50f8c55db668
EC-GAD-DAULE-LPI-GADIMCD-2025-01:0054,APUV1-e2ffd169cf4536dfd874efbd,APUCON-f4588a20f0bdab6f85c3eeb8,EC-GAD-DAULE-LPI-GADIMCD-2025-01,REGENERACION,54,ENLUCIDO Y RESANE DE FILOS APLICANDO MORTERO PREDOSIFICADO,m,0.201000,4.261000,0.2000,0.852000,0.000000,5.113000,5.110000,11,ANALISIS-DE-PRECIOS-UNITARIOS.xlsx,sheet1,4578,e2ffd169cf4536dfd874efbd87fb647152b16ba035e2b5d81d7c6d0a90008b41
EC-GAD-DAULE-LPI-GADIMCD-2025-01:0055,APUV1-9f09c6ff0f2791331be232bc,APUCON-c11ab3181bd2c5482cf93476,EC-GAD-DAULE-LPI-GADIMCD-2025-01,REGENERACION,55,"COLOCACION DE CANAL ANTIGATA PARA PUERTAS ENROLLABLES (INCL. BORDILLO DE HORMIGON SIMPLE REVESTIDO, ELEVACION DE PUERTA ENROLLABLE Y PINTURA ANTICORROSIVA)",m,0.501000,21.116000,0.2000,4.223000,0.000000,25.339000,25.340000,16,ANALISIS-DE-PRECIOS-UNITARIOS.xlsx,sheet1,4663,9f09c6ff0f2791331be232bc5060e4593675cab28f543ae3b72c016777354d22
EC-GAD-DAULE-LPI-GADIMCD-2025-01:0056,APUV1-9b7cdc16f28d6af0f9ef95f6,APUCON-9f07b2e7bd9e194668dd9bfd,EC-GAD-DAULE-LPI-GADIMCD-2025-01,REGENERACION,56,COLOCACION DE ANGULO EN PUERTA ENROLLABLE PARA ANTIGATA,m,0.750000,23.307000,0.2000,4.661000,0.000000,27.968000,27.970000,14,ANALISIS-DE-PRECIOS-UNITARIOS.xlsx,sheet1,4748,9b7cdc16f28d6af0f9ef95f60077f4f73be6f0ddb6a861d77fa6bc1a3d91e092
EC-GAD-DAULE-LPI-GADIMCD-2025-01:0057,APUV1-aa69d7ec9ebf2d6c7018dc9b,APUCON-b5f6719a3002ad8ef3939387,EC-GAD-DAULE-LPI-GADIMCD-2025-01,REGENERACION,57,RESANE DE BORDILLO EXISTENTE (INCL. ADITIVO),m,0.300000,5.728000,0.2000,1.146000,0.000000,6.874000,6.870000,8,ANALISIS-DE-PRECIOS-UNITARIOS.xlsx,sheet1,4833,aa69d7ec9ebf2d6c7018dc9beff245b64957ce83ed4c0785e3c4bd9c3040bf76
EC-GAD-DAULE-LPI-GADIMCD-2025-01:0058,APUV1-61cc829b25bb05751f154780,APUCON-0967f7f5683fffff11a2f083,EC-GAD-DAULE-LPI-GADIMCD-2025-01,REGENERACION,58,ENLUCIDO DE PILARES DE MADERA (INCLUYE MALLA PARA ENLUCIR),m2,0.500000,13.677000,0.2000,2.735000,0.000000,16.412000,16.410000,11,ANALISIS-DE-PRECIOS-UNITARIOS.xlsx,sheet1,4918,61cc829b25bb05751f154780cde7803e998a9962a0441421cb1ff26574cbf219
EC-GAD-DAULE-LPI-GADIMCD-2025-01:0059,APUV1-056923ec0c1db7a1ee710170,APUCON-73461f1cc16065c09e18186c,EC-GAD-DAULE-LPI-GADIMCD-2025-01,REGENERACION,59,MAMPOSTERIA DE BLOQUE PESADO DE HORMIGON DE 9x19x39cm (INCL. APLICACIÓN DE MORTERO PREDOSIFICADO),m2,0.398500,14.967000,0.2000,2.993000,0.000000,17.960000,17.960000,12,ANALISIS-DE-PRECIOS-UNITARIOS.xlsx,sheet1,5003,056923ec0c1db7a1ee7101700dc80017de7dfa4c38031309fbfafe3c8288d29a
EC-GAD-DAULE-LPI-GADIMCD-2025-01:0060,APUV1-2454778c1b31abc96c115acd,APUCON-3f2ce9489e0dfc12137b5220,EC-GAD-DAULE-LPI-GADIMCD-2025-01,REGENERACION,60,MOLDURA DE CEMENTO,m,0.010000,9.498000,0.2000,1.900000,0.000000,11.398000,11.400000,9,ANALISIS-DE-PRECIOS-UNITARIOS.xlsx,sheet1,5088,2454778c1b31abc96c115acd0244a0f8993e1d8cab2ce1cb52e7c3c00f27f135
EC-GAD-DAULE-LPI-GADIMCD-2025-01:0061,APUV1-423426a2378f84ef4c6c99d5,APUCON-ddb287fad9d3b28370eb19e8,EC-GAD-DAULE-LPI-GADIMCD-2025-01,REGENERACION,61,"SUMINISTRO E INSTALACION CON PISO DE PORCELANATO NACIONAL DE 30x30cm BALDOSA, CERAMICA, ETC/ (PISO A REPARAR, IGUAL O MEJOR AL EXISTENTE) ANTIDESLIZANTE (INCL. MORTERO, PEGAMENTO Y MATERIAL DE EMPORE PARA JUNTA)",m2,0.100000,26.649000,0.2000,5.330000,0.000000,31.979000,31.980000,14,ANALISIS-DE-PRECIOS-UNITARIOS.xlsx,sheet1,5173,423426a2378f84ef4c6c99d54439ebbafc1a861421c847bc83d500579ef37860
EC-GAD-DAULE-LPI-GADIMCD-2025-01:0062,APUV1-9d8e7e368135179b4c29978d,APUCON-9f58c23a44217b748b3969e6,EC-GAD-DAULE-LPI-GADIMCD-2025-01,REGENERACION,62,"SUMINISTRO E INSTALACION DE PISO CON ADOQUIN DE ARCILLA 10x20x2,5cm DE COLORES (INCL. HIDRO-LAVADO, SELLADO, RELLENO DE JUNTAS Y BASE DE MORTERO)",m2,0.100000,30.663000,0.2000,6.133000,0.000000,36.796000,36.800000,17,ANALISIS-DE-PRECIOS-UNITARIOS.xlsx,sheet1,5258,9d8e7e368135179b4c29978d7c1ad84504ef9f6e18874aa3d370f4338e7bbcc0
EC-GAD-DAULE-LPI-GADIMCD-2025-01:0063,APUV1-2669072976f2fabe3a169e23,APUCON-e6e1169a196afb84d590a9ba,EC-GAD-DAULE-LPI-GADIMCD-2025-01,REGENERACION,63,"SUMINISTRO E INSTALACION DE PISO CON BALDOSA PODOTACTIL DE PIEDRA CALIZA DE 30x30cm (INCL. CONTRAPISO E=8cm, F'C=280 Kg/cm2)",m2,0.300000,51.895000,0.2000,10.379000,0.000000,62.274000,62.270000,17,ANALISIS-DE-PRECIOS-UNITARIOS.xlsx,sheet1,5343,2669072976f2fabe3a169e23a4a71fddbdcaeef271bed6cbf2cc88fe55aebfa0
EC-GAD-DAULE-LPI-GADIMCD-2025-01:0064,APUV1-a6319f1787b86f5ca13b47e6,APUCON-7f1f402cf75be8455d33dc38,EC-GAD-DAULE-LPI-GADIMCD-2025-01,REGENERACION,64,REVESTIMIENTO CON GRANITO LAVADO EN EL CASO DE ESCALONES (INCL. HUELLA Y CONTRAHUELLA),m2,0.400000,29.757000,0.2000,5.951000,0.000000,35.708000,35.710000,9,ANALISIS-DE-PRECIOS-UNITARIOS.xlsx,sheet1,5428,a6319f1787b86f5ca13b47e6ff2693ecdb002d623b50acc621c499e20002d8ae
EC-GAD-DAULE-LPI-GADIMCD-2025-01:0065,APUV1-f7f92f0596f53f769f82f493,APUCON-36772e59d02e177362fbcf21,EC-GAD-DAULE-LPI-GADIMCD-2025-01,REGENERACION,65,PINTURA LATEX PARA FACHADAS O CERRAMIENTOS (INCL. LIMPIEZA PREVIA E HIDRO-LAVADO Y SELLADO),m2,0.150000,5.450000,0.2000,1.090000,0.000000,6.540000,6.540000,14,ANALISIS-DE-PRECIOS-UNITARIOS.xlsx,sheet1,5513,f7f92f0596f53f769f82f4930800141546c525bc316bbb35cb0ce75afab0f033
EC-GAD-DAULE-LPI-GADIMCD-2025-01:0066,APUV1-304466fa38ebe7f2db3c5f86,APUCON-af6d68fa71473a6c982a2545,EC-GAD-DAULE-LPI-GADIMCD-2025-01,REGENERACION,66,PINTURA ESMALTE PARA FACHADA O CERRAMIENTO (INCL. LIMPIEZA PREVIA E HIDRO-LAVADO Y SELLADO),m2,0.200000,6.427000,0.2000,1.285000,0.000000,7.712000,7.710000,13,ANALISIS-DE-PRECIOS-UNITARIOS.xlsx,sheet1,5598,304466fa38ebe7f2db3c5f860958c86b7b04c61fb7dd8f2ea0e1c3cf9f1e0df7
EC-GAD-DAULE-LPI-GADIMCD-2025-01:0067,APUV1-3e2aa76fef5ddc5a892b127e,APUCON-1a9f8bd709fe01d1e75e7a8a,EC-GAD-DAULE-LPI-GADIMCD-2025-01,REGENERACION,67,LIMPIEZA DE PAREDES CON HIDRO-LAVADO PARA (EDIFICIOS QUE NO SE PINTAN),m2,0.050000,1.143000,0.2000,0.229000,0.000000,1.372000,1.370000,9,ANALISIS-DE-PRECIOS-UNITARIOS.xlsx,sheet1,5683,3e2aa76fef5ddc5a892b127ef2d096d834188238448a02c7effe985ee9cf7c22
EC-GAD-DAULE-LPI-GADIMCD-2025-01:0068,APUV1-e502a86490c7ef8625e10f72,APUCON-1a7e8079b5211971f74c1585,EC-GAD-DAULE-LPI-GADIMCD-2025-01,REGENERACION,68,BLANQUEADO DE CULATAS,m2,0.090000,2.835000,0.2000,0.567000,0.000000,3.402000,3.400000,12,ANALISIS-DE-PRECIOS-UNITARIOS.xlsx,sheet1,5768,e502a86490c7ef8625e10f722b65ca549b02df3788c5a8e1561d0e5e561dc9a5
EC-GAD-DAULE-LPI-GADIMCD-2025-01:0069,APUV1-e9e4d69d87e5bd1dcc01fea7,APUCON-b3ace890fc85a73fc37a4fe4,EC-GAD-DAULE-LPI-GADIMCD-2025-01,REGENERACION,69,PINTURA PARA CERRAMIENTO Y REJAS DE ESTRUCTURA METALICA PARA TODAS LAS CARAS (INCL. PINTURA ANTICORROSIVA),m2,0.190000,6.758000,0.2000,1.352000,0.000000,8.110000,8.110000,15,ANALISIS-DE-PRECIOS-UNITARIOS.xlsx,sheet1,5853,e9e4d69d87e5bd1dcc01fea71e32eeb3eba6c9f123b25431315a32fc6e557160
EC-GAD-DAULE-LPI-GADIMCD-2025-01:0070,APUV1-26d7b17f7622759ba887d6a3,APUCON-1a462bc819f0910a0d3a02c3,EC-GAD-DAULE-LPI-GADIMCD-2025-01,REGENERACION,70,PINTURA DE PUERTAS METALICAS (INCL. PINTURA ANTICORROSIVA EN LAS DOS CARAS),m2,0.100000,7.287000,0.2000,1.457000,0.000000,8.744000,8.740000,16,ANALISIS-DE-PRECIOS-UNITARIOS.xlsx,sheet1,5938,26d7b17f7622759ba887d6a3e4123450f53a282f3a1d03c3d7517655faca7af8
EC-GAD-DAULE-LPI-GADIMCD-2025-01:0071,APUV1-f2f153deebab79790dda6aff,APUCON-2cb9fb13e39d3128df2aec61,EC-GAD-DAULE-LPI-GADIMCD-2025-01,REGENERACION,71,"REPOSICION DE RECUBRIMIENTO DE PISOS (DIVERSOS TIPOS), POR EL TRASLADO DE MEDIDORES ELECTRICOS (SOLO RECUBRIMIENTO DE PISOS, NO INCLUYE CONTRAPISO)",m2,0.150000,26.374000,0.2000,5.275000,0.000000,31.649000,31.650000,14,ANALISIS-DE-PRECIOS-UNITARIOS.xlsx,sheet1,6023,f2f153deebab79790dda6aff7410c43a6504e0a7be83fc5b2878377369eec2a2
EC-GAD-DAULE-LPI-GADIMCD-2025-01:0072,APUV1-26844f8290a618114ce85ec0,APUCON-fac555ed1cf1539538679e44,EC-GAD-DAULE-LPI-GADIMCD-2025-01,REGENERACION,72,CORTE ROTURA Y DESALOJO DE ASFALTO,m2,0.070000,8.403000,0.2000,1.681000,0.000000,10.084000,10.080000,14,ANALISIS-DE-PRECIOS-UNITARIOS.xlsx,sheet1,6108,26844f8290a618114ce85ec03909fc3773115c63b9813f88d6dc49155afc2529
EC-GAD-DAULE-LPI-GADIMCD-2025-01:0073,APUV1-82d61558a0d6ca9724c139c6,APUCON-cf6ae86b204703aa9c8925e1,EC-GAD-DAULE-LPI-GADIMCD-2025-01,REGENERACION,73,"CORTE, ROTURA Y DESALOJO DE PAVIMENTO RIGIDO EN CALLE DE E=20 - 25CM",m3,0.200000,26.503000,0.2000,5.301000,0.000000,31.804000,31.800000,14,ANALISIS-DE-PRECIOS-UNITARIOS.xlsx,sheet1,6193,82d61558a0d6ca9724c139c65496ef56ba352846c0c1774f80cdcdae609d6d0b
EC-GAD-DAULE-LPI-GADIMCD-2025-01:0074,APUV1-a6fd9e9a63046081cc5351da,APUCON-6473901859113f306bc355e1,EC-GAD-DAULE-LPI-GADIMCD-2025-01,REGENERACION,74,HORMIGON FLUIDO F'C=280 KG/CM2 CON ACELERANTE PARA PROTECCION DE TUBERIA (INCL. ADITIVO ACELERANTE PARA QUE EL HORMIGON ADQUIERA SU RESISTENCIA A LOS TRES DIAS PARA EL PASO VEHICULAR),m3,1.000000,187.085000,0.2000,37.417000,0.000000,224.502000,224.500000,15,ANALISIS-DE-PRECIOS-UNITARIOS.xlsx,sheet1,6278,a6fd9e9a63046081cc5351da69122107111be89d9853aa42f23d282afa0a799b
EC-GAD-DAULE-LPI-GADIMCD-2025-01:0075,APUV1-5af51bacb55f26e64c7a5242,APUCON-dfc6cf5a93580d45dc286a97,EC-GAD-DAULE-LPI-GADIMCD-2025-01,REGENERACION,75,"MATERIAL BASE CLASE - 1 (INCL. TENDIDO, COMPACTACION Y TRANSPORTE)",m3,0.023670,21.967000,0.2000,4.393000,0.000000,26.360000,26.360000,17,ANALISIS-DE-PRECIOS-UNITARIOS.xlsx,sheet1,6363,5af51bacb55f26e64c7a52424f3707b3227d0907b3259edc825520b9e17c441c
EC-GAD-DAULE-LPI-GADIMCD-2025-01:0076,APUV1-5aa9c630f0817e8ece753d60,APUCON-69ac406ac87e90dc27af2df6,EC-GAD-DAULE-LPI-GADIMCD-2025-01,REGENERACION,76,RELLENO CON ARENA (INCL. TRANSPORTE),m3,0.154000,24.380000,0.2000,4.876000,0.000000,29.256000,29.260000,8,ANALISIS-DE-PRECIOS-UNITARIOS.xlsx,sheet1,6448,5aa9c630f0817e8ece753d6060a69f5c74a5487de56119f7707ec8ad8ff2c79d
EC-GAD-DAULE-LPI-GADIMCD-2025-01:0077,APUV1-1143a36c7f6930ca2e8b81e1,APUCON-0b25d8a128f750299e0cb44a,EC-GAD-DAULE-LPI-GADIMCD-2025-01,REGENERACION,77,"PAVIMENTO RIGIDO DE HORMIGON 4,5 MPA; E=20cm (INCL. CURADO, ACERO DE REFUERZO Y SELLADO DE JUNTAS CON AP3)",m3,2.000000,272.530000,0.2000,54.506000,0.000000,327.036000,327.040000,24,ANALISIS-DE-PRECIOS-UNITARIOS.xlsx,sheet1,6533,1143a36c7f6930ca2e8b81e1055ac233ab73cca1609c96c1e4dcf6bc16048fb1
EC-GAD-DAULE-LPI-GADIMCD-2025-01:0078,APUV1-a5783e3d0fad1bd2faab28e5,APUCON-09a804a97508ac6e987646a4,EC-GAD-DAULE-LPI-GADIMCD-2025-01,REGENERACION,78,REPOSICION DE CARPETA ASFALTICA E=5cm (INCL. IMPRIMACION Y SELLADO),m3,0.300000,155.606000,0.2000,31.121000,0.000000,186.727000,186.730000,17,ANALISIS-DE-PRECIOS-UNITARIOS.xlsx,sheet1,6618,a5783e3d0fad1bd2faab28e5944093912e3eb54ecba75bb73e2e18eed9268640
EC-GAD-DAULE-LPI-GADIMCD-2025-01:0079,APUV1-30aeff16ec1741dc8e3b2cc3,APUCON-c723ea1d105423cdd7d65d38,EC-GAD-DAULE-LPI-GADIMCD-2025-01,REGENERACION,79,HORMIGON PREMEZCLADO PARA PAVIMENTO DE F'C= 280 KG/CM2 (INCL. CURADOR Y ENCOFRADO),m3,1.000000,202.995000,0.2000,40.599000,0.000000,243.594000,243.590000,13,ANALISIS-DE-PRECIOS-UNITARIOS.xlsx,sheet1,6703,30aeff16ec1741dc8e3b2cc35fd58b0a0dbbb8b68e8a2183205018523186eccb
EC-GAD-DAULE-LPI-GADIMCD-2025-01:0080,APUV1-c8388cb2b9112ba498dc9998,APUCON-750654057fda1dea99b2d949,EC-GAD-DAULE-LPI-GADIMCD-2025-01,REGENERACION,80,SUMINISTRO E INSTALACION DE BOLARDO METALICO RELLENO DE HORMIGON DE F'C= 180 kg/cm2 (INCL. BASE DE HORMIGON Y ACERO DE REFUERZO),u,1.000000,108.788000,0.2000,21.758000,0.000000,130.546000,130.550000,18,ANALISIS-DE-PRECIOS-UNITARIOS.xlsx,sheet1,6788,c8388cb2b9112ba498dc99988f5c1a7022736071fb3e7a688ec00a920500dd11
EC-GAD-DAULE-LPI-GADIMCD-2025-01:0081,APUV1-a548803635f7a9e2cca45269,APUCON-847439ec9b6955b76fd1d71a,EC-GAD-DAULE-LPI-GADIMCD-2025-01,REGENERACION,81,PROVISION E INSTALACION DE BOLARDO METALICO RELLENO DE HORMIGON DE F'C= 210 kg/cm2 CON RIOSTRA PARA EQUIPOS ELECTRICOS (INCL. BASE DE HORMIGON),u,1.500000,147.842000,0.2000,29.568000,0.000000,177.410000,177.410000,19,ANALISIS-DE-PRECIOS-UNITARIOS.xlsx,sheet1,6873,a548803635f7a9e2cca45269014f2ccce799c2f33a41c2040e5d050d030b69a9
EC-GAD-DAULE-LPI-GADIMCD-2025-01:0082,APUV1-6cdbd173311dac945a38be3d,APUCON-31c42f2d2033f2c6b68f1002,EC-GAD-DAULE-LPI-GADIMCD-2025-01,REGENERACION,82,PROVISIÓN E INSTALACION DE BASURERO (INCL. BASE DE HORMIGÓN ARMADO F´C= 210 KG/CM2 - DOS BASES DE 15x50x20cm),u,2.000000,227.622000,0.2000,45.524000,0.000000,273.146000,273.150000,18,ANALISIS-DE-PRECIOS-UNITARIOS.xlsx,sheet1,6958,6cdbd173311dac945a38be3d7725b537a43d75ddc93d11c5f54f893d9831bda6
EC-GAD-DAULE-LPI-GADIMCD-2025-01:0083,APUV1-dfa320038663da2b2aab0d1b,APUCON-10724187c11d57a45f6f87ef,EC-GAD-DAULE-LPI-GADIMCD-2025-01,REGENERACION,83,PROVISIÓN E INSTALACIÓN DE BANCAS METÁLICAS (INCL. INSTALACIÓN DE LAS MISMAS Y BASES DE HORMIGÓN),u,0.100000,388.079000,0.2000,77.616000,0.000000,465.695000,465.700000,17,ANALISIS-DE-PRECIOS-UNITARIOS.xlsx,sheet1,7043,dfa320038663da2b2aab0d1b07e081a27e8f9bc6383e5e246fda72ca48d62d76
EC-GAD-DAULE-LPI-GADIMCD-2025-01:0084,APUV1-36db268f61228622a02bb55a,APUCON-164892efe109c7eb92f55195,EC-GAD-DAULE-LPI-GADIMCD-2025-01,REGENERACION,84,"EXCAVACION Y BASE DE HORMIGON DE F'C=210 KG/CM2, DIM:30x30x45cm PARA BASE DE SEÑALIZACION VERTICAL (INCL. CURADOR Y ACERO)",u,0.750000,29.771000,0.2000,5.954000,0.000000,35.725000,35.730000,18,ANALISIS-DE-PRECIOS-UNITARIOS.xlsx,sheet1,7128,36db268f61228622a02bb55a1859d33569cd67abf4d402ae3adcea76b0f80490
EC-GAD-DAULE-LPI-GADIMCD-2025-01:0085,APUV1-6aeddca44fa0117f35da68fd,APUCON-6dd83b0cf37d6459b1c6985f,EC-GAD-DAULE-LPI-GADIMCD-2025-01,REGENERACION,85,"SUMINISTRO E INSTALACION DE TAPA CON MARCO METALICO DE 75x6mm Y MALLA ELECTROSOLDADA D=5,5mm c/10x10cm CON HORMIGON F'C=210 KG/CM2 (INCL. PATAS DE ANCLAJE PARA CAJA Y SU INSTALACION)",m2,2.000000,156.159000,0.2000,31.232000,0.000000,187.391000,187.390000,25,ANALISIS-DE-PRECIOS-UNITARIOS.xlsx,sheet1,7213,6aeddca44fa0117f35da68fd85e9b5e51bb60cdbe48707e35bdcaed79b07f31b
EC-GAD-DAULE-LPI-GADIMCD-2025-01:0086,APUV1-9543b19e2792fd54aac37658,APUCON-406c5ecff4a847f8e809e6c8,EC-GAD-DAULE-LPI-GADIMCD-2025-01,REGENERACION,86,INSTALACIÓN DE TAPA DE HIERRO DÚCTIL ABISAGRADAS DE SERVICIOS BÁSICOS ENTREGADA EN OBRA (INCL. ARMADURA),u,1.753000,79.376000,0.2000,15.875000,0.000000,95.251000,95.250000,13,ANALISIS-DE-PRECIOS-UNITARIOS.xlsx,sheet1,7298,9543b19e2792fd54aac3765869992ac553e99ef37a9c602d4b8423c92e90a184
EC-GAD-DAULE-LPI-GADIMCD-2025-01:0087,APUV1-a04fd8b877fddee10368ef5e,APUCON-ddf7c8131d0d554ddd837199,EC-GAD-DAULE-LPI-GADIMCD-2025-01,REGENERACION,87,"SUMINISTRO E INSTALACION DE PASAMANO DE ACERO INOXIDABLE CON TUBO DE D= 2"" Y TUBO CUADRADO DE D=1"" DE DIAMETRO, CON E=1,5mm (INCL. TAPA BASE, CODOS Y PERNOS DE SUJECION)",m,0.713000,124.778000,0.2000,24.956000,0.000000,149.734000,149.730000,12,ANALISIS-DE-PRECIOS-UNITARIOS.xlsx,sheet1,7383,a04fd8b877fddee10368ef5eaef1a26b0de75dfd6664558ededc40d4fe74c250
EC-GAD-DAULE-LPI-GADIMCD-2025-01:0088,APUV1-40a1aa55a113a8d096107d7a,APUCON-6f132daf761f9f83dbd087ae,EC-GAD-DAULE-LPI-GADIMCD-2025-01,REGENERACION,88,"SUMINISTRO E INSTALACION DE TUBERIA PVC ESTRUCTURAL DE D=10"" (250mm) PARA SISTEMA DE AGUAS LLUVIAS (INCL. CAMA DE ARENA Y PRUEBA DE ESTANQUEIDAD)",m,0.250000,27.605000,0.2000,5.521000,0.000000,33.126000,33.130000,12,ANALISIS-DE-PRECIOS-UNITARIOS.xlsx,sheet1,7468,40a1aa55a113a8d096107d7aedade88844a6940d1e9e92a6623f93aabeb7d253
EC-GAD-DAULE-LPI-GADIMCD-2025-01:0089,APUV1-0e30347508f1d3c4438776d1,APUCON-33b8a8f5ef9e33cd37eb4a04,EC-GAD-DAULE-LPI-GADIMCD-2025-01,REGENERACION,89,SUMIDERO DOBLE HORMIGON F'C= 280 KG/CM2 EN CALZADA (INCL. REPLANTILLO TAPA DE HORMIGON ARMADO Y REJILLAS),u,4.000000,361.960000,0.2000,72.392000,0.000000,434.352000,434.350000,21,ANALISIS-DE-PRECIOS-UNITARIOS.xlsx,sheet1,7553,0e30347508f1d3c4438776d1e43459b58d6bd30548219d4f226ddfb6fe9755c6
EC-GAD-DAULE-LPI-GADIMCD-2025-01:0090,APUV1-aac91e6f80715ca8d36495db,APUCON-59349a3dfcdde1d691efc297,EC-GAD-DAULE-LPI-GADIMCD-2025-01,REGENERACION,90,"SUMINISTRO E INSTALACION DE TUBERIA DE PVC TIPO PESADO DE D=4"" (110mm) (INCL. CAMA DE ARENA)",m,0.299800,8.928000,0.2000,1.786000,0.000000,10.714000,10.710000,7,ANALISIS-DE-PRECIOS-UNITARIOS.xlsx,sheet1,7638,aac91e6f80715ca8d36495dbd1ba5b3226b7bad515dd26eb195c4f4e40b9a2f0
EC-GAD-DAULE-LPI-GADIMCD-2025-01:0091,APUV1-59a16f4a0a43bdbf1f16aaf3,APUCON-05ad12662984bb9840b5ae00,EC-GAD-DAULE-LPI-GADIMCD-2025-01,REGENERACION,91,CAJA DE PASO DE AA.LL. DE 70x70cm INTERIOR E=15cm (SIN TAPA) EN CALZADA PARA SUMIDEROS HORMIGÓN ARMADO F´C=280KG/CM2 (INCL. REPLANTILLO Y MALLA ELECTROSOLDADA 10x10cm Ø5.00mm),u,5.000000,311.088000,0.2000,62.218000,0.000000,373.306000,373.310000,17,ANALISIS-DE-PRECIOS-UNITARIOS.xlsx,sheet1,7723,59a16f4a0a43bdbf1f16aaf37d4acc1f7f9a1e19113d11ace9134637d5f1ff4f
EC-GAD-DAULE-LPI-GADIMCD-2025-01:0092,APUV1-fa12e8477cebf33816e10ed7,APUCON-683ca45ab24a23f20368c3b6,EC-GAD-DAULE-LPI-GADIMCD-2025-01,REGENERACION,92,CAJA DE PASO DE AA.LL. DE 70x70cm INTERIOR E=10cm (SIN TAPA) EN ACERA PARA SUMIDEROS DE HORMIGÓN SIMPLE F´C=210KG/CM2 (INCL. REPLANTILLO Y ACERO DE REFUERZO),u,2.000000,166.449000,0.2000,33.290000,0.000000,199.739000,199.740000,17,ANALISIS-DE-PRECIOS-UNITARIOS.xlsx,sheet1,7808,fa12e8477cebf33816e10ed770043b17e184d780eaead026c7ab65480c2c3f21
EC-GAD-DAULE-LPI-GADIMCD-2025-01:0093,APUV1-8c3e7e1c794fc5f63f70f676,APUCON-8963d6d3c997a4cd6ebea3c3,EC-GAD-DAULE-LPI-GADIMCD-2025-01,REGENERACION,93,CAJAS DE PASO AASS DE 50x50cm INTERIOR E=10cm HORMIGON SIMPLE F´C=210KG/CM2; H < o = 1.20M (INCL. CUELLO DE HORMIGON ARMADO E INSTALACION DE TAPA DE GRAFITO ESFEROIDAL),u,1.100000,129.365000,0.2000,25.873000,0.000000,155.238000,155.240000,17,ANALISIS-DE-PRECIOS-UNITARIOS.xlsx,sheet1,7893,8c3e7e1c794fc5f63f70f676f24acaeb03edb0d62a6477359a2e640c3a88ab99
EC-GAD-DAULE-LPI-GADIMCD-2025-01:0094,APUV1-822b75d0472348a48c57a42d,APUCON-b095a4de70d9539f64ebb741,EC-GAD-DAULE-LPI-GADIMCD-2025-01,REGENERACION,94,"ALZADA DE CAJA DE MEDIDORES DE AGUA POTABLE Y REPARACIÓN DE GUÍAS (INCL. ANCLAJE DE HORMIGÓN, REPARACIÓN DE GUÍAS DOMICILIARIAS Y ACCESORIOS VARIOS)",u,0.781000,23.922000,0.2000,4.784000,0.000000,28.706000,28.710000,18,ANALISIS-DE-PRECIOS-UNITARIOS.xlsx,sheet1,7978,822b75d0472348a48c57a42dc96f173ee28f072d418028ff0882bb4f4a9849ca
EC-GAD-DAULE-LPI-GADIMCD-2025-01:0095,APUV1-250425c5563b0a0540d3f1c8,APUCON-9c80404225b5f0f4e33b0ad8,EC-GAD-DAULE-LPI-GADIMCD-2025-01,REGENERACION,95,"SUMINISTRO E INSTALACION DE TUBERIA PEAD D=1/2"" (Ø20mm),PE - 100PN/10BARS (INCL. CAMA DE ARENA Y ACCESORIOS VARIOS)",m,0.100000,7.530000,0.2000,1.506000,0.000000,9.036000,9.040000,11,ANALISIS-DE-PRECIOS-UNITARIOS.xlsx,sheet1,8063,250425c5563b0a0540d3f1c80ce772bee857fe1a895683511bd9c7f6e66c56ed
EC-GAD-DAULE-LPI-GADIMCD-2025-01:0096,APUV1-b9a9b821e5e690a34eb2b99e,APUCON-d994ca44474b0561fe7f3ab0,EC-GAD-DAULE-LPI-GADIMCD-2025-01,REGENERACION,96,RECONFORMACION DE CUELLO DE HORMIGON SIMPLE PARA CAJAS EXISTENTES (INCL. PROVISIÓN E INSTALACIÓN DE TAPA HIERRO FUNDIDO 60x70cm ABISAGRADA DE 125KN),u,1.000000,235.043000,0.2000,47.009000,0.000000,282.052000,282.050000,23,ANALISIS-DE-PRECIOS-UNITARIOS.xlsx,sheet1,8148,b9a9b821e5e690a34eb2b99e56269066fa58b931fb9f5c0132db07055de91310
EC-GAD-DAULE-LPI-GADIMCD-2025-01:0097,APUV1-c0a7b451d8f5c02264fa0d48,APUCON-e2ef1af0daed974d9f74e410,EC-GAD-DAULE-LPI-GADIMCD-2025-01,REGENERACION,97,CAJA DE PASO DE HORMIGON ARMADO DE 100x100x80 cm F'C=280 KG/CM2 EN CALZADA (INCL. INSTALACIÓN DE TAPA DEL SISTEMA ELÉCTRICO),u,1.000000,240.696000,0.2000,48.139000,0.000000,288.835000,288.840000,20,ANALISIS-DE-PRECIOS-UNITARIOS.xlsx,sheet1,8233,c0a7b451d8f5c02264fa0d48b921103022bf66c73a330259a2279fedd61a8df5
EC-GAD-DAULE-LPI-GADIMCD-2025-01:0098,APUV1-b93929c035d59ba0cbc23709,APUCON-128dbbc92c1039731e2fa9dd,EC-GAD-DAULE-LPI-GADIMCD-2025-01,REGENERACION,98,CAJA DE PASO DE HORMIGON ARMADO DE 100x100x80cm F'C=210 KG/CM2 EN ACERA (INCL. INSTALACION DE TAPA PARA SISTEMA ELECTRICO),u,1.000000,213.892000,0.2000,42.778000,0.000000,256.670000,256.670000,20,ANALISIS-DE-PRECIOS-UNITARIOS.xlsx,sheet1,8318,b93929c035d59ba0cbc237095f2a48b3c1b17ca9a956a1a579ce8ac1c4dbad1a
EC-GAD-DAULE-LPI-GADIMCD-2025-01:0099,APUV1-287b4ff279c2822c7f6ca377,APUCON-3e0f7b0e0702c7596ea0c09b,EC-GAD-DAULE-LPI-GADIMCD-2025-01,REGENERACION,99,CAJA DE PASO DE HORMIGON ARMADO DE 200x100x80cm F'C=280KG/CM2 EN CALZADA (INCL. INSTALACIÓN DE TAPA PARA SISTEMA ELECTRICO),u,1.000000,521.458000,0.2000,104.292000,0.000000,625.750000,625.750000,20,ANALISIS-DE-PRECIOS-UNITARIOS.xlsx,sheet1,8403,287b4ff279c2822c7f6ca3773b5c43d447a3a6a93e5a1caf075d28bce7db2329
EC-GAD-DAULE-LPI-GADIMCD-2025-01:0100,APUV1-d46e52901101c92f8210009a,APUCON-e3ba0bd0d399bcfca70f9ca5,EC-GAD-DAULE-LPI-GADIMCD-2025-01,REGENERACION,100,SUMINISTRO E INSTALACION TAPA DE GRAFITO ESFEROIDAL DE 150x75cm CON RESISTENCIA 400KN PARA CAJA DE 200x100x80cm CON RESISTENCIA 400KN PARA SISTEMA ELÉCTRICO,u,0.400000,980.782000,0.2000,196.156000,0.000000,1176.938000,1176.940000,4,ANALISIS-DE-PRECIOS-UNITARIOS.xlsx,sheet1,8488,d46e52901101c92f8210009aa58bbf4f06796b2e9b2cad773da54e82cc8324cb
EC-GAD-DAULE-LPI-GADIMCD-2025-01:0101,APUV1-6fb16ec02fb38948a721a8dc,APUCON-903e59202ecd79ebad9d98fc,EC-GAD-DAULE-LPI-GADIMCD-2025-01,REGENERACION,101,SUMINISTRO E INSTALACION TAPA DE GRAFITO ESFEROIDAL DE 70cm DE DIÁMETRO CON RESISTENCIA 125KN PARA CAJA DE 100x100x80cm PARA SISTEMA ELÉCTRICO,u,0.500000,240.725000,0.2000,48.145000,0.000000,288.870000,288.870000,4,ANALISIS-DE-PRECIOS-UNITARIOS.xlsx,sheet1,8590,6fb16ec02fb38948a721a8dc6d558ebe5b1cfd8d01a5d89c211e036272aa1f79
EC-GAD-DAULE-LPI-GADIMCD-2025-01:0102,APUV1-4a6394ff176a5500db5bbf5f,APUCON-13f5edd0b57d97bb62292791,EC-GAD-DAULE-LPI-GADIMCD-2025-01,REGENERACION,102,SUMINISTRO E INSTALACION TAPA DE GRAFITO ESFEROIDAL DE 70cm DE DIÁMETRO CON RESISTENCIA 400KN PARA CAJA DE 100x100x80cm PARA SISTEMA ELÉCTRICO,u,0.393000,243.716000,0.2000,48.743000,0.000000,292.459000,292.460000,4,ANALISIS-DE-PRECIOS-UNITARIOS.xlsx,sheet1,8675,4a6394ff176a5500db5bbf5fd78d8087dd3bb6ad68c767b8a0e87538362853f6
EC-GAD-DAULE-LPI-GADIMCD-2025-01:0103,APUV1-73c20630550e6b06a7a837f4,APUCON-4db9b9d5aae527d896bf277b,EC-GAD-DAULE-LPI-GADIMCD-2025-01,REGENERACION,103,"SUMINISTRO E INSTALACION DE TUBERIA DE D=4"" (110mm) PVC /TIPO DOBLE PARED (SUPERFICIE INTERIOR LISA Y EXTERIOR CORRUGADA, PARA EL SISTEMA ELECTRICO)",m,0.024000,4.706000,0.2000,0.941000,0.000000,5.647000,5.650000,8,ANALISIS-DE-PRECIOS-UNITARIOS.xlsx,sheet1,8760,73c20630550e6b06a7a837f4640f50c8d0332baaa0fee199f2c20427e31bd816
EC-GAD-DAULE-LPI-GADIMCD-2025-01:0104,APUV1-a9f036534abb5a4e198693c8,APUCON-984595eb828f7d877884b220,EC-GAD-DAULE-LPI-GADIMCD-2025-01,REGENERACION,104,"SUMINISTRO E INSTALACION DE TUBERIA METALICA RIGIDA DE D=1 1/4"" (40mm) PARA SISTEMA ELECTRICO (INCL. ACCESORIOS)",m,0.198000,11.589000,0.2000,2.318000,0.000000,13.907000,13.910000,6,ANALISIS-DE-PRECIOS-UNITARIOS.xlsx,sheet1,8845,a9f036534abb5a4e198693c8ae8787e6cf65ba18a037f473bcfcf5a60c4a3967
EC-GAD-DAULE-LPI-GADIMCD-2025-01:0105,APUV1-ace4eb5ae06ecc42c3701733,APUCON-81f686f9ea73d88ad07c2c94,EC-GAD-DAULE-LPI-GADIMCD-2025-01,REGENERACION,105,"SUMINISTRO E INSTALACION DE CODO METALICO RIGIDO DE D=1 1/4"" (40mm) PARA SISTEMA ELECTRICO",u,0.110000,10.793000,0.2000,2.159000,0.000000,12.952000,12.950000,4,ANALISIS-DE-PRECIOS-UNITARIOS.xlsx,sheet1,8930,ace4eb5ae06ecc42c37017337510af879e052e27b67d987f0a8531c3cc0e3efa
EC-GAD-DAULE-LPI-GADIMCD-2025-01:0106,APUV1-1ef48cc06bd8cbae72bc828e,APUCON-fd768da09f2b906df17192bc,EC-GAD-DAULE-LPI-GADIMCD-2025-01,REGENERACION,106,"SUMINISTRO E INSTALACION DE TUBERIA PVC D=1"" (32mm) / TIPO PESADO - PARA SISTEMA ELECTRICO (INCL. ACCESORIOS)",m,0.050000,2.020000,0.2000,0.404000,0.000000,2.424000,2.420000,6,ANALISIS-DE-PRECIOS-UNITARIOS.xlsx,sheet1,9015,1ef48cc06bd8cbae72bc828e1b0a82f835c581feb7ec1a7960bdb282a9c9a3c7
EC-GAD-DAULE-LPI-GADIMCD-2025-01:0107,APUV1-0f04699715164ba26a7bb378,APUCON-599b8920c02b8207d35aae38,EC-GAD-DAULE-LPI-GADIMCD-2025-01,REGENERACION,107,"SUMINISTRO E INSTALACION CODO DE PVC D=1"" (32mm) / TIPO PESADO - PARA SISTEMA ELECTRICO",u,0.010000,2.654000,0.2000,0.531000,0.000000,3.185000,3.190000,6,ANALISIS-DE-PRECIOS-UNITARIOS.xlsx,sheet1,9100,0f04699715164ba26a7bb378e797144b02d7a1618a67b6707b9d11dfab24bab8
EC-GAD-DAULE-LPI-GADIMCD-2025-01:0108,APUV1-2d9921962abb3b456652185a,APUCON-c42872cce3fa6fb9dde77e8e,EC-GAD-DAULE-LPI-GADIMCD-2025-01,REGENERACION,108,"SUMINISTRO E INSTALACION DE TUBERIA METALICA RIGIDA D=4"" (110mm) PARA USO ELECTRICO / BAJANTE DEL SISTEMA ELECTRICO O COMUNICACIONES (INCL. HEBILLA Y ZUNCHO METALICO D=1/2"")",m,0.050000,37.974000,0.2000,7.595000,0.000000,45.569000,45.570000,8,ANALISIS-DE-PRECIOS-UNITARIOS.xlsx,sheet1,9185,2d9921962abb3b456652185a2e97c77c431a53292e5e8bbae4e099feda90d996
EC-GAD-DAULE-LPI-GADIMCD-2025-01:0109,APUV1-316808248c359e6a44abf4ac,APUCON-92dbd80c5f2573b7ebe60d87,EC-GAD-DAULE-LPI-GADIMCD-2025-01,REGENERACION,109,"SUMINISTRO E INSTALACION DE CODO METALICO RIGIDO DE D=4"" (110mm) PARA SISTEMA ELECTRICO O COMUNICACION",u,0.100000,40.948000,0.2000,8.190000,0.000000,49.138000,49.140000,4,ANALISIS-DE-PRECIOS-UNITARIOS.xlsx,sheet1,9270,316808248c359e6a44abf4ac1dbf44b87903a9b648c87d525de5d0cb00608c91
EC-GAD-DAULE-LPI-GADIMCD-2025-01:0110,APUV1-ed4020fddbcd5c52186a2595,APUCON-d6526a0f2df431826e635032,EC-GAD-DAULE-LPI-GADIMCD-2025-01,REGENERACION,110,"SUMINISTRO E INSTALACION DE REVERSIBLE RIGIDO D=4"" (110mm) PARA SISTEMA ELECTRICO O COMUNICACIÓN",u,0.198000,28.707000,0.2000,5.741000,0.000000,34.448000,34.450000,5,ANALISIS-DE-PRECIOS-UNITARIOS.xlsx,sheet1,9355,ed4020fddbcd5c52186a25957ba5a1448cdc7089d2734fc27b059948fb5f4f42
EC-GAD-DAULE-LPI-GADIMCD-2025-01:0111,APUV1-c6648867175c7f418bbbd795,APUCON-e32039c1f57a5c7aa71a8179,EC-GAD-DAULE-LPI-GADIMCD-2025-01,REGENERACION,111,"SUMINISTRO E INSTALACION DE TUBERIA METALICA RIGIDA D=3"" (90mm) PARA USO ELECTRICO / BAJANTE DEL SISTEMA ELECTRICO O COMUNICACIONES (INCL. HEBILLA Y ZUNCHO METALICO)",m,0.050000,32.269000,0.2000,6.454000,0.000000,38.723000,38.720000,8,ANALISIS-DE-PRECIOS-UNITARIOS.xlsx,sheet1,9440,c6648867175c7f418bbbd795e2be14f27192c7d260f634c2680bfad500255c94
EC-GAD-DAULE-LPI-GADIMCD-2025-01:0112,APUV1-363c4fb902cf6b9c04785902,APUCON-c609c04b48f7a8a36e60720d,EC-GAD-DAULE-LPI-GADIMCD-2025-01,REGENERACION,112,"SUMINISTRO E INSTALACION DE CODO METALICO RIGIDO DE D=3"" (90mm) PARA SISTEMA ELECTRICO O COMUNICACION",u,0.110000,26.043000,0.2000,5.209000,0.000000,31.252000,31.250000,4,ANALISIS-DE-PRECIOS-UNITARIOS.xlsx,sheet1,9525,363c4fb902cf6b9c0478590287d075134bc15058361c20f00d112a02dc3c7dc4
EC-GAD-DAULE-LPI-GADIMCD-2025-01:0113,APUV1-4632f5b9961faca64402ffb3,APUCON-fa226a1adf78bedc7443389c,EC-GAD-DAULE-LPI-GADIMCD-2025-01,REGENERACION,113,"SUMINISTRO E INSTALACION DE REVERSIBLE RIGIDO D=3"" (90mm) PARA SISTEMA ELECTRICO O COMUNICACIÓN",u,0.198000,22.987000,0.2000,4.597000,0.000000,27.584000,27.580000,5,ANALISIS-DE-PRECIOS-UNITARIOS.xlsx,sheet1,9610,4632f5b9961faca64402ffb31198a021440566bc32a72e0f0a706b0f3bf0c45b
EC-GAD-DAULE-LPI-GADIMCD-2025-01:0114,APUV1-375a4aeb92724eb3c57c654c,APUCON-868673bbdc1e1749ce1cd9e3,EC-GAD-DAULE-LPI-GADIMCD-2025-01,REGENERACION,114,BASE DE HORMIGON ARMADO F'C= 210 kg/cm2 PARA TRANSFORMADOR MONOFASICO TIPO PADMOUNTED,u,2.500000,205.888000,0.2000,41.178000,0.000000,247.066000,247.070000,17,ANALISIS-DE-PRECIOS-UNITARIOS.xlsx,sheet1,9695,375a4aeb92724eb3c57c654c7f5ca4b6c908db1be4b52091a65ca6be8f6b06f5
EC-GAD-DAULE-LPI-GADIMCD-2025-01:0115,APUV1-db6ca6fa3183a8e0a0b57290,APUCON-c02582f8b1926b4566fa85ac,EC-GAD-DAULE-LPI-GADIMCD-2025-01,REGENERACION,115,BASE DE HORMIGON ARMADO PARA PAD-SWITCH,u,1.000000,446.704000,0.2000,89.341000,0.000000,536.045000,536.050000,17,ANALISIS-DE-PRECIOS-UNITARIOS.xlsx,sheet1,9780,db6ca6fa3183a8e0a0b57290b138a301317e86d311bb2f0dcc5ba5111b468557
EC-GAD-DAULE-LPI-GADIMCD-2025-01:0116,APUV1-f58d81662b1cc3bcb023b96d,APUCON-f0897cafc07923183b237cf5,EC-GAD-DAULE-LPI-GADIMCD-2025-01,REGENERACION,116,"CANALIZACION CON 1 TUBO DE PVC D=2"" (63mm) / TIPO PESADO - PARA SISTEMA ELECTRICO",m,0.095100,3.102000,0.2000,0.620000,0.000000,3.722000,3.720000,8,ANALISIS-DE-PRECIOS-UNITARIOS.xlsx,sheet1,9865,f58d81662b1cc3bcb023b96dbd370125890300f3eac93da12207b02ad2eafe5c
EC-GAD-DAULE-LPI-GADIMCD-2025-01:0117,APUV1-d43945706c7dce5ebd381964,APUCON-39b32fb3ab4995fe00f7c52f,EC-GAD-DAULE-LPI-GADIMCD-2025-01,REGENERACION,117,"SUMINISTRO E INSTALACION CODO DE PVC D= 2"" (63mm) / TIPO PESADO - PARA SISTEMA ELECTRICO",u,0.090000,4.301000,0.2000,0.860000,0.000000,5.161000,5.160000,6,ANALISIS-DE-PRECIOS-UNITARIOS.xlsx,sheet1,9950,d43945706c7dce5ebd381964bfdf1211cbe263bd5d631e124814cf7a9573e620
EC-GAD-DAULE-LPI-GADIMCD-2025-01:0118,APUV1-ffcb37b4e63e8778efd31396,APUCON-164b2c31f37e04b7f36ae856,EC-GAD-DAULE-LPI-GADIMCD-2025-01,REGENERACION,118,SECUNDARIO SUBTERRANEO 2#250 MCM + N#4/0 AWG CU TTU,m,0.100000,63.283000,0.2000,12.657000,0.000000,75.940000,75.940000,6,ANALISIS-DE-PRECIOS-UNITARIOS.xlsx,sheet1,10035,ffcb37b4e63e8778efd3139646d093aa04d780a6905cd9ba6efabd35bb4b08b6
EC-GAD-DAULE-LPI-GADIMCD-2025-01:0119,APUV1-a127879ceee6e63de11d2b81,APUCON-7b8978319cc15c8c0b501206,EC-GAD-DAULE-LPI-GADIMCD-2025-01,REGENERACION,119,SECUNDARIO SUBTERRANEO 2#350 MCM + N#250 MCM CU TTU,m,0.250000,85.111000,0.2000,17.022000,0.000000,102.133000,102.130000,6,ANALISIS-DE-PRECIOS-UNITARIOS.xlsx,sheet1,10120,a127879ceee6e63de11d2b81ddc3f7e7d249aba5d714176503e2171bf6d80bf5
EC-GAD-DAULE-LPI-GADIMCD-2025-01:0120,APUV1-d9ea32f9472d678efd6dd1ae,APUCON-0634b1740cdc648165204bca,EC-GAD-DAULE-LPI-GADIMCD-2025-01,REGENERACION,120,SISTEMA DE PUESTA A TIERRA PARA TRANSFORMADORES PADMOUNTED,u,5.000000,252.093000,0.2000,50.419000,0.000000,302.512000,302.510000,8,ANALISIS-DE-PRECIOS-UNITARIOS.xlsx,sheet1,10205,d9ea32f9472d678efd6dd1aeac864e97670bcafff55fa63403b99896c44d1877
EC-GAD-DAULE-LPI-GADIMCD-2025-01:0121,APUV1-7e2c4be4e7ef42cc51aad9fc,APUCON-0dd5347bdbe921d8e0f369df,EC-GAD-DAULE-LPI-GADIMCD-2025-01,REGENERACION,121,SISTEMA DE PUESTA A TIERRA PARA CENTROS DE CARGA,u,4.000000,321.644000,0.2000,64.329000,0.000000,385.973000,385.970000,8,ANALISIS-DE-PRECIOS-UNITARIOS.xlsx,sheet1,10290,7e2c4be4e7ef42cc51aad9fc2356e268b106b9d611b7dafba4d42f25a65d6e29
EC-GAD-DAULE-LPI-GADIMCD-2025-01:0122,APUV1-d21d44cc6ce70d0c2a6e5b8d,APUCON-3cd31878cfb0594db10c5d15,EC-GAD-DAULE-LPI-GADIMCD-2025-01,REGENERACION,122,SISTEMA DE PUESTA A TIERRA PARA PAD SWITCH,u,4.500000,301.477000,0.2000,60.295000,0.000000,361.772000,361.770000,8,ANALISIS-DE-PRECIOS-UNITARIOS.xlsx,sheet1,10375,d21d44cc6ce70d0c2a6e5b8d5c802a6c8c90041c6ae9efd8b3165a433ec1fecc
EC-GAD-DAULE-LPI-GADIMCD-2025-01:0123,APUV1-67735089900c4e1d888e54b4,APUCON-f85713f5f0426891a7bc8e62,EC-GAD-DAULE-LPI-GADIMCD-2025-01,REGENERACION,123,"TABLERO DE DISTRIBUCION METALICO PARA ALIMENTAR A 8 MEDIDORES (INCL. BREAKER PRINCIPAL DE 200 AMP 2 POLOS, BARRA DE COBRE, AISLADORES, SIN BASES SOCKET - 8 BREAKS DE 50 AMP, 2 POLOS, TOTALMENTE CABLEADO. SE CONECTARA LOS MEDIDORES EXISTENTE)",u,4.410000,739.203000,0.2000,147.841000,0.000000,887.044000,887.040000,11,ANALISIS-DE-PRECIOS-UNITARIOS.xlsx,sheet1,10460,67735089900c4e1d888e54b4fdb815b9248ad2ba60b88b2473f1a980ef29d5bf
EC-GAD-DAULE-LPI-GADIMCD-2025-01:0124,APUV1-af1ef44f8cdee6075ba87421,APUCON-c0d4359cbfbfce1e0d1b41f4,EC-GAD-DAULE-LPI-GADIMCD-2025-01,REGENERACION,124,"TABLERO DE DISTRIBUCION METALICO PARA ALIMENTAR A 1 MEDIDOR CON BREAKERS DE 50 AMP - 2 POLOS; CON BASE SOCKET, A ESTE TABLERO SE CONECTARA AL MEDIDOR EXISTENTE",u,0.250000,822.382000,0.2000,164.476000,0.000000,986.858000,986.860000,11,ANALISIS-DE-PRECIOS-UNITARIOS.xlsx,sheet1,10545,af1ef44f8cdee6075ba8742189dbf609cb73ed6a90b5192850799e4f3ee9dc3d
EC-GAD-DAULE-LPI-GADIMCD-2025-01:0125,APUV1-a51c2aab52d3280bd269f09a,APUCON-ed2ff64481461df0a6cf901d,EC-GAD-DAULE-LPI-GADIMCD-2025-01,REGENERACION,125,"TABLERO DE DISTRIBUCION METALICO PARA ALIMENTAR A 2 MEDIDORES (INCL. BREAKER PRINCIPAL DE 70 AMP 2 POLOS, BARRAS DE COBRE, AISLADORES, SIN BASES SOCKET, 2 BREAKERS DE 50 AMP 2 POLOS, TOTALMENTE CABLEADO. SE CONECTARAN LOS MEDIDORES EXISTENTES",u,2.500000,198.259000,0.2000,39.652000,0.000000,237.911000,237.910000,10,ANALISIS-DE-PRECIOS-UNITARIOS.xlsx,sheet1,10630,a51c2aab52d3280bd269f09a88b707b82b6e60743f9a301863554c2e27e42e67
EC-GAD-DAULE-LPI-GADIMCD-2025-01:0126,APUV1-ac3efb7e85698f63c14085ca,APUCON-3722b2b2d611f85d00d71908,EC-GAD-DAULE-LPI-GADIMCD-2025-01,REGENERACION,126,"TABLERO DE DISTRIBUCION METALICO PARA ALIMENTAR A 3 MEDIDORES (INCL. BREAKER PRINCIPAL DE 70 AMP 2 POLOS, BARRAS DE COBRE, AISLADORES, SIN BASES SOCKET, 3 BREAKERS DE 50 AMP 2 POLOS, TOTALMENTE CABLEADO. SE CONECTARAN LOS MEDIDORES EXISTENTES)",u,2.990000,233.680000,0.2000,46.736000,0.000000,280.416000,280.420000,10,ANALISIS-DE-PRECIOS-UNITARIOS.xlsx,sheet1,10715,ac3efb7e85698f63c14085ca310d35df797bb1f6c6ac3df68a16fd462d9313c4
EC-GAD-DAULE-LPI-GADIMCD-2025-01:0127,APUV1-f66e82116ce00b55fb7756e9,APUCON-29bdfabdd227d0904de6b4d4,EC-GAD-DAULE-LPI-GADIMCD-2025-01,REGENERACION,127,"TABLERO DE DISTRIBUCIÓN METÁLICO PARA ALIMENTAR A 4 MEDIDORES (INCL. BREAKER PRINCIPAL DE 100 AMP 2 POLOS, BARRAS DE COBRE, AISLADORES, SIN BASES SOCKET, 4 BREAKERS DE 50 AMP 2 POLOS, TOTALMENTE CABLEADO. SE CONECTARÁN LOS MEDIDORES EXISTENTES",u,4.000000,329.294000,0.2000,65.859000,0.000000,395.153000,395.150000,10,ANALISIS-DE-PRECIOS-UNITARIOS.xlsx,sheet1,10800,f66e82116ce00b55fb7756e9a15955ab85d084c1427506f7342cb8f77635ca7d
EC-GAD-DAULE-LPI-GADIMCD-2025-01:0128,APUV1-d4da24214fe9599fee7efc4b,APUCON-b4ae47ba98d0d9177571ba17,EC-GAD-DAULE-LPI-GADIMCD-2025-01,REGENERACION,128,"TABLERO DE DISTRIBUCION METALICO PARA ALIMENTAR A 5 MEDIDORES (INCL. BREAKER PRINCIPAL DE 150 AMP 2 POLOS, BARRAS DE COBRE, AISLADORES, SIN BASES SOCKET, 5 BREAKERS DE 50 AMP 2 POLOS, TOTALMENTE CABLEADO. SE CONECTARÁN LOS MEDIDORES EXISTENTES)",u,5.000000,520.830000,0.2000,104.166000,0.000000,624.996000,625.000000,10,ANALISIS-DE-PRECIOS-UNITARIOS.xlsx,sheet1,10885,d4da24214fe9599fee7efc4b0d6b8389cf2f898e66ded40b6f1faa688cd48032
EC-GAD-DAULE-LPI-GADIMCD-2025-01:0129,APUV1-acf8b89bf6a583adeeff6bda,APUCON-a6a4c234bfa1e77ef27c9d5c,EC-GAD-DAULE-LPI-GADIMCD-2025-01,REGENERACION,129,"SUMINISTRO E INSTALACION DE TUBERIA METALICA RIGIDA DE D=2"" (63mm) PARA SISTEMA ELECTRICO O COMUNICACIÓN",m,0.400000,16.348000,0.2000,3.270000,0.000000,19.618000,19.620000,6,ANALISIS-DE-PRECIOS-UNITARIOS.xlsx,sheet1,10970,acf8b89bf6a583adeeff6bda1d5e291726ffda41b79a222bfd70e763ae767184
EC-GAD-DAULE-LPI-GADIMCD-2025-01:0130,APUV1-655cdf49a1a520fff2b186ee,APUCON-1369820128c62304437e0b7e,EC-GAD-DAULE-LPI-GADIMCD-2025-01,REGENERACION,130,"SUMINISTRO E INSTALACION DE CODO METALICO RIGIDO DE D=2"" (63mm) PARA SISTEMA ELECTRICO O COMUNICACIÓN",u,0.055000,15.522000,0.2000,3.104000,0.000000,18.626000,18.630000,4,ANALISIS-DE-PRECIOS-UNITARIOS.xlsx,sheet1,11055,655cdf49a1a520fff2b186eef723bc367550cae40d49fa916a114025a2b00b25
EC-GAD-DAULE-LPI-GADIMCD-2025-01:0131,APUV1-80f80cacbfed1cac69ba906a,APUCON-63745f9e7cbbef05b8b69165,EC-GAD-DAULE-LPI-GADIMCD-2025-01,REGENERACION,131,SISTEMA PUESTA A TIERRA PARA LOS TABLEROS DE MEDIDORES,u,0.385000,20.510000,0.2000,4.102000,0.000000,24.612000,24.610000,9,ANALISIS-DE-PRECIOS-UNITARIOS.xlsx,sheet1,11140,80f80cacbfed1cac69ba906a487636c0c27f07bf4741833df1bb5a90605b3c97
EC-GAD-DAULE-LPI-GADIMCD-2025-01:0132,APUV1-8edb29baa3e519dfc76979a0,APUCON-438b7edec794dc9de43b016b,EC-GAD-DAULE-LPI-GADIMCD-2025-01,REGENERACION,132,"ACOMETIDA DOMICILIARIA CON 2#4, N#6 AWG Cu TTU",m,0.050000,10.795000,0.2000,2.159000,0.000000,12.954000,12.950000,6,ANALISIS-DE-PRECIOS-UNITARIOS.xlsx,sheet1,11225,8edb29baa3e519dfc76979a0097c4ae3a8535e5eac05cd39bffda0df75bc3c86
EC-GAD-DAULE-LPI-GADIMCD-2025-01:0133,APUV1-7b896fed13a4ee3bfbf87b55,APUCON-9854b8f410f84087a3ad6542,EC-GAD-DAULE-LPI-GADIMCD-2025-01,REGENERACION,133,"ACOMETIDA DOMICILIARIA CON 2#2, N#4 AWG Cu TTU",m,0.063000,16.926000,0.2000,3.385000,0.000000,20.311000,20.310000,6,ANALISIS-DE-PRECIOS-UNITARIOS.xlsx,sheet1,11310,7b896fed13a4ee3bfbf87b55ad8c7e18f5f035a0a0305295fe6a84cac98c8968
EC-GAD-DAULE-LPI-GADIMCD-2025-01:0134,APUV1-36962a212843d6805f45d44d,APUCON-ab49be853fcf05210d1fdeb8,EC-GAD-DAULE-LPI-GADIMCD-2025-01,REGENERACION,134,"ACOMETIDA DOMICILIARIA CON 2#1/0, N#2 AWG Cu TTU",m,0.050000,25.311000,0.2000,5.062000,0.000000,30.373000,30.370000,6,ANALISIS-DE-PRECIOS-UNITARIOS.xlsx,sheet1,11395,36962a212843d6805f45d44db1d795724301ab6b56b2dc458db6d9810e4568b4
EC-GAD-DAULE-LPI-GADIMCD-2025-01:0135,APUV1-ab40524ab52f90dabae7a54e,APUCON-a1e2e49f30bdb38db6346c6a,EC-GAD-DAULE-LPI-GADIMCD-2025-01,REGENERACION,135,SUMINISTRO E INSTALACION Y CONEXIÓN DE CABLE CONCENTRICO 3x12 AWG,m,0.100000,3.837000,0.2000,0.767000,0.000000,4.604000,4.600000,5,ANALISIS-DE-PRECIOS-UNITARIOS.xlsx,sheet1,11480,ab40524ab52f90dabae7a54e9e911b2ccc1bef3f21781b11b3a878465dfede5b
EC-GAD-DAULE-LPI-GADIMCD-2025-01:0136,APUV1-3618a6b51904d3e71a21ac33,APUCON-002dbdd137408608224f2809,EC-GAD-DAULE-LPI-GADIMCD-2025-01,REGENERACION,136,CONECTOR IP - 68 GELPORT 350 DE 3 VIAS PARA CONECTARSE AL SECUNDARIO,u,0.889500,70.895000,0.2000,14.179000,0.000000,85.074000,85.070000,5,ANALISIS-DE-PRECIOS-UNITARIOS.xlsx,sheet1,11565,3618a6b51904d3e71a21ac337bb97742e31e4e826163d04bdfbbe687ea3f4eca
EC-GAD-DAULE-LPI-GADIMCD-2025-01:0137,APUV1-5b99f8ce0c46b5ad6b368830,APUCON-195116eda03c7a56dd7a5454,EC-GAD-DAULE-LPI-GADIMCD-2025-01,REGENERACION,137,CONECTOR IP - 68 GELPORT 350 DE 4 VIAS PARA CONECTARSE AL SECUNDARIO,u,1.038000,78.002000,0.2000,15.600000,0.000000,93.602000,93.600000,5,ANALISIS-DE-PRECIOS-UNITARIOS.xlsx,sheet1,11650,5b99f8ce0c46b5ad6b3688303fde030f301bbd94f589db89bc18acdb2243dfe5
EC-GAD-DAULE-LPI-GADIMCD-2025-01:0138,APUV1-e682ceb168e08c567f1c451a,APUCON-0a06998cf762720d5781ce5a,EC-GAD-DAULE-LPI-GADIMCD-2025-01,REGENERACION,138,CONECTOR IP - 68 GELPORT 350 DE 5 VIAS PARA CONECTARSE AL SECUNDARIO,u,1.039000,88.336000,0.2000,17.667000,0.000000,106.003000,106.000000,5,ANALISIS-DE-PRECIOS-UNITARIOS.xlsx,sheet1,11735,e682ceb168e08c567f1c451abd776f6f800d7a84f1ac19d4fd45296543c38bcf
EC-GAD-DAULE-LPI-GADIMCD-2025-01:0139,APUV1-841f5269f4372acdf6d04bbf,APUCON-babae74c31e7840ffaa3fdb6,EC-GAD-DAULE-LPI-GADIMCD-2025-01,REGENERACION,139,CONECTOR IP - 68 GELPORT 350 DE 6 VIAS PARA CONECTARSE AL SECUNDARIO,u,1.384000,98.829000,0.2000,19.766000,0.000000,118.595000,118.600000,5,ANALISIS-DE-PRECIOS-UNITARIOS.xlsx,sheet1,11820,841f5269f4372acdf6d04bbf5a2cb9c9098dca30b62b45e263a4755a538844f9
EC-GAD-DAULE-LPI-GADIMCD-2025-01:0140,APUV1-4cb1087906d2d93639de2a71,APUCON-94ce4e6b1e84ccac3c73a05c,EC-GAD-DAULE-LPI-GADIMCD-2025-01,REGENERACION,140,BASE DE HORMIGON ARMADO PARA POSTE METALICO Y COLOCACION DE PLACA BASE ANCLADA A LA CIMENTACION,u,1.502000,232.191000,0.2000,46.438000,0.000000,278.629000,278.630000,17,ANALISIS-DE-PRECIOS-UNITARIOS.xlsx,sheet1,11905,4cb1087906d2d93639de2a7101c8009742d2e1c3ca4b547e84027ba31f6d94c8
EC-GAD-DAULE-LPI-GADIMCD-2025-01:0141,APUV1-89410db21bf51906599eca0a,APUCON-182b6cbcf9afacf94bda0b4a,EC-GAD-DAULE-LPI-GADIMCD-2025-01,REGENERACION,141,SUMINISTRO E INSTALACION DE LUMINARIA TIPO COBRA PARA ALUMBRADO PUBLICO DE 150w / 110V - 220v LED. (INCL. CABLEADO INTERNO DEL POSTE),u,2.000000,424.739000,0.2000,84.948000,0.000000,509.687000,509.690000,7,ANALISIS-DE-PRECIOS-UNITARIOS.xlsx,sheet1,11990,89410db21bf51906599eca0ab6caf55bb25fc4ee05a8f4c316ee69aa3d628433
EC-GAD-DAULE-LPI-GADIMCD-2025-01:0142,APUV1-fcf947025cb0d69cfb29ee60,APUCON-43cf13ff22a0a9f7e54186d1,EC-GAD-DAULE-LPI-GADIMCD-2025-01,REGENERACION,142,SUMINISTRO E INSTALACION DE POSTE METALICO CIRCULAR DE H=8m CON DOBLE CARTERA (DOBLE BRAZO) PM8-VP,u,5.000000,1122.410000,0.2000,224.482000,0.000000,1346.892000,1346.890000,13,ANALISIS-DE-PRECIOS-UNITARIOS.xlsx,sheet1,12075,fcf947025cb0d69cfb29ee608e3ee9039a20399e16d714637115a74be9e1f47b
EC-GAD-DAULE-LPI-GADIMCD-2025-01:0143,APUV1-9dc6db20eeb9fa57a0ffe7a7,APUCON-b871a03ece1e6beb496fe58c,EC-GAD-DAULE-LPI-GADIMCD-2025-01,REGENERACION,143,"SUMINISTRO E INSTALACION DE POSTE CONICO METALICO DE H=10,00m GALVANIZADO EN CALIENTE C/CARTELAS (INCL. PLACA BASE METALICA, TAPA DE INSPECCION Y PINTURA AL POLVO ELECTROSTATICA)",u,4.250000,1108.426000,0.2000,221.685000,0.000000,1330.111000,1330.110000,7,ANALISIS-DE-PRECIOS-UNITARIOS.xlsx,sheet1,12160,9dc6db20eeb9fa57a0ffe7a7cb06dd57a42c07307720417bb70ed3a502d832f1
EC-GAD-DAULE-LPI-GADIMCD-2025-01:0144,APUV1-df39aecd301f79336a612fcc,APUCON-1757dfe6952a044299b589de,EC-GAD-DAULE-LPI-GADIMCD-2025-01,REGENERACION,144,SUMINISTRO E INSTALACION DE TIRA FUSIBLE DE 20 AMP,u,0.500000,16.132000,0.2000,3.226000,0.000000,19.358000,19.360000,6,ANALISIS-DE-PRECIOS-UNITARIOS.xlsx,sheet1,12245,df39aecd301f79336a612fcc76cd6935a593a602a16d541c130769edd3be234d
EC-GAD-DAULE-LPI-GADIMCD-2025-01:0145,APUV1-ce131095fae625d68039dd6d,APUCON-6fdd25151048f3f78cb84af1,EC-GAD-DAULE-LPI-GADIMCD-2025-01,REGENERACION,145,"SUMINISTRO E INSTALACION DE PARARRAYO TIPO DISTRIBUCION 10 KV (INCL. TUBERIA CONDUIT EMT 1/2"", CABLE DE COBRE THHN #12AWG Y VARILLA COOPERWELD 5/8"")",u,0.250000,218.579000,0.2000,43.716000,0.000000,262.295000,262.300000,12,ANALISIS-DE-PRECIOS-UNITARIOS.xlsx,sheet1,12330,ce131095fae625d68039dd6daa895e05775ba0600ec1547ba4df80f352a199ee
EC-GAD-DAULE-LPI-GADIMCD-2025-01:0146,APUV1-5d87311e6e8c253356ef3779,APUCON-faadb16c58f200d1ab9a4115,EC-GAD-DAULE-LPI-GADIMCD-2025-01,REGENERACION,146,"SUMINISTRO E INSTALACION DE ESTRUCTURA DE MEDIA TENSION 2F EN VOLADO RETENCION (INCL. RACK DE 1 VIA PARA NEUTRO 2VR, PERNOS, HORQUILLAJE DE ANCLAJE Y AISLADORES SUSPENSION)",u,4.000000,264.374000,0.2000,52.875000,0.000000,317.249000,317.250000,13,ANALISIS-DE-PRECIOS-UNITARIOS.xlsx,sheet1,12415,5d87311e6e8c253356ef3779b97a639029de99bd57537136ac10bfc6f70d1a2d
EC-GAD-DAULE-LPI-GADIMCD-2025-01:0147,APUV1-2c2304d3c0b7064c263a3cb3,APUCON-28bb50db667022d85fd9290e,EC-GAD-DAULE-LPI-GADIMCD-2025-01,REGENERACION,147,"SUMINISTRO E INSTALACION DE ESTRUCTURA DE MEDIA TENSION 3F EN VOLADO RETENCION (INCL. RACK DE 1 VIA PARA NEUTRO 3VR, CRUCETA, PIE DE AMIGO, GRAPA, ABRAZADERA, HORQUILLA DE ANCLAJE Y AISLADOR DE SUSPENSION)",u,4.000000,317.024000,0.2000,63.405000,0.000000,380.429000,380.430000,15,ANALISIS-DE-PRECIOS-UNITARIOS.xlsx,sheet1,12500,2c2304d3c0b7064c263a3cb3c40f4d8b068db7a08dd7884249ec30df2a603b9d
EC-GAD-DAULE-LPI-GADIMCD-2025-01:0148,APUV1-45f85645f9bc059b81693b1a,APUCON-36cb2b372b6afbc5946fda14,EC-GAD-DAULE-LPI-GADIMCD-2025-01,REGENERACION,148,SUMINISTRO E INSTALACION DE ESTRUCTURA DE BAJA TENSION 1 VIA PREENSAMBLADO RETENCION CON 3 CONDUCTORES 1PR3,u,0.600000,32.184000,0.2000,6.437000,0.000000,38.621000,38.620000,5,ANALISIS-DE-PRECIOS-UNITARIOS.xlsx,sheet1,12585,45f85645f9bc059b81693b1a7a1dbba962019184b4eacd339a3d86d880ceae18
EC-GAD-DAULE-LPI-GADIMCD-2025-01:0149,APUV1-772bb372c571ee39759c9dd4,APUCON-771cbe6714af7b718b272f57,EC-GAD-DAULE-LPI-GADIMCD-2025-01,REGENERACION,149,"SUMINISTRO E INSTALACION DE TENSOR POSTE CRUCETA (INCL. BLOQUE DE ANCLAJE, RETENCION PARA CABLES PERFORADOS, CABLE DE ACERO GALVANIZADO Y VARILLA DE ANCLAJE)",u,2.010000,96.400000,0.2000,19.280000,0.000000,115.680000,115.680000,11,ANALISIS-DE-PRECIOS-UNITARIOS.xlsx,sheet1,12670,772bb372c571ee39759c9dd411edcb63ea249111ccb01d2528625d527c9dcb21
EC-GAD-DAULE-LPI-GADIMCD-2025-01:0150,APUV1-30e36074f5a994b56c6978cd,APUCON-f2c1712f1aa2e1c2d3766c2d,EC-GAD-DAULE-LPI-GADIMCD-2025-01,REGENERACION,150,"SUMINISTRO E INSTALACION DE TENSOR TIPO FAROL (INCL. CABLE DE ACERO GALVANIZADO 7 HILOS 3/8"", RETENCION PREFORMADA, GUARDACABO, VARILLA DE ANCLAJE 5/8""x 71"", BLOQUE DE ANCLAJE, AISLADOR DE PORCELANA ANSI 54-2 Y BRAZO DE ACERO GALVANIZADO TUBULAR 2""x59"")",u,2.500000,120.791000,0.2000,24.158000,0.000000,144.949000,144.950000,12,ANALISIS-DE-PRECIOS-UNITARIOS.xlsx,sheet1,12755,30e36074f5a994b56c6978cd508834af9d754494fb48281ba55ac2e0752768ce
EC-GAD-DAULE-LPI-GADIMCD-2025-01:0151,APUV1-9b09e8d9e84208bfdd690ff6,APUCON-0b653614b983b29337faf556,EC-GAD-DAULE-LPI-GADIMCD-2025-01,REGENERACION,151,"SUMINISTRO E INSTALACION DE ALIMENTADOR 3#1/0 CU 15KV XLPE AL 100%, N#2 CU DESNUDO",m,0.090000,17.902000,0.2000,3.580000,0.000000,21.482000,21.480000,6,ANALISIS-DE-PRECIOS-UNITARIOS.xlsx,sheet1,12840,9b09e8d9e84208bfdd690ff6cb541d4e3a572ad59216866762bab874f09ce8e9
EC-GAD-DAULE-LPI-GADIMCD-2025-01:0152,APUV1-729dba6149ef4700c4ce78ec,APUCON-91509731d07290e3007667ac,EC-GAD-DAULE-LPI-GADIMCD-2025-01,REGENERACION,152,"SUMINISTRO E INSTALACION DE ALIMENTADOR 3#2 CU 15KV XLPE AL 100%, N#4 CU DESNUDO",m,0.200000,30.636000,0.2000,6.127000,0.000000,36.763000,36.760000,6,ANALISIS-DE-PRECIOS-UNITARIOS.xlsx,sheet1,12925,729dba6149ef4700c4ce78ec7788c87333ede9832404fc19f41abd3836d05e90
EC-GAD-DAULE-LPI-GADIMCD-2025-01:0153,APUV1-97ed917b29d2e3dfa4cba7b6,APUCON-4c7f0b4069d22ab2f632acf5,EC-GAD-DAULE-LPI-GADIMCD-2025-01,REGENERACION,153,"SUMINISTRO E INSTALACION DE ALIMENTADOR 1#2 CU 15KV XLPE AL 100%, N#4 CU DESNUDO",m,0.100000,12.743000,0.2000,2.549000,0.000000,15.292000,15.290000,6,ANALISIS-DE-PRECIOS-UNITARIOS.xlsx,sheet1,13010,97ed917b29d2e3dfa4cba7b619bafa925a2c7239f8ebb4e1accf069379921c06
EC-GAD-DAULE-LPI-GADIMCD-2025-01:0154,APUV1-43f68a3c91ecac1ec0754181,APUCON-826865d75e8fa90a4900180e,EC-GAD-DAULE-LPI-GADIMCD-2025-01,REGENERACION,154,"SUMINISTRO E INSTALACION DE ALIMENTADOR 3#500 MCM CU 15KV TRXLPE, T#4/0 AL DESNUDO (INCL. ACCESORIOS VARIO)",m,0.255000,146.652000,0.2000,29.330000,0.000000,175.982000,175.980000,7,ANALISIS-DE-PRECIOS-UNITARIOS.xlsx,sheet1,13095,43f68a3c91ecac1ec075418136d369ebcaf139686b3e5d9fb1119447aec5063b
EC-GAD-DAULE-LPI-GADIMCD-2025-01:0155,APUV1-e9f01c15e4fc526dec2bfaff,APUCON-82a11f43289c041396f72172,EC-GAD-DAULE-LPI-GADIMCD-2025-01,REGENERACION,155,SUMINISTRO E INSTALACION DE PUNTAS DE CONEXIÓN EXTERIOR CLASE 15 KV PARA CABLE #2 AWG (INCL. CABLE #10 AWG THHN PARA ATERRIZAR DE PUNTAS Y TIRA FUSIBLE 30A),u,1.500000,128.767000,0.2000,25.753000,0.000000,154.520000,154.520000,9,ANALISIS-DE-PRECIOS-UNITARIOS.xlsx,sheet1,13180,e9f01c15e4fc526dec2bfaffc2d2a27901d4bf69433ebdb86d191a8a4cdf36e8
EC-GAD-DAULE-LPI-GADIMCD-2025-01:0156,APUV1-c2efbfa50a69b5ef5a9af84c,APUCON-6d12d090f9ce8e3580988e78,EC-GAD-DAULE-LPI-GADIMCD-2025-01,REGENERACION,156,"SUMINISTRO E INSTALACION DE PUNTA DE CONEXIÓN INTERIOR TIPO ELBOW CONECTOR CLASE 15 KV PARA CABLE #2 AWG (INCL. CABLE #10 AWG THHN PARA ATERRIZAJE DE PUNTAS, ELBOW CONECTOR Y TIRA FUSIBLE DE 30A)",u,2.100000,105.846000,0.2000,21.169000,0.000000,127.015000,127.020000,9,ANALISIS-DE-PRECIOS-UNITARIOS.xlsx,sheet1,13265,c2efbfa50a69b5ef5a9af84c7fad54908bf63ebf2b751c8a310521afdc4ef994
EC-GAD-DAULE-LPI-GADIMCD-2025-01:0157,APUV1-60af844619a27df6ebf6a484,APUCON-059d876551562bd33aca02b3,EC-GAD-DAULE-LPI-GADIMCD-2025-01,REGENERACION,157,"SUMINISTRO E INSTALACION DE PUNTA DE CONEXIÓN INTERIOR TIPO ELBOW CONECTOR CLASE 15 KV PARA CABLE #1/0 AWG (INCL. CABLE #10 AWG THHN PARA ATERRIZAJE DE PUNTAS, ELBOW CONECTOR Y TIRA FUSIBLE DE 30A)",u,2.492000,113.044000,0.2000,22.609000,0.000000,135.653000,135.650000,9,ANALISIS-DE-PRECIOS-UNITARIOS.xlsx,sheet1,13350,60af844619a27df6ebf6a484869fc233b7e6badd4112c74828b4e8e745d9c2db
EC-GAD-DAULE-LPI-GADIMCD-2025-01:0158,APUV1-a7a32f0785db6124c4826444,APUCON-9a9fbdf1a4d0cc980783a89d,EC-GAD-DAULE-LPI-GADIMCD-2025-01,REGENERACION,158,"SUMINISTRO E INSTALACION DE TRANSFORMADOR 1F TIPO PADMOUNTED MALLA DE 75 KVA, 7960/240 - 120V (INCL. INSERT, ELBOW CONECTOR, ELBOW ARRESTER Y TAPON AISLADO PARA EL TERMINAL MALLA DE RESERVA)",u,15.000000,5575.345000,0.2000,1115.069000,0.000000,6690.414000,6690.410000,12,ANALISIS-DE-PRECIOS-UNITARIOS.xlsx,sheet1,13435,a7a32f0785db6124c48264448b0a7f5df21427519cf6fd03bb9e09fa20f23c8c
EC-GAD-DAULE-LPI-GADIMCD-2025-01:0159,APUV1-8653d928cf202955e94d83d3,APUCON-d2c72c7e4c81137e1102b152,EC-GAD-DAULE-LPI-GADIMCD-2025-01,REGENERACION,159,"SUMINISTRO E INSTALACION DE TRANSFORMADOR 3F TIPO PADMOUNTED MALLA DE 75 KVA, 7960/240 - 120V (INCL. INSERT, ELBOW CONECTOR, ELBOW ARRESTER Y TAPON AISLADO PARA EL TERMINAL MALLA DE RESERVA)",u,24.000000,6392.308000,0.2000,1278.462000,0.000000,7670.770000,7670.770000,12,ANALISIS-DE-PRECIOS-UNITARIOS.xlsx,sheet1,13520,8653d928cf202955e94d83d3efaf2249443344b61d61dd2f29ba4c1288343deb
EC-GAD-DAULE-LPI-GADIMCD-2025-01:0160,APUV1-241f55957e178ddc6632f2df,APUCON-61b66ee3a8b7c61b9d2f25df,EC-GAD-DAULE-LPI-GADIMCD-2025-01,REGENERACION,160,"PROVISION E INSTALACION DE EQUIPO PROTECCION - SECCIONAMIENTO ALIMENTADORES PRIMARIOS 15KV CON 3 BARRAS DE 6 VIAS, FUSIBLES, CONECTORES INSERT, CODOS DE PARQUEO, LUCES SEÑALIZADORAS DE VOLTAJE Y BARRA DE COBRE PARA CONEXIÓN A SISTEMA DE PUESTA A TIERRA",u,100.000000,21795.170000,0.2000,4359.034000,0.000000,26154.204000,26154.200000,17,ANALISIS-DE-PRECIOS-UNITARIOS.xlsx,sheet1,13605,241f55957e178ddc6632f2df6eb8ef087fcb051b3b4e746cc31d335b202585ce
EC-GAD-DAULE-LPI-GADIMCD-2025-01:0161,APUV1-dad4c7fe5ce98741d56ff948,APUCON-47f680446d29be4da82d155a,EC-GAD-DAULE-LPI-GADIMCD-2025-01,REGENERACION,161,"SUMINISTRO E INSTALACION PAD-SWITCH CONFIG. - 633 TIPO PEDESTAL DE SECCIONAMIENTO DE 15KV-SF6, 3 ENTRADAS 600AMP Y 3 SALIDAS 200AMP (INCL. CODO TIPO ""T"" DE 600AMP; CONECTOR INSERTS, ACCESORIOS VARIOS, PUESTA EN MARCHA Y BARRA SISTEMA PUESTA A TIERRA).",u,91.000000,159913.238000,0.2000,31982.648000,0.000000,191895.886000,191895.890000,11,ANALISIS-DE-PRECIOS-UNITARIOS.xlsx,sheet1,13690,dad4c7fe5ce98741d56ff94854e50d3099fbfb96c01ca32bf6cb0a103a2e4d02
EC-GAD-DAULE-LPI-GADIMCD-2025-01:0162,APUV1-586c540c889f59fa6de9beed,APUCON-61648c5e45d81ada0b356313,EC-GAD-DAULE-LPI-GADIMCD-2025-01,REGENERACION,162,SUMINISTRO E INSTALACION DE POSTE METALICO CIRCULAR DE H=12m CON DOBLE CARTERA (DOBLE BRAZO) PM12-VV,u,7.000000,1769.114000,0.2000,353.823000,0.000000,2122.937000,2122.940000,13,ANALISIS-DE-PRECIOS-UNITARIOS.xlsx,sheet1,13775,586c540c889f59fa6de9beed38c968358f8b3d2ede637a9ef5e22819ca04a46e
EC-GAD-DAULE-LPI-GADIMCD-2025-01:0163,APUV1-9dc6db20eeb9fa57a0ffe7a7,APUCON-b871a03ece1e6beb496fe58c,EC-GAD-DAULE-LPI-GADIMCD-2025-01,REGENERACION,163,"SUMINISTRO E INSTALACION DE POSTE CONICO METALICO DE H=10,00m GALVANIZADO EN CALIENTE C/CARTELAS (INCL. PLACA BASE METALICA, TAPA DE INSPECCION Y PINTURA AL POLVO ELECTROSTATICA)",u,4.250000,1108.426000,0.2000,221.685000,0.000000,1330.111000,1330.110000,7,ANALISIS-DE-PRECIOS-UNITARIOS.xlsx,sheet1,13860,9dc6db20eeb9fa57a0ffe7a7cb06dd57a42c07307720417bb70ed3a502d832f1
EC-GAD-DAULE-LPI-GADIMCD-2025-01:0164,APUV1-f05e30f5e92b367830ecbf29,APUCON-2c0cedd218b7104fc3713399,EC-GAD-DAULE-LPI-GADIMCD-2025-01,REGENERACION,164,RETEMPLADO DE LINEAS AEREAS DE MEDIA TENSION Y BAJA TENSION,m,0.009900,0.538000,0.2000,0.108000,0.000000,0.646000,0.650000,6,ANALISIS-DE-PRECIOS-UNITARIOS.xlsx,sheet1,13945,f05e30f5e92b367830ecbf293d19caa342f92e67ff81049616d84e388b308690
EC-GAD-DAULE-LPI-GADIMCD-2025-01:0165,APUV1-1a2ded3945c5c098f6c9fc1c,APUCON-241593342cbd8a1cf09b7d6c,EC-GAD-DAULE-LPI-GADIMCD-2025-01,REGENERACION,165,REUBICACION DE TRANSFORMADOR DE DISTRIBUCION EXISTENTE,u,4.297500,205.446000,0.2000,41.089000,0.000000,246.535000,246.540000,6,ANALISIS-DE-PRECIOS-UNITARIOS.xlsx,sheet1,14030,1a2ded3945c5c098f6c9fc1c1276f6d73c27a4fd022298b1e1e4d5c59bff41a5
EC-GAD-DAULE-LPI-GADIMCD-2025-01:0166,APUV1-98d671634593a673a9ef5590,APUCON-7b68f9e3e1c562821d5caa2f,EC-GAD-DAULE-LPI-GADIMCD-2025-01,REGENERACION,166,REUBICACION DE CIRCUITO SECUNDARIO EXISTENTE,m,0.100000,5.434000,0.2000,1.087000,0.000000,6.521000,6.520000,6,ANALISIS-DE-PRECIOS-UNITARIOS.xlsx,sheet1,14115,98d671634593a673a9ef559088ac3c2ad74675d3dabb901d69c3e6bb2100a2ca
EC-GAD-DAULE-LPI-GADIMCD-2025-01:0167,APUV1-f46f8e941a2cdbb2ff8fd37c,APUCON-c0f599c47a81305b925d8a65,EC-GAD-DAULE-LPI-GADIMCD-2025-01,REGENERACION,167,CONSTRUCCION DE CLOSET PARA EQUIPO DE PROTECCION - SECCIONAMIENTO PARA ALIMENTADORES PRIMARIOS 15 KV,u,15.000000,2882.085000,0.2000,576.417000,0.000000,3458.502000,3458.500000,23,ANALISIS-DE-PRECIOS-UNITARIOS.xlsx,sheet1,14200,f46f8e941a2cdbb2ff8fd37c1441a2e22e54571902817716be2ee0573015e6ca
EC-GAD-DAULE-LPI-GADIMCD-2025-01:0168,APUV1-501b803d47498c0daa28d355,APUCON-8552ea7c44186f885eabb771,EC-GAD-DAULE-LPI-GADIMCD-2025-01,REGENERACION,168,PEDESTAL DE HORMIGON ARMADO PARA ALOJAR UN TABLERO PARA MEDIDOR TOTALIZADOR,u,5.000000,383.555000,0.2000,76.711000,0.000000,460.266000,460.270000,16,ANALISIS-DE-PRECIOS-UNITARIOS.xlsx,sheet1,14285,501b803d47498c0daa28d355b48c2d39bc4ff93325d31f2e5283659099558d61
EC-GAD-DAULE-LPI-GADIMCD-2025-01:0169,APUV1-2962696b950577445e20fccf,APUCON-619798da46ae4ebdebd94766,EC-GAD-DAULE-LPI-GADIMCD-2025-01,REGENERACION,169,RETIRO DE POSTE EXISTENTE,u,1.500000,72.544000,0.2000,14.509000,0.000000,87.053000,87.050000,6,ANALISIS-DE-PRECIOS-UNITARIOS.xlsx,sheet1,14370,2962696b950577445e20fccf17338b7a7914a0a7bbe0f02473d8d4146f846014
EC-GAD-DAULE-LPI-GADIMCD-2025-01:0170,APUV1-c15191c4bcb8e0cf2630d764,APUCON-2c1a179aee93e626bb488bde,EC-GAD-DAULE-LPI-GADIMCD-2025-01,REGENERACION,170,"DESMONTAJE DE CONDUCTOR DE ALUMINIO AEREO, REDES DE MEDIA Y BAJA TENSION (INCL. HERRAJES)",m,0.005220,0.280000,0.2000,0.056000,0.000000,0.336000,0.340000,7,ANALISIS-DE-PRECIOS-UNITARIOS.xlsx,sheet1,14455,c15191c4bcb8e0cf2630d764a376518b724a1b5e31c5134d83629a163a974e41
EC-GAD-DAULE-LPI-GADIMCD-2025-01:0171,APUV1-0798a33c48ea7111118aa1da,APUCON-0a9ef892fa64844f19f8c16b,EC-GAD-DAULE-LPI-GADIMCD-2025-01,REGENERACION,171,RETIRO DE ACOMETIDA ELECTRICA BAJA TENSION EXISTENTE (CABLES Y BAJANTES),u,0.250000,14.388000,0.2000,2.878000,0.000000,17.266000,17.270000,6,ANALISIS-DE-PRECIOS-UNITARIOS.xlsx,sheet1,14540,0798a33c48ea7111118aa1da971e91bcd253dda2dbce723719de97c248bf4ca1
EC-GAD-DAULE-LPI-GADIMCD-2025-01:0172,APUV1-5e3ed9d830ee0b1fb815bf9a,APUCON-e85463f129fcd6438c5091e7,EC-GAD-DAULE-LPI-GADIMCD-2025-01,REGENERACION,172,DESMONTAJE DE LUMINARIA DE VAPOR DE SODIO,u,0.500000,24.335000,0.2000,4.867000,0.000000,29.202000,29.200000,6,ANALISIS-DE-PRECIOS-UNITARIOS.xlsx,sheet1,14625,5e3ed9d830ee0b1fb815bf9a810966d43b9c240adc865d7566aabf6c8af49ac0
EC-GAD-DAULE-LPI-GADIMCD-2025-01:0173,APUV1-d7705391c5c875b89946ee13,APUCON-9f91adb29f21c14d4f54b257,EC-GAD-DAULE-LPI-GADIMCD-2025-01,REGENERACION,173,DESMONTAJE DE ESTRUCTURA DE MEDIA TENSION TRIFASICO,u,1.000000,53.667000,0.2000,10.733000,0.000000,64.400000,64.400000,7,ANALISIS-DE-PRECIOS-UNITARIOS.xlsx,sheet1,14710,d7705391c5c875b89946ee133b5bf0951587af2f356c62841649c290190bdbf6
EC-GAD-DAULE-LPI-GADIMCD-2025-01:0174,APUV1-29d3ebc6b66db671614f5d6e,APUCON-e792fefe6199a8bf73d70f27,EC-GAD-DAULE-LPI-GADIMCD-2025-01,REGENERACION,174,DESMONTAJE DE ESTRUCTURA DE MEDIA TENSION MONOFASICA,u,0.300000,16.100000,0.2000,3.220000,0.000000,19.320000,19.320000,7,ANALISIS-DE-PRECIOS-UNITARIOS.xlsx,sheet1,14795,29d3ebc6b66db671614f5d6e02de08463a405ec2b2fca88184f1635b212a460c
EC-GAD-DAULE-LPI-GADIMCD-2025-01:0175,APUV1-09453687ec196c7f2f66fb63,APUCON-4f231d04b1a1146712d63f2f,EC-GAD-DAULE-LPI-GADIMCD-2025-01,REGENERACION,175,DESMONTAJE DE ESTRUCTURA DE BAJA TENSION,u,0.200000,11.734000,0.2000,2.347000,0.000000,14.081000,14.080000,7,ANALISIS-DE-PRECIOS-UNITARIOS.xlsx,sheet1,14880,09453687ec196c7f2f66fb631a5d4b3c9162fdfd66baa0efc87b5546d8f450ea
EC-GAD-DAULE-LPI-GADIMCD-2025-01:0176,APUV1-da58e8b0b21bdc451b0e47d4,APUCON-2f72010869f1c914da5897d0,EC-GAD-DAULE-LPI-GADIMCD-2025-01,REGENERACION,176,DESMONTAJE DE TRANSFORMADOR DE DISTRIBUCION TIPO CONVENCIONAL (10KVA - 25 KVA - 75KVA; ETC) EXISTENTE EN POSTE,u,2.500000,134.168000,0.2000,26.834000,0.000000,161.002000,161.000000,7,ANALISIS-DE-PRECIOS-UNITARIOS.xlsx,sheet1,14965,da58e8b0b21bdc451b0e47d4a58ef09d2ebee04a63b09c83651a892f013d2b69
EC-GAD-DAULE-LPI-GADIMCD-2025-01:0177,APUV1-4ef71b86c042057c63bdd7e1,APUCON-21d7db33a4d5d0ccd6233371,EC-GAD-DAULE-LPI-GADIMCD-2025-01,REGENERACION,177,DESMONTAJE DE TENSOR DE POSTES EXISTENTES,u,0.500000,14.461000,0.2000,2.892000,0.000000,17.353000,17.350000,6,ANALISIS-DE-PRECIOS-UNITARIOS.xlsx,sheet1,15050,4ef71b86c042057c63bdd7e14504353426ae52d8a0e88b29cfa0a171ec51fda1
EC-GAD-DAULE-LPI-GADIMCD-2025-01:0178,APUV1-dfadf8332ccea69cd07136f6,APUCON-fafeb6394e8e70b87fc457c5,EC-GAD-DAULE-LPI-GADIMCD-2025-01,REGENERACION,178,DESMONTAJE DE BAJANTE EN MEDIA TENSION (INCL. TUBERIA),u,0.750000,15.316000,0.2000,3.063000,0.000000,18.379000,18.380000,6,ANALISIS-DE-PRECIOS-UNITARIOS.xlsx,sheet1,15135,dfadf8332ccea69cd07136f69ae022834b6d5fa61e82cb44749d855c35f146f6
EC-GAD-DAULE-LPI-GADIMCD-2025-01:0179,APUV1-15c3e1c8796a603f75aa900d,APUCON-c2dd800814aa301545b20e88,EC-GAD-DAULE-LPI-GADIMCD-2025-01,REGENERACION,179,RETIRO DE ACOMETIDA ELECTRICA EXISTENTE (INCL. CABLES Y BAJANTE),u,0.750000,21.691000,0.2000,4.338000,0.000000,26.029000,26.030000,6,ANALISIS-DE-PRECIOS-UNITARIOS.xlsx,sheet1,15220,15c3e1c8796a603f75aa900d2bba9464b652256479d81e07acd3eca7cf40d50f
EC-GAD-DAULE-LPI-GADIMCD-2025-01:0180,APUV1-f5770230f18885c408fa8d8c,APUCON-bc0e9fe64a2fea1ec2ce502a,EC-GAD-DAULE-LPI-GADIMCD-2025-01,REGENERACION,180,DESMONTAJE DE CAJA PORTA-FUSIBLE,u,0.350000,17.034000,0.2000,3.407000,0.000000,20.441000,20.440000,6,ANALISIS-DE-PRECIOS-UNITARIOS.xlsx,sheet1,15305,f5770230f18885c408fa8d8c9c796e288ed3c056f3b017ddef82fef2bc72f636
EC-GAD-DAULE-LPI-GADIMCD-2025-01:0181,APUV1-6434197f001f437a6ffce184,APUCON-2d019714a475b822df53394d,EC-GAD-DAULE-LPI-GADIMCD-2025-01,REGENERACION,181,DESMONTAJE DE PARARRAYOS DE DISTRIBUCION,u,0.400000,21.244000,0.2000,4.249000,0.000000,25.493000,25.490000,6,ANALISIS-DE-PRECIOS-UNITARIOS.xlsx,sheet1,15390,6434197f001f437a6ffce184affe3e0e6c26a95c6c1db656376bd1c68aa249aa
EC-GAD-DAULE-LPI-GADIMCD-2025-01:0182,APUV1-550f85a73e1f4de89dda1a65,APUCON-5aad76b90112f69a82cdb553,EC-GAD-DAULE-LPI-GADIMCD-2025-01,REGENERACION,182,"CAJA DE PASO DE HORMIGON ARMADO DE 80x80x80cm, F'C=280 KG/CM2 EN CALZADA (INCL. INSTALACION DE TAPA PARA SISTEMA DE COMUNICACIÓN)",u,0.750000,175.440000,0.2000,35.088000,0.000000,210.528000,210.530000,19,ANALISIS-DE-PRECIOS-UNITARIOS.xlsx,sheet1,15475,550f85a73e1f4de89dda1a65fab2f772e87be660f7ac6fd89512bb77e2caef79
EC-GAD-DAULE-LPI-GADIMCD-2025-01:0183,APUV1-6677ec979a8df69c4ce28c2b,APUCON-aa9d36e44a76c55b39c986f5,EC-GAD-DAULE-LPI-GADIMCD-2025-01,REGENERACION,183,"CAJA DE PASO DE HORMIGON ARMADO DE 80x80x80cm, F'C=210 KG/CM2 EN ARENA (INCL. INSTALACION DE TAPA PARA SISTEMA DE COMUNICACIÓN)",u,1.000000,173.746000,0.2000,34.749000,0.000000,208.495000,208.500000,19,ANALISIS-DE-PRECIOS-UNITARIOS.xlsx,sheet1,15560,6677ec979a8df69c4ce28c2baf66f0c8a4529e41cdf9e20408112530b2aa24ad
EC-GAD-DAULE-LPI-GADIMCD-2025-01:0184,APUV1-839c83b728022278c7d6e02e,APUCON-48d2df17628075d9c901a5ee,EC-GAD-DAULE-LPI-GADIMCD-2025-01,REGENERACION,184,PROVISION DE TAPA DE GRAFITO ESFEROIDAL DE 70cm CON RESISTENCIA 125KN PARA LAS CAJA PROYECTADAS PARA SISTEMA DE COMUNICACIÓN,u,0.300000,238.839000,0.2000,47.768000,0.000000,286.607000,286.610000,4,ANALISIS-DE-PRECIOS-UNITARIOS.xlsx,sheet1,15645,839c83b728022278c7d6e02ed5aec0798b9f366c1339cb07b57b970541695d42
EC-GAD-DAULE-LPI-GADIMCD-2025-01:0185,APUV1-f1f5c6bd369920531ef846d8,APUCON-85ba853fda37e97aadb96c97,EC-GAD-DAULE-LPI-GADIMCD-2025-01,REGENERACION,185,PROVISION DE TAPA DE GRAFITO ESFEROIDAL DE 70cm CON RESISTENCIA 400KN PARA LAS CAJA PROYECTADAS PARA SISTEMA DE COMUNICACIÓN,u,0.300000,244.171000,0.2000,48.834000,0.000000,293.005000,293.010000,4,ANALISIS-DE-PRECIOS-UNITARIOS.xlsx,sheet1,15730,f1f5c6bd369920531ef846d826f8a04f40fcac0c10e3d92d672c9b441423ecf5
EC-GAD-DAULE-LPI-GADIMCD-2025-01:0186,APUV1-b1bbb0f46d84ca55566e098e,APUCON-80e31c3bc146ea800788f70e,EC-GAD-DAULE-LPI-GADIMCD-2025-01,REGENERACION,186,"CANALIZACION CON 8 TUBOS DE PVC D=4"" (110mm) / TIPO DOBLE PARED (SUPERFICIE INTERIOR LISA Y EXTERIOR CORRUGADA) SISTEMA DE COMUNICACIÓN",m,0.051000,42.850000,0.2000,8.570000,0.000000,51.420000,51.420000,8,ANALISIS-DE-PRECIOS-UNITARIOS.xlsx,sheet1,15815,b1bbb0f46d84ca55566e098ecddf09957cd32b4d6bfae4dd03aa355c239cdd4f
EC-GAD-DAULE-LPI-GADIMCD-2025-01:0187,APUV1-15641c07064681eb5317ff1f,APUCON-95ccee185b6a0663aae42bc6,EC-GAD-DAULE-LPI-GADIMCD-2025-01,REGENERACION,187,"CANALIZACION CON 2 TUBOS DE PVC D=2"" (63mm) / TIPO PESADO PARA SISTEMA DE COMUNICACIÓN",m,0.200000,5.493000,0.2000,1.099000,0.000000,6.592000,6.590000,5,ANALISIS-DE-PRECIOS-UNITARIOS.xlsx,sheet1,15900,15641c07064681eb5317ff1ffdc8ce7d629328b8d4141b429191d8988d030483
EC-GAD-DAULE-LPI-GADIMCD-2025-01:0188,APUV1-9046a17e7c696b71e3e5f09b,APUCON-c10254fdbbee8937cff2ddcf,EC-GAD-DAULE-LPI-GADIMCD-2025-01,REGENERACION,188,"SUMINISTRO E INSTALACION CODO DE PVC D= 2"" (63mm) / TIPO PESADO RADIO LARGO PARA SISTEMA DE COMUNICACIÓN",u,0.100000,4.873000,0.2000,0.975000,0.000000,5.848000,5.850000,6,ANALISIS-DE-PRECIOS-UNITARIOS.xlsx,sheet1,15985,9046a17e7c696b71e3e5f09bd64d8ef808b6e6c373dd0c80ed852660fb772aba
EC-GAD-DAULE-LPI-GADIMCD-2025-01:0189,APUV1-2d9921962abb3b456652185a,APUCON-c42872cce3fa6fb9dde77e8e,EC-GAD-DAULE-LPI-GADIMCD-2025-01,REGENERACION,189,"SUMINISTRO E INSTALACION DE TUBERIA METALICA RIGIDA D=4"" (110mm) PARA USO ELECTRICO / BAJANTE DEL SISTEMA ELECTRICO O COMUNICACIONES (INCL. HEBILLA Y ZUNCHO METALICO D=1/2"")",m,0.050000,37.974000,0.2000,7.595000,0.000000,45.569000,45.570000,8,ANALISIS-DE-PRECIOS-UNITARIOS.xlsx,sheet1,16070,2d9921962abb3b456652185a2e97c77c431a53292e5e8bbae4e099feda90d996
EC-GAD-DAULE-LPI-GADIMCD-2025-01:0190,APUV1-316808248c359e6a44abf4ac,APUCON-92dbd80c5f2573b7ebe60d87,EC-GAD-DAULE-LPI-GADIMCD-2025-01,REGENERACION,190,"SUMINISTRO E INSTALACION DE CODO METALICO RIGIDO DE D=4"" (110mm) PARA SISTEMA ELECTRICO O COMUNICACION",u,0.100000,40.948000,0.2000,8.190000,0.000000,49.138000,49.140000,4,ANALISIS-DE-PRECIOS-UNITARIOS.xlsx,sheet1,16155,316808248c359e6a44abf4ac1dbf44b87903a9b648c87d525de5d0cb00608c91
EC-GAD-DAULE-LPI-GADIMCD-2025-01:0191,APUV1-ed4020fddbcd5c52186a2595,APUCON-d6526a0f2df431826e635032,EC-GAD-DAULE-LPI-GADIMCD-2025-01,REGENERACION,191,"SUMINISTRO E INSTALACION DE REVERSIBLE RIGIDO D=4"" (110mm) PARA SISTEMA ELECTRICO O COMUNICACIÓN",u,0.198000,28.707000,0.2000,5.741000,0.000000,34.448000,34.450000,5,ANALISIS-DE-PRECIOS-UNITARIOS.xlsx,sheet1,16240,ed4020fddbcd5c52186a25957ba5a1448cdc7089d2734fc27b059948fb5f4f42
EC-GAD-DAULE-LPI-GADIMCD-2025-01:0192,APUV1-5963d48969b71794ddc0d1b2,APUCON-f6ffc54401158a2f1ec04808,EC-GAD-DAULE-LPI-GADIMCD-2025-01,REGENERACION,192,"BASE DE HORMIGON ARMADO PARA ARMARIO DE TV. POR CABLE, DATOS Y/O EMPRESAS DE TELECOMUNICACION",u,0.750000,69.999000,0.2000,14.000000,0.000000,83.999000,84.000000,16,ANALISIS-DE-PRECIOS-UNITARIOS.xlsx,sheet1,16325,5963d48969b71794ddc0d1b2d08c45bb06d33a06adcb660559ffe214fe72cd34
EC-GAD-DAULE-LPI-GADIMCD-2025-01:0193,APUV1-51e3a54b07c2daa59085920b,APUCON-f8f82f635808c95bfeffed3a,EC-GAD-DAULE-LPI-GADIMCD-2025-01,REGENERACION,193,"CAJA DE DISTRIBUCION METALICA ABISAGRADA DE 40x40x10cm CONSTRUIDA EN PLANCHA 1/16"" PINTADA AL HORNO O SIMILAR CON COLOR BEIGE (INCL. LLAVE UNIVERSAL TIPO TRIANGULAR E INSTALACION) PARA DISTRIBUCION DE OPERADORES Y TELECOMUNICACIONES",u,0.400000,58.517000,0.2000,11.703000,0.000000,70.220000,70.220000,6,ANALISIS-DE-PRECIOS-UNITARIOS.xlsx,sheet1,16410,51e3a54b07c2daa59085920ba5c9bcd8ddee7f8111abd3cef36cddca58b44e38
EC-GAD-DAULE-LPI-GADIMCD-2025-01:0194,APUV1-5c092c09c834b4f1afda6dbe,APUCON-240cf5f89eb3215b70076b37,EC-GAD-DAULE-LPI-GADIMCD-2025-01,REGENERACION,194,BASE DE HORMIGON SIMPLE 55x45x10 PARA EMPOTRAMIENTO DE CAJA ABISAGRADA,u,0.550000,56.505000,0.2000,11.301000,0.000000,67.806000,67.810000,16,ANALISIS-DE-PRECIOS-UNITARIOS.xlsx,sheet1,16495,5c092c09c834b4f1afda6dbea9d590fa7cc23ba37054fdae12d39199dc4638c1
EC-GAD-DAULE-LPI-GADIMCD-2025-01:0195,APUV1-8add81128a7fb43db3896e18,APUCON-4d19fd54fdc6ecb0ea6c04e3,EC-GAD-DAULE-LPI-GADIMCD-2025-01,REGENERACION,195,"SUMINISTRO E INSTALACION DE TUBERIA EMT D=2"" (63mm) PARA CAJAS DE TELEFONIA SOBREPUESTAS",m,0.250000,13.751000,0.2000,2.750000,0.000000,16.501000,16.500000,7,ANALISIS-DE-PRECIOS-UNITARIOS.xlsx,sheet1,16580,8add81128a7fb43db3896e18d7540080ab580b00382a052fa8ab3b3027af3045
EC-GAD-DAULE-LPI-GADIMCD-2025-01:0196,APUV1-827c9c6e1c9f8fffac7e697b,APUCON-d5dba3591942aaeef20140dc,EC-GAD-DAULE-LPI-GADIMCD-2025-01,REGENERACION,196,CAJA DE PASO DE HORMIGON ARMADO DE 60x60x60cm; F'C=210 KG/CM2 EN ACERA (INCL. INSTALACION DE TAPA PARA SISTEMA DE SEMAFORIZACION),u,1.000000,111.919000,0.2000,22.384000,0.000000,134.303000,134.300000,18,ANALISIS-DE-PRECIOS-UNITARIOS.xlsx,sheet1,16665,827c9c6e1c9f8fffac7e697b2d1cb4f3f25f77bf2acdc086ed8d2c08aa78b3af
EC-GAD-DAULE-LPI-GADIMCD-2025-01:0197,APUV1-52bbdc8e5f76e1394e6047f4,APUCON-6229550ae1985b5bf3d72559,EC-GAD-DAULE-LPI-GADIMCD-2025-01,REGENERACION,197,PROVISION DE TAPA GRAFITO ESFEROIDAL DE 60cm DE DIAMETRO CON RESISTENCIA 125 KN PARA LAS CAJAS PROYECTADAS PARA SISTEMA DE SEMAFORIZACION,u,0.249000,144.408000,0.2000,28.882000,0.000000,173.290000,173.290000,4,ANALISIS-DE-PRECIOS-UNITARIOS.xlsx,sheet1,16750,52bbdc8e5f76e1394e6047f4fb37340a2bdd6d664842d4faa92ee42e1e2c0ee2
EC-GAD-DAULE-LPI-GADIMCD-2025-01:0198,APUV1-1c93d8222f77fe00ee692364,APUCON-3e4b6d7dd06a8a5bb614aec4,EC-GAD-DAULE-LPI-GADIMCD-2025-01,REGENERACION,198,"CANALIZACION CON 2 TUBOS DE PVC D=4"" (110mm) / TIPO DOBLE PARED (SUPERFICIE INTERIOR LISA Y EXTERIOR CORRUGADA) SISTEMA ELECTRICO O COMUNICACIÓN",m,0.250000,19.513000,0.2000,3.903000,0.000000,23.416000,23.420000,9,ANALISIS-DE-PRECIOS-UNITARIOS.xlsx,sheet1,16835,1c93d8222f77fe00ee692364e639188d5ca815d1a9716c13b210ca4b5d248081
EC-GAD-DAULE-LPI-GADIMCD-2025-01:0199,APUV1-1bf7c6f7138766d9fd522c9b,APUCON-f299f75284c01b60b71beb04,EC-GAD-DAULE-LPI-GADIMCD-2025-01,REGENERACION,199,"CANALIZACION CON 1 TUBO DE PVC D=2 1/2"" (75mm) / TIPO PESADO PARA SISTEMA ELECTRICO, SEMAFORIZACION O COMUNICACIÓN",m,0.099000,3.431000,0.2000,0.686000,0.000000,4.117000,4.120000,5,ANALISIS-DE-PRECIOS-UNITARIOS.xlsx,sheet1,16920,1bf7c6f7138766d9fd522c9b1e4f13fca7827b045b7b11d349a696b2edf5a8a0
EC-GAD-DAULE-LPI-GADIMCD-2025-01:0200,APUV1-c2d9bf1953f8bc5fdc9af6df,APUCON-0cec0dfc1e47499212e51bb8,EC-GAD-DAULE-LPI-GADIMCD-2025-01,REGENERACION,200,"SUMINISTRO E INSTALACION DE CODO PVC D=75mm / TIPO PESADO DE RADIO LARGO PARA SISTEMA ELECTRICO, SEMAFORIZACION O COMUNICACIÓN",u,0.250000,7.109000,0.2000,1.422000,0.000000,8.531000,8.530000,7,ANALISIS-DE-PRECIOS-UNITARIOS.xlsx,sheet1,17005,c2d9bf1953f8bc5fdc9af6df9c360e0ccec3aed38aadaff5588d58a03646e328
EC-GAD-DAULE-LPI-GADIMCD-2025-01:0201,APUV1-6b0f59558f361c1053c3dd47,APUCON-9218de96ea1ccb7e96bebb0a,EC-GAD-DAULE-LPI-GADIMCD-2025-01,REGENERACION,201,BASE DE HORMIGON ARMADO PARA POSTE BACULO Y COLOCACION DE PLACA,u,2.503000,242.580000,0.2000,48.516000,0.000000,291.096000,291.100000,17,ANALISIS-DE-PRECIOS-UNITARIOS.xlsx,sheet1,17107,6b0f59558f361c1053c3dd473fdedee0ab5bfa7b4f99b47042a401016ace7955
EC-GAD-DAULE-LPI-GADIMCD-2025-01:0202,APUV1-e647c1db5f130ab37d618723,APUCON-c6672411832532ccbec93ec0,EC-GAD-DAULE-LPI-GADIMCD-2025-01,REGENERACION,202,"SUMINISTRO E INSTALACION DE POSTE METALICO T1 PARA INSTALACION DE SEMAFORO VEHICULAR Y PEATONAL H=4,00m",u,1.750000,340.315000,0.2000,68.063000,0.000000,408.378000,408.380000,9,ANALISIS-DE-PRECIOS-UNITARIOS.xlsx,sheet1,17192,e647c1db5f130ab37d61872365c78e11b0f3a19f20afb15469eb78cc54514d71
EC-GAD-DAULE-LPI-GADIMCD-2025-01:0203,APUV1-f2e8e1835aabd215016cf914,APUCON-c0a2d1c888275e54f0a6a9de,EC-GAD-DAULE-LPI-GADIMCD-2025-01,REGENERACION,203,SUMINISTRO E INSTALACION DE POSTE BACULO SIMPLE 7m,u,3.000000,452.767000,0.2000,90.553000,0.000000,543.320000,543.320000,9,ANALISIS-DE-PRECIOS-UNITARIOS.xlsx,sheet1,17277,f2e8e1835aabd215016cf914a15200bc77e62f5bf43adbacc0a1c0864d2993a1
EC-GAD-DAULE-LPI-GADIMCD-2025-01:0204,APUV1-f36b6511f4237a77607a55e2,APUCON-9b838db9f7afde69f5408aeb,EC-GAD-DAULE-LPI-GADIMCD-2025-01,REGENERACION,204,"SISTEMA DE ATERRIZAMIENTO CON LA VARILLA COOPERWELL 5/8"" x 2,40m",u,0.383000,20.483000,0.2000,4.097000,0.000000,24.580000,24.580000,9,ANALISIS-DE-PRECIOS-UNITARIOS.xlsx,sheet1,17362,f36b6511f4237a77607a55e21ceae6d508350ca8a67afb21714e1ebca850f0d2
EC-GAD-DAULE-LPI-GADIMCD-2025-01:0205,APUV1-64316047581f29619e9d16de,APUCON-bcfb5fe2dc94030a91396376,EC-GAD-DAULE-LPI-GADIMCD-2025-01,REGENERACION,205,"PODA DE ARBOLES MEDIANOS H<6mts (ACLAREO), (INCL. DESALOJO)",u,0.600000,32.906000,0.2000,6.581000,0.000000,39.487000,39.490000,5,ANALISIS-DE-PRECIOS-UNITARIOS.xlsx,sheet1,17447,64316047581f29619e9d16dee2e09d3db9194c0c18ecec6d779e28a5bdbbcc15
EC-GAD-DAULE-LPI-GADIMCD-2025-01:0206,APUV1-214dbe18bb9eb849b0deeb6a,APUCON-512480e9c9d1089356f4b838,EC-GAD-DAULE-LPI-GADIMCD-2025-01,REGENERACION,206,"SUMINISTRO Y COLOCACION DE BUCIDA BUCERAS (OLIVO NEGRO H=3,00m - H=4,00m)",u,0.150000,41.581000,0.2000,8.316000,0.000000,49.897000,49.900000,4,ANALISIS-DE-PRECIOS-UNITARIOS.xlsx,sheet1,17532,214dbe18bb9eb849b0deeb6a44c7095d7ada8ba0e3ce8d891e3fea80fe8283ad
EC-GAD-DAULE-LPI-GADIMCD-2025-01:0207,APUV1-9d5d9c8391372d0acca70615,APUCON-3114b9b332392a9447c9bb93,EC-GAD-DAULE-LPI-GADIMCD-2025-01,REGENERACION,207,"SUMINISTRO Y PLANTACION DE DURANTA REPENS VAR. GOLD EDGE (DURANTA H=0,30m)",u,0.075000,1.457000,0.2000,0.291000,0.000000,1.748000,1.750000,4,ANALISIS-DE-PRECIOS-UNITARIOS.xlsx,sheet1,17617,9d5d9c8391372d0acca706159dc249446504d09fa47085d787e351d1c318fbde
EC-GAD-DAULE-LPI-GADIMCD-2025-01:0208,APUV1-2b7c755a816427afe023f5e9,APUCON-33c3a0d3563fbd421efeb211,EC-GAD-DAULE-LPI-GADIMCD-2025-01,REGENERACION,208,SUMINISTRO E INSTALACION DE CESPED MANI H=0.15m - AROQUIS PINTOI,u,0.005190,0.162000,0.2000,0.032000,0.000000,0.194000,0.190000,4,ANALISIS-DE-PRECIOS-UNITARIOS.xlsx,sheet1,17702,2b7c755a816427afe023f5e934e2e2c06c10fc8f59b8857bac7f9ed5036b2f77
EC-GAD-DAULE-LPI-GADIMCD-2025-01:0209,APUV1-bda174b89c3039bda8685407,APUCON-1f3f6788c7e7308532c034b0,EC-GAD-DAULE-LPI-GADIMCD-2025-01,REGENERACION,209,SUSTRATO ORGANICO (TIERRA VEGETAL) 40%,m3,0.500000,25.975000,0.2000,5.195000,0.000000,31.170000,31.170000,4,ANALISIS-DE-PRECIOS-UNITARIOS.xlsx,sheet1,17787,bda174b89c3039bda868540723b1190cf2e0341480dec9c5fb33e3e5456cb8bb
EC-GAD-DAULE-LPI-GADIMCD-2025-01:0210,APUV1-7e1d9eb5dc870f54206403aa,APUCON-171964f1fb47fdfedc9609bf,EC-GAD-DAULE-LPI-GADIMCD-2025-01,REGENERACION,210,ARCILLA FINA 40% (INCL. TRANSPORTE),m3,0.500000,21.935000,0.2000,4.387000,0.000000,26.322000,26.320000,4,ANALISIS-DE-PRECIOS-UNITARIOS.xlsx,sheet1,17872,7e1d9eb5dc870f54206403aab4b576122a669a41468cf700bc63307b4b1772de
EC-GAD-DAULE-LPI-GADIMCD-2025-01:0211,APUV1-f037b90f6c77da7973540eac,APUCON-cef49ee1143b829b7689a4fd,EC-GAD-DAULE-LPI-GADIMCD-2025-01,REGENERACION,211,ARENA 20% (INCL. TRANSPORTE),m3,0.500000,18.935000,0.2000,3.787000,0.000000,22.722000,22.720000,4,ANALISIS-DE-PRECIOS-UNITARIOS.xlsx,sheet1,17957,f037b90f6c77da7973540eac05de8739933509cfb209a1dd71e1a07111f5f9cd
EC-GAD-DAULE-LPI-GADIMCD-2025-01:0212,APUV1-1ee8ce474536821d54b328e5,APUCON-dc7c35fb266946e6ae8c738d,EC-GAD-DAULE-LPI-GADIMCD-2025-01,REGENERACION,212,SUSTRATO ORGANICO (TIERRA VEGETAL 60% CON LIMO O ARCILLA FINA 40%),m3,0.600000,29.582000,0.2000,5.916000,0.000000,35.498000,35.500000,4,ANALISIS-DE-PRECIOS-UNITARIOS.xlsx,sheet1,18042,1ee8ce474536821d54b328e5bd4a2e275401a33bc0432196a95f8e52f95ae8ad
EC-GAD-DAULE-LPI-GADIMCD-2025-01:0213,APUV1-7e1d9eb5dc870f54206403aa,APUCON-171964f1fb47fdfedc9609bf,EC-GAD-DAULE-LPI-GADIMCD-2025-01,REGENERACION,213,ARCILLA FINA 40% (INCL. TRANSPORTE),m3,0.500000,21.935000,0.2000,4.387000,0.000000,26.322000,26.320000,4,ANALISIS-DE-PRECIOS-UNITARIOS.xlsx,sheet1,18127,7e1d9eb5dc870f54206403aab4b576122a669a41468cf700bc63307b4b1772de
EC-GAD-DAULE-LPI-GADIMCD-2025-01:0214,APUV1-64316047581f29619e9d16de,APUCON-bcfb5fe2dc94030a91396376,EC-GAD-DAULE-LPI-GADIMCD-2025-01,REGENERACION,214,"PODA DE ARBOLES MEDIANOS H<6mts (ACLAREO), (INCL. DESALOJO)",u,0.600000,32.906000,0.2000,6.581000,0.000000,39.487000,39.490000,5,ANALISIS-DE-PRECIOS-UNITARIOS.xlsx,sheet1,18212,64316047581f29619e9d16dee2e09d3db9194c0c18ecec6d779e28a5bdbbcc15
EC-GAD-DAULE-LPI-GADIMCD-2025-01:0215,APUV1-f820129b8b56f4526bd6df2a,APUCON-971f8d62e7824bc3044a7b0c,EC-GAD-DAULE-LPI-GADIMCD-2025-01,REGENERACION,215,TRATAMIENTO FITOSANITARIO DE ARBOLES,u,0.791000,40.015000,0.2000,8.003000,0.000000,48.018000,48.020000,4,ANALISIS-DE-PRECIOS-UNITARIOS.xlsx,sheet1,18297,f820129b8b56f4526bd6df2aed4f3fa8f8bcac8da05eb4561c13a37c54cedf5f
EC-GAD-DAULE-LPI-GADIMCD-2025-01:0216,APUV1-9a4b3497bb75d4f130344529,APUCON-3569504827efc8ca7cd65122,EC-GAD-DAULE-LPI-GADIMCD-2025-01,REGENERACION,216,RIEGO CON TANQUERO,m3,0.120000,4.315000,0.2000,0.863000,0.000000,5.178000,5.180000,5,ANALISIS-DE-PRECIOS-UNITARIOS.xlsx,sheet1,18382,9a4b3497bb75d4f130344529b5a60612d0e15dc17d08af12d169eebd94608d76
EC-GAD-DAULE-LPI-GADIMCD-2025-01:0217,APUV1-92f80d0e120bec24cdbd2e82,APUCON-0b6d7cb96a7c82ecd25adcff,EC-GAD-DAULE-LPI-GADIMCD-2025-01,REGENERACION,217,EXCAVACION DE FOSA PARA INSTALACION DE ARBOLES,m3,0.350000,6.409000,0.2000,1.282000,0.000000,7.691000,7.690000,3,ANALISIS-DE-PRECIOS-UNITARIOS.xlsx,sheet1,18467,92f80d0e120bec24cdbd2e82b67465c8d0647a8a7fbe71b71060d588d58b8e1b
EC-GAD-DAULE-LPI-GADIMCD-2025-01:0218,APUV1-6679e3acc810c0568831853a,APUCON-6d7116c659f784575a6d579c,EC-GAD-DAULE-LPI-GADIMCD-2025-01,REGENERACION,218,PROVISION E INSTALACION DE TUTOR,u,0.050000,3.732000,0.2000,0.746000,0.000000,4.478000,4.480000,4,ANALISIS-DE-PRECIOS-UNITARIOS.xlsx,sheet1,18552,6679e3acc810c0568831853a85edb7f8885346628489e029518a1d1ec6c12fba
EC-GAD-DAULE-LPI-GADIMCD-2025-01:0219,APUV1-75c723eb6e57ce23be37cac7,APUCON-52d9e8e8ec1b6beb1650105d,EC-GAD-DAULE-LPI-GADIMCD-2025-01,REGENERACION,219,DESALOJO DE MATERIAL SOBRANTE,m3,0.040000,1.838000,0.2000,0.368000,0.000000,2.206000,2.210000,5,ANALISIS-DE-PRECIOS-UNITARIOS.xlsx,sheet1,18637,75c723eb6e57ce23be37cac7efbcfee7a44a8461dd6bbfea5a2ec42cdc91add3
EC-GAD-DAULE-LPI-GADIMCD-2025-01:0220,APUV1-9a4b3497bb75d4f130344529,APUCON-3569504827efc8ca7cd65122,EC-GAD-DAULE-LPI-GADIMCD-2025-01,REGENERACION,220,RIEGO CON TANQUERO,m3,0.120000,4.315000,0.2000,0.863000,0.000000,5.178000,5.180000,5,ANALISIS-DE-PRECIOS-UNITARIOS.xlsx,sheet1,18722,9a4b3497bb75d4f130344529b5a60612d0e15dc17d08af12d169eebd94608d76
EC-GAD-DAULE-LPI-GADIMCD-2025-01:0221,APUV1-6679e3acc810c0568831853a,APUCON-6d7116c659f784575a6d579c,EC-GAD-DAULE-LPI-GADIMCD-2025-01,REGENERACION,221,PROVISION E INSTALACION DE TUTOR,u,0.050000,3.732000,0.2000,0.746000,0.000000,4.478000,4.480000,4,ANALISIS-DE-PRECIOS-UNITARIOS.xlsx,sheet1,18807,6679e3acc810c0568831853a85edb7f8885346628489e029518a1d1ec6c12fba
EC-GAD-DAULE-LPI-GADIMCD-2025-01:0222,APUV1-75c723eb6e57ce23be37cac7,APUCON-52d9e8e8ec1b6beb1650105d,EC-GAD-DAULE-LPI-GADIMCD-2025-01,REGENERACION,222,DESALOJO DE MATERIAL SOBRANTE,m3,0.040000,1.838000,0.2000,0.368000,0.000000,2.206000,2.210000,5,ANALISIS-DE-PRECIOS-UNITARIOS.xlsx,sheet1,18892,75c723eb6e57ce23be37cac7efbcfee7a44a8461dd6bbfea5a2ec42cdc91add3
EC-GAD-DAULE-LPI-GADIMCD-2025-01:0223,APUV1-c8497a9d3f9cd3e7985d8825,APUCON-cc576e73cb072356c3de3dd7,EC-GAD-DAULE-LPI-GADIMCD-2025-01,REGENERACION,223,PODA DE VEGETACION BAJA,m2,0.014700,0.204000,0.2000,0.041000,0.000000,0.245000,0.250000,3,ANALISIS-DE-PRECIOS-UNITARIOS.xlsx,sheet1,18977,c8497a9d3f9cd3e7985d8825fd41630eb0ac4676784f8bf0e6eb12a46531fbd5
EC-GAD-DAULE-LPI-GADIMCD-2025-01:0224,APUV1-c2ce08638ff855ae296b3496,APUCON-89951b15699180d81cb1396a,EC-GAD-DAULE-LPI-GADIMCD-2025-01,REGENERACION,224,LIMPIEZA MANUAL DE MALEZA,m2,0.019100,0.265000,0.2000,0.053000,0.000000,0.318000,0.320000,3,ANALISIS-DE-PRECIOS-UNITARIOS.xlsx,sheet1,19062,c2ce08638ff855ae296b34960926b708978796d6f20b585987a8a284ea467051
EC-GAD-DAULE-LPI-GADIMCD-2025-01:0225,APUV1-e2fe5da28de985daaf7a9f47,APUCON-536d2584e44a7d9f9e4717cc,EC-GAD-DAULE-LPI-GADIMCD-2025-01,REGENERACION,225,FUMIGACION CONTROL FITOSANITARIO,m2,0.001810,0.069000,0.2000,0.014000,0.000000,0.083000,0.080000,5,ANALISIS-DE-PRECIOS-UNITARIOS.xlsx,sheet1,19147,e2fe5da28de985daaf7a9f47868c7859d76fa72b4bd8df1eab4b25719701d16c
EC-GAD-DAULE-LPI-GADIMCD-2025-01:0226,APUV1-675d76c372ddf37cce975146,APUCON-e276e9aac8e739de0e353c16,EC-GAD-DAULE-LPI-GADIMCD-2025-01,REGENERACION,226,FERTILIZACION (FOLIAR Y EDAFICA),m2,0.001490,0.070000,0.2000,0.014000,0.000000,0.084000,0.080000,6,ANALISIS-DE-PRECIOS-UNITARIOS.xlsx,sheet1,19232,675d76c372ddf37cce975146ca87cb6c06f62f0fa14d7ceaa712e3fc5de8cb59
EC-GAD-DAULE-LPI-GADIMCD-2025-01:0227,APUV1-c982cec15cce9ac6e859375a,APUCON-8c041ba8c001599b75408535,EC-GAD-DAULE-LPI-GADIMCD-2025-01,REGENERACION,227,"BARRIDO, LIMPIEZA Y DESALOJO",u,5.000000,979.393000,0.2000,195.879000,0.000000,1175.272000,1175.270000,9,ANALISIS-DE-PRECIOS-UNITARIOS.xlsx,sheet1,19317,c982cec15cce9ac6e859375ab703facfa8206d151899d93b45308011710f164a
EC-GAD-DAULE-LPI-GADIMCD-2025-01:0228,APUV1-027d460d7425bfb2adbdf49e,APUCON-f44a53a18e316abb20d69d50,EC-GAD-DAULE-LPI-GADIMCD-2025-01,REGENERACION,228,SUMINISTRO Y COLOCACION DE TIERRA PREPARADA (INCL. TRANSPORTE),m3,0.250000,29.468000,0.2000,5.894000,0.000000,35.362000,35.360000,4,ANALISIS-DE-PRECIOS-UNITARIOS.xlsx,sheet1,19402,027d460d7425bfb2adbdf49e44b12661f10b6a3e9fc281471cdc37883dbb8ad0
EC-GAD-DAULE-LPI-GADIMCD-2025-01:0229,APUV1-9d5d9c8391372d0acca70615,APUCON-3114b9b332392a9447c9bb93,EC-GAD-DAULE-LPI-GADIMCD-2025-01,REGENERACION,229,"SUMINISTRO Y PLANTACION DE DURANTA REPENS VAR. GOLD EDGE (DURANTA H=0,30m)",u,0.075000,1.457000,0.2000,0.291000,0.000000,1.748000,1.750000,4,ANALISIS-DE-PRECIOS-UNITARIOS.xlsx,sheet1,19487,9d5d9c8391372d0acca706159dc249446504d09fa47085d787e351d1c318fbde
EC-GAD-DAULE-LPI-GADIMCD-2025-01:0230,APUV1-2b7c755a816427afe023f5e9,APUCON-33c3a0d3563fbd421efeb211,EC-GAD-DAULE-LPI-GADIMCD-2025-01,REGENERACION,230,SUMINISTRO E INSTALACION DE CESPED MANI H=0.15m - AROQUIS PINTOI,u,0.005190,0.162000,0.2000,0.032000,0.000000,0.194000,0.190000,4,ANALISIS-DE-PRECIOS-UNITARIOS.xlsx,sheet1,19572,2b7c755a816427afe023f5e934e2e2c06c10fc8f59b8857bac7f9ed5036b2f77
EC-GAD-DAULE-LPI-GADIMCD-2025-01:0231,APUV1-70dfe64f0a980481c835f1ad,APUCON-102397035d399ba4a4ecfd02,EC-GAD-DAULE-LPI-GADIMCD-2025-01,REGENERACION,231,SUMINISTRO E INSTALACION DE TABEUIA CARAIBA (GUAYACAN AMARILLO H=3m - H=4m),u,0.040000,52.517000,0.2000,10.503000,0.000000,63.020000,63.020000,4,ANALISIS-DE-PRECIOS-UNITARIOS.xlsx,sheet1,19657,70dfe64f0a980481c835f1adf1530d1854aa9d3c7ba4a60df9ce860b65b58b7e
EC-GAD-DAULE-LPI-GADIMCD-2025-01:0232,APUV1-2b7c755a816427afe023f5e9,APUCON-33c3a0d3563fbd421efeb211,EC-GAD-DAULE-LPI-GADIMCD-2025-01,REGENERACION,232,SUMINISTRO E INSTALACION DE CESPED MANI H=0.15m - AROQUIS PINTOI,u,0.005190,0.162000,0.2000,0.032000,0.000000,0.194000,0.190000,4,ANALISIS-DE-PRECIOS-UNITARIOS.xlsx,sheet1,19742,2b7c755a816427afe023f5e934e2e2c06c10fc8f59b8857bac7f9ed5036b2f77
EC-GAD-DAULE-LPI-GADIMCD-2025-01:0233,APUV1-89b2f75dbdfa79bac547baea,APUCON-e37683a62a96d0cac87b02c5,EC-GAD-DAULE-LPI-GADIMCD-2025-01,REGENERACION,233,PROVISION E INSTALACION DE SEÑAL VERTICAL INFORMATIVA O REGLAMENTARIA DE ALUMINIO DE 2mm CON VYNIL REFLECTIVO DE GRADO XI E IMPRESIÓN DIGITAL (INCL. ELEMENTO DE SUJECCION Y ESTRUCTURA Y SOPORTE 75x75 (LIMITE DE VELOCIDAD MAXIMA),u,0.824100,158.669000,0.2000,31.734000,0.000000,190.403000,190.400000,7,ANALISIS-DE-PRECIOS-UNITARIOS.xlsx,sheet1,19827,89b2f75dbdfa79bac547baeaca9cf431edfd31ca0142a3b25d6d1ec8c5f0d4fb
EC-GAD-DAULE-LPI-GADIMCD-2025-01:0234,APUV1-e9089a1ea9ae21ee9c8d187a,APUCON-a2a137b89dde1314408281bb,EC-GAD-DAULE-LPI-GADIMCD-2025-01,REGENERACION,234,PROVISION E INSTALACION DE SEÑAL VERTICAL INFORMATIVA O REGLAMENTARIA DE ALUMINIO DE 2mm CON VYNIL REFLECTIVO DE GRADO XI NORMA ASTM D4956 E IMPRESIÓN DIGITAL (INCL. ELEMENTO DE SUJECCION Y ESTRUCTURA Y SOPORTE 60x30 (GRAFICO DE GRUA),u,0.550000,142.260000,0.2000,28.452000,0.000000,170.712000,170.710000,8,ANALISIS-DE-PRECIOS-UNITARIOS.xlsx,sheet1,19912,e9089a1ea9ae21ee9c8d187a22e5ec573867fdce095dd24003276c40d33024b4
EC-GAD-DAULE-LPI-GADIMCD-2025-01:0235,APUV1-32da728c69d55b5505f78ff9,APUCON-d9344ab812c86efb6d29fe36,EC-GAD-DAULE-LPI-GADIMCD-2025-01,REGENERACION,235,PROVISION E INSTALACION DE SEÑAL VERTICAL INFORMATIVA O REGLAMENTARIA DE ALUMINIO DE 2mm CON VYNIL REFLECTIVO DE GRADO XI NORMA ASTM D4956 E IMPRESIÓN DIGITAL (INCL. ELEMENTOS DE SUJECCION Y ESTRUCTURA Y SOPORTE 60x60 (DISCO PARE),u,0.500000,137.840000,0.2000,27.568000,0.000000,165.408000,165.410000,7,ANALISIS-DE-PRECIOS-UNITARIOS.xlsx,sheet1,19997,32da728c69d55b5505f78ff9a1b414f2c0e2f8f4ca2cb066829e0bff5912b655
EC-GAD-DAULE-LPI-GADIMCD-2025-01:0236,APUV1-e1b68372602b2d87463bc496,APUCON-1f312d538ee3dab30dd46e8f,EC-GAD-DAULE-LPI-GADIMCD-2025-01,REGENERACION,236,PROVISION E INSTALACION DE SEÑAL VERTICAL INFORMATIVA O REGLAMENTARIA DE ALUMINIO DE 2mm CON VYNIL REFLECTIVO DE GRADO XI NORMA ASTM D4956 E IMPRESIÓN DIGITAL (INCL. ELEMENTO DE SUJECCION Y ESTRUCTURA Y SOPORTE 60x60 (PROHIBIDO ESTACIONAR),u,0.430000,142.505000,0.2000,28.501000,0.000000,171.006000,171.010000,8,ANALISIS-DE-PRECIOS-UNITARIOS.xlsx,sheet1,20082,e1b68372602b2d87463bc49613374f697fbb43e2ecec9d49ff7d95dbb6494581
EC-GAD-DAULE-LPI-GADIMCD-2025-01:0237,APUV1-a83a8fd8e2d2b96641c7ce63,APUCON-893dd4db0a30303a59b51516,EC-GAD-DAULE-LPI-GADIMCD-2025-01,REGENERACION,237,PROVISION E INSTALACION DE SEÑAL VERTICAL INFORMATIVA O REGLAMENTARIA DE ALUMINIO DE 2mm CON VYNIL REFLECTIVO DE GRADO XI NORMA ASTM D4956 E IMPRESIÓN DIGITAL (INCL. ELEMENTOS DE SUJECCION Y ESTRUCTURA Y SOPORTE 90x30 (UNA VIA)),u,0.551000,139.047000,0.2000,27.809000,0.000000,166.856000,166.860000,7,ANALISIS-DE-PRECIOS-UNITARIOS.xlsx,sheet1,20167,a83a8fd8e2d2b96641c7ce63a88e688eeeb0baeb7a8def7377c22bb44db94385
EC-GAD-DAULE-LPI-GADIMCD-2025-01:0238,APUV1-8a0c2160ded78a239d6a9684,APUCON-69177fa4859fa35b57c6f113,EC-GAD-DAULE-LPI-GADIMCD-2025-01,REGENERACION,238,PROVISION E INSTALACION DE SEÑAL VERTICAL INFORMATIVA O REGLAMENTARIA DE ALUMINIO DE 2mm CON VYNIL REFLECTIVO DE GRADO XI NORMA ASTM D4956 E IMPRESIÓN DIGITAL (INCL. ELEMENTO DE SUJECCION Y ESTRUCTURA Y SOPORTE 90x30) (DOBLE VIA Y OTROS)),u,0.400000,161.992000,0.2000,32.398000,0.000000,194.390000,194.390000,8,ANALISIS-DE-PRECIOS-UNITARIOS.xlsx,sheet1,20252,8a0c2160ded78a239d6a96845c260ae3b5cb7e80c215bc1494d2ee9523aeaacb
EC-GAD-DAULE-LPI-GADIMCD-2025-01:0239,APUV1-f15837326f21b7d52ec65936,APUCON-c91e07da993f8e8f1dffd6ae,EC-GAD-DAULE-LPI-GADIMCD-2025-01,REGENERACION,239,PROVISION E INSTALACION DE SEÑAL VERTICAL INFORMATIVA O REGLAMENTARIA DE ALUMINIO DE 2mm CON VYNIL REFLECTIVO DE GRADO XI (INCL. ELEMENTOS DE SUJECCION Y ESTRUCTURA Y SOPORTE 30x45 (ESTACIONAMIENTO EXCLUSIVO PARA PERSONAS CON MOVILIDAD REDUCIDA),u,0.500000,137.840000,0.2000,27.568000,0.000000,165.408000,165.410000,7,ANALISIS-DE-PRECIOS-UNITARIOS.xlsx,sheet1,20337,f15837326f21b7d52ec659360945e61ded8c4134db99bbb7bf166663ea8661b5
EC-GAD-DAULE-LPI-GADIMCD-2025-01:0240,APUV1-1ca4ee491faf5f998704e35a,APUCON-1e7bf01700461deeebcbbda4,EC-GAD-DAULE-LPI-GADIMCD-2025-01,REGENERACION,240,PROVISION E INSTALACION DE SEÑAL VERTICAL INFORMATIVA O REGLAMENTARIA DE ALUMINIO DE 2mm CON VYNIL REFLECTIVO DE GRADO XI NORMA ASTM D4956 E IMPRESIÓN DIGITAL (INCL. ELEMENTOS DE SUJECCION Y ESTRUCTURA Y SOPORTE 60x60 (PERMITIDO ESTACIONAR),u,0.550000,139.723000,0.2000,27.945000,0.000000,167.668000,167.670000,7,ANALISIS-DE-PRECIOS-UNITARIOS.xlsx,sheet1,20422,1ca4ee491faf5f998704e35a9741926d142f4bfe9c9f3a9d9888419d98e34da0
EC-GAD-DAULE-LPI-GADIMCD-2025-01:0241,APUV1-dea0ef338054fa9d90d37a98,APUCON-dcc4d0d373c1c60eea760b0e,EC-GAD-DAULE-LPI-GADIMCD-2025-01,REGENERACION,241,"PROVISION E INSTALACION DE SEÑAL VERTICAL INFORMATIVA O REGLAMENTARIA DE ALUMINIO DE 2mm CON VYNIL REFLECTIVO DE GRADO XI NORMA ASTM D4956 E IMPRESIÓN DIGITAL (INCL. ELEMENTOS DE SUJECCION, ESTRUCTURA Y SOPORTE (PROXIMIDAD DE CRUCE DE CICLOVIA))",u,0.495000,136.722000,0.2000,27.344000,0.000000,164.066000,164.070000,7,ANALISIS-DE-PRECIOS-UNITARIOS.xlsx,sheet1,20507,dea0ef338054fa9d90d37a98c421946def7e505242bd236e472d048bf66c4514
EC-GAD-DAULE-LPI-GADIMCD-2025-01:0242,APUV1-6261e66ee9a5c8915ac95a6f,APUCON-5119f215e4ffba99ddad6416,EC-GAD-DAULE-LPI-GADIMCD-2025-01,REGENERACION,242,LETRERO DE NOMBRES DE CALLES EN LOS PREDIOS ESQUINEROS SEGÚN ESPECIFICACION (INCL. SUJECCION),u,0.240000,109.761000,0.2000,21.952000,0.000000,131.713000,131.710000,6,ANALISIS-DE-PRECIOS-UNITARIOS.xlsx,sheet1,20592,6261e66ee9a5c8915ac95a6fe21457ad4877183ad84865980796be5bd5d527c5
EC-GAD-DAULE-LPI-GADIMCD-2025-01:0243,APUV1-b2c2be98951018e61ab66b8c,APUCON-443cbba2e46fbac430ab42a7,EC-GAD-DAULE-LPI-GADIMCD-2025-01,REGENERACION,243,PROVISION E INSTALACION DE SEÑAL VERTICAL INFORMATIVA O REGLAMENTARIA DE ALUMINIO DE 2mm CON VYNIL REFLECTIVO DE GRADO XI NORMA ASTM D4956 E IMPRESIÓN DIGITAL (INCL. ELEMENTOS DE SUJECCION Y ESTRUCTURA Y SOPORTE 60x60 (NO ENTRE)),u,0.410000,141.696000,0.2000,28.339000,0.000000,170.035000,170.040000,8,ANALISIS-DE-PRECIOS-UNITARIOS.xlsx,sheet1,20677,b2c2be98951018e61ab66b8ccd22c4db8dd876b3da82763af2b536006c912673
EC-GAD-DAULE-LPI-GADIMCD-2025-01:0244,APUV1-874c21d20108b05ec1b22461,APUCON-6b04e8e6dd6bcedfae30234f,EC-GAD-DAULE-LPI-GADIMCD-2025-01,REGENERACION,244,PROVISION E INSTALACION DE SEÑAL VERTICAL INFORMATIVA O REGLAMENTARIA DE ALUMINIO DE 2mm CON VYNIL REFLECTIVO DE GRADO XI NORMA ASTM D4956 E IMPRESIÓN DIGITAL (INCL. ELEMENTOS DE SUJECCION Y ESTRUCTURA Y SOPORTE 60x60 (SOLO BICICLETAS)),u,0.411000,141.737000,0.2000,28.347000,0.000000,170.084000,170.080000,8,ANALISIS-DE-PRECIOS-UNITARIOS.xlsx,sheet1,20762,874c21d20108b05ec1b2246191066a0392464b461849ebb61ae0e84d4ef63a7d
EC-GAD-DAULE-LPI-GADIMCD-2025-01:0245,APUV1-16adf6af005e5e774ec6d1c6,APUCON-23ef73abc5fcff9e42a5acf6,EC-GAD-DAULE-LPI-GADIMCD-2025-01,REGENERACION,245,PROVISION E INSTALACION DE SEÑAL VERTICAL INFORMATIVA O REGLAMENTARIA DE ALUMINIO DE 2mm CON VYNIL REFLECTIVO DE GRADO XI NORMA ASTM D4956 E IMPRESIÓN DIGITAL (INCL. ELEMENTOS DE SUJECCION Y ESTRUCTURA Y SOPORTE 60x60 (ESTACIONAR SOLO MOTO),u,0.411100,141.741000,0.2000,28.348000,0.000000,170.089000,170.090000,8,ANALISIS-DE-PRECIOS-UNITARIOS.xlsx,sheet1,20847,16adf6af005e5e774ec6d1c69a7609dafaf7f4d9fe665a498ffe8a20a690691f
EC-GAD-DAULE-LPI-GADIMCD-2025-01:0246,APUV1-3f51e6b4988e94be156da223,APUCON-8779deb5941f49ae5c011f65,EC-GAD-DAULE-LPI-GADIMCD-2025-01,REGENERACION,246,"SUMINISTRO E INSTALACION DE MODULOS PARA PARQUEO DE BICICLETA CON TUBERIA DE ACERO INOXIDABLE D=2"" (63mm); E=2mm (INCL. BASE DE HORMIGON)",u,0.250000,108.426000,0.2000,21.685000,0.000000,130.111000,130.110000,8,ANALISIS-DE-PRECIOS-UNITARIOS.xlsx,sheet1,20932,3f51e6b4988e94be156da223b99e736b519e4c2f1ed3121c4f54b65952373f1e
EC-GAD-DAULE-LPI-GADIMCD-2025-01:0247,APUV1-9c11d674e7f5296e2bc46c47,APUCON-3b30932c18177e45903ad3d7,EC-GAD-DAULE-LPI-GADIMCD-2025-01,REGENERACION,247,"MARCA DE PAVIMENTO CON PINTURA TERMOPLASTICA E=2,3mm LINEA DIVISORIAS ANCHO DE 12,5cm (INCL. MICROESFERAS LINEA DE PARQUEO)",m,0.010230,3.800000,0.2000,0.760000,0.000000,4.560000,4.560000,16,ANALISIS-DE-PRECIOS-UNITARIOS.xlsx,sheet1,21017,9c11d674e7f5296e2bc46c474bd18b018cdb8fea805bb72711c2f2f9ffa4b1bb
EC-GAD-DAULE-LPI-GADIMCD-2025-01:0248,APUV1-e77da3d72140e684fe1ac593,APUCON-1f39f7115df4437939b91565,EC-GAD-DAULE-LPI-GADIMCD-2025-01,REGENERACION,248,"MARCA DE PAVIMENTO CON TERMOPLASTICO PREFORMADO E=2,3mm DISEÑO PASO CEBRA Y LINEA DE PARE",m2,0.090000,36.069000,0.2000,7.214000,0.000000,43.283000,43.280000,17,ANALISIS-DE-PRECIOS-UNITARIOS.xlsx,sheet1,21102,e77da3d72140e684fe1ac593c98dd75c78b2efcc07fbd5cb9b19ef774c67c1ab
EC-GAD-DAULE-LPI-GADIMCD-2025-01:0249,APUV1-f6beb436af3ebc0888ebe3a6,APUCON-c69f57fa877368e20997d03d,EC-GAD-DAULE-LPI-GADIMCD-2025-01,REGENERACION,249,"MARCA DE PAVIMENTO CON PINTURA TERMOPLASTICA E=2,3mm LINEA DIVISORIAS ANCHO DE 12,5 cm (INCL. MICROESFERA LINEA DE EJE DE VIA Y BORDE)",m,0.010900,3.748000,0.2000,0.750000,0.000000,4.498000,4.500000,17,ANALISIS-DE-PRECIOS-UNITARIOS.xlsx,sheet1,21187,f6beb436af3ebc0888ebe3a64c74dc1d90f392bc80f3c7e2e3a9bb6025f76d85
EC-GAD-DAULE-LPI-GADIMCD-2025-01:0250,APUV1-4c362e027267b7768da8f339,APUCON-5eb89d60471383c3a6b8207d,EC-GAD-DAULE-LPI-GADIMCD-2025-01,REGENERACION,250,"MARCA DE PAVIMENTO CON PINTURA TERMOPLASTICA E=2,3mm LINEA DIVISORIAS ANCHO DE 12,5cm (INCL. MICROESFERA LINEA DE PARADA ANTES DEL PASO CEBRA)",m,0.005100,4.048000,0.2000,0.810000,0.000000,4.858000,4.860000,17,ANALISIS-DE-PRECIOS-UNITARIOS.xlsx,sheet1,21272,4c362e027267b7768da8f339bede51a5b97a8f8b4863cd73f6ee58fa5bcf5d52
EC-GAD-DAULE-LPI-GADIMCD-2025-01:0251,APUV1-60ce588f297d17c3bb520d0e,APUCON-17dd13baecaaae1aadb056b5,EC-GAD-DAULE-LPI-GADIMCD-2025-01,REGENERACION,251,"MARCA DE PAVIMENTO CON TERMOPLASTICO PREFORMADO DE E=2,3mm DISEÑO DE FLECHA RECTA",m2,0.010000,43.689000,0.2000,8.738000,0.000000,52.427000,52.430000,15,ANALISIS-DE-PRECIOS-UNITARIOS.xlsx,sheet1,21357,60ce588f297d17c3bb520d0e0392416804ed302880201d840c76cffd186e936f
EC-GAD-DAULE-LPI-GADIMCD-2025-01:0252,APUV1-0cb2281a16f04422260ac854,APUCON-e47f90a87e1708cff7d87c65,EC-GAD-DAULE-LPI-GADIMCD-2025-01,REGENERACION,252,"MARCA DE PAVIMENTO CON TERMOPLASTICO PREFORMADO DE E=2,3mm DISEÑO DE FLECHA COMBINADA",m2,0.010500,43.761000,0.2000,8.752000,0.000000,52.513000,52.510000,15,ANALISIS-DE-PRECIOS-UNITARIOS.xlsx,sheet1,21442,0cb2281a16f04422260ac85417df29cbb33d840c534fdcec74ae33ff301fa07c
EC-GAD-DAULE-LPI-GADIMCD-2025-01:0253,APUV1-18cd1ea206b66578eea81b38,APUCON-fa9112ec2068cdf9b017ce28,EC-GAD-DAULE-LPI-GADIMCD-2025-01,REGENERACION,253,"MARCA DE PAVIMENTO CON TERMOPLASTICO PREFORMADO DE E=2,3mm DISEÑO DE FLECHA SOLO GIRAR",m2,0.010500,43.711000,0.2000,8.742000,0.000000,52.453000,52.450000,14,ANALISIS-DE-PRECIOS-UNITARIOS.xlsx,sheet1,21527,18cd1ea206b66578eea81b38ef2c0bdf319f547c050942455af5cdc3eaffd3c1
EC-GAD-DAULE-LPI-GADIMCD-2025-01:0254,APUV1-e8256fb5b2c83294f1305727,APUCON-383efec90020ad934cc17904,EC-GAD-DAULE-LPI-GADIMCD-2025-01,REGENERACION,254,"MARCA DE PAVIMENTO DISEÑO (MINUSVALIDO) EN TERMOPLASTICO PREFORMADO DE 2,3mm",u,0.500000,197.767000,0.2000,39.553000,0.000000,237.320000,237.320000,14,ANALISIS-DE-PRECIOS-UNITARIOS.xlsx,sheet1,21612,e8256fb5b2c83294f1305727b470d20694c491343344ae5fadf64f49872eef96
EC-GAD-DAULE-LPI-GADIMCD-2025-01:0255,APUV1-b10446ac2cb7a6c0d72f3123,APUCON-c16fccc67dbbd1a460a11321,EC-GAD-DAULE-LPI-GADIMCD-2025-01,REGENERACION,255,"DESMONTAJE Y TRASLADO A BODEGA MUNICIPAL: BASUREROS, BANCAS METALICAS, BOLARDOS E HIDRANTES",u,0.500000,29.415000,0.2000,5.883000,0.000000,35.298000,35.300000,9,ANALISIS-DE-PRECIOS-UNITARIOS.xlsx,sheet1,21697,b10446ac2cb7a6c0d72f3123c3ef536c066dae78933cf9031861a11f1b4c7166
EC-GAD-DAULE-LPI-GADIMCD-2025-01:0256,APUV1-ae483df95d48a1efd496585f,APUCON-3709686cadc742f5293dc7e6,EC-GAD-DAULE-LPI-GADIMCD-2025-01,REGENERACION,256,DESMONTAJE Y MONTAJE DE ADOQUINES DE ARCILLA DE VARIOS COLORES,m2,0.120000,6.594000,0.2000,1.319000,0.000000,7.913000,7.910000,7,ANALISIS-DE-PRECIOS-UNITARIOS.xlsx,sheet1,21782,ae483df95d48a1efd496585fcdb104cb26349158327bc95efd0c49dc2e9af597
EC-GAD-DAULE-LPI-GADIMCD-2025-01:0257,APUV1-31523e9e22de2ab4d3205dbf,APUCON-f21fa22ffb22ef2abe2f55e2,EC-GAD-DAULE-LPI-GADIMCD-2025-01,REGENERACION,257,DESMONTAJE Y TRASLADO A BODEGA MUNICIPAL: POSTES DE SEÑALIZACION,u,0.400000,34.509000,0.2000,6.902000,0.000000,41.411000,41.410000,9,ANALISIS-DE-PRECIOS-UNITARIOS.xlsx,sheet1,21867,31523e9e22de2ab4d3205dbff8cd08fe01e3d8cf57523e419944e81e4fe6e4e8
EC-GAD-DAULE-LPI-GADIMCD-2025-01:0258,APUV1-d320a64ff877b122f1c90a7c,APUCON-e71904c3f4878271f24c8b92,EC-GAD-DAULE-LPI-GADIMCD-2025-01,REGENERACION,258,DESMONTAJE Y ENTREGA A SUS PROPIETARIOS DE LETREROS DE PUBLICIDAD,u,0.800000,21.104000,0.2000,4.221000,0.000000,25.325000,25.330000,5,ANALISIS-DE-PRECIOS-UNITARIOS.xlsx,sheet1,21952,d320a64ff877b122f1c90a7cd2996f8707ef0d85f56bdce350095ea00cabe31f
EC-GAD-DAULE-LPI-GADIMCD-2025-01:0259,APUV1-f994f4ed9bf328aae218773f,APUCON-cad622389b8de135093f7a18,EC-GAD-DAULE-LPI-GADIMCD-2025-01,REGENERACION,259,"APUNTALAMIENTO PROVISIONAL: POSTE DE LUZ, COMUNICACION, SEMAFORIZACION, LETRERO PUBLICITARIO Y ARBOLES",u,0.500000,31.417000,0.2000,6.283000,0.000000,37.700000,37.700000,10,ANALISIS-DE-PRECIOS-UNITARIOS.xlsx,sheet1,22037,f994f4ed9bf328aae218773f043f668b462ae462e125a94a321308c3cefa45c0
EC-GAD-DAULE-LPI-GADIMCD-2025-01:0260,APUV1-54dd3fd32dd6e271d0527b43,APUCON-0bcf0ef2c73a0fe52539bec7,EC-GAD-DAULE-LPI-GADIMCD-2025-01,REGENERACION,260,DESMONTAJE Y TRASLADO A BODEGA MUNICIPAL: REJILLAS PARA SUMIDEROS,u,0.400000,21.611000,0.2000,4.322000,0.000000,25.933000,25.930000,7,ANALISIS-DE-PRECIOS-UNITARIOS.xlsx,sheet1,22122,54dd3fd32dd6e271d0527b4328dabd19b39bdf661caf5fc648336e5a29ccb62a
EC-GAD-DAULE-LPI-GADIMCD-2025-01:0261,APUV1-c2d082836033278a20329f0d,APUCON-4254e25c0ab0f4b242d7048c,EC-GAD-DAULE-LPI-GADIMCD-2025-01,REGENERACION,261,"TRANSPORTE DE TAPA DE CAJA SOBRANTE DE LA UNIDAD ELECTRICA, CORPORACION NACIONAL DE TELECOMUNICACIONES Y EMPRESA DE AGUA POTABLE",u,0.305000,7.918000,0.2000,1.584000,0.000000,9.502000,9.500000,5,ANALISIS-DE-PRECIOS-UNITARIOS.xlsx,sheet1,22207,c2d082836033278a20329f0d929670e9a0fa6423d5026cf74ff9be70bc60d41c
EC-GAD-DAULE-LPI-GADIMCD-2025-01:0262,APUV1-a65a186f4e3d7f4bb215d2dc,APUCON-4c579a225cdbc566309c45fc,EC-GAD-DAULE-LPI-GADIMCD-2025-01,REGENERACION,262,DESMONTAJE DE TECHO EXISTENTE Y ESTRUCTURAS METALICAS EXISTENTE Y ENTREGA A SU PROPIETARIO,m2,0.377000,10.041000,0.2000,2.008000,0.000000,12.049000,12.050000,8,ANALISIS-DE-PRECIOS-UNITARIOS.xlsx,sheet1,22292,a65a186f4e3d7f4bb215d2dc1f4bde2477fb154971ac3fa115d3ac2ff7ca335c
EC-GAD-DAULE-LPI-GADIMCD-2025-01:0263,APUV1-263e721b380b6d0a5feb2cd3,APUCON-6a56b34054b067ab1be7980b,EC-GAD-DAULE-LPI-GADIMCD-2025-01,REGENERACION,263,DESMONTAJE DE CERRAMIENTO Y ESTRUCTURA METALICA EXISTENTES Y ENTREGA A PROPIETARIO,m2,0.550000,29.884000,0.2000,5.977000,0.000000,35.861000,35.860000,8,ANALISIS-DE-PRECIOS-UNITARIOS.xlsx,sheet1,22377,263e721b380b6d0a5feb2cd3853594a4e5386b2812029d826a9f2de55440e08e
EC-GAD-DAULE-LPI-GADIMCD-2025-01:0264,APUV1-78ef0ee34f0e1b1240ed98c4,APUCON-255c24f4df21c478baa00410,EC-GAD-DAULE-LPI-GADIMCD-2025-01,REGENERACION,264,RETIRADA DE POSTE CON LUMINARIAS Y ENTREGA A PROPIETARIO,u,0.501000,31.408000,0.2000,6.282000,0.000000,37.690000,37.690000,9,ANALISIS-DE-PRECIOS-UNITARIOS.xlsx,sheet1,22462,78ef0ee34f0e1b1240ed98c456e651cab2036a5866635266cba10d0c4dab0c81
EC-GAD-DAULE-LPI-GADIMCD-2025-01:0265,APUV1-98ca4cc3a947d1ed221924c8,APUCON-a3f915e09459d106dedf3b20,EC-GAD-DAULE-LPI-GADIMCD-2025-01,REGENERACION,265,RETIRO DE PILARES DE MADERA,u,0.250000,20.662000,0.2000,4.132000,0.000000,24.794000,24.790000,7,ANALISIS-DE-PRECIOS-UNITARIOS.xlsx,sheet1,22547,98ca4cc3a947d1ed221924c8963bc258bcfcfcbaaac8efe098ca285d9025503a
EC-GAD-DAULE-LPI-GADIMCD-2025-01:0266,APUV1-291267b13e5656ec83395506,APUCON-3d5597f1d010345cdd729fee,EC-GAD-DAULE-LPI-GADIMCD-2025-01,REGENERACION,266,DEMOLICION DE CONTRAPISO EN SOPORTALES Y ACERAS (INCLUYE RECUBRIMIENTOS Y DESALOJO),m2,0.065000,6.566000,0.2000,1.313000,0.000000,7.879000,7.880000,7,ANALISIS-DE-PRECIOS-UNITARIOS.xlsx,sheet1,22632,291267b13e5656ec83395506f3ac7dc8cae498c9b08bfc7e63741abb92ea7e7c
EC-GAD-DAULE-LPI-GADIMCD-2025-01:0267,APUV1-0558323a3914979963e403ff,APUCON-8c9793d0860dfdb645f8bf0f,EC-GAD-DAULE-LPI-GADIMCD-2025-01,REGENERACION,267,DEMOLICION CON MAQUINA DE BORDILLO CUNETA DE HORMIGON SIMPLE (INCL. DESALOJO),m,0.050000,4.370000,0.2000,0.874000,0.000000,5.244000,5.240000,8,ANALISIS-DE-PRECIOS-UNITARIOS.xlsx,sheet1,22717,0558323a3914979963e403ff0afcfa465215c766fe45453e499e27eaf835a086
EC-GAD-DAULE-LPI-GADIMCD-2025-01:0268,APUV1-72f984c95fa933be2b8d24b5,APUCON-469686e37bc293ea8bd47c8c,EC-GAD-DAULE-LPI-GADIMCD-2025-01,REGENERACION,268,"DEMOLICION Y DESALOJO CON MAQUINARIA DE HORMIGON SIMPLE, MUROS, MESAS, ESCALONES, SUMIDEROS, JARDINERAS, CAJAS EN ACERAS Y SOPORTALES (INCL. DESALOJO)",m3,0.320000,42.191000,0.2000,8.438000,0.000000,50.629000,50.630000,10,ANALISIS-DE-PRECIOS-UNITARIOS.xlsx,sheet1,22802,72f984c95fa933be2b8d24b59f199cae0b777908c0600d1352d2fdbbf9ebd01b
EC-GAD-DAULE-LPI-GADIMCD-2025-01:0269,APUV1-342004c0069fb1dd54364d5f,APUCON-9c5a62ffd75a7a3fedfb95ad,EC-GAD-DAULE-LPI-GADIMCD-2025-01,REGENERACION,269,DEMOLICION DE ESTRUCTURAS CON HORMIGON ARMADO (INCL. DESALOJO),m3,0.500000,58.538000,0.2000,11.708000,0.000000,70.246000,70.250000,9,ANALISIS-DE-PRECIOS-UNITARIOS.xlsx,sheet1,22887,342004c0069fb1dd54364d5f3d6ce4bd1b437339f728105135d1cbbc1f1aaab8
EC-GAD-DAULE-LPI-GADIMCD-2025-01:0270,APUV1-edb458a62381544549f95a85,APUCON-63d7e26de944fdfbaaa7939a,EC-GAD-DAULE-LPI-GADIMCD-2025-01,REGENERACION,270,DEMOLICION MANUAL Y DESALOJO DE CONTRAPISO Y OTROS ELEMENTOS DE HORMIGON,m3,0.750000,47.463000,0.2000,9.493000,0.000000,56.956000,56.960000,6,ANALISIS-DE-PRECIOS-UNITARIOS.xlsx,sheet1,22972,edb458a62381544549f95a859b636f48b2006abc6f3a932fc4e6085980e67db8
EC-GAD-DAULE-LPI-GADIMCD-2025-01:0271,APUV1-ad740b07566799d05e5aac24,APUCON-99c7972f0f58ef1759ba8972,EC-GAD-DAULE-LPI-GADIMCD-2025-01,REGENERACION,271,EXCAVACION A MAQUINA EN SUELO SIN CLASIFICAR (INCL. DESALOJO),m3,0.036050,3.459000,0.2000,0.692000,0.000000,4.151000,4.150000,7,ANALISIS-DE-PRECIOS-UNITARIOS.xlsx,sheet1,23057,ad740b07566799d05e5aac24fa09144509be4ab50e6e1a01b8a07ae6b6d4da3e
EC-GAD-DAULE-LPI-GADIMCD-2025-01:0272,APUV1-f235199e4a7e0d80bbfef84b,APUCON-d7c599ee0c19bfb629aaac4d,EC-GAD-DAULE-LPI-GADIMCD-2025-01,REGENERACION,272,"EXCAVACION A MANO EN SUELO SIN CLASIFICAR, PROFUNDIDAD DE (0 A 2.00m) (INCL. DESALOJO)",m3,0.140000,7.678000,0.2000,1.536000,0.000000,9.214000,9.210000,5,ANALISIS-DE-PRECIOS-UNITARIOS.xlsx,sheet1,23142,f235199e4a7e0d80bbfef84b4247d34925255aabddd15f94a2546df17322db29
EC-GAD-DAULE-LPI-GADIMCD-2025-01:0273,APUV1-9dbeb2a0a946926f167fee9e,APUCON-8c20ee7a19885ed5761bc8a9,EC-GAD-DAULE-LPI-GADIMCD-2025-01,REGENERACION,273,RELLENO COMPACTADO AL 95% DEL PROCTOR MODIFICADO CON MATERIAL DE PRESTAMO IMPORTADO (INCL. TRANSPORTE),m3,0.031000,11.959000,0.2000,2.392000,0.000000,14.351000,14.350000,13,ANALISIS-DE-PRECIOS-UNITARIOS.xlsx,sheet1,23227,9dbeb2a0a946926f167fee9ec59f4a25de64bed5dfd98bc2ac2c26e0b6af6aea
EC-GAD-DAULE-LPI-GADIMCD-2025-01:0274,APUV1-78b9dbe5c5fc629779d5ba01,APUCON-172b3d8bae5bbce2252fc718,EC-GAD-DAULE-LPI-GADIMCD-2025-01,REGENERACION,274,"MATERIAL - SUB BASE CLASE 3 (INCL. TRANSPORTE, TENDIDO Y COMPACTACION)",m3,0.055000,19.634000,0.2000,3.927000,0.000000,23.561000,23.560000,12,ANALISIS-DE-PRECIOS-UNITARIOS.xlsx,sheet1,23312,78b9dbe5c5fc629779d5ba016a81fd0578eed018c5ff6a4b4332e2f943866410
EC-GAD-DAULE-LPI-GADIMCD-2025-01:0275,APUV1-750cead950ad5588c359d601,APUCON-1b50084c9862758158ef0cec,EC-GAD-DAULE-LPI-GADIMCD-2025-01,REGENERACION,275,"RAMPA PEATONAL EN ACERAS HORMIGON SIMPLE F'C=210 KG/CM2, E=8CM (INCL. MALLA ELECTROSOLDADA 15x15cm Ø8mm, JUNTA CON MATERIAL BITUMINOSO, VIGA DE BORDE Y ACABADOS)",m2,0.100000,30.961000,0.2000,6.192000,0.000000,37.153000,37.150000,20,ANALISIS-DE-PRECIOS-UNITARIOS.xlsx,sheet1,23397,750cead950ad5588c359d6012be6d3d677428f98ba517724d410d10b3c48f08b
EC-GAD-DAULE-LPI-GADIMCD-2025-01:0276,APUV1-7c413b5b8ce7cf5c176d83ca,APUCON-613305b611d886934dd3da11,EC-GAD-DAULE-LPI-GADIMCD-2025-01,REGENERACION,276,"RAMPA VEHICULAR EN ACERA F'C=280 KG/CM2, E=15cm (CON DOBLE MALLA ELECTROSOLDADA Ø8mm C/15x15 cm)",m2,0.200000,39.759000,0.2000,7.952000,0.000000,47.711000,47.710000,19,ANALISIS-DE-PRECIOS-UNITARIOS.xlsx,sheet1,23482,7c413b5b8ce7cf5c176d83ca6e1eb717640e63b64a892c77d79fdf2486a45069
EC-GAD-DAULE-LPI-GADIMCD-2025-01:0277,APUV1-19b59767eebda1b967514d6b,APUCON-0d179378ffae6ae2259efdc0,EC-GAD-DAULE-LPI-GADIMCD-2025-01,REGENERACION,277,BORDILLO CUNETA TIPO 40x60x15cm CON HORMIGON SIMPLE F´C= 280 KG/CM2 (INCL. CURADOR Y SELLADO DE JUNTA CON MATERIAL BITUMINOSO),m,0.103100,23.168000,0.2000,4.634000,0.000000,27.802000,27.800000,18,ANALISIS-DE-PRECIOS-UNITARIOS.xlsx,sheet1,23567,19b59767eebda1b967514d6bb90b23128f814701cd2b8c0e7d71beb0a3d8e690
EC-GAD-DAULE-LPI-GADIMCD-2025-01:0278,APUV1-ed178c9553c4402d9c354db6,APUCON-741da37487f74ef47b3904cd,EC-GAD-DAULE-LPI-GADIMCD-2025-01,REGENERACION,278,BORDILLO DE RAMPA VEHICULAR Y PEATONAL CON HORMIGON SIMPLE F'C=280 KG/CM2 (INCL. CONSTRUCCION Y SELLADO DE JUNTAS),m,0.099500,17.049000,0.2000,3.410000,0.000000,20.459000,20.460000,18,ANALISIS-DE-PRECIOS-UNITARIOS.xlsx,sheet1,23652,ed178c9553c4402d9c354db6653f08cae7d2b1d14c018925b7c875fea3c6fc8c
EC-GAD-DAULE-LPI-GADIMCD-2025-01:0279,APUV1-5da038eb63b713dc9a982bd9,APUCON-7a96a92d60a2c3ed4e58677e,EC-GAD-DAULE-LPI-GADIMCD-2025-01,REGENERACION,279,BORDILLO SIN CUNETA CON HORMIGON SIMPLE F´C= 280 KG/CM2 (INCL. CONSTRUCCION Y SELLADO DE JUNTAS),m,0.100000,14.215000,0.2000,2.843000,0.000000,17.058000,17.060000,18,ANALISIS-DE-PRECIOS-UNITARIOS.xlsx,sheet1,23737,5da038eb63b713dc9a982bd97d407629026cabbacaa1cbcfe87fb64c341fd9bb
EC-GAD-DAULE-LPI-GADIMCD-2025-01:0280,APUV1-f3f554d3f6f0731d8062532c,APUCON-6c818d697e2ceebddda7a5ad,EC-GAD-DAULE-LPI-GADIMCD-2025-01,REGENERACION,280,CUNETA SIN BORDILLO CON HORMIGON SIMPLE F'C=280 KG/CM2 (INCL. CONSTRUCCION Y SELLADO DE JUNTAS),m,0.095000,13.751000,0.2000,2.750000,0.000000,16.501000,16.500000,18,ANALISIS-DE-PRECIOS-UNITARIOS.xlsx,sheet1,23822,f3f554d3f6f0731d8062532c27d8543ab9395ed5dc87b66f40fd501b404d0dbe
EC-GAD-DAULE-LPI-GADIMCD-2025-01:0281,APUV1-3334eebf2cf17c162693f3d0,APUCON-e6c327dcf5ac341aa5738240,EC-GAD-DAULE-LPI-GADIMCD-2025-01,REGENERACION,281,BORDILLO TIPO ESCALON DE HORMIGON SIMPLE F´C=210 KG/CM2 (DOBLE ESCALON),m,0.124000,32.863000,0.2000,6.573000,0.000000,39.436000,39.440000,18,ANALISIS-DE-PRECIOS-UNITARIOS.xlsx,sheet1,23907,3334eebf2cf17c162693f3d0103abb716c7a6a09325fe6d0e9d2902fc8f602f4
EC-GAD-DAULE-LPI-GADIMCD-2025-01:0282,APUV1-ee9a0d4439a893f778fa4c83,APUCON-126278f4831b2a77d966d8a8,EC-GAD-DAULE-LPI-GADIMCD-2025-01,REGENERACION,282,BORDILLO TIPO ESCALÓN SIN CUNETA DE HORMIGÓN SIMPLE F´C=210 KG/CM2 (DOBLE ESCALÓN),m,0.100000,27.891000,0.2000,5.578000,0.000000,33.469000,33.470000,18,ANALISIS-DE-PRECIOS-UNITARIOS.xlsx,sheet1,23992,ee9a0d4439a893f778fa4c839f3bfedc82f4beb272401678a1d62f15f9511d40
EC-GAD-DAULE-LPI-GADIMCD-2025-01:0283,APUV1-4639a40c6443ae93c148f3ac,APUCON-9a85a11571f6725a3f53956e,EC-GAD-DAULE-LPI-GADIMCD-2025-01,REGENERACION,283,BORDILLO TRIPLE ESCALON DE HORMIGON SIMPLE VISTO F´C=280KG/CM2 (BORDILLO TRIPLE ESCALÓN),m,0.200000,44.097000,0.2000,8.819000,0.000000,52.916000,52.920000,18,ANALISIS-DE-PRECIOS-UNITARIOS.xlsx,sheet1,24077,4639a40c6443ae93c148f3acd24abcb60fa29e8ca9beaba804b2b74db3bf2298
EC-GAD-DAULE-LPI-GADIMCD-2025-01:0284,APUV1-d29bb0fc60fdb5c50a909a69,APUCON-5d97b5475adb4a3cdd47232f,EC-GAD-DAULE-LPI-GADIMCD-2025-01,REGENERACION,284,ESCALONES Y RAMPAS EN SOPORTALES DE HORMIGÓN F`C=210KG/CM2,m3,2.000000,203.116000,0.2000,40.623000,0.000000,243.739000,243.740000,17,ANALISIS-DE-PRECIOS-UNITARIOS.xlsx,sheet1,24162,d29bb0fc60fdb5c50a909a69663b6277142f5414eab202bfc67a3fdcf5b36ef2
EC-GAD-DAULE-LPI-GADIMCD-2025-01:0285,APUV1-5caaaef4a10af7bf542ae505,APUCON-ce7787b78fd64efb4c418209,EC-GAD-DAULE-LPI-GADIMCD-2025-01,REGENERACION,285,"HORMIGÓN SIMPLE PARA CAJAS, DUCTOS, ENCAMISADOS, TAPAS, BORDILLOS EN ACERAS, PILARES, VIGUETAS Y SOPORTALES F´C=210 KG/CM2 / (INCL. ENCOFRADO)",m3,4.000000,293.818000,0.2000,58.764000,0.000000,352.582000,352.580000,17,ANALISIS-DE-PRECIOS-UNITARIOS.xlsx,sheet1,24247,5caaaef4a10af7bf542ae5053cab65967eb4f7dc44bace2cebd553738e7e1985
EC-GAD-DAULE-LPI-GADIMCD-2025-01:0286,APUV1-d9ccc3107e7a8625dffff2ac,APUCON-c70108205f89db564999d0d4,EC-GAD-DAULE-LPI-GADIMCD-2025-01,REGENERACION,286,HORMIGÓN FUNDIDO CON PIGMENTO TONO SIMILAR AL ADOQUÍN E= 8 CM,m2,0.150000,11.387000,0.2000,2.277000,0.000000,13.664000,13.660000,13,ANALISIS-DE-PRECIOS-UNITARIOS.xlsx,sheet1,24332,d9ccc3107e7a8625dffff2ac48027db7bdf8594d87af373f746a99ddd05c1420
EC-GAD-DAULE-LPI-GADIMCD-2025-01:0287,APUV1-37f4d3c87e3b61274246a220,APUCON-cbbb2ec5f83f3fa5e1234a47,EC-GAD-DAULE-LPI-GADIMCD-2025-01,REGENERACION,287,"HORMIGÓN ARMADO PARA COLUMNAS, RIOSTRAS, VIGAS DE AMARRE F´C=210 KG/CM2 (INCL. ENCOFRADO)",m3,1.990000,245.277000,0.2000,49.055000,0.000000,294.332000,294.330000,20,ANALISIS-DE-PRECIOS-UNITARIOS.xlsx,sheet1,24417,37f4d3c87e3b61274246a220b15f565a8111827256c4cf01dc99e2892295d1c1
EC-GAD-DAULE-LPI-GADIMCD-2025-01:0288,APUV1-a4f4323ae28cd75d8d00c652,APUCON-2d04088de5e55f9850ef5893,EC-GAD-DAULE-LPI-GADIMCD-2025-01,REGENERACION,288,MURO SEPARADOR DE PISO HORMIGON SIMPLE F'C=210 KG/CM2 DE 15x15 cm (INCL. MURO DE CONFINAMIENTO DE ADOQUIN),m,0.200000,9.804000,0.2000,1.961000,0.000000,11.765000,11.770000,18,ANALISIS-DE-PRECIOS-UNITARIOS.xlsx,sheet1,24502,a4f4323ae28cd75d8d00c652f937f428673dad223aea569a3a92e30b20fb3b9d
EC-GAD-DAULE-LPI-GADIMCD-2025-01:0289,APUV1-93a07c8cf130ec6404adbb75,APUCON-36a5eb1c37d250073c05e10a,EC-GAD-DAULE-LPI-GADIMCD-2025-01,REGENERACION,289,"ACERA O CAMINERA CON HORMIGON SIMPLE F'C=210 KG/CM2; E=10cm ACABADO DE HORMIGON BARRIDO O ACANALADO (INCL. MALLA ELECTROSOLDADA 5.5mm 15x15, ADITIVO CURADOR Y MATERIAL BITUMINOSO PARA JUNTAS DE 8 A 10mm CADA 3.5m)",m2,0.079200,16.996000,0.2000,3.399000,0.000000,20.395000,20.400000,19,ANALISIS-DE-PRECIOS-UNITARIOS.xlsx,sheet1,24587,93a07c8cf130ec6404adbb751778f5bb6066020f51a3dcbdb9904d0b41558f9f
EC-GAD-DAULE-LPI-GADIMCD-2025-01:0290,APUV1-b0cbb62906d471e58c060464,APUCON-857379764daa0aa600a3b831,EC-GAD-DAULE-LPI-GADIMCD-2025-01,REGENERACION,290,CONTRAPISO DE HORMIGON SIMPLE F`C=210 KG/CM2; E=8CM (INCL. ENCOFRADO),m2,0.200000,15.247000,0.2000,3.049000,0.000000,18.296000,18.300000,17,ANALISIS-DE-PRECIOS-UNITARIOS.xlsx,sheet1,24672,b0cbb62906d471e58c0604647ce96bebcfe72e2f73483bdc598b8aca8a6ced42
EC-GAD-DAULE-LPI-GADIMCD-2025-01:0291,APUV1-d117dec6f1b38c4b4410cddb,APUCON-3f5319b4b823b27c3dd01a1a,EC-GAD-DAULE-LPI-GADIMCD-2025-01,REGENERACION,291,"MURO DE HORMIGON ARMADO PARA ARBOL DE 110x110cm (EXTERIOR) DE F'C= 210 KG/CM2, E=10.00cm (INCL. MALLA ELECTROSOLDADA Ø5,5mm C/ 15x15cm)",u,2.500000,187.446000,0.2000,37.489000,0.000000,224.935000,224.940000,17,ANALISIS-DE-PRECIOS-UNITARIOS.xlsx,sheet1,24757,d117dec6f1b38c4b4410cddb4ccdd3697d3fbe6c3044e6d205c306da58545e4c
EC-GAD-DAULE-LPI-GADIMCD-2025-01:0292,APUV1-a6d443748621f6670ed4b3df,APUCON-dedc36217ef9464629d656c4,EC-GAD-DAULE-LPI-GADIMCD-2025-01,REGENERACION,292,"MURO DE HORMIGON ARMADO PARA ARBOL DE 165x165cm (EXTERIOR) F´C=210 KG/CM2, E=10cm (INCL. MALLA ELECTROSOLDADA Ø5,5mm C/15x15cm)",u,2.970000,232.963000,0.2000,46.593000,0.000000,279.556000,279.560000,17,ANALISIS-DE-PRECIOS-UNITARIOS.xlsx,sheet1,24842,a6d443748621f6670ed4b3dfdcb7a225cb4d06700356b6270ca12c43d5e7403e
EC-GAD-DAULE-LPI-GADIMCD-2025-01:0293,APUV1-04ad22e2b909a2c17897fd32,APUCON-e13458c928522eda3a43dc9c,EC-GAD-DAULE-LPI-GADIMCD-2025-01,REGENERACION,293,"MURO DE HORMIGON ARMADO PARA ARBOL EN JARDINERAS ESQUINERAS F´C= 210 KG/CM2 (INCL. MALLA ELECTROSOLDADA Ø5,5mm C/15x15cm)",u,2.500000,165.924000,0.2000,33.185000,0.000000,199.109000,199.110000,17,ANALISIS-DE-PRECIOS-UNITARIOS.xlsx,sheet1,24927,04ad22e2b909a2c17897fd324ec70893a6a846f1f03a97d947197163b7e29281
EC-GAD-DAULE-LPI-GADIMCD-2025-01:0294,APUV1-c8c12d3a06e33f83490e992f,APUCON-e5ccf10fe99bb37b392e556c,EC-GAD-DAULE-LPI-GADIMCD-2025-01,REGENERACION,294,"MURO DE HORMIGON ARMADO PARA ARBOL EN ESTACIONAMIENTOS DE F´C= 280 KG/CM2, E=15cm (INCL. DOBLE MALLA ELECTROSOLDADA Ø5,5mm C/ 15x15cm)",u,3.250000,251.869000,0.2000,50.374000,0.000000,302.243000,302.240000,19,ANALISIS-DE-PRECIOS-UNITARIOS.xlsx,sheet1,25012,c8c12d3a06e33f83490e992f21c63c240b83c12a775e961bb3f56f6501e50c9f
EC-GAD-DAULE-LPI-GADIMCD-2025-01:0295,APUV1-7625a6c9acabe7f4eac7a117,APUCON-ee9051aa4e2cda3b0ca834c7,EC-GAD-DAULE-LPI-GADIMCD-2025-01,REGENERACION,295,"MURO DE HORMIGON ARMADO PARA ARBOL DE F'C=280 KG/CM2, E=15cm (INCL. DOBLE MALLA ELECTROSOLDADA Ø5,5mm C/15x15cm)",m,0.360000,21.312000,0.2000,4.262000,0.000000,25.574000,25.570000,19,ANALISIS-DE-PRECIOS-UNITARIOS.xlsx,sheet1,25097,7625a6c9acabe7f4eac7a11748a3a97932e91dccc6ca6ceb545ba662d0ae371f
EC-GAD-DAULE-LPI-GADIMCD-2025-01:0296,APUV1-ab017a35a44ed6c47130860b,APUCON-2f2c9d3d698ad877a4e94f22,EC-GAD-DAULE-LPI-GADIMCD-2025-01,REGENERACION,296,ACERO DE REFUERZO EN BARRAS FY= 4200 KG/CM2,Kg,0.014610,1.863000,0.2000,0.373000,0.000000,2.236000,2.240000,11,ANALISIS-DE-PRECIOS-UNITARIOS.xlsx,sheet1,25182,ab017a35a44ed6c47130860b5170f264dbf3fc4016211d8261b68564d0f0e26d
EC-GAD-DAULE-LPI-GADIMCD-2025-01:0297,APUV1-d86e8f2b66d2435d19d2b993,APUCON-0fc1919871d6f9bb9767292b,EC-GAD-DAULE-LPI-GADIMCD-2025-01,REGENERACION,297,SUMINISTRO E INSTALACION DE VENTANA CORREDIZA CON PERFIL DE ALUMINIO NATURAL Y VIDRIO CLARO E=6.00mm (INCL. MALLA ANTIMOSQUITO Y TRANSPORTE),m2,1.503000,114.306000,0.2000,22.861000,0.000000,137.167000,137.170000,7,ANALISIS-DE-PRECIOS-UNITARIOS.xlsx,sheet1,25267,d86e8f2b66d2435d19d2b99397467d34126b69c684622bf180af3457ef8ffa5f
EC-GAD-DAULE-LPI-GADIMCD-2025-01:0298,APUV1-826f20d9bb8cd32a10736dce,APUCON-f5eab3197fa4cdbe87eeaa3f,EC-GAD-DAULE-LPI-GADIMCD-2025-01,REGENERACION,298,SUMINISTRO E INSTALACION DE PUERTA DE MADERA TAMBORADA (INCL. MARCO Y TAPAMARCO),m2,2.000000,126.227000,0.2000,25.245000,0.000000,151.472000,151.470000,9,ANALISIS-DE-PRECIOS-UNITARIOS.xlsx,sheet1,25352,826f20d9bb8cd32a10736dcecd45f37a367d3c504a08dcc8fe085e23e485f9f7
EC-GAD-DAULE-LPI-GADIMCD-2025-01:0299,APUV1-4ffa0a6b1b29619856122cb2,APUCON-fb268ad232ee7360933ae180,EC-GAD-DAULE-LPI-GADIMCD-2025-01,REGENERACION,299,"SUMINISTRO E INSTALACION DE CUBIERTA DE PLANCHA METALICA, REVESTIMIENTO DE ALUMINIO Y ZINC E=0,35mm (INCL. CUMBREROS)",m2,0.250000,11.683000,0.2000,2.337000,0.000000,14.020000,14.020000,8,ANALISIS-DE-PRECIOS-UNITARIOS.xlsx,sheet1,25437,4ffa0a6b1b29619856122cb201049234981b2ac5bd789ab62d1948f35ba7d7dd
EC-GAD-DAULE-LPI-GADIMCD-2025-01:0300,APUV1-9258b7f52db69aacb025e3a4,APUCON-1ce0116df96db71140edbc06,EC-GAD-DAULE-LPI-GADIMCD-2025-01,REGENERACION,300,PERFILERIA METALICA (CORREAS) PARA SOPORTE DE CUBIERTA (INCL. PINTURA ANTICORROSIVA),m2,0.189500,12.292000,0.2000,2.458000,0.000000,14.750000,14.750000,14,ANALISIS-DE-PRECIOS-UNITARIOS.xlsx,sheet1,25522,9258b7f52db69aacb025e3a47189880be7af5a2e114a9179084f57bde5f1cdb7
EC-GAD-DAULE-LPI-GADIMCD-2025-01:0301,APUV1-8ca8361185f00c940ed00593,APUCON-c12dac66271f31bc5d15e80b,EC-GAD-DAULE-LPI-GADIMCD-2025-01,REGENERACION,301,"CERRAMIENTO DE SOLARES VACIOS (INCL. MAMPOSTERIA, CIMENTACION Y METAL MECANICA)",m,2.000000,249.403000,0.2000,49.881000,0.000000,299.284000,299.280000,31,ANALISIS-DE-PRECIOS-UNITARIOS.xlsx,sheet1,25624,8ca8361185f00c940ed00593252257fe2e1839aa9e34819c920e223ac818c995
EC-GAD-DAULE-LPI-GADIMCD-2025-01:0302,APUV1-4f9513e1036137a553e84171,APUCON-f063d558079ab9f84373d430,EC-GAD-DAULE-LPI-GADIMCD-2025-01,REGENERACION,302,"CERRAMIENTO DE FIBROCEMENTO (INCL. PINTURA, ACERO DE REFUERZO, BLOQUE CEMENTO Y MALLA ELECTROSOLDADA)",m,1.250000,203.473000,0.2000,40.695000,0.000000,244.168000,244.170000,31,ANALISIS-DE-PRECIOS-UNITARIOS.xlsx,sheet1,25709,4f9513e1036137a553e84171fab81c1ea31b91e063f4201433c107b02b51c819
EC-GAD-DAULE-LPI-GADIMCD-2025-01:0303,APUV1-c98da478b6d265229590bf55,APUCON-b1c5a9fb8d8e8f4531ffae00,EC-GAD-DAULE-LPI-GADIMCD-2025-01,REGENERACION,303,"SUMINISTRO E INSTALACION DE HIDRANTES DE 4"" (110mm) CON DOS SALIDAS DE 2 1/2"" (75mm) (INCL. CAJETIN, TAPA METALICA CON MARCO Y CONTRAMARCO Y VISOR, GIBAULT, BRIDA, MEDIDOR DE 3"" (90mm), VALVULA, ACCESORIOS VARIOS, PINTURA Y ACERO DE REFUERZO)",u,20.000000,2880.401000,0.2000,576.080000,0.000000,3456.481000,3456.480000,36,ANALISIS-DE-PRECIOS-UNITARIOS.xlsx,sheet1,25794,c98da478b6d265229590bf55653e46a28c6c012f4ce647cb9856e7604b16c201
EC-GAD-DAULE-LPI-GADIMCD-2025-01:0304,APUV1-d4089a3304d5fafdcb95a2df,APUCON-818b3f6beb51c98a4fd725d7,EC-GAD-DAULE-LPI-GADIMCD-2025-01,REGENERACION,304,"ENCAMISADO DE PROTECCION PARA CANALIZACION (1 Y 2 TUBOS D=2"" (63mm)) - (INCL. MALLA PARA ENLUCIR Y ENLUCIDO DE FACHADA PARA ACOMETIDAS ELECTRICAS, DATOS Y EMPRESA DE TELECOMUNICACIONES)",m,1.017000,26.232000,0.2000,5.246000,0.000000,31.478000,31.480000,9,ANALISIS-DE-PRECIOS-UNITARIOS.xlsx,sheet1,25879,d4089a3304d5fafdcb95a2df835643fa8e37da3da0f927c032770eccca1b65e1
EC-GAD-DAULE-LPI-GADIMCD-2025-01:0305,APUV1-710805bb2ba9db405f8edd8b,APUCON-bd393bdb4a89b065af616c69,EC-GAD-DAULE-LPI-GADIMCD-2025-01,REGENERACION,305,"PERFORACION DE VIGAS, RIOSTRAS Y OTROS ELEMENTOS ESTRUCTURALES PARA ACOMETIDAS ELECTRICAS - DATOS Y EMPRESA DE TELECOMUNICACIONES (INCL. RESANE RESPECTIVO)",u,1.490000,38.203000,0.2000,7.641000,0.000000,45.844000,45.840000,9,ANALISIS-DE-PRECIOS-UNITARIOS.xlsx,sheet1,25964,710805bb2ba9db405f8edd8bac87e1d20207ad7683794c27fb56c13973c1f997
EC-GAD-DAULE-LPI-GADIMCD-2025-01:0306,APUV1-c77b50bb97913249e11db13d,APUCON-2e665d5c0cdac09c99a614c6,EC-GAD-DAULE-LPI-GADIMCD-2025-01,REGENERACION,306,ENCAMISADO DE HORMIGON SIMPLE F'C=210 KG/CM2 PARA PROTECCION DE TUBERIA EXISTENTE DE AA.PP.,m,1.586000,36.572000,0.2000,7.314000,0.000000,43.886000,43.890000,9,ANALISIS-DE-PRECIOS-UNITARIOS.xlsx,sheet1,26049,c77b50bb97913249e11db13daea71509e7952898d83070307252dd1aeacc894b
EC-GAD-DAULE-LPI-GADIMCD-2025-01:0307,APUV1-dda8fb7a071d18aab0d3d5a7,APUCON-6170de69e383e2715fc368ab,EC-GAD-DAULE-LPI-GADIMCD-2025-01,REGENERACION,307,ENLUCIDO DE FACHADA Y CULATAS DE EDIFICIOS,m2,0.450000,8.939000,0.2000,1.788000,0.000000,10.727000,10.730000,10,ANALISIS-DE-PRECIOS-UNITARIOS.xlsx,sheet1,26134,dda8fb7a071d18aab0d3d5a76a96ce983082fee9d4841014f23e50f8c55db668
EC-GAD-DAULE-LPI-GADIMCD-2025-01:0308,APUV1-e2ffd169cf4536dfd874efbd,APUCON-f4588a20f0bdab6f85c3eeb8,EC-GAD-DAULE-LPI-GADIMCD-2025-01,REGENERACION,308,ENLUCIDO Y RESANE DE FILOS APLICANDO MORTERO PREDOSIFICADO,m,0.201000,4.261000,0.2000,0.852000,0.000000,5.113000,5.110000,11,ANALISIS-DE-PRECIOS-UNITARIOS.xlsx,sheet1,26219,e2ffd169cf4536dfd874efbd87fb647152b16ba035e2b5d81d7c6d0a90008b41
EC-GAD-DAULE-LPI-GADIMCD-2025-01:0309,APUV1-9f09c6ff0f2791331be232bc,APUCON-c11ab3181bd2c5482cf93476,EC-GAD-DAULE-LPI-GADIMCD-2025-01,REGENERACION,309,"COLOCACION DE CANAL ANTIGATA PARA PUERTAS ENROLLABLES (INCL. BORDILLO DE HORMIGON SIMPLE REVESTIDO, ELEVACION DE PUERTA ENROLLABLE Y PINTURA ANTICORROSIVA)",m,0.501000,21.116000,0.2000,4.223000,0.000000,25.339000,25.340000,16,ANALISIS-DE-PRECIOS-UNITARIOS.xlsx,sheet1,26304,9f09c6ff0f2791331be232bc5060e4593675cab28f543ae3b72c016777354d22
EC-GAD-DAULE-LPI-GADIMCD-2025-01:0310,APUV1-9b7cdc16f28d6af0f9ef95f6,APUCON-9f07b2e7bd9e194668dd9bfd,EC-GAD-DAULE-LPI-GADIMCD-2025-01,REGENERACION,310,COLOCACION DE ANGULO EN PUERTA ENROLLABLE PARA ANTIGATA,m,0.750000,23.307000,0.2000,4.661000,0.000000,27.968000,27.970000,14,ANALISIS-DE-PRECIOS-UNITARIOS.xlsx,sheet1,26389,9b7cdc16f28d6af0f9ef95f60077f4f73be6f0ddb6a861d77fa6bc1a3d91e092
EC-GAD-DAULE-LPI-GADIMCD-2025-01:0311,APUV1-aa69d7ec9ebf2d6c7018dc9b,APUCON-b5f6719a3002ad8ef3939387,EC-GAD-DAULE-LPI-GADIMCD-2025-01,REGENERACION,311,RESANE DE BORDILLO EXISTENTE (INCL. ADITIVO),m,0.300000,5.728000,0.2000,1.146000,0.000000,6.874000,6.870000,8,ANALISIS-DE-PRECIOS-UNITARIOS.xlsx,sheet1,26474,aa69d7ec9ebf2d6c7018dc9beff245b64957ce83ed4c0785e3c4bd9c3040bf76
EC-GAD-DAULE-LPI-GADIMCD-2025-01:0312,APUV1-61cc829b25bb05751f154780,APUCON-0967f7f5683fffff11a2f083,EC-GAD-DAULE-LPI-GADIMCD-2025-01,REGENERACION,312,ENLUCIDO DE PILARES DE MADERA (INCLUYE MALLA PARA ENLUCIR),m2,0.500000,13.677000,0.2000,2.735000,0.000000,16.412000,16.410000,11,ANALISIS-DE-PRECIOS-UNITARIOS.xlsx,sheet1,26559,61cc829b25bb05751f154780cde7803e998a9962a0441421cb1ff26574cbf219
EC-GAD-DAULE-LPI-GADIMCD-2025-01:0313,APUV1-056923ec0c1db7a1ee710170,APUCON-73461f1cc16065c09e18186c,EC-GAD-DAULE-LPI-GADIMCD-2025-01,REGENERACION,313,MAMPOSTERIA DE BLOQUE PESADO DE HORMIGON DE 9x19x39cm (INCL. APLICACIÓN DE MORTERO PREDOSIFICADO),m2,0.398500,14.967000,0.2000,2.993000,0.000000,17.960000,17.960000,12,ANALISIS-DE-PRECIOS-UNITARIOS.xlsx,sheet1,26644,056923ec0c1db7a1ee7101700dc80017de7dfa4c38031309fbfafe3c8288d29a
EC-GAD-DAULE-LPI-GADIMCD-2025-01:0314,APUV1-2454778c1b31abc96c115acd,APUCON-3f2ce9489e0dfc12137b5220,EC-GAD-DAULE-LPI-GADIMCD-2025-01,REGENERACION,314,MOLDURA DE CEMENTO,m,0.010000,9.498000,0.2000,1.900000,0.000000,11.398000,11.400000,9,ANALISIS-DE-PRECIOS-UNITARIOS.xlsx,sheet1,26729,2454778c1b31abc96c115acd0244a0f8993e1d8cab2ce1cb52e7c3c00f27f135
EC-GAD-DAULE-LPI-GADIMCD-2025-01:0315,APUV1-423426a2378f84ef4c6c99d5,APUCON-ddb287fad9d3b28370eb19e8,EC-GAD-DAULE-LPI-GADIMCD-2025-01,REGENERACION,315,"SUMINISTRO E INSTALACION CON PISO DE PORCELANATO NACIONAL DE 30x30cm BALDOSA, CERAMICA, ETC/ (PISO A REPARAR, IGUAL O MEJOR AL EXISTENTE) ANTIDESLIZANTE (INCL. MORTERO, PEGAMENTO Y MATERIAL DE EMPORE PARA JUNTA)",m2,0.100000,26.649000,0.2000,5.330000,0.000000,31.979000,31.980000,14,ANALISIS-DE-PRECIOS-UNITARIOS.xlsx,sheet1,26814,423426a2378f84ef4c6c99d54439ebbafc1a861421c847bc83d500579ef37860
EC-GAD-DAULE-LPI-GADIMCD-2025-01:0316,APUV1-9d8e7e368135179b4c29978d,APUCON-9f58c23a44217b748b3969e6,EC-GAD-DAULE-LPI-GADIMCD-2025-01,REGENERACION,316,"SUMINISTRO E INSTALACION DE PISO CON ADOQUIN DE ARCILLA 10x20x2,5cm DE COLORES (INCL. HIDRO-LAVADO, SELLADO, RELLENO DE JUNTAS Y BASE DE MORTERO)",m2,0.100000,30.663000,0.2000,6.133000,0.000000,36.796000,36.800000,17,ANALISIS-DE-PRECIOS-UNITARIOS.xlsx,sheet1,26899,9d8e7e368135179b4c29978d7c1ad84504ef9f6e18874aa3d370f4338e7bbcc0
EC-GAD-DAULE-LPI-GADIMCD-2025-01:0317,APUV1-2669072976f2fabe3a169e23,APUCON-e6e1169a196afb84d590a9ba,EC-GAD-DAULE-LPI-GADIMCD-2025-01,REGENERACION,317,"SUMINISTRO E INSTALACION DE PISO CON BALDOSA PODOTACTIL DE PIEDRA CALIZA DE 30x30cm (INCL. CONTRAPISO E=8cm, F'C=280 Kg/cm2)",m2,0.300000,51.895000,0.2000,10.379000,0.000000,62.274000,62.270000,17,ANALISIS-DE-PRECIOS-UNITARIOS.xlsx,sheet1,26984,2669072976f2fabe3a169e23a4a71fddbdcaeef271bed6cbf2cc88fe55aebfa0
EC-GAD-DAULE-LPI-GADIMCD-2025-01:0318,APUV1-a6319f1787b86f5ca13b47e6,APUCON-7f1f402cf75be8455d33dc38,EC-GAD-DAULE-LPI-GADIMCD-2025-01,REGENERACION,318,REVESTIMIENTO CON GRANITO LAVADO EN EL CASO DE ESCALONES (INCL. HUELLA Y CONTRAHUELLA),m2,0.400000,29.757000,0.2000,5.951000,0.000000,35.708000,35.710000,9,ANALISIS-DE-PRECIOS-UNITARIOS.xlsx,sheet1,27069,a6319f1787b86f5ca13b47e6ff2693ecdb002d623b50acc621c499e20002d8ae
EC-GAD-DAULE-LPI-GADIMCD-2025-01:0319,APUV1-f7f92f0596f53f769f82f493,APUCON-36772e59d02e177362fbcf21,EC-GAD-DAULE-LPI-GADIMCD-2025-01,REGENERACION,319,PINTURA LATEX PARA FACHADAS O CERRAMIENTOS (INCL. LIMPIEZA PREVIA E HIDRO-LAVADO Y SELLADO),m2,0.150000,5.450000,0.2000,1.090000,0.000000,6.540000,6.540000,14,ANALISIS-DE-PRECIOS-UNITARIOS.xlsx,sheet1,27154,f7f92f0596f53f769f82f4930800141546c525bc316bbb35cb0ce75afab0f033
EC-GAD-DAULE-LPI-GADIMCD-2025-01:0320,APUV1-304466fa38ebe7f2db3c5f86,APUCON-af6d68fa71473a6c982a2545,EC-GAD-DAULE-LPI-GADIMCD-2025-01,REGENERACION,320,PINTURA ESMALTE PARA FACHADA O CERRAMIENTO (INCL. LIMPIEZA PREVIA E HIDRO-LAVADO Y SELLADO),m2,0.200000,6.427000,0.2000,1.285000,0.000000,7.712000,7.710000,13,ANALISIS-DE-PRECIOS-UNITARIOS.xlsx,sheet1,27239,304466fa38ebe7f2db3c5f860958c86b7b04c61fb7dd8f2ea0e1c3cf9f1e0df7
EC-GAD-DAULE-LPI-GADIMCD-2025-01:0321,APUV1-3e2aa76fef5ddc5a892b127e,APUCON-1a9f8bd709fe01d1e75e7a8a,EC-GAD-DAULE-LPI-GADIMCD-2025-01,REGENERACION,321,LIMPIEZA DE PAREDES CON HIDRO-LAVADO PARA (EDIFICIOS QUE NO SE PINTAN),m2,0.050000,1.143000,0.2000,0.229000,0.000000,1.372000,1.370000,9,ANALISIS-DE-PRECIOS-UNITARIOS.xlsx,sheet1,27324,3e2aa76fef5ddc5a892b127ef2d096d834188238448a02c7effe985ee9cf7c22
EC-GAD-DAULE-LPI-GADIMCD-2025-01:0322,APUV1-e502a86490c7ef8625e10f72,APUCON-1a7e8079b5211971f74c1585,EC-GAD-DAULE-LPI-GADIMCD-2025-01,REGENERACION,322,BLANQUEADO DE CULATAS,m2,0.090000,2.835000,0.2000,0.567000,0.000000,3.402000,3.400000,12,ANALISIS-DE-PRECIOS-UNITARIOS.xlsx,sheet1,27409,e502a86490c7ef8625e10f722b65ca549b02df3788c5a8e1561d0e5e561dc9a5
EC-GAD-DAULE-LPI-GADIMCD-2025-01:0323,APUV1-e9e4d69d87e5bd1dcc01fea7,APUCON-b3ace890fc85a73fc37a4fe4,EC-GAD-DAULE-LPI-GADIMCD-2025-01,REGENERACION,323,PINTURA PARA CERRAMIENTO Y REJAS DE ESTRUCTURA METALICA PARA TODAS LAS CARAS (INCL. PINTURA ANTICORROSIVA),m2,0.190000,6.758000,0.2000,1.352000,0.000000,8.110000,8.110000,15,ANALISIS-DE-PRECIOS-UNITARIOS.xlsx,sheet1,27494,e9e4d69d87e5bd1dcc01fea71e32eeb3eba6c9f123b25431315a32fc6e557160
EC-GAD-DAULE-LPI-GADIMCD-2025-01:0324,APUV1-26d7b17f7622759ba887d6a3,APUCON-1a462bc819f0910a0d3a02c3,EC-GAD-DAULE-LPI-GADIMCD-2025-01,REGENERACION,324,PINTURA DE PUERTAS METALICAS (INCL. PINTURA ANTICORROSIVA EN LAS DOS CARAS),m2,0.100000,7.287000,0.2000,1.457000,0.000000,8.744000,8.740000,16,ANALISIS-DE-PRECIOS-UNITARIOS.xlsx,sheet1,27579,26d7b17f7622759ba887d6a3e4123450f53a282f3a1d03c3d7517655faca7af8
EC-GAD-DAULE-LPI-GADIMCD-2025-01:0325,APUV1-f2f153deebab79790dda6aff,APUCON-2cb9fb13e39d3128df2aec61,EC-GAD-DAULE-LPI-GADIMCD-2025-01,REGENERACION,325,"REPOSICION DE RECUBRIMIENTO DE PISOS (DIVERSOS TIPOS), POR EL TRASLADO DE MEDIDORES ELECTRICOS (SOLO RECUBRIMIENTO DE PISOS, NO INCLUYE CONTRAPISO)",m2,0.150000,26.374000,0.2000,5.275000,0.000000,31.649000,31.650000,14,ANALISIS-DE-PRECIOS-UNITARIOS.xlsx,sheet1,27664,f2f153deebab79790dda6aff7410c43a6504e0a7be83fc5b2878377369eec2a2
EC-GAD-DAULE-LPI-GADIMCD-2025-01:0326,APUV1-26844f8290a618114ce85ec0,APUCON-fac555ed1cf1539538679e44,EC-GAD-DAULE-LPI-GADIMCD-2025-01,REGENERACION,326,CORTE ROTURA Y DESALOJO DE ASFALTO,m2,0.070000,8.403000,0.2000,1.681000,0.000000,10.084000,10.080000,14,ANALISIS-DE-PRECIOS-UNITARIOS.xlsx,sheet1,27749,26844f8290a618114ce85ec03909fc3773115c63b9813f88d6dc49155afc2529
EC-GAD-DAULE-LPI-GADIMCD-2025-01:0327,APUV1-82d61558a0d6ca9724c139c6,APUCON-cf6ae86b204703aa9c8925e1,EC-GAD-DAULE-LPI-GADIMCD-2025-01,REGENERACION,327,"CORTE, ROTURA Y DESALOJO DE PAVIMENTO RIGIDO EN CALLE DE E=20 - 25CM",m3,0.200000,26.503000,0.2000,5.301000,0.000000,31.804000,31.800000,14,ANALISIS-DE-PRECIOS-UNITARIOS.xlsx,sheet1,27834,82d61558a0d6ca9724c139c65496ef56ba352846c0c1774f80cdcdae609d6d0b
EC-GAD-DAULE-LPI-GADIMCD-2025-01:0328,APUV1-a6fd9e9a63046081cc5351da,APUCON-6473901859113f306bc355e1,EC-GAD-DAULE-LPI-GADIMCD-2025-01,REGENERACION,328,HORMIGON FLUIDO F'C=280 KG/CM2 CON ACELERANTE PARA PROTECCION DE TUBERIA (INCL. ADITIVO ACELERANTE PARA QUE EL HORMIGON ADQUIERA SU RESISTENCIA A LOS TRES DIAS PARA EL PASO VEHICULAR),m3,1.000000,187.085000,0.2000,37.417000,0.000000,224.502000,224.500000,15,ANALISIS-DE-PRECIOS-UNITARIOS.xlsx,sheet1,27919,a6fd9e9a63046081cc5351da69122107111be89d9853aa42f23d282afa0a799b
EC-GAD-DAULE-LPI-GADIMCD-2025-01:0329,APUV1-5af51bacb55f26e64c7a5242,APUCON-dfc6cf5a93580d45dc286a97,EC-GAD-DAULE-LPI-GADIMCD-2025-01,REGENERACION,329,"MATERIAL BASE CLASE - 1 (INCL. TENDIDO, COMPACTACION Y TRANSPORTE)",m3,0.023670,21.967000,0.2000,4.393000,0.000000,26.360000,26.360000,17,ANALISIS-DE-PRECIOS-UNITARIOS.xlsx,sheet1,28004,5af51bacb55f26e64c7a52424f3707b3227d0907b3259edc825520b9e17c441c
EC-GAD-DAULE-LPI-GADIMCD-2025-01:0330,APUV1-5aa9c630f0817e8ece753d60,APUCON-69ac406ac87e90dc27af2df6,EC-GAD-DAULE-LPI-GADIMCD-2025-01,REGENERACION,330,RELLENO CON ARENA (INCL. TRANSPORTE),m3,0.154000,24.380000,0.2000,4.876000,0.000000,29.256000,29.260000,8,ANALISIS-DE-PRECIOS-UNITARIOS.xlsx,sheet1,28089,5aa9c630f0817e8ece753d6060a69f5c74a5487de56119f7707ec8ad8ff2c79d
EC-GAD-DAULE-LPI-GADIMCD-2025-01:0331,APUV1-1143a36c7f6930ca2e8b81e1,APUCON-0b25d8a128f750299e0cb44a,EC-GAD-DAULE-LPI-GADIMCD-2025-01,REGENERACION,331,"PAVIMENTO RIGIDO DE HORMIGON 4,5 MPA; E=20cm (INCL. CURADO, ACERO DE REFUERZO Y SELLADO DE JUNTAS CON AP3)",m3,2.000000,272.530000,0.2000,54.506000,0.000000,327.036000,327.040000,24,ANALISIS-DE-PRECIOS-UNITARIOS.xlsx,sheet1,28174,1143a36c7f6930ca2e8b81e1055ac233ab73cca1609c96c1e4dcf6bc16048fb1
EC-GAD-DAULE-LPI-GADIMCD-2025-01:0332,APUV1-a5783e3d0fad1bd2faab28e5,APUCON-09a804a97508ac6e987646a4,EC-GAD-DAULE-LPI-GADIMCD-2025-01,REGENERACION,332,REPOSICION DE CARPETA ASFALTICA E=5cm (INCL. IMPRIMACION Y SELLADO),m3,0.300000,155.606000,0.2000,31.121000,0.000000,186.727000,186.730000,17,ANALISIS-DE-PRECIOS-UNITARIOS.xlsx,sheet1,28259,a5783e3d0fad1bd2faab28e5944093912e3eb54ecba75bb73e2e18eed9268640
EC-GAD-DAULE-LPI-GADIMCD-2025-01:0333,APUV1-30aeff16ec1741dc8e3b2cc3,APUCON-c723ea1d105423cdd7d65d38,EC-GAD-DAULE-LPI-GADIMCD-2025-01,REGENERACION,333,HORMIGON PREMEZCLADO PARA PAVIMENTO DE F'C= 280 KG/CM2 (INCL. CURADOR Y ENCOFRADO),m3,1.000000,202.995000,0.2000,40.599000,0.000000,243.594000,243.590000,13,ANALISIS-DE-PRECIOS-UNITARIOS.xlsx,sheet1,28344,30aeff16ec1741dc8e3b2cc35fd58b0a0dbbb8b68e8a2183205018523186eccb
EC-GAD-DAULE-LPI-GADIMCD-2025-01:0334,APUV1-c8388cb2b9112ba498dc9998,APUCON-750654057fda1dea99b2d949,EC-GAD-DAULE-LPI-GADIMCD-2025-01,REGENERACION,334,SUMINISTRO E INSTALACION DE BOLARDO METALICO RELLENO DE HORMIGON DE F'C= 180 kg/cm2 (INCL. BASE DE HORMIGON Y ACERO DE REFUERZO),u,1.000000,108.788000,0.2000,21.758000,0.000000,130.546000,130.550000,18,ANALISIS-DE-PRECIOS-UNITARIOS.xlsx,sheet1,28429,c8388cb2b9112ba498dc99988f5c1a7022736071fb3e7a688ec00a920500dd11
EC-GAD-DAULE-LPI-GADIMCD-2025-01:0335,APUV1-a548803635f7a9e2cca45269,APUCON-847439ec9b6955b76fd1d71a,EC-GAD-DAULE-LPI-GADIMCD-2025-01,REGENERACION,335,PROVISION E INSTALACION DE BOLARDO METALICO RELLENO DE HORMIGON DE F'C= 210 kg/cm2 CON RIOSTRA PARA EQUIPOS ELECTRICOS (INCL. BASE DE HORMIGON),u,1.500000,147.842000,0.2000,29.568000,0.000000,177.410000,177.410000,19,ANALISIS-DE-PRECIOS-UNITARIOS.xlsx,sheet1,28514,a548803635f7a9e2cca45269014f2ccce799c2f33a41c2040e5d050d030b69a9
EC-GAD-DAULE-LPI-GADIMCD-2025-01:0336,APUV1-6cdbd173311dac945a38be3d,APUCON-31c42f2d2033f2c6b68f1002,EC-GAD-DAULE-LPI-GADIMCD-2025-01,REGENERACION,336,PROVISIÓN E INSTALACION DE BASURERO (INCL. BASE DE HORMIGÓN ARMADO F´C= 210 KG/CM2 - DOS BASES DE 15x50x20cm),u,2.000000,227.622000,0.2000,45.524000,0.000000,273.146000,273.150000,18,ANALISIS-DE-PRECIOS-UNITARIOS.xlsx,sheet1,28599,6cdbd173311dac945a38be3d7725b537a43d75ddc93d11c5f54f893d9831bda6
EC-GAD-DAULE-LPI-GADIMCD-2025-01:0337,APUV1-dfa320038663da2b2aab0d1b,APUCON-10724187c11d57a45f6f87ef,EC-GAD-DAULE-LPI-GADIMCD-2025-01,REGENERACION,337,PROVISIÓN E INSTALACIÓN DE BANCAS METÁLICAS (INCL. INSTALACIÓN DE LAS MISMAS Y BASES DE HORMIGÓN),u,0.100000,388.079000,0.2000,77.616000,0.000000,465.695000,465.700000,17,ANALISIS-DE-PRECIOS-UNITARIOS.xlsx,sheet1,28684,dfa320038663da2b2aab0d1b07e081a27e8f9bc6383e5e246fda72ca48d62d76
EC-GAD-DAULE-LPI-GADIMCD-2025-01:0338,APUV1-36db268f61228622a02bb55a,APUCON-164892efe109c7eb92f55195,EC-GAD-DAULE-LPI-GADIMCD-2025-01,REGENERACION,338,"EXCAVACION Y BASE DE HORMIGON DE F'C=210 KG/CM2, DIM:30x30x45cm PARA BASE DE SEÑALIZACION VERTICAL (INCL. CURADOR Y ACERO)",u,0.750000,29.771000,0.2000,5.954000,0.000000,35.725000,35.730000,18,ANALISIS-DE-PRECIOS-UNITARIOS.xlsx,sheet1,28769,36db268f61228622a02bb55a1859d33569cd67abf4d402ae3adcea76b0f80490
EC-GAD-DAULE-LPI-GADIMCD-2025-01:0339,APUV1-6aeddca44fa0117f35da68fd,APUCON-6dd83b0cf37d6459b1c6985f,EC-GAD-DAULE-LPI-GADIMCD-2025-01,REGENERACION,339,"SUMINISTRO E INSTALACION DE TAPA CON MARCO METALICO DE 75x6mm Y MALLA ELECTROSOLDADA D=5,5mm c/10x10cm CON HORMIGON F'C=210 KG/CM2 (INCL. PATAS DE ANCLAJE PARA CAJA Y SU INSTALACION)",m2,2.000000,156.159000,0.2000,31.232000,0.000000,187.391000,187.390000,25,ANALISIS-DE-PRECIOS-UNITARIOS.xlsx,sheet1,28854,6aeddca44fa0117f35da68fd85e9b5e51bb60cdbe48707e35bdcaed79b07f31b
EC-GAD-DAULE-LPI-GADIMCD-2025-01:0340,APUV1-9543b19e2792fd54aac37658,APUCON-406c5ecff4a847f8e809e6c8,EC-GAD-DAULE-LPI-GADIMCD-2025-01,REGENERACION,340,INSTALACIÓN DE TAPA DE HIERRO DÚCTIL ABISAGRADAS DE SERVICIOS BÁSICOS ENTREGADA EN OBRA (INCL. ARMADURA),u,1.753000,79.376000,0.2000,15.875000,0.000000,95.251000,95.250000,13,ANALISIS-DE-PRECIOS-UNITARIOS.xlsx,sheet1,28939,9543b19e2792fd54aac3765869992ac553e99ef37a9c602d4b8423c92e90a184
EC-GAD-DAULE-LPI-GADIMCD-2025-01:0341,APUV1-a04fd8b877fddee10368ef5e,APUCON-ddf7c8131d0d554ddd837199,EC-GAD-DAULE-LPI-GADIMCD-2025-01,REGENERACION,341,"SUMINISTRO E INSTALACION DE PASAMANO DE ACERO INOXIDABLE CON TUBO DE D= 2"" Y TUBO CUADRADO DE D=1"" DE DIAMETRO, CON E=1,5mm (INCL. TAPA BASE, CODOS Y PERNOS DE SUJECION)",m,0.713000,124.778000,0.2000,24.956000,0.000000,149.734000,149.730000,12,ANALISIS-DE-PRECIOS-UNITARIOS.xlsx,sheet1,29024,a04fd8b877fddee10368ef5eaef1a26b0de75dfd6664558ededc40d4fe74c250
EC-GAD-DAULE-LPI-GADIMCD-2025-01:0342,APUV1-40a1aa55a113a8d096107d7a,APUCON-6f132daf761f9f83dbd087ae,EC-GAD-DAULE-LPI-GADIMCD-2025-01,REGENERACION,342,"SUMINISTRO E INSTALACION DE TUBERIA PVC ESTRUCTURAL DE D=10"" (250mm) PARA SISTEMA DE AGUAS LLUVIAS (INCL. CAMA DE ARENA Y PRUEBA DE ESTANQUEIDAD)",m,0.250000,27.605000,0.2000,5.521000,0.000000,33.126000,33.130000,12,ANALISIS-DE-PRECIOS-UNITARIOS.xlsx,sheet1,29109,40a1aa55a113a8d096107d7aedade88844a6940d1e9e92a6623f93aabeb7d253
EC-GAD-DAULE-LPI-GADIMCD-2025-01:0343,APUV1-0e30347508f1d3c4438776d1,APUCON-33b8a8f5ef9e33cd37eb4a04,EC-GAD-DAULE-LPI-GADIMCD-2025-01,REGENERACION,343,SUMIDERO DOBLE HORMIGON F'C= 280 KG/CM2 EN CALZADA (INCL. REPLANTILLO TAPA DE HORMIGON ARMADO Y REJILLAS),u,4.000000,361.960000,0.2000,72.392000,0.000000,434.352000,434.350000,21,ANALISIS-DE-PRECIOS-UNITARIOS.xlsx,sheet1,29194,0e30347508f1d3c4438776d1e43459b58d6bd30548219d4f226ddfb6fe9755c6
EC-GAD-DAULE-LPI-GADIMCD-2025-01:0344,APUV1-aac91e6f80715ca8d36495db,APUCON-59349a3dfcdde1d691efc297,EC-GAD-DAULE-LPI-GADIMCD-2025-01,REGENERACION,344,"SUMINISTRO E INSTALACION DE TUBERIA DE PVC TIPO PESADO DE D=4"" (110mm) (INCL. CAMA DE ARENA)",m,0.299800,8.928000,0.2000,1.786000,0.000000,10.714000,10.710000,7,ANALISIS-DE-PRECIOS-UNITARIOS.xlsx,sheet1,29279,aac91e6f80715ca8d36495dbd1ba5b3226b7bad515dd26eb195c4f4e40b9a2f0
EC-GAD-DAULE-LPI-GADIMCD-2025-01:0345,APUV1-59a16f4a0a43bdbf1f16aaf3,APUCON-05ad12662984bb9840b5ae00,EC-GAD-DAULE-LPI-GADIMCD-2025-01,REGENERACION,345,CAJA DE PASO DE AA.LL. DE 70x70cm INTERIOR E=15cm (SIN TAPA) EN CALZADA PARA SUMIDEROS HORMIGÓN ARMADO F´C=280KG/CM2 (INCL. REPLANTILLO Y MALLA ELECTROSOLDADA 10x10cm Ø5.00mm),u,5.000000,311.088000,0.2000,62.218000,0.000000,373.306000,373.310000,17,ANALISIS-DE-PRECIOS-UNITARIOS.xlsx,sheet1,29364,59a16f4a0a43bdbf1f16aaf37d4acc1f7f9a1e19113d11ace9134637d5f1ff4f
EC-GAD-DAULE-LPI-GADIMCD-2025-01:0346,APUV1-fa12e8477cebf33816e10ed7,APUCON-683ca45ab24a23f20368c3b6,EC-GAD-DAULE-LPI-GADIMCD-2025-01,REGENERACION,346,CAJA DE PASO DE AA.LL. DE 70x70cm INTERIOR E=10cm (SIN TAPA) EN ACERA PARA SUMIDEROS DE HORMIGÓN SIMPLE F´C=210KG/CM2 (INCL. REPLANTILLO Y ACERO DE REFUERZO),u,2.000000,166.449000,0.2000,33.290000,0.000000,199.739000,199.740000,17,ANALISIS-DE-PRECIOS-UNITARIOS.xlsx,sheet1,29449,fa12e8477cebf33816e10ed770043b17e184d780eaead026c7ab65480c2c3f21
EC-GAD-DAULE-LPI-GADIMCD-2025-01:0347,APUV1-8c3e7e1c794fc5f63f70f676,APUCON-8963d6d3c997a4cd6ebea3c3,EC-GAD-DAULE-LPI-GADIMCD-2025-01,REGENERACION,347,CAJAS DE PASO AASS DE 50x50cm INTERIOR E=10cm HORMIGON SIMPLE F´C=210KG/CM2; H < o = 1.20M (INCL. CUELLO DE HORMIGON ARMADO E INSTALACION DE TAPA DE GRAFITO ESFEROIDAL),u,1.100000,129.365000,0.2000,25.873000,0.000000,155.238000,155.240000,17,ANALISIS-DE-PRECIOS-UNITARIOS.xlsx,sheet1,29534,8c3e7e1c794fc5f63f70f676f24acaeb03edb0d62a6477359a2e640c3a88ab99
EC-GAD-DAULE-LPI-GADIMCD-2025-01:0348,APUV1-822b75d0472348a48c57a42d,APUCON-b095a4de70d9539f64ebb741,EC-GAD-DAULE-LPI-GADIMCD-2025-01,REGENERACION,348,"ALZADA DE CAJA DE MEDIDORES DE AGUA POTABLE Y REPARACIÓN DE GUÍAS (INCL. ANCLAJE DE HORMIGÓN, REPARACIÓN DE GUÍAS DOMICILIARIAS Y ACCESORIOS VARIOS)",u,0.781000,23.922000,0.2000,4.784000,0.000000,28.706000,28.710000,18,ANALISIS-DE-PRECIOS-UNITARIOS.xlsx,sheet1,29619,822b75d0472348a48c57a42dc96f173ee28f072d418028ff0882bb4f4a9849ca
EC-GAD-DAULE-LPI-GADIMCD-2025-01:0349,APUV1-250425c5563b0a0540d3f1c8,APUCON-9c80404225b5f0f4e33b0ad8,EC-GAD-DAULE-LPI-GADIMCD-2025-01,REGENERACION,349,"SUMINISTRO E INSTALACION DE TUBERIA PEAD D=1/2"" (Ø20mm),PE - 100PN/10BARS (INCL. CAMA DE ARENA Y ACCESORIOS VARIOS)",m,0.100000,7.530000,0.2000,1.506000,0.000000,9.036000,9.040000,11,ANALISIS-DE-PRECIOS-UNITARIOS.xlsx,sheet1,29704,250425c5563b0a0540d3f1c80ce772bee857fe1a895683511bd9c7f6e66c56ed
EC-GAD-DAULE-LPI-GADIMCD-2025-01:0350,APUV1-b9a9b821e5e690a34eb2b99e,APUCON-d994ca44474b0561fe7f3ab0,EC-GAD-DAULE-LPI-GADIMCD-2025-01,REGENERACION,350,RECONFORMACION DE CUELLO DE HORMIGON SIMPLE PARA CAJAS EXISTENTES (INCL. PROVISIÓN E INSTALACIÓN DE TAPA HIERRO FUNDIDO 60x70cm ABISAGRADA DE 125KN),u,1.000000,235.043000,0.2000,47.009000,0.000000,282.052000,282.050000,23,ANALISIS-DE-PRECIOS-UNITARIOS.xlsx,sheet1,29789,b9a9b821e5e690a34eb2b99e56269066fa58b931fb9f5c0132db07055de91310
EC-GAD-DAULE-LPI-GADIMCD-2025-01:0351,APUV1-c0a7b451d8f5c02264fa0d48,APUCON-e2ef1af0daed974d9f74e410,EC-GAD-DAULE-LPI-GADIMCD-2025-01,REGENERACION,351,CAJA DE PASO DE HORMIGON ARMADO DE 100x100x80 cm F'C=280 KG/CM2 EN CALZADA (INCL. INSTALACIÓN DE TAPA DEL SISTEMA ELÉCTRICO),u,1.000000,240.696000,0.2000,48.139000,0.000000,288.835000,288.840000,20,ANALISIS-DE-PRECIOS-UNITARIOS.xlsx,sheet1,29874,c0a7b451d8f5c02264fa0d48b921103022bf66c73a330259a2279fedd61a8df5
EC-GAD-DAULE-LPI-GADIMCD-2025-01:0352,APUV1-287b4ff279c2822c7f6ca377,APUCON-3e0f7b0e0702c7596ea0c09b,EC-GAD-DAULE-LPI-GADIMCD-2025-01,REGENERACION,352,CAJA DE PASO DE HORMIGON ARMADO DE 200x100x80cm F'C=280KG/CM2 EN CALZADA (INCL. INSTALACIÓN DE TAPA PARA SISTEMA ELECTRICO),u,1.000000,521.458000,0.2000,104.292000,0.000000,625.750000,625.750000,20,ANALISIS-DE-PRECIOS-UNITARIOS.xlsx,sheet1,29959,287b4ff279c2822c7f6ca3773b5c43d447a3a6a93e5a1caf075d28bce7db2329
EC-GAD-DAULE-LPI-GADIMCD-2025-01:0353,APUV1-d46e52901101c92f8210009a,APUCON-e3ba0bd0d399bcfca70f9ca5,EC-GAD-DAULE-LPI-GADIMCD-2025-01,REGENERACION,353,SUMINISTRO E INSTALACION TAPA DE GRAFITO ESFEROIDAL DE 150x75cm CON RESISTENCIA 400KN PARA CAJA DE 200x100x80cm CON RESISTENCIA 400KN PARA SISTEMA ELÉCTRICO,u,0.400000,980.782000,0.2000,196.156000,0.000000,1176.938000,1176.940000,4,ANALISIS-DE-PRECIOS-UNITARIOS.xlsx,sheet1,30044,d46e52901101c92f8210009aa58bbf4f06796b2e9b2cad773da54e82cc8324cb
EC-GAD-DAULE-LPI-GADIMCD-2025-01:0354,APUV1-6fb16ec02fb38948a721a8dc,APUCON-903e59202ecd79ebad9d98fc,EC-GAD-DAULE-LPI-GADIMCD-2025-01,REGENERACION,354,SUMINISTRO E INSTALACION TAPA DE GRAFITO ESFEROIDAL DE 70cm DE DIÁMETRO CON RESISTENCIA 125KN PARA CAJA DE 100x100x80cm PARA SISTEMA ELÉCTRICO,u,0.500000,240.725000,0.2000,48.145000,0.000000,288.870000,288.870000,4,ANALISIS-DE-PRECIOS-UNITARIOS.xlsx,sheet1,30129,6fb16ec02fb38948a721a8dc6d558ebe5b1cfd8d01a5d89c211e036272aa1f79
EC-GAD-DAULE-LPI-GADIMCD-2025-01:0355,APUV1-4a6394ff176a5500db5bbf5f,APUCON-13f5edd0b57d97bb62292791,EC-GAD-DAULE-LPI-GADIMCD-2025-01,REGENERACION,355,SUMINISTRO E INSTALACION TAPA DE GRAFITO ESFEROIDAL DE 70cm DE DIÁMETRO CON RESISTENCIA 400KN PARA CAJA DE 100x100x80cm PARA SISTEMA ELÉCTRICO,u,0.393000,243.716000,0.2000,48.743000,0.000000,292.459000,292.460000,4,ANALISIS-DE-PRECIOS-UNITARIOS.xlsx,sheet1,30214,4a6394ff176a5500db5bbf5fd78d8087dd3bb6ad68c767b8a0e87538362853f6
EC-GAD-DAULE-LPI-GADIMCD-2025-01:0356,APUV1-73c20630550e6b06a7a837f4,APUCON-4db9b9d5aae527d896bf277b,EC-GAD-DAULE-LPI-GADIMCD-2025-01,REGENERACION,356,"SUMINISTRO E INSTALACION DE TUBERIA DE D=4"" (110mm) PVC /TIPO DOBLE PARED (SUPERFICIE INTERIOR LISA Y EXTERIOR CORRUGADA, PARA EL SISTEMA ELECTRICO)",m,0.024000,4.706000,0.2000,0.941000,0.000000,5.647000,5.650000,8,ANALISIS-DE-PRECIOS-UNITARIOS.xlsx,sheet1,30299,73c20630550e6b06a7a837f4640f50c8d0332baaa0fee199f2c20427e31bd816
EC-GAD-DAULE-LPI-GADIMCD-2025-01:0357,APUV1-a9f036534abb5a4e198693c8,APUCON-984595eb828f7d877884b220,EC-GAD-DAULE-LPI-GADIMCD-2025-01,REGENERACION,357,"SUMINISTRO E INSTALACION DE TUBERIA METALICA RIGIDA DE D=1 1/4"" (40mm) PARA SISTEMA ELECTRICO (INCL. ACCESORIOS)",m,0.198000,11.589000,0.2000,2.318000,0.000000,13.907000,13.910000,6,ANALISIS-DE-PRECIOS-UNITARIOS.xlsx,sheet1,30384,a9f036534abb5a4e198693c8ae8787e6cf65ba18a037f473bcfcf5a60c4a3967
EC-GAD-DAULE-LPI-GADIMCD-2025-01:0358,APUV1-ace4eb5ae06ecc42c3701733,APUCON-81f686f9ea73d88ad07c2c94,EC-GAD-DAULE-LPI-GADIMCD-2025-01,REGENERACION,358,"SUMINISTRO E INSTALACION DE CODO METALICO RIGIDO DE D=1 1/4"" (40mm) PARA SISTEMA ELECTRICO",u,0.110000,10.793000,0.2000,2.159000,0.000000,12.952000,12.950000,4,ANALISIS-DE-PRECIOS-UNITARIOS.xlsx,sheet1,30469,ace4eb5ae06ecc42c37017337510af879e052e27b67d987f0a8531c3cc0e3efa
EC-GAD-DAULE-LPI-GADIMCD-2025-01:0359,APUV1-1ef48cc06bd8cbae72bc828e,APUCON-fd768da09f2b906df17192bc,EC-GAD-DAULE-LPI-GADIMCD-2025-01,REGENERACION,359,"SUMINISTRO E INSTALACION DE TUBERIA PVC D=1"" (32mm) / TIPO PESADO - PARA SISTEMA ELECTRICO (INCL. ACCESORIOS)",m,0.050000,2.020000,0.2000,0.404000,0.000000,2.424000,2.420000,6,ANALISIS-DE-PRECIOS-UNITARIOS.xlsx,sheet1,30554,1ef48cc06bd8cbae72bc828e1b0a82f835c581feb7ec1a7960bdb282a9c9a3c7
EC-GAD-DAULE-LPI-GADIMCD-2025-01:0360,APUV1-0f04699715164ba26a7bb378,APUCON-599b8920c02b8207d35aae38,EC-GAD-DAULE-LPI-GADIMCD-2025-01,REGENERACION,360,"SUMINISTRO E INSTALACION CODO DE PVC D=1"" (32mm) / TIPO PESADO - PARA SISTEMA ELECTRICO",u,0.010000,2.654000,0.2000,0.531000,0.000000,3.185000,3.190000,6,ANALISIS-DE-PRECIOS-UNITARIOS.xlsx,sheet1,30639,0f04699715164ba26a7bb378e797144b02d7a1618a67b6707b9d11dfab24bab8
EC-GAD-DAULE-LPI-GADIMCD-2025-01:0361,APUV1-2d9921962abb3b456652185a,APUCON-c42872cce3fa6fb9dde77e8e,EC-GAD-DAULE-LPI-GADIMCD-2025-01,REGENERACION,361,"SUMINISTRO E INSTALACION DE TUBERIA METALICA RIGIDA D=4"" (110mm) PARA USO ELECTRICO / BAJANTE DEL SISTEMA ELECTRICO O COMUNICACIONES (INCL. HEBILLA Y ZUNCHO METALICO D=1/2"")",m,0.050000,37.974000,0.2000,7.595000,0.000000,45.569000,45.570000,8,ANALISIS-DE-PRECIOS-UNITARIOS.xlsx,sheet1,30724,2d9921962abb3b456652185a2e97c77c431a53292e5e8bbae4e099feda90d996
EC-GAD-DAULE-LPI-GADIMCD-2025-01:0362,APUV1-316808248c359e6a44abf4ac,APUCON-92dbd80c5f2573b7ebe60d87,EC-GAD-DAULE-LPI-GADIMCD-2025-01,REGENERACION,362,"SUMINISTRO E INSTALACION DE CODO METALICO RIGIDO DE D=4"" (110mm) PARA SISTEMA ELECTRICO O COMUNICACION",u,0.100000,40.948000,0.2000,8.190000,0.000000,49.138000,49.140000,4,ANALISIS-DE-PRECIOS-UNITARIOS.xlsx,sheet1,30809,316808248c359e6a44abf4ac1dbf44b87903a9b648c87d525de5d0cb00608c91
EC-GAD-DAULE-LPI-GADIMCD-2025-01:0363,APUV1-ed4020fddbcd5c52186a2595,APUCON-d6526a0f2df431826e635032,EC-GAD-DAULE-LPI-GADIMCD-2025-01,REGENERACION,363,"SUMINISTRO E INSTALACION DE REVERSIBLE RIGIDO D=4"" (110mm) PARA SISTEMA ELECTRICO O COMUNICACIÓN",u,0.198000,28.707000,0.2000,5.741000,0.000000,34.448000,34.450000,5,ANALISIS-DE-PRECIOS-UNITARIOS.xlsx,sheet1,30894,ed4020fddbcd5c52186a25957ba5a1448cdc7089d2734fc27b059948fb5f4f42
EC-GAD-DAULE-LPI-GADIMCD-2025-01:0364,APUV1-c6648867175c7f418bbbd795,APUCON-e32039c1f57a5c7aa71a8179,EC-GAD-DAULE-LPI-GADIMCD-2025-01,REGENERACION,364,"SUMINISTRO E INSTALACION DE TUBERIA METALICA RIGIDA D=3"" (90mm) PARA USO ELECTRICO / BAJANTE DEL SISTEMA ELECTRICO O COMUNICACIONES (INCL. HEBILLA Y ZUNCHO METALICO)",m,0.050000,32.269000,0.2000,6.454000,0.000000,38.723000,38.720000,8,ANALISIS-DE-PRECIOS-UNITARIOS.xlsx,sheet1,30979,c6648867175c7f418bbbd795e2be14f27192c7d260f634c2680bfad500255c94
EC-GAD-DAULE-LPI-GADIMCD-2025-01:0365,APUV1-363c4fb902cf6b9c04785902,APUCON-c609c04b48f7a8a36e60720d,EC-GAD-DAULE-LPI-GADIMCD-2025-01,REGENERACION,365,"SUMINISTRO E INSTALACION DE CODO METALICO RIGIDO DE D=3"" (90mm) PARA SISTEMA ELECTRICO O COMUNICACION",u,0.110000,26.043000,0.2000,5.209000,0.000000,31.252000,31.250000,4,ANALISIS-DE-PRECIOS-UNITARIOS.xlsx,sheet1,31064,363c4fb902cf6b9c0478590287d075134bc15058361c20f00d112a02dc3c7dc4
EC-GAD-DAULE-LPI-GADIMCD-2025-01:0366,APUV1-4632f5b9961faca64402ffb3,APUCON-fa226a1adf78bedc7443389c,EC-GAD-DAULE-LPI-GADIMCD-2025-01,REGENERACION,366,"SUMINISTRO E INSTALACION DE REVERSIBLE RIGIDO D=3"" (90mm) PARA SISTEMA ELECTRICO O COMUNICACIÓN",u,0.198000,22.987000,0.2000,4.597000,0.000000,27.584000,27.580000,5,ANALISIS-DE-PRECIOS-UNITARIOS.xlsx,sheet1,31149,4632f5b9961faca64402ffb31198a021440566bc32a72e0f0a706b0f3bf0c45b
EC-GAD-DAULE-LPI-GADIMCD-2025-01:0367,APUV1-375a4aeb92724eb3c57c654c,APUCON-868673bbdc1e1749ce1cd9e3,EC-GAD-DAULE-LPI-GADIMCD-2025-01,REGENERACION,367,BASE DE HORMIGON ARMADO F'C= 210 kg/cm2 PARA TRANSFORMADOR MONOFASICO TIPO PADMOUNTED,u,2.500000,205.888000,0.2000,41.178000,0.000000,247.066000,247.070000,17,ANALISIS-DE-PRECIOS-UNITARIOS.xlsx,sheet1,31234,375a4aeb92724eb3c57c654c7f5ca4b6c908db1be4b52091a65ca6be8f6b06f5
EC-GAD-DAULE-LPI-GADIMCD-2025-01:0368,APUV1-db6ca6fa3183a8e0a0b57290,APUCON-c02582f8b1926b4566fa85ac,EC-GAD-DAULE-LPI-GADIMCD-2025-01,REGENERACION,368,BASE DE HORMIGON ARMADO PARA PAD-SWITCH,u,1.000000,446.704000,0.2000,89.341000,0.000000,536.045000,536.050000,17,ANALISIS-DE-PRECIOS-UNITARIOS.xlsx,sheet1,31319,db6ca6fa3183a8e0a0b57290b138a301317e86d311bb2f0dcc5ba5111b468557
EC-GAD-DAULE-LPI-GADIMCD-2025-01:0369,APUV1-f58d81662b1cc3bcb023b96d,APUCON-f0897cafc07923183b237cf5,EC-GAD-DAULE-LPI-GADIMCD-2025-01,REGENERACION,369,"CANALIZACION CON 1 TUBO DE PVC D=2"" (63mm) / TIPO PESADO - PARA SISTEMA ELECTRICO",m,0.095100,3.102000,0.2000,0.620000,0.000000,3.722000,3.720000,8,ANALISIS-DE-PRECIOS-UNITARIOS.xlsx,sheet1,31404,f58d81662b1cc3bcb023b96dbd370125890300f3eac93da12207b02ad2eafe5c
EC-GAD-DAULE-LPI-GADIMCD-2025-01:0370,APUV1-d43945706c7dce5ebd381964,APUCON-39b32fb3ab4995fe00f7c52f,EC-GAD-DAULE-LPI-GADIMCD-2025-01,REGENERACION,370,"SUMINISTRO E INSTALACION CODO DE PVC D= 2"" (63mm) / TIPO PESADO - PARA SISTEMA ELECTRICO",u,0.090000,4.301000,0.2000,0.860000,0.000000,5.161000,5.160000,6,ANALISIS-DE-PRECIOS-UNITARIOS.xlsx,sheet1,31489,d43945706c7dce5ebd381964bfdf1211cbe263bd5d631e124814cf7a9573e620
EC-GAD-DAULE-LPI-GADIMCD-2025-01:0371,APUV1-a127879ceee6e63de11d2b81,APUCON-7b8978319cc15c8c0b501206,EC-GAD-DAULE-LPI-GADIMCD-2025-01,REGENERACION,371,SECUNDARIO SUBTERRANEO 2#350 MCM + N#250 MCM CU TTU,m,0.250000,85.111000,0.2000,17.022000,0.000000,102.133000,102.130000,6,ANALISIS-DE-PRECIOS-UNITARIOS.xlsx,sheet1,31574,a127879ceee6e63de11d2b81ddc3f7e7d249aba5d714176503e2171bf6d80bf5
EC-GAD-DAULE-LPI-GADIMCD-2025-01:0372,APUV1-d9ea32f9472d678efd6dd1ae,APUCON-0634b1740cdc648165204bca,EC-GAD-DAULE-LPI-GADIMCD-2025-01,REGENERACION,372,SISTEMA DE PUESTA A TIERRA PARA TRANSFORMADORES PADMOUNTED,u,5.000000,252.093000,0.2000,50.419000,0.000000,302.512000,302.510000,8,ANALISIS-DE-PRECIOS-UNITARIOS.xlsx,sheet1,31659,d9ea32f9472d678efd6dd1aeac864e97670bcafff55fa63403b99896c44d1877
EC-GAD-DAULE-LPI-GADIMCD-2025-01:0373,APUV1-7e2c4be4e7ef42cc51aad9fc,APUCON-0dd5347bdbe921d8e0f369df,EC-GAD-DAULE-LPI-GADIMCD-2025-01,REGENERACION,373,SISTEMA DE PUESTA A TIERRA PARA CENTROS DE CARGA,u,4.000000,321.644000,0.2000,64.329000,0.000000,385.973000,385.970000,8,ANALISIS-DE-PRECIOS-UNITARIOS.xlsx,sheet1,31744,7e2c4be4e7ef42cc51aad9fc2356e268b106b9d611b7dafba4d42f25a65d6e29
EC-GAD-DAULE-LPI-GADIMCD-2025-01:0374,APUV1-d21d44cc6ce70d0c2a6e5b8d,APUCON-3cd31878cfb0594db10c5d15,EC-GAD-DAULE-LPI-GADIMCD-2025-01,REGENERACION,374,SISTEMA DE PUESTA A TIERRA PARA PAD SWITCH,u,4.500000,301.477000,0.2000,60.295000,0.000000,361.772000,361.770000,8,ANALISIS-DE-PRECIOS-UNITARIOS.xlsx,sheet1,31829,d21d44cc6ce70d0c2a6e5b8d5c802a6c8c90041c6ae9efd8b3165a433ec1fecc
EC-GAD-DAULE-LPI-GADIMCD-2025-01:0375,APUV1-af1ef44f8cdee6075ba87421,APUCON-c0d4359cbfbfce1e0d1b41f4,EC-GAD-DAULE-LPI-GADIMCD-2025-01,REGENERACION,375,"TABLERO DE DISTRIBUCION METALICO PARA ALIMENTAR A 1 MEDIDOR CON BREAKERS DE 50 AMP - 2 POLOS; CON BASE SOCKET, A ESTE TABLERO SE CONECTARA AL MEDIDOR EXISTENTE",u,0.250000,822.382000,0.2000,164.476000,0.000000,986.858000,986.860000,11,ANALISIS-DE-PRECIOS-UNITARIOS.xlsx,sheet1,31914,af1ef44f8cdee6075ba8742189dbf609cb73ed6a90b5192850799e4f3ee9dc3d
EC-GAD-DAULE-LPI-GADIMCD-2025-01:0376,APUV1-a51c2aab52d3280bd269f09a,APUCON-ed2ff64481461df0a6cf901d,EC-GAD-DAULE-LPI-GADIMCD-2025-01,REGENERACION,376,"TABLERO DE DISTRIBUCION METALICO PARA ALIMENTAR A 2 MEDIDORES (INCL. BREAKER PRINCIPAL DE 70 AMP 2 POLOS, BARRAS DE COBRE, AISLADORES, SIN BASES SOCKET, 2 BREAKERS DE 50 AMP 2 POLOS, TOTALMENTE CABLEADO. SE CONECTARAN LOS MEDIDORES EXISTENTES",u,2.500000,198.259000,0.2000,39.652000,0.000000,237.911000,237.910000,10,ANALISIS-DE-PRECIOS-UNITARIOS.xlsx,sheet1,31999,a51c2aab52d3280bd269f09a88b707b82b6e60743f9a301863554c2e27e42e67
EC-GAD-DAULE-LPI-GADIMCD-2025-01:0377,APUV1-ac3efb7e85698f63c14085ca,APUCON-3722b2b2d611f85d00d71908,EC-GAD-DAULE-LPI-GADIMCD-2025-01,REGENERACION,377,"TABLERO DE DISTRIBUCION METALICO PARA ALIMENTAR A 3 MEDIDORES (INCL. BREAKER PRINCIPAL DE 70 AMP 2 POLOS, BARRAS DE COBRE, AISLADORES, SIN BASES SOCKET, 3 BREAKERS DE 50 AMP 2 POLOS, TOTALMENTE CABLEADO. SE CONECTARAN LOS MEDIDORES EXISTENTES)",u,2.990000,233.680000,0.2000,46.736000,0.000000,280.416000,280.420000,10,ANALISIS-DE-PRECIOS-UNITARIOS.xlsx,sheet1,32084,ac3efb7e85698f63c14085ca310d35df797bb1f6c6ac3df68a16fd462d9313c4
EC-GAD-DAULE-LPI-GADIMCD-2025-01:0378,APUV1-f66e82116ce00b55fb7756e9,APUCON-29bdfabdd227d0904de6b4d4,EC-GAD-DAULE-LPI-GADIMCD-2025-01,REGENERACION,378,"TABLERO DE DISTRIBUCIÓN METÁLICO PARA ALIMENTAR A 4 MEDIDORES (INCL. BREAKER PRINCIPAL DE 100 AMP 2 POLOS, BARRAS DE COBRE, AISLADORES, SIN BASES SOCKET, 4 BREAKERS DE 50 AMP 2 POLOS, TOTALMENTE CABLEADO. SE CONECTARÁN LOS MEDIDORES EXISTENTES",u,4.000000,329.294000,0.2000,65.859000,0.000000,395.153000,395.150000,10,ANALISIS-DE-PRECIOS-UNITARIOS.xlsx,sheet1,32169,f66e82116ce00b55fb7756e9a15955ab85d084c1427506f7342cb8f77635ca7d
EC-GAD-DAULE-LPI-GADIMCD-2025-01:0379,APUV1-d4da24214fe9599fee7efc4b,APUCON-b4ae47ba98d0d9177571ba17,EC-GAD-DAULE-LPI-GADIMCD-2025-01,REGENERACION,379,"TABLERO DE DISTRIBUCION METALICO PARA ALIMENTAR A 5 MEDIDORES (INCL. BREAKER PRINCIPAL DE 150 AMP 2 POLOS, BARRAS DE COBRE, AISLADORES, SIN BASES SOCKET, 5 BREAKERS DE 50 AMP 2 POLOS, TOTALMENTE CABLEADO. SE CONECTARÁN LOS MEDIDORES EXISTENTES)",u,5.000000,520.830000,0.2000,104.166000,0.000000,624.996000,625.000000,10,ANALISIS-DE-PRECIOS-UNITARIOS.xlsx,sheet1,32254,d4da24214fe9599fee7efc4b0d6b8389cf2f898e66ded40b6f1faa688cd48032
EC-GAD-DAULE-LPI-GADIMCD-2025-01:0380,APUV1-acf8b89bf6a583adeeff6bda,APUCON-a6a4c234bfa1e77ef27c9d5c,EC-GAD-DAULE-LPI-GADIMCD-2025-01,REGENERACION,380,"SUMINISTRO E INSTALACION DE TUBERIA METALICA RIGIDA DE D=2"" (63mm) PARA SISTEMA ELECTRICO O COMUNICACIÓN",m,0.400000,16.348000,0.2000,3.270000,0.000000,19.618000,19.620000,6,ANALISIS-DE-PRECIOS-UNITARIOS.xlsx,sheet1,32339,acf8b89bf6a583adeeff6bda1d5e291726ffda41b79a222bfd70e763ae767184
EC-GAD-DAULE-LPI-GADIMCD-2025-01:0381,APUV1-655cdf49a1a520fff2b186ee,APUCON-1369820128c62304437e0b7e,EC-GAD-DAULE-LPI-GADIMCD-2025-01,REGENERACION,381,"SUMINISTRO E INSTALACION DE CODO METALICO RIGIDO DE D=2"" (63mm) PARA SISTEMA ELECTRICO O COMUNICACIÓN",u,0.055000,15.522000,0.2000,3.104000,0.000000,18.626000,18.630000,4,ANALISIS-DE-PRECIOS-UNITARIOS.xlsx,sheet1,32424,655cdf49a1a520fff2b186eef723bc367550cae40d49fa916a114025a2b00b25
EC-GAD-DAULE-LPI-GADIMCD-2025-01:0382,APUV1-80f80cacbfed1cac69ba906a,APUCON-63745f9e7cbbef05b8b69165,EC-GAD-DAULE-LPI-GADIMCD-2025-01,REGENERACION,382,SISTEMA PUESTA A TIERRA PARA LOS TABLEROS DE MEDIDORES,u,0.385000,20.510000,0.2000,4.102000,0.000000,24.612000,24.610000,9,ANALISIS-DE-PRECIOS-UNITARIOS.xlsx,sheet1,32509,80f80cacbfed1cac69ba906a487636c0c27f07bf4741833df1bb5a90605b3c97
EC-GAD-DAULE-LPI-GADIMCD-2025-01:0383,APUV1-8edb29baa3e519dfc76979a0,APUCON-438b7edec794dc9de43b016b,EC-GAD-DAULE-LPI-GADIMCD-2025-01,REGENERACION,383,"ACOMETIDA DOMICILIARIA CON 2#4, N#6 AWG Cu TTU",m,0.050000,10.795000,0.2000,2.159000,0.000000,12.954000,12.950000,6,ANALISIS-DE-PRECIOS-UNITARIOS.xlsx,sheet1,32594,8edb29baa3e519dfc76979a0097c4ae3a8535e5eac05cd39bffda0df75bc3c86
EC-GAD-DAULE-LPI-GADIMCD-2025-01:0384,APUV1-7b896fed13a4ee3bfbf87b55,APUCON-9854b8f410f84087a3ad6542,EC-GAD-DAULE-LPI-GADIMCD-2025-01,REGENERACION,384,"ACOMETIDA DOMICILIARIA CON 2#2, N#4 AWG Cu TTU",m,0.063000,16.926000,0.2000,3.385000,0.000000,20.311000,20.310000,6,ANALISIS-DE-PRECIOS-UNITARIOS.xlsx,sheet1,32679,7b896fed13a4ee3bfbf87b55ad8c7e18f5f035a0a0305295fe6a84cac98c8968
EC-GAD-DAULE-LPI-GADIMCD-2025-01:0385,APUV1-36962a212843d6805f45d44d,APUCON-ab49be853fcf05210d1fdeb8,EC-GAD-DAULE-LPI-GADIMCD-2025-01,REGENERACION,385,"ACOMETIDA DOMICILIARIA CON 2#1/0, N#2 AWG Cu TTU",m,0.050000,25.311000,0.2000,5.062000,0.000000,30.373000,30.370000,6,ANALISIS-DE-PRECIOS-UNITARIOS.xlsx,sheet1,32764,36962a212843d6805f45d44db1d795724301ab6b56b2dc458db6d9810e4568b4
EC-GAD-DAULE-LPI-GADIMCD-2025-01:0386,APUV1-ab40524ab52f90dabae7a54e,APUCON-a1e2e49f30bdb38db6346c6a,EC-GAD-DAULE-LPI-GADIMCD-2025-01,REGENERACION,386,SUMINISTRO E INSTALACION Y CONEXIÓN DE CABLE CONCENTRICO 3x12 AWG,m,0.100000,3.837000,0.2000,0.767000,0.000000,4.604000,4.600000,5,ANALISIS-DE-PRECIOS-UNITARIOS.xlsx,sheet1,32849,ab40524ab52f90dabae7a54e9e911b2ccc1bef3f21781b11b3a878465dfede5b
EC-GAD-DAULE-LPI-GADIMCD-2025-01:0387,APUV1-3618a6b51904d3e71a21ac33,APUCON-002dbdd137408608224f2809,EC-GAD-DAULE-LPI-GADIMCD-2025-01,REGENERACION,387,CONECTOR IP - 68 GELPORT 350 DE 3 VIAS PARA CONECTARSE AL SECUNDARIO,u,0.889500,70.895000,0.2000,14.179000,0.000000,85.074000,85.070000,5,ANALISIS-DE-PRECIOS-UNITARIOS.xlsx,sheet1,32934,3618a6b51904d3e71a21ac337bb97742e31e4e826163d04bdfbbe687ea3f4eca
EC-GAD-DAULE-LPI-GADIMCD-2025-01:0388,APUV1-5b99f8ce0c46b5ad6b368830,APUCON-195116eda03c7a56dd7a5454,EC-GAD-DAULE-LPI-GADIMCD-2025-01,REGENERACION,388,CONECTOR IP - 68 GELPORT 350 DE 4 VIAS PARA CONECTARSE AL SECUNDARIO,u,1.038000,78.002000,0.2000,15.600000,0.000000,93.602000,93.600000,5,ANALISIS-DE-PRECIOS-UNITARIOS.xlsx,sheet1,33019,5b99f8ce0c46b5ad6b3688303fde030f301bbd94f589db89bc18acdb2243dfe5
EC-GAD-DAULE-LPI-GADIMCD-2025-01:0389,APUV1-e682ceb168e08c567f1c451a,APUCON-0a06998cf762720d5781ce5a,EC-GAD-DAULE-LPI-GADIMCD-2025-01,REGENERACION,389,CONECTOR IP - 68 GELPORT 350 DE 5 VIAS PARA CONECTARSE AL SECUNDARIO,u,1.039000,88.336000,0.2000,17.667000,0.000000,106.003000,106.000000,5,ANALISIS-DE-PRECIOS-UNITARIOS.xlsx,sheet1,33104,e682ceb168e08c567f1c451abd776f6f800d7a84f1ac19d4fd45296543c38bcf
EC-GAD-DAULE-LPI-GADIMCD-2025-01:0390,APUV1-841f5269f4372acdf6d04bbf,APUCON-babae74c31e7840ffaa3fdb6,EC-GAD-DAULE-LPI-GADIMCD-2025-01,REGENERACION,390,CONECTOR IP - 68 GELPORT 350 DE 6 VIAS PARA CONECTARSE AL SECUNDARIO,u,1.384000,98.829000,0.2000,19.766000,0.000000,118.595000,118.600000,5,ANALISIS-DE-PRECIOS-UNITARIOS.xlsx,sheet1,33189,841f5269f4372acdf6d04bbf5a2cb9c9098dca30b62b45e263a4755a538844f9
EC-GAD-DAULE-LPI-GADIMCD-2025-01:0391,APUV1-4cb1087906d2d93639de2a71,APUCON-94ce4e6b1e84ccac3c73a05c,EC-GAD-DAULE-LPI-GADIMCD-2025-01,REGENERACION,391,BASE DE HORMIGON ARMADO PARA POSTE METALICO Y COLOCACION DE PLACA BASE ANCLADA A LA CIMENTACION,u,1.502000,232.191000,0.2000,46.438000,0.000000,278.629000,278.630000,17,ANALISIS-DE-PRECIOS-UNITARIOS.xlsx,sheet1,33274,4cb1087906d2d93639de2a7101c8009742d2e1c3ca4b547e84027ba31f6d94c8
EC-GAD-DAULE-LPI-GADIMCD-2025-01:0392,APUV1-89410db21bf51906599eca0a,APUCON-182b6cbcf9afacf94bda0b4a,EC-GAD-DAULE-LPI-GADIMCD-2025-01,REGENERACION,392,SUMINISTRO E INSTALACION DE LUMINARIA TIPO COBRA PARA ALUMBRADO PUBLICO DE 150w / 110V - 220v LED. (INCL. CABLEADO INTERNO DEL POSTE),u,2.000000,424.739000,0.2000,84.948000,0.000000,509.687000,509.690000,7,ANALISIS-DE-PRECIOS-UNITARIOS.xlsx,sheet1,33359,89410db21bf51906599eca0ab6caf55bb25fc4ee05a8f4c316ee69aa3d628433
EC-GAD-DAULE-LPI-GADIMCD-2025-01:0393,APUV1-fcf947025cb0d69cfb29ee60,APUCON-43cf13ff22a0a9f7e54186d1,EC-GAD-DAULE-LPI-GADIMCD-2025-01,REGENERACION,393,SUMINISTRO E INSTALACION DE POSTE METALICO CIRCULAR DE H=8m CON DOBLE CARTERA (DOBLE BRAZO) PM8-VP,u,5.000000,1122.410000,0.2000,224.482000,0.000000,1346.892000,1346.890000,13,ANALISIS-DE-PRECIOS-UNITARIOS.xlsx,sheet1,33444,fcf947025cb0d69cfb29ee608e3ee9039a20399e16d714637115a74be9e1f47b
EC-GAD-DAULE-LPI-GADIMCD-2025-01:0394,APUV1-3d9ac000e02aaa15a7c35d67,APUCON-0e0e5c8c54daf9c67b48adf0,EC-GAD-DAULE-LPI-GADIMCD-2025-01,REGENERACION,394,"SUMINISTRO E INSTALACION DE CAJA PORTAFUSIBLE DE 15 KV - 100A (INCL. SECCIONADOR, ESTRIBOS DE ALUMINIO CON CONECTORES Y GRAPAS LINEA VIVA)",u,1.250000,168.266000,0.2000,33.653000,0.000000,201.919000,201.920000,8,ANALISIS-DE-PRECIOS-UNITARIOS.xlsx,sheet1,33529,3d9ac000e02aaa15a7c35d67d559b9487af716a1c618ca681b64aad0f5824477
EC-GAD-DAULE-LPI-GADIMCD-2025-01:0395,APUV1-df39aecd301f79336a612fcc,APUCON-1757dfe6952a044299b589de,EC-GAD-DAULE-LPI-GADIMCD-2025-01,REGENERACION,395,SUMINISTRO E INSTALACION DE TIRA FUSIBLE DE 20 AMP,u,0.500000,16.132000,0.2000,3.226000,0.000000,19.358000,19.360000,6,ANALISIS-DE-PRECIOS-UNITARIOS.xlsx,sheet1,33614,df39aecd301f79336a612fcc76cd6935a593a602a16d541c130769edd3be234d
EC-GAD-DAULE-LPI-GADIMCD-2025-01:0396,APUV1-ce131095fae625d68039dd6d,APUCON-6fdd25151048f3f78cb84af1,EC-GAD-DAULE-LPI-GADIMCD-2025-01,REGENERACION,396,"SUMINISTRO E INSTALACION DE PARARRAYO TIPO DISTRIBUCION 10 KV (INCL. TUBERIA CONDUIT EMT 1/2"", CABLE DE COBRE THHN #12AWG Y VARILLA COOPERWELD 5/8"")",u,0.250000,218.579000,0.2000,43.716000,0.000000,262.295000,262.300000,12,ANALISIS-DE-PRECIOS-UNITARIOS.xlsx,sheet1,33699,ce131095fae625d68039dd6daa895e05775ba0600ec1547ba4df80f352a199ee
EC-GAD-DAULE-LPI-GADIMCD-2025-01:0397,APUV1-72932b449a122d15b53ae78e,APUCON-6c9b63145062963963dba56b,EC-GAD-DAULE-LPI-GADIMCD-2025-01,REGENERACION,397,SUMINISTRO E INSTALACION DE ESTRUCTURA DE MEDIA TENSION 1F - CENTRADA RETENCION (INCL. RACK DE 1 VIA PARA NEUTRO 1CR),u,1.720000,71.026000,0.2000,14.205000,0.000000,85.231000,85.230000,9,ANALISIS-DE-PRECIOS-UNITARIOS.xlsx,sheet1,33784,72932b449a122d15b53ae78e5c6768355c541454aeec35f38ce84aae78833303
EC-GAD-DAULE-LPI-GADIMCD-2025-01:0398,APUV1-2c2304d3c0b7064c263a3cb3,APUCON-28bb50db667022d85fd9290e,EC-GAD-DAULE-LPI-GADIMCD-2025-01,REGENERACION,398,"SUMINISTRO E INSTALACION DE ESTRUCTURA DE MEDIA TENSION 3F EN VOLADO RETENCION (INCL. RACK DE 1 VIA PARA NEUTRO 3VR, CRUCETA, PIE DE AMIGO, GRAPA, ABRAZADERA, HORQUILLA DE ANCLAJE Y AISLADOR DE SUSPENSION)",u,4.000000,317.024000,0.2000,63.405000,0.000000,380.429000,380.430000,15,ANALISIS-DE-PRECIOS-UNITARIOS.xlsx,sheet1,33869,2c2304d3c0b7064c263a3cb3c40f4d8b068db7a08dd7884249ec30df2a603b9d
EC-GAD-DAULE-LPI-GADIMCD-2025-01:0399,APUV1-45f85645f9bc059b81693b1a,APUCON-36cb2b372b6afbc5946fda14,EC-GAD-DAULE-LPI-GADIMCD-2025-01,REGENERACION,399,SUMINISTRO E INSTALACION DE ESTRUCTURA DE BAJA TENSION 1 VIA PREENSAMBLADO RETENCION CON 3 CONDUCTORES 1PR3,u,0.600000,32.184000,0.2000,6.437000,0.000000,38.621000,38.620000,5,ANALISIS-DE-PRECIOS-UNITARIOS.xlsx,sheet1,33954,45f85645f9bc059b81693b1a7a1dbba962019184b4eacd339a3d86d880ceae18
EC-GAD-DAULE-LPI-GADIMCD-2025-01:0400,APUV1-772bb372c571ee39759c9dd4,APUCON-771cbe6714af7b718b272f57,EC-GAD-DAULE-LPI-GADIMCD-2025-01,REGENERACION,400,"SUMINISTRO E INSTALACION DE TENSOR POSTE CRUCETA (INCL. BLOQUE DE ANCLAJE, RETENCION PARA CABLES PERFORADOS, CABLE DE ACERO GALVANIZADO Y VARILLA DE ANCLAJE)",u,2.010000,96.400000,0.2000,19.280000,0.000000,115.680000,115.680000,11,ANALISIS-DE-PRECIOS-UNITARIOS.xlsx,sheet1,34039,772bb372c571ee39759c9dd411edcb63ea249111ccb01d2528625d527c9dcb21
EC-GAD-DAULE-LPI-GADIMCD-2025-01:0401,APUV1-30e36074f5a994b56c6978cd,APUCON-f2c1712f1aa2e1c2d3766c2d,EC-GAD-DAULE-LPI-GADIMCD-2025-01,REGENERACION,401,"SUMINISTRO E INSTALACION DE TENSOR TIPO FAROL (INCL. CABLE DE ACERO GALVANIZADO 7 HILOS 3/8"", RETENCION PREFORMADA, GUARDACABO, VARILLA DE ANCLAJE 5/8""x 71"", BLOQUE DE ANCLAJE, AISLADOR DE PORCELANA ANSI 54-2 Y BRAZO DE ACERO GALVANIZADO TUBULAR 2""x59"")",u,2.500000,120.791000,0.2000,24.158000,0.000000,144.949000,144.950000,12,ANALISIS-DE-PRECIOS-UNITARIOS.xlsx,sheet1,34141,30e36074f5a994b56c6978cd508834af9d754494fb48281ba55ac2e0752768ce
EC-GAD-DAULE-LPI-GADIMCD-2025-01:0402,APUV1-9b09e8d9e84208bfdd690ff6,APUCON-0b653614b983b29337faf556,EC-GAD-DAULE-LPI-GADIMCD-2025-01,REGENERACION,402,"SUMINISTRO E INSTALACION DE ALIMENTADOR 3#1/0 CU 15KV XLPE AL 100%, N#2 CU DESNUDO",m,0.090000,17.902000,0.2000,3.580000,0.000000,21.482000,21.480000,6,ANALISIS-DE-PRECIOS-UNITARIOS.xlsx,sheet1,34226,9b09e8d9e84208bfdd690ff6cb541d4e3a572ad59216866762bab874f09ce8e9
EC-GAD-DAULE-LPI-GADIMCD-2025-01:0403,APUV1-729dba6149ef4700c4ce78ec,APUCON-91509731d07290e3007667ac,EC-GAD-DAULE-LPI-GADIMCD-2025-01,REGENERACION,403,"SUMINISTRO E INSTALACION DE ALIMENTADOR 3#2 CU 15KV XLPE AL 100%, N#4 CU DESNUDO",m,0.200000,30.636000,0.2000,6.127000,0.000000,36.763000,36.760000,6,ANALISIS-DE-PRECIOS-UNITARIOS.xlsx,sheet1,34311,729dba6149ef4700c4ce78ec7788c87333ede9832404fc19f41abd3836d05e90
EC-GAD-DAULE-LPI-GADIMCD-2025-01:0404,APUV1-97ed917b29d2e3dfa4cba7b6,APUCON-4c7f0b4069d22ab2f632acf5,EC-GAD-DAULE-LPI-GADIMCD-2025-01,REGENERACION,404,"SUMINISTRO E INSTALACION DE ALIMENTADOR 1#2 CU 15KV XLPE AL 100%, N#4 CU DESNUDO",m,0.100000,12.743000,0.2000,2.549000,0.000000,15.292000,15.290000,6,ANALISIS-DE-PRECIOS-UNITARIOS.xlsx,sheet1,34396,97ed917b29d2e3dfa4cba7b619bafa925a2c7239f8ebb4e1accf069379921c06
EC-GAD-DAULE-LPI-GADIMCD-2025-01:0405,APUV1-43f68a3c91ecac1ec0754181,APUCON-826865d75e8fa90a4900180e,EC-GAD-DAULE-LPI-GADIMCD-2025-01,REGENERACION,405,"SUMINISTRO E INSTALACION DE ALIMENTADOR 3#500 MCM CU 15KV TRXLPE, T#4/0 AL DESNUDO (INCL. ACCESORIOS VARIO)",m,0.255000,146.652000,0.2000,29.330000,0.000000,175.982000,175.980000,7,ANALISIS-DE-PRECIOS-UNITARIOS.xlsx,sheet1,34481,43f68a3c91ecac1ec075418136d369ebcaf139686b3e5d9fb1119447aec5063b
EC-GAD-DAULE-LPI-GADIMCD-2025-01:0406,APUV1-e9f01c15e4fc526dec2bfaff,APUCON-82a11f43289c041396f72172,EC-GAD-DAULE-LPI-GADIMCD-2025-01,REGENERACION,406,SUMINISTRO E INSTALACION DE PUNTAS DE CONEXIÓN EXTERIOR CLASE 15 KV PARA CABLE #2 AWG (INCL. CABLE #10 AWG THHN PARA ATERRIZAR DE PUNTAS Y TIRA FUSIBLE 30A),u,1.500000,128.767000,0.2000,25.753000,0.000000,154.520000,154.520000,9,ANALISIS-DE-PRECIOS-UNITARIOS.xlsx,sheet1,34566,e9f01c15e4fc526dec2bfaffc2d2a27901d4bf69433ebdb86d191a8a4cdf36e8
EC-GAD-DAULE-LPI-GADIMCD-2025-01:0407,APUV1-c2efbfa50a69b5ef5a9af84c,APUCON-6d12d090f9ce8e3580988e78,EC-GAD-DAULE-LPI-GADIMCD-2025-01,REGENERACION,407,"SUMINISTRO E INSTALACION DE PUNTA DE CONEXIÓN INTERIOR TIPO ELBOW CONECTOR CLASE 15 KV PARA CABLE #2 AWG (INCL. CABLE #10 AWG THHN PARA ATERRIZAJE DE PUNTAS, ELBOW CONECTOR Y TIRA FUSIBLE DE 30A)",u,2.100000,105.846000,0.2000,21.169000,0.000000,127.015000,127.020000,9,ANALISIS-DE-PRECIOS-UNITARIOS.xlsx,sheet1,34651,c2efbfa50a69b5ef5a9af84c7fad54908bf63ebf2b751c8a310521afdc4ef994
EC-GAD-DAULE-LPI-GADIMCD-2025-01:0408,APUV1-60af844619a27df6ebf6a484,APUCON-059d876551562bd33aca02b3,EC-GAD-DAULE-LPI-GADIMCD-2025-01,REGENERACION,408,"SUMINISTRO E INSTALACION DE PUNTA DE CONEXIÓN INTERIOR TIPO ELBOW CONECTOR CLASE 15 KV PARA CABLE #1/0 AWG (INCL. CABLE #10 AWG THHN PARA ATERRIZAJE DE PUNTAS, ELBOW CONECTOR Y TIRA FUSIBLE DE 30A)",u,2.492000,113.044000,0.2000,22.609000,0.000000,135.653000,135.650000,9,ANALISIS-DE-PRECIOS-UNITARIOS.xlsx,sheet1,34736,60af844619a27df6ebf6a484869fc233b7e6badd4112c74828b4e8e745d9c2db
EC-GAD-DAULE-LPI-GADIMCD-2025-01:0409,APUV1-a7a32f0785db6124c4826444,APUCON-9a9fbdf1a4d0cc980783a89d,EC-GAD-DAULE-LPI-GADIMCD-2025-01,REGENERACION,409,"SUMINISTRO E INSTALACION DE TRANSFORMADOR 1F TIPO PADMOUNTED MALLA DE 75 KVA, 7960/240 - 120V (INCL. INSERT, ELBOW CONECTOR, ELBOW ARRESTER Y TAPON AISLADO PARA EL TERMINAL MALLA DE RESERVA)",u,15.000000,5575.345000,0.2000,1115.069000,0.000000,6690.414000,6690.410000,12,ANALISIS-DE-PRECIOS-UNITARIOS.xlsx,sheet1,34821,a7a32f0785db6124c48264448b0a7f5df21427519cf6fd03bb9e09fa20f23c8c
EC-GAD-DAULE-LPI-GADIMCD-2025-01:0410,APUV1-241f55957e178ddc6632f2df,APUCON-61b66ee3a8b7c61b9d2f25df,EC-GAD-DAULE-LPI-GADIMCD-2025-01,REGENERACION,410,"PROVISION E INSTALACION DE EQUIPO PROTECCION - SECCIONAMIENTO ALIMENTADORES PRIMARIOS 15KV CON 3 BARRAS DE 6 VIAS, FUSIBLES, CONECTORES INSERT, CODOS DE PARQUEO, LUCES SEÑALIZADORAS DE VOLTAJE Y BARRA DE COBRE PARA CONEXIÓN A SISTEMA DE PUESTA A TIERRA",u,100.000000,21795.170000,0.2000,4359.034000,0.000000,26154.204000,26154.200000,17,ANALISIS-DE-PRECIOS-UNITARIOS.xlsx,sheet1,34906,241f55957e178ddc6632f2df6eb8ef087fcb051b3b4e746cc31d335b202585ce
EC-GAD-DAULE-LPI-GADIMCD-2025-01:0411,APUV1-dad4c7fe5ce98741d56ff948,APUCON-47f680446d29be4da82d155a,EC-GAD-DAULE-LPI-GADIMCD-2025-01,REGENERACION,411,"SUMINISTRO E INSTALACION PAD-SWITCH CONFIG. - 633 TIPO PEDESTAL DE SECCIONAMIENTO DE 15KV-SF6, 3 ENTRADAS 600AMP Y 3 SALIDAS 200AMP (INCL. CODO TIPO ""T"" DE 600AMP; CONECTOR INSERTS, ACCESORIOS VARIOS, PUESTA EN MARCHA Y BARRA SISTEMA PUESTA A TIERRA).",u,91.000000,159913.238000,0.2000,31982.648000,0.000000,191895.886000,191895.890000,11,ANALISIS-DE-PRECIOS-UNITARIOS.xlsx,sheet1,34991,dad4c7fe5ce98741d56ff94854e50d3099fbfb96c01ca32bf6cb0a103a2e4d02
EC-GAD-DAULE-LPI-GADIMCD-2025-01:0412,APUV1-586c540c889f59fa6de9beed,APUCON-61648c5e45d81ada0b356313,EC-GAD-DAULE-LPI-GADIMCD-2025-01,REGENERACION,412,SUMINISTRO E INSTALACION DE POSTE METALICO CIRCULAR DE H=12m CON DOBLE CARTERA (DOBLE BRAZO) PM12-VV,u,7.000000,1769.114000,0.2000,353.823000,0.000000,2122.937000,2122.940000,13,ANALISIS-DE-PRECIOS-UNITARIOS.xlsx,sheet1,35076,586c540c889f59fa6de9beed38c968358f8b3d2ede637a9ef5e22819ca04a46e
EC-GAD-DAULE-LPI-GADIMCD-2025-01:0413,APUV1-9dc6db20eeb9fa57a0ffe7a7,APUCON-b871a03ece1e6beb496fe58c,EC-GAD-DAULE-LPI-GADIMCD-2025-01,REGENERACION,413,"SUMINISTRO E INSTALACION DE POSTE CONICO METALICO DE H=10,00m GALVANIZADO EN CALIENTE C/CARTELAS (INCL. PLACA BASE METALICA, TAPA DE INSPECCION Y PINTURA AL POLVO ELECTROSTATICA)",u,4.250000,1108.426000,0.2000,221.685000,0.000000,1330.111000,1330.110000,7,ANALISIS-DE-PRECIOS-UNITARIOS.xlsx,sheet1,35161,9dc6db20eeb9fa57a0ffe7a7cb06dd57a42c07307720417bb70ed3a502d832f1
EC-GAD-DAULE-LPI-GADIMCD-2025-01:0414,APUV1-f05e30f5e92b367830ecbf29,APUCON-2c0cedd218b7104fc3713399,EC-GAD-DAULE-LPI-GADIMCD-2025-01,REGENERACION,414,RETEMPLADO DE LINEAS AEREAS DE MEDIA TENSION Y BAJA TENSION,m,0.009900,0.538000,0.2000,0.108000,0.000000,0.646000,0.650000,6,ANALISIS-DE-PRECIOS-UNITARIOS.xlsx,sheet1,35246,f05e30f5e92b367830ecbf293d19caa342f92e67ff81049616d84e388b308690
EC-GAD-DAULE-LPI-GADIMCD-2025-01:0415,APUV1-f46f8e941a2cdbb2ff8fd37c,APUCON-c0f599c47a81305b925d8a65,EC-GAD-DAULE-LPI-GADIMCD-2025-01,REGENERACION,415,CONSTRUCCION DE CLOSET PARA EQUIPO DE PROTECCION - SECCIONAMIENTO PARA ALIMENTADORES PRIMARIOS 15 KV,u,15.000000,2882.085000,0.2000,576.417000,0.000000,3458.502000,3458.500000,23,ANALISIS-DE-PRECIOS-UNITARIOS.xlsx,sheet1,35331,f46f8e941a2cdbb2ff8fd37c1441a2e22e54571902817716be2ee0573015e6ca
EC-GAD-DAULE-LPI-GADIMCD-2025-01:0416,APUV1-501b803d47498c0daa28d355,APUCON-8552ea7c44186f885eabb771,EC-GAD-DAULE-LPI-GADIMCD-2025-01,REGENERACION,416,PEDESTAL DE HORMIGON ARMADO PARA ALOJAR UN TABLERO PARA MEDIDOR TOTALIZADOR,u,5.000000,383.555000,0.2000,76.711000,0.000000,460.266000,460.270000,16,ANALISIS-DE-PRECIOS-UNITARIOS.xlsx,sheet1,35416,501b803d47498c0daa28d355b48c2d39bc4ff93325d31f2e5283659099558d61
EC-GAD-DAULE-LPI-GADIMCD-2025-01:0417,APUV1-2962696b950577445e20fccf,APUCON-619798da46ae4ebdebd94766,EC-GAD-DAULE-LPI-GADIMCD-2025-01,REGENERACION,417,RETIRO DE POSTE EXISTENTE,u,1.500000,72.544000,0.2000,14.509000,0.000000,87.053000,87.050000,6,ANALISIS-DE-PRECIOS-UNITARIOS.xlsx,sheet1,35501,2962696b950577445e20fccf17338b7a7914a0a7bbe0f02473d8d4146f846014
EC-GAD-DAULE-LPI-GADIMCD-2025-01:0418,APUV1-c15191c4bcb8e0cf2630d764,APUCON-2c1a179aee93e626bb488bde,EC-GAD-DAULE-LPI-GADIMCD-2025-01,REGENERACION,418,"DESMONTAJE DE CONDUCTOR DE ALUMINIO AEREO, REDES DE MEDIA Y BAJA TENSION (INCL. HERRAJES)",m,0.005220,0.280000,0.2000,0.056000,0.000000,0.336000,0.340000,7,ANALISIS-DE-PRECIOS-UNITARIOS.xlsx,sheet1,35586,c15191c4bcb8e0cf2630d764a376518b724a1b5e31c5134d83629a163a974e41
EC-GAD-DAULE-LPI-GADIMCD-2025-01:0419,APUV1-0798a33c48ea7111118aa1da,APUCON-0a9ef892fa64844f19f8c16b,EC-GAD-DAULE-LPI-GADIMCD-2025-01,REGENERACION,419,RETIRO DE ACOMETIDA ELECTRICA BAJA TENSION EXISTENTE (CABLES Y BAJANTES),u,0.250000,14.388000,0.2000,2.878000,0.000000,17.266000,17.270000,6,ANALISIS-DE-PRECIOS-UNITARIOS.xlsx,sheet1,35671,0798a33c48ea7111118aa1da971e91bcd253dda2dbce723719de97c248bf4ca1
EC-GAD-DAULE-LPI-GADIMCD-2025-01:0420,APUV1-5e3ed9d830ee0b1fb815bf9a,APUCON-e85463f129fcd6438c5091e7,EC-GAD-DAULE-LPI-GADIMCD-2025-01,REGENERACION,420,DESMONTAJE DE LUMINARIA DE VAPOR DE SODIO,u,0.500000,24.335000,0.2000,4.867000,0.000000,29.202000,29.200000,6,ANALISIS-DE-PRECIOS-UNITARIOS.xlsx,sheet1,35756,5e3ed9d830ee0b1fb815bf9a810966d43b9c240adc865d7566aabf6c8af49ac0
EC-GAD-DAULE-LPI-GADIMCD-2025-01:0421,APUV1-d7705391c5c875b89946ee13,APUCON-9f91adb29f21c14d4f54b257,EC-GAD-DAULE-LPI-GADIMCD-2025-01,REGENERACION,421,DESMONTAJE DE ESTRUCTURA DE MEDIA TENSION TRIFASICO,u,1.000000,53.667000,0.2000,10.733000,0.000000,64.400000,64.400000,7,ANALISIS-DE-PRECIOS-UNITARIOS.xlsx,sheet1,35841,d7705391c5c875b89946ee133b5bf0951587af2f356c62841649c290190bdbf6
EC-GAD-DAULE-LPI-GADIMCD-2025-01:0422,APUV1-29d3ebc6b66db671614f5d6e,APUCON-e792fefe6199a8bf73d70f27,EC-GAD-DAULE-LPI-GADIMCD-2025-01,REGENERACION,422,DESMONTAJE DE ESTRUCTURA DE MEDIA TENSION MONOFASICA,u,0.300000,16.100000,0.2000,3.220000,0.000000,19.320000,19.320000,7,ANALISIS-DE-PRECIOS-UNITARIOS.xlsx,sheet1,35926,29d3ebc6b66db671614f5d6e02de08463a405ec2b2fca88184f1635b212a460c
EC-GAD-DAULE-LPI-GADIMCD-2025-01:0423,APUV1-09453687ec196c7f2f66fb63,APUCON-4f231d04b1a1146712d63f2f,EC-GAD-DAULE-LPI-GADIMCD-2025-01,REGENERACION,423,DESMONTAJE DE ESTRUCTURA DE BAJA TENSION,u,0.200000,11.734000,0.2000,2.347000,0.000000,14.081000,14.080000,7,ANALISIS-DE-PRECIOS-UNITARIOS.xlsx,sheet1,36011,09453687ec196c7f2f66fb631a5d4b3c9162fdfd66baa0efc87b5546d8f450ea
EC-GAD-DAULE-LPI-GADIMCD-2025-01:0424,APUV1-da58e8b0b21bdc451b0e47d4,APUCON-2f72010869f1c914da5897d0,EC-GAD-DAULE-LPI-GADIMCD-2025-01,REGENERACION,424,DESMONTAJE DE TRANSFORMADOR DE DISTRIBUCION TIPO CONVENCIONAL (10KVA - 25 KVA - 75KVA; ETC) EXISTENTE EN POSTE,u,2.500000,134.168000,0.2000,26.834000,0.000000,161.002000,161.000000,7,ANALISIS-DE-PRECIOS-UNITARIOS.xlsx,sheet1,36096,da58e8b0b21bdc451b0e47d4a58ef09d2ebee04a63b09c83651a892f013d2b69
EC-GAD-DAULE-LPI-GADIMCD-2025-01:0425,APUV1-4ef71b86c042057c63bdd7e1,APUCON-21d7db33a4d5d0ccd6233371,EC-GAD-DAULE-LPI-GADIMCD-2025-01,REGENERACION,425,DESMONTAJE DE TENSOR DE POSTES EXISTENTES,u,0.500000,14.461000,0.2000,2.892000,0.000000,17.353000,17.350000,6,ANALISIS-DE-PRECIOS-UNITARIOS.xlsx,sheet1,36181,4ef71b86c042057c63bdd7e14504353426ae52d8a0e88b29cfa0a171ec51fda1
EC-GAD-DAULE-LPI-GADIMCD-2025-01:0426,APUV1-20922a7f197134678206768a,APUCON-06c4b4e7fcdc56c7d129991f,EC-GAD-DAULE-LPI-GADIMCD-2025-01,REGENERACION,426,DESMONTAJE DE ANCLA DE EMPUJE,u,0.655000,13.011000,0.2000,2.602000,0.000000,15.613000,15.610000,6,ANALISIS-DE-PRECIOS-UNITARIOS.xlsx,sheet1,36266,20922a7f197134678206768a51374d4c510b4f6a824983b28db713e8dad42e3b
EC-GAD-DAULE-LPI-GADIMCD-2025-01:0427,APUV1-dfadf8332ccea69cd07136f6,APUCON-fafeb6394e8e70b87fc457c5,EC-GAD-DAULE-LPI-GADIMCD-2025-01,REGENERACION,427,DESMONTAJE DE BAJANTE EN MEDIA TENSION (INCL. TUBERIA),u,0.750000,15.316000,0.2000,3.063000,0.000000,18.379000,18.380000,6,ANALISIS-DE-PRECIOS-UNITARIOS.xlsx,sheet1,36351,dfadf8332ccea69cd07136f69ae022834b6d5fa61e82cb44749d855c35f146f6
EC-GAD-DAULE-LPI-GADIMCD-2025-01:0428,APUV1-15c3e1c8796a603f75aa900d,APUCON-c2dd800814aa301545b20e88,EC-GAD-DAULE-LPI-GADIMCD-2025-01,REGENERACION,428,RETIRO DE ACOMETIDA ELECTRICA EXISTENTE (INCL. CABLES Y BAJANTE),u,0.750000,21.691000,0.2000,4.338000,0.000000,26.029000,26.030000,6,ANALISIS-DE-PRECIOS-UNITARIOS.xlsx,sheet1,36436,15c3e1c8796a603f75aa900d2bba9464b652256479d81e07acd3eca7cf40d50f
EC-GAD-DAULE-LPI-GADIMCD-2025-01:0429,APUV1-f5770230f18885c408fa8d8c,APUCON-bc0e9fe64a2fea1ec2ce502a,EC-GAD-DAULE-LPI-GADIMCD-2025-01,REGENERACION,429,DESMONTAJE DE CAJA PORTA-FUSIBLE,u,0.350000,17.034000,0.2000,3.407000,0.000000,20.441000,20.440000,6,ANALISIS-DE-PRECIOS-UNITARIOS.xlsx,sheet1,36521,f5770230f18885c408fa8d8c9c796e288ed3c056f3b017ddef82fef2bc72f636
EC-GAD-DAULE-LPI-GADIMCD-2025-01:0430,APUV1-6434197f001f437a6ffce184,APUCON-2d019714a475b822df53394d,EC-GAD-DAULE-LPI-GADIMCD-2025-01,REGENERACION,430,DESMONTAJE DE PARARRAYOS DE DISTRIBUCION,u,0.400000,21.244000,0.2000,4.249000,0.000000,25.493000,25.490000,6,ANALISIS-DE-PRECIOS-UNITARIOS.xlsx,sheet1,36606,6434197f001f437a6ffce184affe3e0e6c26a95c6c1db656376bd1c68aa249aa
EC-GAD-DAULE-LPI-GADIMCD-2025-01:0431,APUV1-550f85a73e1f4de89dda1a65,APUCON-5aad76b90112f69a82cdb553,EC-GAD-DAULE-LPI-GADIMCD-2025-01,REGENERACION,431,"CAJA DE PASO DE HORMIGON ARMADO DE 80x80x80cm, F'C=280 KG/CM2 EN CALZADA (INCL. INSTALACION DE TAPA PARA SISTEMA DE COMUNICACIÓN)",u,0.750000,175.440000,0.2000,35.088000,0.000000,210.528000,210.530000,19,ANALISIS-DE-PRECIOS-UNITARIOS.xlsx,sheet1,36691,550f85a73e1f4de89dda1a65fab2f772e87be660f7ac6fd89512bb77e2caef79
EC-GAD-DAULE-LPI-GADIMCD-2025-01:0432,APUV1-6677ec979a8df69c4ce28c2b,APUCON-aa9d36e44a76c55b39c986f5,EC-GAD-DAULE-LPI-GADIMCD-2025-01,REGENERACION,432,"CAJA DE PASO DE HORMIGON ARMADO DE 80x80x80cm, F'C=210 KG/CM2 EN ARENA (INCL. INSTALACION DE TAPA PARA SISTEMA DE COMUNICACIÓN)",u,1.000000,173.746000,0.2000,34.749000,0.000000,208.495000,208.500000,19,ANALISIS-DE-PRECIOS-UNITARIOS.xlsx,sheet1,36776,6677ec979a8df69c4ce28c2baf66f0c8a4529e41cdf9e20408112530b2aa24ad
EC-GAD-DAULE-LPI-GADIMCD-2025-01:0433,APUV1-839c83b728022278c7d6e02e,APUCON-48d2df17628075d9c901a5ee,EC-GAD-DAULE-LPI-GADIMCD-2025-01,REGENERACION,433,PROVISION DE TAPA DE GRAFITO ESFEROIDAL DE 70cm CON RESISTENCIA 125KN PARA LAS CAJA PROYECTADAS PARA SISTEMA DE COMUNICACIÓN,u,0.300000,238.839000,0.2000,47.768000,0.000000,286.607000,286.610000,4,ANALISIS-DE-PRECIOS-UNITARIOS.xlsx,sheet1,36861,839c83b728022278c7d6e02ed5aec0798b9f366c1339cb07b57b970541695d42
EC-GAD-DAULE-LPI-GADIMCD-2025-01:0434,APUV1-f1f5c6bd369920531ef846d8,APUCON-85ba853fda37e97aadb96c97,EC-GAD-DAULE-LPI-GADIMCD-2025-01,REGENERACION,434,PROVISION DE TAPA DE GRAFITO ESFEROIDAL DE 70cm CON RESISTENCIA 400KN PARA LAS CAJA PROYECTADAS PARA SISTEMA DE COMUNICACIÓN,u,0.300000,244.171000,0.2000,48.834000,0.000000,293.005000,293.010000,4,ANALISIS-DE-PRECIOS-UNITARIOS.xlsx,sheet1,36946,f1f5c6bd369920531ef846d826f8a04f40fcac0c10e3d92d672c9b441423ecf5
EC-GAD-DAULE-LPI-GADIMCD-2025-01:0435,APUV1-b1bbb0f46d84ca55566e098e,APUCON-80e31c3bc146ea800788f70e,EC-GAD-DAULE-LPI-GADIMCD-2025-01,REGENERACION,435,"CANALIZACION CON 8 TUBOS DE PVC D=4"" (110mm) / TIPO DOBLE PARED (SUPERFICIE INTERIOR LISA Y EXTERIOR CORRUGADA) SISTEMA DE COMUNICACIÓN",m,0.051000,42.850000,0.2000,8.570000,0.000000,51.420000,51.420000,8,ANALISIS-DE-PRECIOS-UNITARIOS.xlsx,sheet1,37031,b1bbb0f46d84ca55566e098ecddf09957cd32b4d6bfae4dd03aa355c239cdd4f
EC-GAD-DAULE-LPI-GADIMCD-2025-01:0436,APUV1-15641c07064681eb5317ff1f,APUCON-95ccee185b6a0663aae42bc6,EC-GAD-DAULE-LPI-GADIMCD-2025-01,REGENERACION,436,"CANALIZACION CON 2 TUBOS DE PVC D=2"" (63mm) / TIPO PESADO PARA SISTEMA DE COMUNICACIÓN",m,0.200000,5.493000,0.2000,1.099000,0.000000,6.592000,6.590000,5,ANALISIS-DE-PRECIOS-UNITARIOS.xlsx,sheet1,37116,15641c07064681eb5317ff1ffdc8ce7d629328b8d4141b429191d8988d030483
EC-GAD-DAULE-LPI-GADIMCD-2025-01:0437,APUV1-9046a17e7c696b71e3e5f09b,APUCON-c10254fdbbee8937cff2ddcf,EC-GAD-DAULE-LPI-GADIMCD-2025-01,REGENERACION,437,"SUMINISTRO E INSTALACION CODO DE PVC D= 2"" (63mm) / TIPO PESADO RADIO LARGO PARA SISTEMA DE COMUNICACIÓN",u,0.100000,4.873000,0.2000,0.975000,0.000000,5.848000,5.850000,6,ANALISIS-DE-PRECIOS-UNITARIOS.xlsx,sheet1,37201,9046a17e7c696b71e3e5f09bd64d8ef808b6e6c373dd0c80ed852660fb772aba
EC-GAD-DAULE-LPI-GADIMCD-2025-01:0438,APUV1-2d9921962abb3b456652185a,APUCON-c42872cce3fa6fb9dde77e8e,EC-GAD-DAULE-LPI-GADIMCD-2025-01,REGENERACION,438,"SUMINISTRO E INSTALACION DE TUBERIA METALICA RIGIDA D=4"" (110mm) PARA USO ELECTRICO / BAJANTE DEL SISTEMA ELECTRICO O COMUNICACIONES (INCL. HEBILLA Y ZUNCHO METALICO D=1/2"")",m,0.050000,37.974000,0.2000,7.595000,0.000000,45.569000,45.570000,8,ANALISIS-DE-PRECIOS-UNITARIOS.xlsx,sheet1,37286,2d9921962abb3b456652185a2e97c77c431a53292e5e8bbae4e099feda90d996
EC-GAD-DAULE-LPI-GADIMCD-2025-01:0439,APUV1-316808248c359e6a44abf4ac,APUCON-92dbd80c5f2573b7ebe60d87,EC-GAD-DAULE-LPI-GADIMCD-2025-01,REGENERACION,439,"SUMINISTRO E INSTALACION DE CODO METALICO RIGIDO DE D=4"" (110mm) PARA SISTEMA ELECTRICO O COMUNICACION",u,0.100000,40.948000,0.2000,8.190000,0.000000,49.138000,49.140000,4,ANALISIS-DE-PRECIOS-UNITARIOS.xlsx,sheet1,37371,316808248c359e6a44abf4ac1dbf44b87903a9b648c87d525de5d0cb00608c91
EC-GAD-DAULE-LPI-GADIMCD-2025-01:0440,APUV1-ed4020fddbcd5c52186a2595,APUCON-d6526a0f2df431826e635032,EC-GAD-DAULE-LPI-GADIMCD-2025-01,REGENERACION,440,"SUMINISTRO E INSTALACION DE REVERSIBLE RIGIDO D=4"" (110mm) PARA SISTEMA ELECTRICO O COMUNICACIÓN",u,0.198000,28.707000,0.2000,5.741000,0.000000,34.448000,34.450000,5,ANALISIS-DE-PRECIOS-UNITARIOS.xlsx,sheet1,37456,ed4020fddbcd5c52186a25957ba5a1448cdc7089d2734fc27b059948fb5f4f42
EC-GAD-DAULE-LPI-GADIMCD-2025-01:0441,APUV1-5963d48969b71794ddc0d1b2,APUCON-f6ffc54401158a2f1ec04808,EC-GAD-DAULE-LPI-GADIMCD-2025-01,REGENERACION,441,"BASE DE HORMIGON ARMADO PARA ARMARIO DE TV. POR CABLE, DATOS Y/O EMPRESAS DE TELECOMUNICACION",u,0.750000,69.999000,0.2000,14.000000,0.000000,83.999000,84.000000,16,ANALISIS-DE-PRECIOS-UNITARIOS.xlsx,sheet1,37541,5963d48969b71794ddc0d1b2d08c45bb06d33a06adcb660559ffe214fe72cd34
EC-GAD-DAULE-LPI-GADIMCD-2025-01:0442,APUV1-51e3a54b07c2daa59085920b,APUCON-f8f82f635808c95bfeffed3a,EC-GAD-DAULE-LPI-GADIMCD-2025-01,REGENERACION,442,"CAJA DE DISTRIBUCION METALICA ABISAGRADA DE 40x40x10cm CONSTRUIDA EN PLANCHA 1/16"" PINTADA AL HORNO O SIMILAR CON COLOR BEIGE (INCL. LLAVE UNIVERSAL TIPO TRIANGULAR E INSTALACION) PARA DISTRIBUCION DE OPERADORES Y TELECOMUNICACIONES",u,0.400000,58.517000,0.2000,11.703000,0.000000,70.220000,70.220000,6,ANALISIS-DE-PRECIOS-UNITARIOS.xlsx,sheet1,37626,51e3a54b07c2daa59085920ba5c9bcd8ddee7f8111abd3cef36cddca58b44e38
EC-GAD-DAULE-LPI-GADIMCD-2025-01:0443,APUV1-5c092c09c834b4f1afda6dbe,APUCON-240cf5f89eb3215b70076b37,EC-GAD-DAULE-LPI-GADIMCD-2025-01,REGENERACION,443,BASE DE HORMIGON SIMPLE 55x45x10 PARA EMPOTRAMIENTO DE CAJA ABISAGRADA,u,0.550000,56.505000,0.2000,11.301000,0.000000,67.806000,67.810000,16,ANALISIS-DE-PRECIOS-UNITARIOS.xlsx,sheet1,37711,5c092c09c834b4f1afda6dbea9d590fa7cc23ba37054fdae12d39199dc4638c1
EC-GAD-DAULE-LPI-GADIMCD-2025-01:0444,APUV1-8add81128a7fb43db3896e18,APUCON-4d19fd54fdc6ecb0ea6c04e3,EC-GAD-DAULE-LPI-GADIMCD-2025-01,REGENERACION,444,"SUMINISTRO E INSTALACION DE TUBERIA EMT D=2"" (63mm) PARA CAJAS DE TELEFONIA SOBREPUESTAS",m,0.250000,13.751000,0.2000,2.750000,0.000000,16.501000,16.500000,7,ANALISIS-DE-PRECIOS-UNITARIOS.xlsx,sheet1,37796,8add81128a7fb43db3896e18d7540080ab580b00382a052fa8ab3b3027af3045
EC-GAD-DAULE-LPI-GADIMCD-2025-01:0445,APUV1-827c9c6e1c9f8fffac7e697b,APUCON-d5dba3591942aaeef20140dc,EC-GAD-DAULE-LPI-GADIMCD-2025-01,REGENERACION,445,CAJA DE PASO DE HORMIGON ARMADO DE 60x60x60cm; F'C=210 KG/CM2 EN ACERA (INCL. INSTALACION DE TAPA PARA SISTEMA DE SEMAFORIZACION),u,1.000000,111.919000,0.2000,22.384000,0.000000,134.303000,134.300000,18,ANALISIS-DE-PRECIOS-UNITARIOS.xlsx,sheet1,37881,827c9c6e1c9f8fffac7e697b2d1cb4f3f25f77bf2acdc086ed8d2c08aa78b3af
EC-GAD-DAULE-LPI-GADIMCD-2025-01:0446,APUV1-52bbdc8e5f76e1394e6047f4,APUCON-6229550ae1985b5bf3d72559,EC-GAD-DAULE-LPI-GADIMCD-2025-01,REGENERACION,446,PROVISION DE TAPA GRAFITO ESFEROIDAL DE 60cm DE DIAMETRO CON RESISTENCIA 125 KN PARA LAS CAJAS PROYECTADAS PARA SISTEMA DE SEMAFORIZACION,u,0.249000,144.408000,0.2000,28.882000,0.000000,173.290000,173.290000,4,ANALISIS-DE-PRECIOS-UNITARIOS.xlsx,sheet1,37966,52bbdc8e5f76e1394e6047f4fb37340a2bdd6d664842d4faa92ee42e1e2c0ee2
EC-GAD-DAULE-LPI-GADIMCD-2025-01:0447,APUV1-1c93d8222f77fe00ee692364,APUCON-3e4b6d7dd06a8a5bb614aec4,EC-GAD-DAULE-LPI-GADIMCD-2025-01,REGENERACION,447,"CANALIZACION CON 2 TUBOS DE PVC D=4"" (110mm) / TIPO DOBLE PARED (SUPERFICIE INTERIOR LISA Y EXTERIOR CORRUGADA) SISTEMA ELECTRICO O COMUNICACIÓN",m,0.250000,19.513000,0.2000,3.903000,0.000000,23.416000,23.420000,9,ANALISIS-DE-PRECIOS-UNITARIOS.xlsx,sheet1,38051,1c93d8222f77fe00ee692364e639188d5ca815d1a9716c13b210ca4b5d248081
EC-GAD-DAULE-LPI-GADIMCD-2025-01:0448,APUV1-1bf7c6f7138766d9fd522c9b,APUCON-f299f75284c01b60b71beb04,EC-GAD-DAULE-LPI-GADIMCD-2025-01,REGENERACION,448,"CANALIZACION CON 1 TUBO DE PVC D=2 1/2"" (75mm) / TIPO PESADO PARA SISTEMA ELECTRICO, SEMAFORIZACION O COMUNICACIÓN",m,0.099000,3.431000,0.2000,0.686000,0.000000,4.117000,4.120000,5,ANALISIS-DE-PRECIOS-UNITARIOS.xlsx,sheet1,38136,1bf7c6f7138766d9fd522c9b1e4f13fca7827b045b7b11d349a696b2edf5a8a0
EC-GAD-DAULE-LPI-GADIMCD-2025-01:0449,APUV1-c2d9bf1953f8bc5fdc9af6df,APUCON-0cec0dfc1e47499212e51bb8,EC-GAD-DAULE-LPI-GADIMCD-2025-01,REGENERACION,449,"SUMINISTRO E INSTALACION DE CODO PVC D=75mm / TIPO PESADO DE RADIO LARGO PARA SISTEMA ELECTRICO, SEMAFORIZACION O COMUNICACIÓN",u,0.250000,7.109000,0.2000,1.422000,0.000000,8.531000,8.530000,7,ANALISIS-DE-PRECIOS-UNITARIOS.xlsx,sheet1,38221,c2d9bf1953f8bc5fdc9af6df9c360e0ccec3aed38aadaff5588d58a03646e328
EC-GAD-DAULE-LPI-GADIMCD-2025-01:0450,APUV1-6b0f59558f361c1053c3dd47,APUCON-9218de96ea1ccb7e96bebb0a,EC-GAD-DAULE-LPI-GADIMCD-2025-01,REGENERACION,450,BASE DE HORMIGON ARMADO PARA POSTE BACULO Y COLOCACION DE PLACA,u,2.503000,242.580000,0.2000,48.516000,0.000000,291.096000,291.100000,17,ANALISIS-DE-PRECIOS-UNITARIOS.xlsx,sheet1,38306,6b0f59558f361c1053c3dd473fdedee0ab5bfa7b4f99b47042a401016ace7955
EC-GAD-DAULE-LPI-GADIMCD-2025-01:0451,APUV1-e647c1db5f130ab37d618723,APUCON-c6672411832532ccbec93ec0,EC-GAD-DAULE-LPI-GADIMCD-2025-01,REGENERACION,451,"SUMINISTRO E INSTALACION DE POSTE METALICO T1 PARA INSTALACION DE SEMAFORO VEHICULAR Y PEATONAL H=4,00m",u,1.750000,340.315000,0.2000,68.063000,0.000000,408.378000,408.380000,9,ANALISIS-DE-PRECIOS-UNITARIOS.xlsx,sheet1,38391,e647c1db5f130ab37d61872365c78e11b0f3a19f20afb15469eb78cc54514d71
EC-GAD-DAULE-LPI-GADIMCD-2025-01:0452,APUV1-f2e8e1835aabd215016cf914,APUCON-c0a2d1c888275e54f0a6a9de,EC-GAD-DAULE-LPI-GADIMCD-2025-01,REGENERACION,452,SUMINISTRO E INSTALACION DE POSTE BACULO SIMPLE 7m,u,3.000000,452.767000,0.2000,90.553000,0.000000,543.320000,543.320000,9,ANALISIS-DE-PRECIOS-UNITARIOS.xlsx,sheet1,38476,f2e8e1835aabd215016cf914a15200bc77e62f5bf43adbacc0a1c0864d2993a1
EC-GAD-DAULE-LPI-GADIMCD-2025-01:0453,APUV1-f36b6511f4237a77607a55e2,APUCON-9b838db9f7afde69f5408aeb,EC-GAD-DAULE-LPI-GADIMCD-2025-01,REGENERACION,453,"SISTEMA DE ATERRIZAMIENTO CON LA VARILLA COOPERWELL 5/8"" x 2,40m",u,0.383000,20.483000,0.2000,4.097000,0.000000,24.580000,24.580000,9,ANALISIS-DE-PRECIOS-UNITARIOS.xlsx,sheet1,38561,f36b6511f4237a77607a55e21ceae6d508350ca8a67afb21714e1ebca850f0d2
EC-GAD-DAULE-LPI-GADIMCD-2025-01:0454,APUV1-70dfe64f0a980481c835f1ad,APUCON-102397035d399ba4a4ecfd02,EC-GAD-DAULE-LPI-GADIMCD-2025-01,REGENERACION,454,SUMINISTRO E INSTALACION DE TABEUIA CARAIBA (GUAYACAN AMARILLO H=3m - H=4m),u,0.040000,52.517000,0.2000,10.503000,0.000000,63.020000,63.020000,4,ANALISIS-DE-PRECIOS-UNITARIOS.xlsx,sheet1,38646,70dfe64f0a980481c835f1adf1530d1854aa9d3c7ba4a60df9ce860b65b58b7e
EC-GAD-DAULE-LPI-GADIMCD-2025-01:0455,APUV1-214dbe18bb9eb849b0deeb6a,APUCON-512480e9c9d1089356f4b838,EC-GAD-DAULE-LPI-GADIMCD-2025-01,REGENERACION,455,"SUMINISTRO Y COLOCACION DE BUCIDA BUCERAS (OLIVO NEGRO H=3,00m - H=4,00m)",u,0.150000,41.581000,0.2000,8.316000,0.000000,49.897000,49.900000,4,ANALISIS-DE-PRECIOS-UNITARIOS.xlsx,sheet1,38731,214dbe18bb9eb849b0deeb6a44c7095d7ada8ba0e3ce8d891e3fea80fe8283ad
EC-GAD-DAULE-LPI-GADIMCD-2025-01:0456,APUV1-9d5d9c8391372d0acca70615,APUCON-3114b9b332392a9447c9bb93,EC-GAD-DAULE-LPI-GADIMCD-2025-01,REGENERACION,456,"SUMINISTRO Y PLANTACION DE DURANTA REPENS VAR. GOLD EDGE (DURANTA H=0,30m)",u,0.075000,1.457000,0.2000,0.291000,0.000000,1.748000,1.750000,4,ANALISIS-DE-PRECIOS-UNITARIOS.xlsx,sheet1,38816,9d5d9c8391372d0acca706159dc249446504d09fa47085d787e351d1c318fbde
EC-GAD-DAULE-LPI-GADIMCD-2025-01:0457,APUV1-2b7c755a816427afe023f5e9,APUCON-33c3a0d3563fbd421efeb211,EC-GAD-DAULE-LPI-GADIMCD-2025-01,REGENERACION,457,SUMINISTRO E INSTALACION DE CESPED MANI H=0.15m - AROQUIS PINTOI,u,0.005190,0.162000,0.2000,0.032000,0.000000,0.194000,0.190000,4,ANALISIS-DE-PRECIOS-UNITARIOS.xlsx,sheet1,38901,2b7c755a816427afe023f5e934e2e2c06c10fc8f59b8857bac7f9ed5036b2f77
EC-GAD-DAULE-LPI-GADIMCD-2025-01:0458,APUV1-bda174b89c3039bda8685407,APUCON-1f3f6788c7e7308532c034b0,EC-GAD-DAULE-LPI-GADIMCD-2025-01,REGENERACION,458,SUSTRATO ORGANICO (TIERRA VEGETAL) 40%,m3,0.500000,25.975000,0.2000,5.195000,0.000000,31.170000,31.170000,4,ANALISIS-DE-PRECIOS-UNITARIOS.xlsx,sheet1,38986,bda174b89c3039bda868540723b1190cf2e0341480dec9c5fb33e3e5456cb8bb
EC-GAD-DAULE-LPI-GADIMCD-2025-01:0459,APUV1-7e1d9eb5dc870f54206403aa,APUCON-171964f1fb47fdfedc9609bf,EC-GAD-DAULE-LPI-GADIMCD-2025-01,REGENERACION,459,ARCILLA FINA 40% (INCL. TRANSPORTE),m3,0.500000,21.935000,0.2000,4.387000,0.000000,26.322000,26.320000,4,ANALISIS-DE-PRECIOS-UNITARIOS.xlsx,sheet1,39071,7e1d9eb5dc870f54206403aab4b576122a669a41468cf700bc63307b4b1772de
EC-GAD-DAULE-LPI-GADIMCD-2025-01:0460,APUV1-f037b90f6c77da7973540eac,APUCON-cef49ee1143b829b7689a4fd,EC-GAD-DAULE-LPI-GADIMCD-2025-01,REGENERACION,460,ARENA 20% (INCL. TRANSPORTE),m3,0.500000,18.935000,0.2000,3.787000,0.000000,22.722000,22.720000,4,ANALISIS-DE-PRECIOS-UNITARIOS.xlsx,sheet1,39156,f037b90f6c77da7973540eac05de8739933509cfb209a1dd71e1a07111f5f9cd
EC-GAD-DAULE-LPI-GADIMCD-2025-01:0461,APUV1-1ee8ce474536821d54b328e5,APUCON-dc7c35fb266946e6ae8c738d,EC-GAD-DAULE-LPI-GADIMCD-2025-01,REGENERACION,461,SUSTRATO ORGANICO (TIERRA VEGETAL 60% CON LIMO O ARCILLA FINA 40%),m3,0.600000,29.582000,0.2000,5.916000,0.000000,35.498000,35.500000,4,ANALISIS-DE-PRECIOS-UNITARIOS.xlsx,sheet1,39241,1ee8ce474536821d54b328e5bd4a2e275401a33bc0432196a95f8e52f95ae8ad
EC-GAD-DAULE-LPI-GADIMCD-2025-01:0462,APUV1-7e1d9eb5dc870f54206403aa,APUCON-171964f1fb47fdfedc9609bf,EC-GAD-DAULE-LPI-GADIMCD-2025-01,REGENERACION,462,ARCILLA FINA 40% (INCL. TRANSPORTE),m3,0.500000,21.935000,0.2000,4.387000,0.000000,26.322000,26.320000,4,ANALISIS-DE-PRECIOS-UNITARIOS.xlsx,sheet1,39326,7e1d9eb5dc870f54206403aab4b576122a669a41468cf700bc63307b4b1772de
EC-GAD-DAULE-LPI-GADIMCD-2025-01:0463,APUV1-64316047581f29619e9d16de,APUCON-bcfb5fe2dc94030a91396376,EC-GAD-DAULE-LPI-GADIMCD-2025-01,REGENERACION,463,"PODA DE ARBOLES MEDIANOS H<6mts (ACLAREO), (INCL. DESALOJO)",u,0.600000,32.906000,0.2000,6.581000,0.000000,39.487000,39.490000,5,ANALISIS-DE-PRECIOS-UNITARIOS.xlsx,sheet1,39411,64316047581f29619e9d16dee2e09d3db9194c0c18ecec6d779e28a5bdbbcc15
EC-GAD-DAULE-LPI-GADIMCD-2025-01:0464,APUV1-f820129b8b56f4526bd6df2a,APUCON-971f8d62e7824bc3044a7b0c,EC-GAD-DAULE-LPI-GADIMCD-2025-01,REGENERACION,464,TRATAMIENTO FITOSANITARIO DE ARBOLES,u,0.791000,40.015000,0.2000,8.003000,0.000000,48.018000,48.020000,4,ANALISIS-DE-PRECIOS-UNITARIOS.xlsx,sheet1,39496,f820129b8b56f4526bd6df2aed4f3fa8f8bcac8da05eb4561c13a37c54cedf5f
EC-GAD-DAULE-LPI-GADIMCD-2025-01:0465,APUV1-9a4b3497bb75d4f130344529,APUCON-3569504827efc8ca7cd65122,EC-GAD-DAULE-LPI-GADIMCD-2025-01,REGENERACION,465,RIEGO CON TANQUERO,m3,0.120000,4.315000,0.2000,0.863000,0.000000,5.178000,5.180000,5,ANALISIS-DE-PRECIOS-UNITARIOS.xlsx,sheet1,39581,9a4b3497bb75d4f130344529b5a60612d0e15dc17d08af12d169eebd94608d76
EC-GAD-DAULE-LPI-GADIMCD-2025-01:0466,APUV1-92f80d0e120bec24cdbd2e82,APUCON-0b6d7cb96a7c82ecd25adcff,EC-GAD-DAULE-LPI-GADIMCD-2025-01,REGENERACION,466,EXCAVACION DE FOSA PARA INSTALACION DE ARBOLES,m3,0.350000,6.409000,0.2000,1.282000,0.000000,7.691000,7.690000,3,ANALISIS-DE-PRECIOS-UNITARIOS.xlsx,sheet1,39666,92f80d0e120bec24cdbd2e82b67465c8d0647a8a7fbe71b71060d588d58b8e1b
EC-GAD-DAULE-LPI-GADIMCD-2025-01:0467,APUV1-6679e3acc810c0568831853a,APUCON-6d7116c659f784575a6d579c,EC-GAD-DAULE-LPI-GADIMCD-2025-01,REGENERACION,467,PROVISION E INSTALACION DE TUTOR,u,0.050000,3.732000,0.2000,0.746000,0.000000,4.478000,4.480000,4,ANALISIS-DE-PRECIOS-UNITARIOS.xlsx,sheet1,39751,6679e3acc810c0568831853a85edb7f8885346628489e029518a1d1ec6c12fba
EC-GAD-DAULE-LPI-GADIMCD-2025-01:0468,APUV1-75c723eb6e57ce23be37cac7,APUCON-52d9e8e8ec1b6beb1650105d,EC-GAD-DAULE-LPI-GADIMCD-2025-01,REGENERACION,468,DESALOJO DE MATERIAL SOBRANTE,m3,0.040000,1.838000,0.2000,0.368000,0.000000,2.206000,2.210000,5,ANALISIS-DE-PRECIOS-UNITARIOS.xlsx,sheet1,39836,75c723eb6e57ce23be37cac7efbcfee7a44a8461dd6bbfea5a2ec42cdc91add3
EC-GAD-DAULE-LPI-GADIMCD-2025-01:0469,APUV1-9a4b3497bb75d4f130344529,APUCON-3569504827efc8ca7cd65122,EC-GAD-DAULE-LPI-GADIMCD-2025-01,REGENERACION,469,RIEGO CON TANQUERO,m3,0.120000,4.315000,0.2000,0.863000,0.000000,5.178000,5.180000,5,ANALISIS-DE-PRECIOS-UNITARIOS.xlsx,sheet1,39921,9a4b3497bb75d4f130344529b5a60612d0e15dc17d08af12d169eebd94608d76
EC-GAD-DAULE-LPI-GADIMCD-2025-01:0470,APUV1-6679e3acc810c0568831853a,APUCON-6d7116c659f784575a6d579c,EC-GAD-DAULE-LPI-GADIMCD-2025-01,REGENERACION,470,PROVISION E INSTALACION DE TUTOR,u,0.050000,3.732000,0.2000,0.746000,0.000000,4.478000,4.480000,4,ANALISIS-DE-PRECIOS-UNITARIOS.xlsx,sheet1,40006,6679e3acc810c0568831853a85edb7f8885346628489e029518a1d1ec6c12fba
EC-GAD-DAULE-LPI-GADIMCD-2025-01:0471,APUV1-75c723eb6e57ce23be37cac7,APUCON-52d9e8e8ec1b6beb1650105d,EC-GAD-DAULE-LPI-GADIMCD-2025-01,REGENERACION,471,DESALOJO DE MATERIAL SOBRANTE,m3,0.040000,1.838000,0.2000,0.368000,0.000000,2.206000,2.210000,5,ANALISIS-DE-PRECIOS-UNITARIOS.xlsx,sheet1,40091,75c723eb6e57ce23be37cac7efbcfee7a44a8461dd6bbfea5a2ec42cdc91add3
EC-GAD-DAULE-LPI-GADIMCD-2025-01:0472,APUV1-c8497a9d3f9cd3e7985d8825,APUCON-cc576e73cb072356c3de3dd7,EC-GAD-DAULE-LPI-GADIMCD-2025-01,REGENERACION,472,PODA DE VEGETACION BAJA,m2,0.014700,0.204000,0.2000,0.041000,0.000000,0.245000,0.250000,3,ANALISIS-DE-PRECIOS-UNITARIOS.xlsx,sheet1,40176,c8497a9d3f9cd3e7985d8825fd41630eb0ac4676784f8bf0e6eb12a46531fbd5
EC-GAD-DAULE-LPI-GADIMCD-2025-01:0473,APUV1-c2ce08638ff855ae296b3496,APUCON-89951b15699180d81cb1396a,EC-GAD-DAULE-LPI-GADIMCD-2025-01,REGENERACION,473,LIMPIEZA MANUAL DE MALEZA,m2,0.019100,0.265000,0.2000,0.053000,0.000000,0.318000,0.320000,3,ANALISIS-DE-PRECIOS-UNITARIOS.xlsx,sheet1,40261,c2ce08638ff855ae296b34960926b708978796d6f20b585987a8a284ea467051
EC-GAD-DAULE-LPI-GADIMCD-2025-01:0474,APUV1-e2fe5da28de985daaf7a9f47,APUCON-536d2584e44a7d9f9e4717cc,EC-GAD-DAULE-LPI-GADIMCD-2025-01,REGENERACION,474,FUMIGACION CONTROL FITOSANITARIO,m2,0.001810,0.069000,0.2000,0.014000,0.000000,0.083000,0.080000,5,ANALISIS-DE-PRECIOS-UNITARIOS.xlsx,sheet1,40346,e2fe5da28de985daaf7a9f47868c7859d76fa72b4bd8df1eab4b25719701d16c
EC-GAD-DAULE-LPI-GADIMCD-2025-01:0475,APUV1-675d76c372ddf37cce975146,APUCON-e276e9aac8e739de0e353c16,EC-GAD-DAULE-LPI-GADIMCD-2025-01,REGENERACION,475,FERTILIZACION (FOLIAR Y EDAFICA),m2,0.001490,0.070000,0.2000,0.014000,0.000000,0.084000,0.080000,6,ANALISIS-DE-PRECIOS-UNITARIOS.xlsx,sheet1,40431,675d76c372ddf37cce975146ca87cb6c06f62f0fa14d7ceaa712e3fc5de8cb59
EC-GAD-DAULE-LPI-GADIMCD-2025-01:0476,APUV1-c982cec15cce9ac6e859375a,APUCON-8c041ba8c001599b75408535,EC-GAD-DAULE-LPI-GADIMCD-2025-01,REGENERACION,476,"BARRIDO, LIMPIEZA Y DESALOJO",u,5.000000,979.393000,0.2000,195.879000,0.000000,1175.272000,1175.270000,9,ANALISIS-DE-PRECIOS-UNITARIOS.xlsx,sheet1,40516,c982cec15cce9ac6e859375ab703facfa8206d151899d93b45308011710f164a
EC-GAD-DAULE-LPI-GADIMCD-2025-01:0477,APUV1-027d460d7425bfb2adbdf49e,APUCON-f44a53a18e316abb20d69d50,EC-GAD-DAULE-LPI-GADIMCD-2025-01,REGENERACION,477,SUMINISTRO Y COLOCACION DE TIERRA PREPARADA (INCL. TRANSPORTE),m3,0.250000,29.468000,0.2000,5.894000,0.000000,35.362000,35.360000,4,ANALISIS-DE-PRECIOS-UNITARIOS.xlsx,sheet1,40601,027d460d7425bfb2adbdf49e44b12661f10b6a3e9fc281471cdc37883dbb8ad0
EC-GAD-DAULE-LPI-GADIMCD-2025-01:0478,APUV1-9d5d9c8391372d0acca70615,APUCON-3114b9b332392a9447c9bb93,EC-GAD-DAULE-LPI-GADIMCD-2025-01,REGENERACION,478,"SUMINISTRO Y PLANTACION DE DURANTA REPENS VAR. GOLD EDGE (DURANTA H=0,30m)",u,0.075000,1.457000,0.2000,0.291000,0.000000,1.748000,1.750000,4,ANALISIS-DE-PRECIOS-UNITARIOS.xlsx,sheet1,40686,9d5d9c8391372d0acca706159dc249446504d09fa47085d787e351d1c318fbde
EC-GAD-DAULE-LPI-GADIMCD-2025-01:0479,APUV1-2b7c755a816427afe023f5e9,APUCON-33c3a0d3563fbd421efeb211,EC-GAD-DAULE-LPI-GADIMCD-2025-01,REGENERACION,479,SUMINISTRO E INSTALACION DE CESPED MANI H=0.15m - AROQUIS PINTOI,u,0.005190,0.162000,0.2000,0.032000,0.000000,0.194000,0.190000,4,ANALISIS-DE-PRECIOS-UNITARIOS.xlsx,sheet1,40771,2b7c755a816427afe023f5e934e2e2c06c10fc8f59b8857bac7f9ed5036b2f77
EC-GAD-DAULE-LPI-GADIMCD-2025-01:0480,APUV1-70dfe64f0a980481c835f1ad,APUCON-102397035d399ba4a4ecfd02,EC-GAD-DAULE-LPI-GADIMCD-2025-01,REGENERACION,480,SUMINISTRO E INSTALACION DE TABEUIA CARAIBA (GUAYACAN AMARILLO H=3m - H=4m),u,0.040000,52.517000,0.2000,10.503000,0.000000,63.020000,63.020000,4,ANALISIS-DE-PRECIOS-UNITARIOS.xlsx,sheet1,40856,70dfe64f0a980481c835f1adf1530d1854aa9d3c7ba4a60df9ce860b65b58b7e
EC-GAD-DAULE-LPI-GADIMCD-2025-01:0481,APUV1-214dbe18bb9eb849b0deeb6a,APUCON-512480e9c9d1089356f4b838,EC-GAD-DAULE-LPI-GADIMCD-2025-01,REGENERACION,481,"SUMINISTRO Y COLOCACION DE BUCIDA BUCERAS (OLIVO NEGRO H=3,00m - H=4,00m)",u,0.150000,41.581000,0.2000,8.316000,0.000000,49.897000,49.900000,4,ANALISIS-DE-PRECIOS-UNITARIOS.xlsx,sheet1,40941,214dbe18bb9eb849b0deeb6a44c7095d7ada8ba0e3ce8d891e3fea80fe8283ad
EC-GAD-DAULE-LPI-GADIMCD-2025-01:0482,APUV1-89b2f75dbdfa79bac547baea,APUCON-e37683a62a96d0cac87b02c5,EC-GAD-DAULE-LPI-GADIMCD-2025-01,REGENERACION,482,PROVISION E INSTALACION DE SEÑAL VERTICAL INFORMATIVA O REGLAMENTARIA DE ALUMINIO DE 2mm CON VYNIL REFLECTIVO DE GRADO XI E IMPRESIÓN DIGITAL (INCL. ELEMENTO DE SUJECCION Y ESTRUCTURA Y SOPORTE 75x75 (LIMITE DE VELOCIDAD MAXIMA),u,0.824100,158.669000,0.2000,31.734000,0.000000,190.403000,190.400000,7,ANALISIS-DE-PRECIOS-UNITARIOS.xlsx,sheet1,41026,89b2f75dbdfa79bac547baeaca9cf431edfd31ca0142a3b25d6d1ec8c5f0d4fb
EC-GAD-DAULE-LPI-GADIMCD-2025-01:0483,APUV1-e9089a1ea9ae21ee9c8d187a,APUCON-a2a137b89dde1314408281bb,EC-GAD-DAULE-LPI-GADIMCD-2025-01,REGENERACION,483,PROVISION E INSTALACION DE SEÑAL VERTICAL INFORMATIVA O REGLAMENTARIA DE ALUMINIO DE 2mm CON VYNIL REFLECTIVO DE GRADO XI NORMA ASTM D4956 E IMPRESIÓN DIGITAL (INCL. ELEMENTO DE SUJECCION Y ESTRUCTURA Y SOPORTE 60x30 (GRAFICO DE GRUA),u,0.550000,142.260000,0.2000,28.452000,0.000000,170.712000,170.710000,8,ANALISIS-DE-PRECIOS-UNITARIOS.xlsx,sheet1,41111,e9089a1ea9ae21ee9c8d187a22e5ec573867fdce095dd24003276c40d33024b4
EC-GAD-DAULE-LPI-GADIMCD-2025-01:0484,APUV1-32da728c69d55b5505f78ff9,APUCON-d9344ab812c86efb6d29fe36,EC-GAD-DAULE-LPI-GADIMCD-2025-01,REGENERACION,484,PROVISION E INSTALACION DE SEÑAL VERTICAL INFORMATIVA O REGLAMENTARIA DE ALUMINIO DE 2mm CON VYNIL REFLECTIVO DE GRADO XI NORMA ASTM D4956 E IMPRESIÓN DIGITAL (INCL. ELEMENTOS DE SUJECCION Y ESTRUCTURA Y SOPORTE 60x60 (DISCO PARE),u,0.500000,137.840000,0.2000,27.568000,0.000000,165.408000,165.410000,7,ANALISIS-DE-PRECIOS-UNITARIOS.xlsx,sheet1,41196,32da728c69d55b5505f78ff9a1b414f2c0e2f8f4ca2cb066829e0bff5912b655
EC-GAD-DAULE-LPI-GADIMCD-2025-01:0485,APUV1-e1b68372602b2d87463bc496,APUCON-1f312d538ee3dab30dd46e8f,EC-GAD-DAULE-LPI-GADIMCD-2025-01,REGENERACION,485,PROVISION E INSTALACION DE SEÑAL VERTICAL INFORMATIVA O REGLAMENTARIA DE ALUMINIO DE 2mm CON VYNIL REFLECTIVO DE GRADO XI NORMA ASTM D4956 E IMPRESIÓN DIGITAL (INCL. ELEMENTO DE SUJECCION Y ESTRUCTURA Y SOPORTE 60x60 (PROHIBIDO ESTACIONAR),u,0.430000,142.505000,0.2000,28.501000,0.000000,171.006000,171.010000,8,ANALISIS-DE-PRECIOS-UNITARIOS.xlsx,sheet1,41281,e1b68372602b2d87463bc49613374f697fbb43e2ecec9d49ff7d95dbb6494581
EC-GAD-DAULE-LPI-GADIMCD-2025-01:0486,APUV1-a83a8fd8e2d2b96641c7ce63,APUCON-893dd4db0a30303a59b51516,EC-GAD-DAULE-LPI-GADIMCD-2025-01,REGENERACION,486,PROVISION E INSTALACION DE SEÑAL VERTICAL INFORMATIVA O REGLAMENTARIA DE ALUMINIO DE 2mm CON VYNIL REFLECTIVO DE GRADO XI NORMA ASTM D4956 E IMPRESIÓN DIGITAL (INCL. ELEMENTOS DE SUJECCION Y ESTRUCTURA Y SOPORTE 90x30 (UNA VIA)),u,0.551000,139.047000,0.2000,27.809000,0.000000,166.856000,166.860000,7,ANALISIS-DE-PRECIOS-UNITARIOS.xlsx,sheet1,41366,a83a8fd8e2d2b96641c7ce63a88e688eeeb0baeb7a8def7377c22bb44db94385
EC-GAD-DAULE-LPI-GADIMCD-2025-01:0487,APUV1-8a0c2160ded78a239d6a9684,APUCON-69177fa4859fa35b57c6f113,EC-GAD-DAULE-LPI-GADIMCD-2025-01,REGENERACION,487,PROVISION E INSTALACION DE SEÑAL VERTICAL INFORMATIVA O REGLAMENTARIA DE ALUMINIO DE 2mm CON VYNIL REFLECTIVO DE GRADO XI NORMA ASTM D4956 E IMPRESIÓN DIGITAL (INCL. ELEMENTO DE SUJECCION Y ESTRUCTURA Y SOPORTE 90x30) (DOBLE VIA Y OTROS)),u,0.400000,161.992000,0.2000,32.398000,0.000000,194.390000,194.390000,8,ANALISIS-DE-PRECIOS-UNITARIOS.xlsx,sheet1,41451,8a0c2160ded78a239d6a96845c260ae3b5cb7e80c215bc1494d2ee9523aeaacb
EC-GAD-DAULE-LPI-GADIMCD-2025-01:0488,APUV1-f15837326f21b7d52ec65936,APUCON-c91e07da993f8e8f1dffd6ae,EC-GAD-DAULE-LPI-GADIMCD-2025-01,REGENERACION,488,PROVISION E INSTALACION DE SEÑAL VERTICAL INFORMATIVA O REGLAMENTARIA DE ALUMINIO DE 2mm CON VYNIL REFLECTIVO DE GRADO XI (INCL. ELEMENTOS DE SUJECCION Y ESTRUCTURA Y SOPORTE 30x45 (ESTACIONAMIENTO EXCLUSIVO PARA PERSONAS CON MOVILIDAD REDUCIDA),u,0.500000,137.840000,0.2000,27.568000,0.000000,165.408000,165.410000,7,ANALISIS-DE-PRECIOS-UNITARIOS.xlsx,sheet1,41536,f15837326f21b7d52ec659360945e61ded8c4134db99bbb7bf166663ea8661b5
EC-GAD-DAULE-LPI-GADIMCD-2025-01:0489,APUV1-1ca4ee491faf5f998704e35a,APUCON-1e7bf01700461deeebcbbda4,EC-GAD-DAULE-LPI-GADIMCD-2025-01,REGENERACION,489,PROVISION E INSTALACION DE SEÑAL VERTICAL INFORMATIVA O REGLAMENTARIA DE ALUMINIO DE 2mm CON VYNIL REFLECTIVO DE GRADO XI NORMA ASTM D4956 E IMPRESIÓN DIGITAL (INCL. ELEMENTOS DE SUJECCION Y ESTRUCTURA Y SOPORTE 60x60 (PERMITIDO ESTACIONAR),u,0.550000,139.723000,0.2000,27.945000,0.000000,167.668000,167.670000,7,ANALISIS-DE-PRECIOS-UNITARIOS.xlsx,sheet1,41621,1ca4ee491faf5f998704e35a9741926d142f4bfe9c9f3a9d9888419d98e34da0
EC-GAD-DAULE-LPI-GADIMCD-2025-01:0490,APUV1-dea0ef338054fa9d90d37a98,APUCON-dcc4d0d373c1c60eea760b0e,EC-GAD-DAULE-LPI-GADIMCD-2025-01,REGENERACION,490,"PROVISION E INSTALACION DE SEÑAL VERTICAL INFORMATIVA O REGLAMENTARIA DE ALUMINIO DE 2mm CON VYNIL REFLECTIVO DE GRADO XI NORMA ASTM D4956 E IMPRESIÓN DIGITAL (INCL. ELEMENTOS DE SUJECCION, ESTRUCTURA Y SOPORTE (PROXIMIDAD DE CRUCE DE CICLOVIA))",u,0.495000,136.722000,0.2000,27.344000,0.000000,164.066000,164.070000,7,ANALISIS-DE-PRECIOS-UNITARIOS.xlsx,sheet1,41706,dea0ef338054fa9d90d37a98c421946def7e505242bd236e472d048bf66c4514
EC-GAD-DAULE-LPI-GADIMCD-2025-01:0491,APUV1-6261e66ee9a5c8915ac95a6f,APUCON-5119f215e4ffba99ddad6416,EC-GAD-DAULE-LPI-GADIMCD-2025-01,REGENERACION,491,LETRERO DE NOMBRES DE CALLES EN LOS PREDIOS ESQUINEROS SEGÚN ESPECIFICACION (INCL. SUJECCION),u,0.240000,109.761000,0.2000,21.952000,0.000000,131.713000,131.710000,6,ANALISIS-DE-PRECIOS-UNITARIOS.xlsx,sheet1,41791,6261e66ee9a5c8915ac95a6fe21457ad4877183ad84865980796be5bd5d527c5
EC-GAD-DAULE-LPI-GADIMCD-2025-01:0492,APUV1-b2c2be98951018e61ab66b8c,APUCON-443cbba2e46fbac430ab42a7,EC-GAD-DAULE-LPI-GADIMCD-2025-01,REGENERACION,492,PROVISION E INSTALACION DE SEÑAL VERTICAL INFORMATIVA O REGLAMENTARIA DE ALUMINIO DE 2mm CON VYNIL REFLECTIVO DE GRADO XI NORMA ASTM D4956 E IMPRESIÓN DIGITAL (INCL. ELEMENTOS DE SUJECCION Y ESTRUCTURA Y SOPORTE 60x60 (NO ENTRE)),u,0.410000,141.696000,0.2000,28.339000,0.000000,170.035000,170.040000,8,ANALISIS-DE-PRECIOS-UNITARIOS.xlsx,sheet1,41876,b2c2be98951018e61ab66b8ccd22c4db8dd876b3da82763af2b536006c912673
EC-GAD-DAULE-LPI-GADIMCD-2025-01:0493,APUV1-874c21d20108b05ec1b22461,APUCON-6b04e8e6dd6bcedfae30234f,EC-GAD-DAULE-LPI-GADIMCD-2025-01,REGENERACION,493,PROVISION E INSTALACION DE SEÑAL VERTICAL INFORMATIVA O REGLAMENTARIA DE ALUMINIO DE 2mm CON VYNIL REFLECTIVO DE GRADO XI NORMA ASTM D4956 E IMPRESIÓN DIGITAL (INCL. ELEMENTOS DE SUJECCION Y ESTRUCTURA Y SOPORTE 60x60 (SOLO BICICLETAS)),u,0.411000,141.737000,0.2000,28.347000,0.000000,170.084000,170.080000,8,ANALISIS-DE-PRECIOS-UNITARIOS.xlsx,sheet1,41961,874c21d20108b05ec1b2246191066a0392464b461849ebb61ae0e84d4ef63a7d
EC-GAD-DAULE-LPI-GADIMCD-2025-01:0494,APUV1-16adf6af005e5e774ec6d1c6,APUCON-23ef73abc5fcff9e42a5acf6,EC-GAD-DAULE-LPI-GADIMCD-2025-01,REGENERACION,494,PROVISION E INSTALACION DE SEÑAL VERTICAL INFORMATIVA O REGLAMENTARIA DE ALUMINIO DE 2mm CON VYNIL REFLECTIVO DE GRADO XI NORMA ASTM D4956 E IMPRESIÓN DIGITAL (INCL. ELEMENTOS DE SUJECCION Y ESTRUCTURA Y SOPORTE 60x60 (ESTACIONAR SOLO MOTO),u,0.411100,141.741000,0.2000,28.348000,0.000000,170.089000,170.090000,8,ANALISIS-DE-PRECIOS-UNITARIOS.xlsx,sheet1,42046,16adf6af005e5e774ec6d1c69a7609dafaf7f4d9fe665a498ffe8a20a690691f
EC-GAD-DAULE-LPI-GADIMCD-2025-01:0495,APUV1-3f51e6b4988e94be156da223,APUCON-8779deb5941f49ae5c011f65,EC-GAD-DAULE-LPI-GADIMCD-2025-01,REGENERACION,495,"SUMINISTRO E INSTALACION DE MODULOS PARA PARQUEO DE BICICLETA CON TUBERIA DE ACERO INOXIDABLE D=2"" (63mm); E=2mm (INCL. BASE DE HORMIGON)",u,0.250000,108.426000,0.2000,21.685000,0.000000,130.111000,130.110000,8,ANALISIS-DE-PRECIOS-UNITARIOS.xlsx,sheet1,42131,3f51e6b4988e94be156da223b99e736b519e4c2f1ed3121c4f54b65952373f1e
EC-GAD-DAULE-LPI-GADIMCD-2025-01:0496,APUV1-9c11d674e7f5296e2bc46c47,APUCON-3b30932c18177e45903ad3d7,EC-GAD-DAULE-LPI-GADIMCD-2025-01,REGENERACION,496,"MARCA DE PAVIMENTO CON PINTURA TERMOPLASTICA E=2,3mm LINEA DIVISORIAS ANCHO DE 12,5cm (INCL. MICROESFERAS LINEA DE PARQUEO)",m,0.010230,3.800000,0.2000,0.760000,0.000000,4.560000,4.560000,16,ANALISIS-DE-PRECIOS-UNITARIOS.xlsx,sheet1,42216,9c11d674e7f5296e2bc46c474bd18b018cdb8fea805bb72711c2f2f9ffa4b1bb
EC-GAD-DAULE-LPI-GADIMCD-2025-01:0497,APUV1-e77da3d72140e684fe1ac593,APUCON-1f39f7115df4437939b91565,EC-GAD-DAULE-LPI-GADIMCD-2025-01,REGENERACION,497,"MARCA DE PAVIMENTO CON TERMOPLASTICO PREFORMADO E=2,3mm DISEÑO PASO CEBRA Y LINEA DE PARE",m2,0.090000,36.069000,0.2000,7.214000,0.000000,43.283000,43.280000,17,ANALISIS-DE-PRECIOS-UNITARIOS.xlsx,sheet1,42301,e77da3d72140e684fe1ac593c98dd75c78b2efcc07fbd5cb9b19ef774c67c1ab
EC-GAD-DAULE-LPI-GADIMCD-2025-01:0498,APUV1-f6beb436af3ebc0888ebe3a6,APUCON-c69f57fa877368e20997d03d,EC-GAD-DAULE-LPI-GADIMCD-2025-01,REGENERACION,498,"MARCA DE PAVIMENTO CON PINTURA TERMOPLASTICA E=2,3mm LINEA DIVISORIAS ANCHO DE 12,5 cm (INCL. MICROESFERA LINEA DE EJE DE VIA Y BORDE)",m,0.010900,3.748000,0.2000,0.750000,0.000000,4.498000,4.500000,17,ANALISIS-DE-PRECIOS-UNITARIOS.xlsx,sheet1,42386,f6beb436af3ebc0888ebe3a64c74dc1d90f392bc80f3c7e2e3a9bb6025f76d85
EC-GAD-DAULE-LPI-GADIMCD-2025-01:0499,APUV1-4c362e027267b7768da8f339,APUCON-5eb89d60471383c3a6b8207d,EC-GAD-DAULE-LPI-GADIMCD-2025-01,REGENERACION,499,"MARCA DE PAVIMENTO CON PINTURA TERMOPLASTICA E=2,3mm LINEA DIVISORIAS ANCHO DE 12,5cm (INCL. MICROESFERA LINEA DE PARADA ANTES DEL PASO CEBRA)",m,0.005100,4.048000,0.2000,0.810000,0.000000,4.858000,4.860000,17,ANALISIS-DE-PRECIOS-UNITARIOS.xlsx,sheet1,42471,4c362e027267b7768da8f339bede51a5b97a8f8b4863cd73f6ee58fa5bcf5d52
EC-GAD-DAULE-LPI-GADIMCD-2025-01:0500,APUV1-60ce588f297d17c3bb520d0e,APUCON-17dd13baecaaae1aadb056b5,EC-GAD-DAULE-LPI-GADIMCD-2025-01,REGENERACION,500,"MARCA DE PAVIMENTO CON TERMOPLASTICO PREFORMADO DE E=2,3mm DISEÑO DE FLECHA RECTA",m2,0.010000,43.689000,0.2000,8.738000,0.000000,52.427000,52.430000,15,ANALISIS-DE-PRECIOS-UNITARIOS.xlsx,sheet1,42556,60ce588f297d17c3bb520d0e0392416804ed302880201d840c76cffd186e936f
EC-GAD-DAULE-LPI-GADIMCD-2025-01:0501,APUV1-0cb2281a16f04422260ac854,APUCON-e47f90a87e1708cff7d87c65,EC-GAD-DAULE-LPI-GADIMCD-2025-01,REGENERACION,501,"MARCA DE PAVIMENTO CON TERMOPLASTICO PREFORMADO DE E=2,3mm DISEÑO DE FLECHA COMBINADA",m2,0.010500,43.761000,0.2000,8.752000,0.000000,52.513000,52.510000,15,ANALISIS-DE-PRECIOS-UNITARIOS.xlsx,sheet1,42658,0cb2281a16f04422260ac85417df29cbb33d840c534fdcec74ae33ff301fa07c
EC-GAD-DAULE-LPI-GADIMCD-2025-01:0502,APUV1-18cd1ea206b66578eea81b38,APUCON-fa9112ec2068cdf9b017ce28,EC-GAD-DAULE-LPI-GADIMCD-2025-01,REGENERACION,502,"MARCA DE PAVIMENTO CON TERMOPLASTICO PREFORMADO DE E=2,3mm DISEÑO DE FLECHA SOLO GIRAR",m2,0.010500,43.711000,0.2000,8.742000,0.000000,52.453000,52.450000,14,ANALISIS-DE-PRECIOS-UNITARIOS.xlsx,sheet1,42743,18cd1ea206b66578eea81b38ef2c0bdf319f547c050942455af5cdc3eaffd3c1
EC-GAD-DAULE-LPI-GADIMCD-2025-01:0503,APUV1-8468cad29cc4575b3e2b6d4b,APUCON-0e4001950a549bb92520ec5b,EC-GAD-DAULE-LPI-GADIMCD-2025-01,REGENERACION,503,"MARCA DE PAVIMENTO CON PINTURA TERMOPLASTICA E=2,3mm. LINEAS DIVISORIAS ANCHO DE 12,5cm (INCL. MICROESFERA LINEA DEMARCACION ROJA PARA CRUCE DE CICLOVIA)",m2,0.025000,5.784000,0.2000,1.157000,0.000000,6.941000,6.940000,17,ANALISIS-DE-PRECIOS-UNITARIOS.xlsx,sheet1,42828,8468cad29cc4575b3e2b6d4b746ac91abe5f7b423363fb076df91c6302da5b29
EC-GAD-DAULE-LPI-GADIMCD-2025-01:0504,APUV1-e8256fb5b2c83294f1305727,APUCON-383efec90020ad934cc17904,EC-GAD-DAULE-LPI-GADIMCD-2025-01,REGENERACION,504,"MARCA DE PAVIMENTO DISEÑO (MINUSVALIDO) EN TERMOPLASTICO PREFORMADO DE 2,3mm",u,0.500000,197.767000,0.2000,39.553000,0.000000,237.320000,237.320000,14,ANALISIS-DE-PRECIOS-UNITARIOS.xlsx,sheet1,42913,e8256fb5b2c83294f1305727b470d20694c491343344ae5fadf64f49872eef96
EC-GAD-DAULE-LPI-GADIMCD-2025-01:0505,APUV1-8d76e76686467246d67b8095,APUCON-246262a49df27bb3061941ae,EC-GAD-DAULE-LPI-GADIMCD-2025-01,REGENERACION,505,SUMINISTRO E INSTALACION DE MARCADORES DE PAVIMENTO TIPO TACHAS DE GRADO REFLECTOR PRISMATICA BIDIRECCIONAL (INCL. PEGAMENTO EPOXICO BI-COMPONENTE),u,0.020000,5.011000,0.2000,1.002000,0.000000,6.013000,6.010000,5,ANALISIS-DE-PRECIOS-UNITARIOS.xlsx,sheet1,42998,8d76e76686467246d67b8095134d5c7b86bc5fe150c593c2d0b63af9b16905a9
EC-GAD-DAULE-LPI-GADIMCD-2025-01:0506,APUV1-d8a16c9698d93a1bd0749f59,APUCON-54de15164a288f89c5124e1a,EC-GAD-DAULE-LPI-GADIMCD-2025-01,REGENERACION,506,HUMEDECIMIENTO DE AREAS EXPUESTAS,m3,0.035000,2.763000,0.2000,0.553000,0.000000,3.316000,3.320000,6,ANALISIS-DE-PRECIOS-UNITARIOS.xlsx,sheet1,43083,d8a16c9698d93a1bd0749f59d02026cb0ba4e5c83df120e9441ae46ada03756f
EC-GAD-DAULE-LPI-GADIMCD-2025-01:0507,APUV1-a823b130df9528e3ad047a95,APUCON-aca666cc19ea1c597b66abf3,EC-GAD-DAULE-LPI-GADIMCD-2025-01,REGENERACION,507,"SUMINISTRO, COLOCACION Y POSTERIOR ENTREGA A BODEGA MUNICIPAL DE LETREROS DE SEÑALES PREVENTIVAS; TIPO CABALLETE METALICO DE (HOMBRES TRABAJANDO, PELIGRO, USO RACIONAL DE BOCINA, VELOCIDAD MAXIMA, ETC) (INCL. LOGO DE LA ENTIDAD)",u,1.500000,44.154000,0.2000,8.831000,0.000000,52.985000,52.990000,4,ANALISIS-DE-PRECIOS-UNITARIOS.xlsx,sheet1,43168,a823b130df9528e3ad047a95642a5524eca3f5664169f62643782406cb97a859
EC-GAD-DAULE-LPI-GADIMCD-2025-01:0508,APUV1-203410ac0f5a33b7d08313c6,APUCON-d16af1885c53157ded552732,EC-GAD-DAULE-LPI-GADIMCD-2025-01,REGENERACION,508,"SUMINISTRO, COLOCACION Y POSTERIOR ENTREGA A BODEGA MUNICIPAL DE LOS TACHOS METALICOS DE 55 GALONES PARA EL ALMACENAMIENTO DE DESECHOS (INCL. TAPA)",u,0.095000,76.606000,0.2000,15.321000,0.000000,91.927000,91.930000,5,ANALISIS-DE-PRECIOS-UNITARIOS.xlsx,sheet1,43253,203410ac0f5a33b7d08313c6459895013c78aa839a512f6067b13e01d099d872
EC-GAD-DAULE-LPI-GADIMCD-2025-01:0509,APUV1-8b32405eb5402ad2b0ea9aff,APUCON-60dd63ce8fbe2e1d9c956073,EC-GAD-DAULE-LPI-GADIMCD-2025-01,REGENERACION,509,"PLAN DE CAPACITACION EN SEGURIDAD INDUSTRIAL Y SALUD OCUPACIONAL (INCL. CHARLAS, CAPACITACION, TALLERES, ETC.)",u,10.000000,670.765000,0.2000,134.153000,0.000000,804.918000,804.920000,8,ANALISIS-DE-PRECIOS-UNITARIOS.xlsx,sheet1,43338,8b32405eb5402ad2b0ea9aff9d7961314ba6da447e46dbf4aa87a28bc93b1459
EC-GAD-DAULE-LPI-GADIMCD-2025-01:0510,APUV1-2c011d753aaa3a2ec256f4be,APUCON-db34120a3d1ee1a99edc9d00,EC-GAD-DAULE-LPI-GADIMCD-2025-01,REGENERACION,510,CINTAS DEMARCATORIAS DE ADVERTENCIA / PELIGRO DE COLOR AMARILLO CON LETRAS NEGRAS (ROLLO),u,0.018400,7.602000,0.2000,1.520000,0.000000,9.122000,9.120000,3,ANALISIS-DE-PRECIOS-UNITARIOS.xlsx,sheet1,43423,2c011d753aaa3a2ec256f4be6f2416ba3ecb8273d2ce1922375e9510c917e033
EC-GAD-DAULE-LPI-GADIMCD-2025-01:0511,APUV1-a823b130df9528e3ad047a95,APUCON-aca666cc19ea1c597b66abf3,EC-GAD-DAULE-LPI-GADIMCD-2025-01,REGENERACION,511,"SUMINISTRO, COLOCACION Y POSTERIOR ENTREGA A BODEGA MUNICIPAL DE LETREROS DE SEÑALES PREVENTIVAS; TIPO CABALLETE METALICO DE (HOMBRES TRABAJANDO, PELIGRO, USO RACIONAL DE BOCINA, VELOCIDAD MAXIMA, ETC) (INCL. LOGO DE LA ENTIDAD)",u,1.500000,44.154000,0.2000,8.831000,0.000000,52.985000,52.990000,4,ANALISIS-DE-PRECIOS-UNITARIOS.xlsx,sheet1,43508,a823b130df9528e3ad047a95642a5524eca3f5664169f62643782406cb97a859
EC-GAD-DAULE-LPI-GADIMCD-2025-01:0512,APUV1-43b4c0bddd7a8d43b5dd09c0,APUCON-927ffe562679cfef6a0ecec4,EC-GAD-DAULE-LPI-GADIMCD-2025-01,REGENERACION,512,"SUMINISTRO Y COLOCACION DE LETRERO DE INFORMACION DE OBRA 6,00x4,00m (INCL. ESTRUCTURA DE SOPORTE METALICO DOBLE SOLDADA DE 50x50x3mm, DADO DE ANCLAJE DE HORMIGON DE F´C= 180 KG/CM2 Y PINTURA ANTICORROSIVA)",u,5.000000,429.971000,0.2000,85.994000,0.000000,515.965000,515.970000,21,ANALISIS-DE-PRECIOS-UNITARIOS.xlsx,sheet1,43593,43b4c0bddd7a8d43b5dd09c0810af8764ab6ed27502d9222f342b4dc5670dc66
EC-GAD-DAULE-LPI-GADIMCD-2025-01:0513,APUV1-c8d7cc5724ae057b3fe3859e,APUCON-f9d7e36b292362e626c0bdf2,EC-GAD-DAULE-LPI-GADIMCD-2025-01,REGENERACION,513,SUMINISTRO E INSTALACION DE MALLA PLASTICA DE SEGURIDAD DE COLOR ANARANJADO REFLECTIVO,m,0.130000,3.386000,0.2000,0.677000,0.000000,4.063000,4.060000,4,ANALISIS-DE-PRECIOS-UNITARIOS.xlsx,sheet1,43678,c8d7cc5724ae057b3fe3859eed795dc06ccace9a569f147703cd1a14fb0464d4
EC-GAD-DAULE-LPI-GADIMCD-2025-01:0514,APUV1-3d94a364926dd74ff8ba7199,APUCON-a57a634ddd39a2e1838b8885,EC-GAD-DAULE-LPI-GADIMCD-2025-01,REGENERACION,514,PARANTE DE MADERA CON DADO DE HORMIGON SIMPLE F´C= 180 KG/CM2 (INCL. PINTURA ESMALTE),u,0.049000,5.715000,0.2000,1.143000,0.000000,6.858000,6.860000,14,ANALISIS-DE-PRECIOS-UNITARIOS.xlsx,sheet1,43763,3d94a364926dd74ff8ba7199532bdcf636cca99805147467b635efda6b5c72f4
EC-GAD-DAULE-LPI-GADIMCD-2025-01:0515,APUV1-e2b2969cdc613f6200d4133a,APUCON-a6a3196f01520f29518c33ab,EC-GAD-DAULE-LPI-GADIMCD-2025-01,REGENERACION,515,PALETAS DE - PARE/SIGA,u,0.050000,9.499000,0.2000,1.900000,0.000000,11.399000,11.400000,3,ANALISIS-DE-PRECIOS-UNITARIOS.xlsx,sheet1,43848,e2b2969cdc613f6200d4133a44f44a6c65984b4369ca6e11a1ce661b77cd5acd
EC-GAD-DAULE-LPI-GADIMCD-2025-01:0516,APUV1-1d4c92dc6978362974b2b709,APUCON-c146177fc20b8697c8bcc773,EC-GAD-DAULE-LPI-GADIMCD-2025-01,REGENERACION,516,"SUMINISTRO, COLOCACION Y POSTERIOR ENTREGA A BODEGA MUNICIPAL DE TANQUETA PROTECTORES VIAL DE POLIETILENO CON CINTA REFLECTIVA PARA SEÑALIZACION VIAL",u,0.200000,71.886000,0.2000,14.377000,0.000000,86.263000,86.260000,4,ANALISIS-DE-PRECIOS-UNITARIOS.xlsx,sheet1,43933,1d4c92dc6978362974b2b7098cb00e53f443349e1b1ed6d33372a17b5c526a37
EC-GAD-DAULE-LPI-GADIMCD-2025-01:0517,APUV1-037560e452cb5f3fa22136ab,APUCON-a91b6db904496895ac84dcb6,EC-GAD-DAULE-LPI-GADIMCD-2025-01,REGENERACION,517,"SUMINISTRO, COLOCACION Y POSTERIOR ENTREGA A BODEGA MUNICIPAL DE DELINEADOR TUBULAR DE ALTA DENSIDAD COLOR NARANJA (INCL. LASTRE (ARENA) O AGUA)",u,0.250500,16.362000,0.2000,3.272000,0.000000,19.634000,19.630000,4,ANALISIS-DE-PRECIOS-UNITARIOS.xlsx,sheet1,44018,037560e452cb5f3fa22136abce70ada80be518dceb1e0f58abc77893ec6f4a60
EC-GAD-DAULE-LPI-GADIMCD-2025-01:0518,APUV1-6d4c42afe7e8125d92ce639b,APUCON-c9ed1f4c6c3fe99fcaed6459,EC-GAD-DAULE-LPI-GADIMCD-2025-01,REGENERACION,518,"SUMINISTRO DE EQUIPO DE PROTECCION PARA TRABAJADORES (EPP) (INCL. CASCO TIPO IG.; GUANTES CON PUPOS DE PVC; TAPONES AUDITIVOS; GAFAS TRANSPARENTE; BUZO CON CINTA REFLECTIVA, PANTALON CON CINTA REFLECTIVA Y BOTAS DE SEGURIDAD INDUSTRIAL)",u,0.019990,90.400000,0.2000,18.080000,0.000000,108.480000,108.480000,11,ANALISIS-DE-PRECIOS-UNITARIOS.xlsx,sheet1,44103,6d4c42afe7e8125d92ce639bad5e3ef8f8923e2c6f934172fc10feace9c76ca7
EC-GAD-DAULE-LPI-GADIMCD-2025-01:0519,APUV1-9801641f87c72545c96ad7c7,APUCON-833b7017db62733b26b0e977,EC-GAD-DAULE-LPI-GADIMCD-2025-01,REGENERACION,519,SUMINISTRO E INSTALACION DE PUENTE PEATONAL CON MADERA PARA CRUCE PROVISIONAL,u,2.000000,123.969000,0.2000,24.794000,0.000000,148.763000,148.760000,9,ANALISIS-DE-PRECIOS-UNITARIOS.xlsx,sheet1,44188,9801641f87c72545c96ad7c784c8f0ce52bc831a84e52cd01d00910a12f20a36
EC-GAD-DAULE-LPI-GADIMCD-2025-01:0520,APUV1-39b60078f87a0aec70d77c06,APUCON-086efa9c735919597a1a962c,EC-GAD-DAULE-LPI-GADIMCD-2025-01,REGENERACION,520,"SUMINISTRO E INSTALACION DE EXTINTOR PORTATIL DE ABC DE POLVO QUIMICO SECO (PQS) 20 LIBRAS, RECARGABLE (INCL. SOPORTE DE PARED)",u,0.350000,45.830000,0.2000,9.166000,0.000000,54.996000,55.000000,6,ANALISIS-DE-PRECIOS-UNITARIOS.xlsx,sheet1,44273,39b60078f87a0aec70d77c06319e02138f8f2b2ab26e70503e50d5a9c07d460c
EC-GAD-DAULE-LPI-GADIMCD-2025-01:0521,APUV1-c08f3c560191c14b6a2e8925,APUCON-d70e6933606779aa21865c83,EC-GAD-DAULE-LPI-GADIMCD-2025-01,REGENERACION,521,MONITOREO Y CONTROL DE RUIDO (MENSUAL),u,0.250000,2073.761000,0.2000,414.752000,0.000000,2488.513000,2488.510000,6,ANALISIS-DE-PRECIOS-UNITARIOS.xlsx,sheet1,44358,c08f3c560191c14b6a2e89251c683230cb7500d83eda564020ec2ab7c81ebd95
EC-GAD-DAULE-LPI-GADIMCD-2025-01:0522,APUV1-1bf38a0030a1930a1efc2c9f,APUCON-3d6b5403a738c1349028a533,EC-GAD-DAULE-LPI-GADIMCD-2025-01,REGENERACION,522,MONITOREO Y CONTROL DE CALIDA DE AIRE,u,1.600000,367.574000,0.2000,73.515000,0.000000,441.089000,441.090000,4,ANALISIS-DE-PRECIOS-UNITARIOS.xlsx,sheet1,44443,1bf38a0030a1930a1efc2c9f35d5f56f0b207ec1069c6a879f9d683a998aebbe
