concepto_id,descripcion_canonica,descripcion_busqueda,unidad,numero_variantes_estructurales,numero_apus_origen,numero_fuentes,numero_proyectos
APUCON-f82a743ac442cb15edfaa872,REPLANTEO Y TRAZADO,REPLANTEO Y TRAZADO,m2,1,1,1,1
APUCON-bba4033b8fe430636633ec99,DESBROCE Y LIMPIEZA DEL TERRENO (INCLUYE DESALOJO),DESBROCE Y LIMPIEZA DEL TERRENO INCLUYE DESALOJO,m2,1,1,1,1
APUCON-d94896114284f128216cb56f,CERRAMIENTO PROVISIONAL DE LONA BRANDEADA H=3m,CERRAMIENTO PROVISIONAL DE LONA BRANDEADA H 3M,m,1,1,1,1
APUCON-7affdc76673324b0dc5b9ea9,"LETRERO INFORMATIVO DE OBRA 3,00x2.50m (INCLUYE ESTRUCTURA METALICA Y LONA REFLECTIVA)",LETRERO INFORMATIVO DE OBRA 3 00X2.50M INCLUYE ESTRUCTURA METALICA Y LONA REFLECTIVA,u,1,1,1,1
APUCON-7af3157af270eb1e528e663b,BODEGA PROVISIONAL,BODEGA PROVISIONAL,m2,1,1,1,1
APUCON-66855de4d5c38d3778918220,"EXCAVACION MECANICA EN SUELO SIN CLASIFICAR 0,00 < H < 2,00m",EXCAVACION MECANICA EN SUELO SIN CLASIFICAR 0 00 H 2 00M,m3,1,9,1,1
APUCON-154bc66efa9589c542172f6b,DESALOJO DEL MATERIAL SOBRANTE (BOTADERO MUNICIPAL),DESALOJO DEL MATERIAL SOBRANTE BOTADERO MUNICIPAL,m3,1,17,1,1
APUCON-a88294e2263cd254550a5617,RELLENO COMPACTADO CON RODILLO DE MATERIAL IMPORTADO (INCLUYE TRANSPORTE),RELLENO COMPACTADO CON RODILLO DE MATERIAL IMPORTADO INCLUYE TRANSPORTE,m3,1,2,1,1
APUCON-11676ea6edec58571325a200,SUMINISTRO DE PILOTES F´C=350 Kg/cm2 DE 40x40 L=25.0m,SUMINISTRO DE PILOTES F C 350 KG/CM2 DE 40X40 L 25.0M,u,1,1,1,1
APUCON-74c28954157a82a89f0047d3,SUMINISTRO DE PILOTES F´C=350 Kg/cm2 DE 40x40 L=21.0m,SUMINISTRO DE PILOTES F C 350 KG/CM2 DE 40X40 L 21.0M,u,1,1,1,1
APUCON-3e8320fe70f0ee4a8187b927,SUMINISTRO DE PILOTES F´C=350 Kg/cm2 DE 40x40 L=17.0m,SUMINISTRO DE PILOTES F C 350 KG/CM2 DE 40X40 L 17.0M,u,1,1,1,1
APUCON-39f15b0e285d46b6387fcef2,SUMINISTRO DE PILOTES F´C=350 Kg/cm2 DE 40x40 L=13.0m,SUMINISTRO DE PILOTES F C 350 KG/CM2 DE 40X40 L 13.0M,u,1,1,1,1
APUCON-5c179b43b7d7b903ab054df0,SUMINISTRO DE PILOTES F´C=350 Kg/cm2 DE 45x45 L=25.0m,SUMINISTRO DE PILOTES F C 350 KG/CM2 DE 45X45 L 25.0M,u,1,1,1,1
APUCON-60a9717b323215f2e23b5d3e,HINCADO Y TRANSPORTE DE PILOTES PREFABRICADOS DE HORMIGON EN TIERRA,HINCADO Y TRANSPORTE DE PILOTES PREFABRICADOS DE HORMIGON EN TIERRA,m,1,1,1,1
APUCON-245c9a5f8567db1bd82a6b63,HINCADO Y TRANSPORTE DE PILOTES PREFABRICADOS DE HORMIGON EN AGUA,HINCADO Y TRANSPORTE DE PILOTES PREFABRICADOS DE HORMIGON EN AGUA,m,1,1,1,1
APUCON-4f47db4df8c20cfe41e957ea,"PRUEBAS DE CARGA DINAMICAS PDA EN PILOTES (PILE DYNAMIC ANALYSIS), SEGUN ASTM D4945-97 (STANDARD TEST METHOD FOR HIGH STRAIN DYNAMIC TESTING OF PILES) D=0.60m",PRUEBAS DE CARGA DINAMICAS PDA EN PILOTES PILE DYNAMIC ANALYSIS SEGUN ASTM D4945-97 STANDARD TEST METHOD FOR HIGH STRAIN DYNAMIC TESTING OF PILES D 0.60M,u,1,2,1,1
APUCON-c0b5f1ce9b75c9080815eb43,DESCABEZADO DE PILOTE EN AGUA,DESCABEZADO DE PILOTE EN AGUA,u,1,1,1,1
APUCON-631bc7517c637ed21a999ee1,DESCABEZADO DE PILOTE EN TIERRA,DESCABEZADO DE PILOTE EN TIERRA,u,1,1,1,1
APUCON-978b7daa156478e9f4e1c8c3,"PILOTE TUBULAR METALICO HINCADO D=0.60m, PERFORADO EN AGUA",PILOTE TUBULAR METALICO HINCADO D 0.60M PERFORADO EN AGUA,m,1,1,1,1
APUCON-cbe7af2ff220d371b1fb0391,"PILOTE TUBULAR METALICO HINCADO D=0.60m, PERFORADO EN TIERRA",PILOTE TUBULAR METALICO HINCADO D 0.60M PERFORADO EN TIERRA,m,1,1,1,1
APUCON-2f2c9d3d698ad877a4e94f22,ACERO DE REFUERZO EN BARRAS FY= 4200 KG/CM2,ACERO DE REFUERZO EN BARRAS FY 4200 KG/CM2,kg,2,25,2,2
APUCON-1e44f906aa4249c611c050d1,HORMIGON PREMEZCLADO BOMBEABLE AUTOCOMPACTANTE F´C=350 Kg/cm2 CON INHIBIDOR DE CORROSION DE ALTA RESISTENCIA INICIAL EN PILOTES,HORMIGON PREMEZCLADO BOMBEABLE AUTOCOMPACTANTE F C 350 KG/CM2 CON INHIBIDOR DE CORROSION DE ALTA RESISTENCIA INICIAL EN PILOTES,m3,1,1,1,1
APUCON-b4aabb9b3e2b9fd4f4514321,HORMIGON ESTRUCTURAL/CEMENTO PORTLAND CL.-A; F'C=350 Kg/cm2 (INCLUYE CURADO),HORMIGON ESTRUCTURAL/CEMENTO PORTLAND CL.-A F'C 350 KG/CM2 INCLUYE CURADO,m3,1,6,1,1
APUCON-9a2424c95a8127904ac5c99b,"SUMINISTRO DE VIGAS T, SEGUN DISEÑO",SUMINISTRO DE VIGAS T SEGUN DISENO,m,1,1,1,1
APUCON-daab8f4792ebf7dc72e24c22,"SUMINISTRO DE VIGAS DOBLE T, ANCHO= 1,40m A 1,70m",SUMINISTRO DE VIGAS DOBLE T ANCHO 1 40M A 1 70M,m,1,1,1,1
APUCON-a811271b6404aec3033c8cdb,"SUMINISTRO DE VIGAS DOBLE T TIPOX, ANCHO= 1,71m A 2,11m",SUMINISTRO DE VIGAS DOBLE T TIPOX ANCHO 1 71M A 2 11M,m,1,1,1,1
APUCON-d230d226bb98a3bef0038eef,COLOCACION Y TRANSPORTE DE VIGAS T - VIGA DOBLE T - VIGA L,COLOCACION Y TRANSPORTE DE VIGAS T - VIGA DOBLE T - VIGA L,m,1,1,1,1
APUCON-9fc21dea5765984f368e2e44,"SUMINISTRO DE VIGAS L, SEGUN DISEÑO",SUMINISTRO DE VIGAS L SEGUN DISENO,m,1,1,1,1
APUCON-501151ae534cf2925cf37b9a,SUMINISTRO DE VIGA RECTANGULAR 250 X 470,SUMINISTRO DE VIGA RECTANGULAR 250 X 470,m,1,1,1,1
APUCON-0693742c22d576e5ae32ce34,COLOCACION Y TRANSPORTE DE VIGA RECTANGULAR 250 X 470,COLOCACION Y TRANSPORTE DE VIGA RECTANGULAR 250 X 470,m,1,1,1,1
APUCON-76f225aa2b4b202b19fa6d4f,SUMINISTRO DE VIGA R19R,SUMINISTRO DE VIGA R19R,m,1,1,1,1
APUCON-b4c0f73fc2af4391df23d22c,COLOCACION Y TRANSPORTE DE VIGAS R19R,COLOCACION Y TRANSPORTE DE VIGAS R19R,m,1,1,1,1
APUCON-cce645c0712f69269ef214c6,SUMINISTRO DE VIGA R14R,SUMINISTRO DE VIGA R14R,m,1,1,1,1
APUCON-a4168bc6848fa0cd80e42b4b,COLOCACION Y TRANSPORTE DE VIGA R14R,COLOCACION Y TRANSPORTE DE VIGA R14R,m,1,1,1,1
APUCON-2b0bf0a19c9804a9e06664a1,"SUMINISTRO E INSTALACION DE JUNTAS ELASTOMERICAS DE DILATACION, DE ACUERDO A ESPECIFICACIONES TECNICAS.",SUMINISTRO E INSTALACION DE JUNTAS ELASTOMERICAS DE DILATACION DE ACUERDO A ESPECIFICACIONES TECNICAS,m,1,1,1,1
APUCON-ae752b87c39917f29f3aa691,HORMIGON PREMEZCLADO F´C=180 Kg/cm2PARA REPLANTILLO INCLUYE ENCOFRADO,HORMIGON PREMEZCLADO F C 180 KG/CM2PARA REPLANTILLO INCLUYE ENCOFRADO,m3,1,1,1,1
APUCON-e8192d05469acfe5d28e5529,"MALLA ELECTROSOLDADA 15x15 - 5,5mm",MALLA ELECTROSOLDADA 15X15 - 5 5MM,m2,1,8,1,1
APUCON-a24b00e8d4936f6861c581d2,SUMINISTRO Y FABRICACION DE ELEMENTOS DE ACERO ESTRUCTURAL ASTM A-588,SUMINISTRO Y FABRICACION DE ELEMENTOS DE ACERO ESTRUCTURAL ASTM A-588,kg,1,2,1,1
APUCON-88622254115b63bdc86eccc1,MONTAJE DE ELEMENTOS DE ACERO ESTRUCTURAL ASTM A-588,MONTAJE DE ELEMENTOS DE ACERO ESTRUCTURAL ASTM A-588,kg,1,2,1,1
APUCON-59d3109448b1462e400ac914,SUMINISTRO E INSTALACION DE CORNAMUSAS GALVANIZADAS,SUMINISTRO E INSTALACION DE CORNAMUSAS GALVANIZADAS,u,1,1,1,1
APUCON-f10d689c43abf0d586c8df7b,SUMINISTRO E INSTALACION DE DECK DE MADERA PLASTICA PARA PISO,SUMINISTRO E INSTALACION DE DECK DE MADERA PLASTICA PARA PISO,m2,1,3,1,1
APUCON-df8612dbdcb6fbe65d48ae94,SUMINISTRO E INSTALACION DE PORCELANATO 18.5x150x9mm,SUMINISTRO E INSTALACION DE PORCELANATO 18.5X150X9MM,m2,1,3,1,1
APUCON-6984530abb68d2e7b21c3762,SUMINISTRO E INSTALACION DE BARANDA METALICA (INCLUYE PINTURA),SUMINISTRO E INSTALACION DE BARANDA METALICA INCLUYE PINTURA,m,1,6,1,1
APUCON-da08326ca763a093af19f9b5,ACERO ESTRUCTURAL (A36),ACERO ESTRUCTURAL A36,kg,1,12,1,1
APUCON-e2a993d8d97b1315284e5254,ROTURA Y DESALOJO DE HORMIGON,ROTURA Y DESALOJO DE HORMIGON,m3,1,1,1,1
APUCON-1a8b79caa9359003c1500b2f,"SUMINISTRO E INSTALACION DE MATERIAL SUB-BASE CLASE 1A (INCLUYE TENDIDO CONFORMACION, COMPACTACION Y TRANSPORTE)",SUMINISTRO E INSTALACION DE MATERIAL SUB-BASE CLASE 1A INCLUYE TENDIDO CONFORMACION COMPACTACION Y TRANSPORTE,m3,1,3,1,1
APUCON-7c32707892258b04438e1e7e,"SUMINISTRO E INSTALACION DE MATERIAL BASE CLASE 1A (INCLUYE TENDIDO, CONFORMACION, COMPACTACION Y TRANSPORTE)",SUMINISTRO E INSTALACION DE MATERIAL BASE CLASE 1A INCLUYE TENDIDO CONFORMACION COMPACTACION Y TRANSPORTE,m3,1,3,1,1
APUCON-d063eba320f0a0a66f676330,HORMIGON PAVIMENTADO 4.5 MPA PARA CALLES (INCLUIDO CURADO Y JUNTAS),HORMIGON PAVIMENTADO 4.5 MPA PARA CALLES INCLUIDO CURADO Y JUNTAS,m3,1,4,1,1
APUCON-edfe5a4e260755764a3e3e1f,BORDILLO CUNETA F´C= 210 Kg/cm2,BORDILLO CUNETA F C 210 KG/CM2,m,1,1,1,1
APUCON-6e9979691429ffc0ef6bd4bc,"ACERA F´C=210 Kg/cm2, E=10cm",ACERA F C 210 KG/CM2 E 10CM,m2,1,1,1,1
APUCON-0d037aefb0c9f8a27588850e,HORMIGON PREMEZCLADO F'C=210 Kg/cm2 PARA RAMPAS (INCLUYE ENCOFRADO),HORMIGON PREMEZCLADO F'C 210 KG/CM2 PARA RAMPAS INCLUYE ENCOFRADO,m3,1,2,1,1
APUCON-6bcbcea3a1a3167207659cf2,SUMINISTRO E INSTALACION DE TACHAS RETROREFLECTIVAS,SUMINISTRO E INSTALACION DE TACHAS RETROREFLECTIVAS,u,1,1,1,1
APUCON-4b5d6def8bc2c8cdab6f647f,SUMINISTRO E INSTALACION DE DELINEADOR VERTICAL,SUMINISTRO E INSTALACION DE DELINEADOR VERTICAL,u,1,1,1,1
APUCON-983bd48efdf2580e5e32dd37,"SEÑALIZACION HORIZONTAL CON PINTURA TERMOPLASTICA E=2.3mm, LINEAS DE A=15cm (INCLUYE MICROESFERA)",SENALIZACION HORIZONTAL CON PINTURA TERMOPLASTICA E 2.3MM LINEAS DE A 15CM INCLUYE MICROESFERA,m,1,2,1,1
APUCON-bc00562608f1c4a0eef65fe3,DEMARCACION VIAL CON PINTURA TERMOPLASTICA ALTO TRAFICO (INCLUYE MICROESFERA),DEMARCACION VIAL CON PINTURA TERMOPLASTICA ALTO TRAFICO INCLUYE MICROESFERA,m2,1,2,1,1
APUCON-e90be3b5bf98692cc735a5be,"CERRAMIENTO PERIMETRAL TUBULAR DE ACERO GALVANIZADO SEGUN DISEÑO, H=2m",CERRAMIENTO PERIMETRAL TUBULAR DE ACERO GALVANIZADO SEGUN DISENO H 2M,m,1,1,1,1
APUCON-038a76241eaf3f56858c2749,"LETRAS CORPOREAS AUTOILUMINADAS ""MALECON AURORA"" SOBRE PILARES DE INGRESO PRINCIPAL",LETRAS CORPOREAS AUTOILUMINADAS MALECON AURORA SOBRE PILARES DE INGRESO PRINCIPAL,u,1,1,1,1
APUCON-b177200fa3c1d3b2f1b46421,PUERTA DE INGRESO DESLIZABLE P1 (10.00X2.00)m,PUERTA DE INGRESO DESLIZABLE P1 10.00X2.00 M,u,1,1,1,1
APUCON-f701aa5336b013fb8dfbfa8a,PUERTA DE INGRESO ABATIBLE P2 (10.00X2.00) m,PUERTA DE INGRESO ABATIBLE P2 10.00X2.00 M,u,1,1,1,1
APUCON-0dd79f793aabd6bbb03d8948,PUERTA DE INGRESO ABATIBLE P3 (4.00X2.00) m,PUERTA DE INGRESO ABATIBLE P3 4.00X2.00 M,u,1,1,1,1
APUCON-83bbbc1c4c5469b049793a85,"SUMINISTRO E INSTALACION DE SEÑALETICA VERTICAL ""LIMITE DE VELOCIDAD""",SUMINISTRO E INSTALACION DE SENALETICA VERTICAL LIMITE DE VELOCIDAD,u,1,1,1,1
APUCON-50e5867fd92d2bb15e91f55f,"SUMINISTRO E INSTALACION DE SEÑALETICA VERTICAL ""NO DETENER/NO ESTACIONAR""",SUMINISTRO E INSTALACION DE SENALETICA VERTICAL NO DETENER/NO ESTACIONAR,u,1,1,1,1
APUCON-85184bf707405c1ed3c70e38,"SUMINISTRO E INSTALACION DE SEÑALETICA VERTICAL ""PEATON""",SUMINISTRO E INSTALACION DE SENALETICA VERTICAL PEATON,u,1,1,1,1
APUCON-7185bd4bda65c8d8c5f0eaf8,"SUMINISTRO E INSTALACION DE SEÑALETICA VERTICAL ""PARE""",SUMINISTRO E INSTALACION DE SENALETICA VERTICAL PARE,u,1,1,1,1
APUCON-56406ae4b57061d7fce4c3c6,SUMINISTRO E INSTALACION DE SEÑALETICA VERTICAL DE SENTIDO VIAL,SUMINISTRO E INSTALACION DE SENALETICA VERTICAL DE SENTIDO VIAL,u,1,1,1,1
APUCON-79f7b24b60543af4d147b51d,"SUMINISTRO E INSTALACION DE SEÑALETICA VERTICAL ""BIFURCACION IZQUIERDA""",SUMINISTRO E INSTALACION DE SENALETICA VERTICAL BIFURCACION IZQUIERDA,u,1,1,1,1
APUCON-e45e6d21e3d8d41193f905c2,"SUMINISTRO E INSTALACION DE SEÑALETICA VERTICAL ""CICLISTAS EN LA VIA""",SUMINISTRO E INSTALACION DE SENALETICA VERTICAL CICLISTAS EN LA VIA,u,1,1,1,1
APUCON-4452a626616556f5e6cd41bb,"SUMINISTRO E INSTALACION DE SEÑALETICA VERTICAL ""GIRO EN U""",SUMINISTRO E INSTALACION DE SENALETICA VERTICAL GIRO EN U,u,1,1,1,1
APUCON-e7148fc4b4635689b195f986,"SUMINISTRO E INSTALACION DE SEÑALETICA VERTICAL ""APROXIMACION A REDONDEL""",SUMINISTRO E INSTALACION DE SENALETICA VERTICAL APROXIMACION A REDONDEL,u,1,1,1,1
APUCON-4eb79262067e08367349810a,"SUMINISTRO E INSTALACION DE SEÑALETICA VERTICAL ""ESTACIONAMIENTO RESERVADO PARA DISCAPACITADOS""",SUMINISTRO E INSTALACION DE SENALETICA VERTICAL ESTACIONAMIENTO RESERVADO PARA DISCAPACITADOS,u,1,1,1,1
APUCON-93222b3b0d6c69f8784c211d,"TIERRA: SUMINISTRO, COLOCACION , TENDIDO Y NIVELACION",TIERRA SUMINISTRO COLOCACION TENDIDO Y NIVELACION,m3,1,1,1,1
APUCON-5a9f3f29c02741f5f8f0dba4,"ARBOL DE LEUCAENA/LEUCAENA TRICHODES: H= 2m; SUMINISTRO, SIEMBRA, ABONADO Y TUTORADO",ARBOL DE LEUCAENA/LEUCAENA TRICHODES H 2M SUMINISTRO SIEMBRA ABONADO Y TUTORADO,u,1,1,1,1
APUCON-edca67ee90cd84c394bde6e2,"ARBOL DE GUAYACAN NEGRO/TABEBUIA CHRYSANTHA: H= 2m; SUMINISTRO, SIEMBRA, ABONADO Y TUTORADO",ARBOL DE GUAYACAN NEGRO/TABEBUIA CHRYSANTHA H 2M SUMINISTRO SIEMBRA ABONADO Y TUTORADO,u,1,1,1,1
APUCON-50e66c284e2ff37f9fd73919,"ARBOL DE ROBLE/TABEBUIA ROSEA: H= 2m; SUMINISTRO, SIEMBRA, ABONADO Y TUTORADO",ARBOL DE ROBLE/TABEBUIA ROSEA H 2M SUMINISTRO SIEMBRA ABONADO Y TUTORADO,u,1,1,1,1
APUCON-4c28418b69f16e0ba53b2184,"ARBOL DE AMARILLO/CENTROLOBIUM OCHROXYLUM: H= 2m; SUMINISTRO, SIEMBRA, ABONADO Y TUTORADO",ARBOL DE AMARILLO/CENTROLOBIUM OCHROXYLUM H 2M SUMINISTRO SIEMBRA ABONADO Y TUTORADO,u,1,1,1,1
APUCON-f94c282fdb210bd10ae99d73,"ARBOL DE FERNAN SANCHEZ/TRIPLARIS CUMINGIANA: H= 2m; SUMINISTRO, SIEMBRA, ABONADO Y TUTORADO",ARBOL DE FERNAN SANCHEZ/TRIPLARIS CUMINGIANA H 2M SUMINISTRO SIEMBRA ABONADO Y TUTORADO,u,1,1,1,1
APUCON-56a06fac74bab3dc158a780a,"ARBOL DE SAMANCILLO/ALBIZIA PISTACIFOLIA: H= 2m; SUMINISTRO, SIEMBRA, ABONADO Y TUTORADO",ARBOL DE SAMANCILLO/ALBIZIA PISTACIFOLIA H 2M SUMINISTRO SIEMBRA ABONADO Y TUTORADO,u,1,1,1,1
APUCON-2b36734b09c14ac6083c9bdb,"PLANTA ORNAMENTAL FITONIA/FITTONIA ALBIVENSIS: H= 0,15m; SUMINISTRO, SIEMBRA Y ABONADO",PLANTA ORNAMENTAL FITONIA/FITTONIA ALBIVENSIS H 0 15M SUMINISTRO SIEMBRA Y ABONADO,u,1,1,1,1
APUCON-270ba72313f2d7072320feda,"PLANTA ORNAMENTAL AJUGA/AJUGA REPTANS PURPUREA: H= 0,20m; SUMINISTRO, SIEMBRA Y ABONADO",PLANTA ORNAMENTAL AJUGA/AJUGA REPTANS PURPUREA H 0 20M SUMINISTRO SIEMBRA Y ABONADO,u,1,1,1,1
APUCON-6d26503e527855925bec2ee1,"PLANTA CESPED SAN AGUSTIN/STENOTAPHRUM SECUNDATUM: U=m2; SUMINISTRO, TENDIDO DE ARENA Y SIEMBRA",PLANTA CESPED SAN AGUSTIN/STENOTAPHRUM SECUNDATUM U M2 SUMINISTRO TENDIDO DE ARENA Y SIEMBRA,m2,1,1,1,1
APUCON-6caa6e82c87c062a94ca7d00,"PLANTA ORNAMENTAL MONEDITA/SOLEIROLIA SOLEIROLII: H=0,10m; SUMINISTRO, SIEMBRA Y ABONADO",PLANTA ORNAMENTAL MONEDITA/SOLEIROLIA SOLEIROLII H 0 10M SUMINISTRO SIEMBRA Y ABONADO,u,1,1,1,1
APUCON-8417dfe2034d448aeea8d739,"PLANTA ORNAMENTAL PLANTA DEL DINERO/PLECTRANTHRUS AUSTRALIS: H=0,15m; SUMINISTRO, SIEMBRA Y ABONADO",PLANTA ORNAMENTAL PLANTA DEL DINERO/PLECTRANTHRUS AUSTRALIS H 0 15M SUMINISTRO SIEMBRA Y ABONADO,u,1,1,1,1
APUCON-13119d4126b88125a0e94c75,"PLANTA ORNAMENTAL PILEA/PILEA CARDIEREI: H= 0,20m; SUMINISTRO, SIEMBRA Y ABONADO",PLANTA ORNAMENTAL PILEA/PILEA CARDIEREI H 0 20M SUMINISTRO SIEMBRA Y ABONADO,u,1,1,1,1
APUCON-3f4129eddaa6361fa86a4e3b,"PLANTA ORNAMENTAL PILEA/PILEA PEPEROMIOIDES: H=0,20m; SUMINISTRO, SIEMBRA Y ABONADO",PLANTA ORNAMENTAL PILEA/PILEA PEPEROMIOIDES H 0 20M SUMINISTRO SIEMBRA Y ABONADO,u,1,1,1,1
APUCON-aaa1a0820fd9a12218466ba2,"PLANTA ORNAMENTAL TREBOL MORADO/OXALIS REGNELLI ATROPURPUREA: H=0,30m; SUMINISTRO, SIEMBRA Y ABONADO",PLANTA ORNAMENTAL TREBOL MORADO/OXALIS REGNELLI ATROPURPUREA H 0 30M SUMINISTRO SIEMBRA Y ABONADO,u,1,1,1,1
APUCON-aff57b52b3940cf4bd74436b,"PLANTA ORNAMENTAL CEBOLLIN/THULBALGIA VIOLACEA: H=0,40m; SUMINISTRO, SIEMBRA Y ABONADO",PLANTA ORNAMENTAL CEBOLLIN/THULBALGIA VIOLACEA H 0 40M SUMINISTRO SIEMBRA Y ABONADO,u,1,1,1,1
APUCON-a5dbd116a6b1efbb2f795a6e,"PLANTA ORNAMENTAL ROELIA/RUELLIA BRITTONIANA: H= 0,80m; SUMINISTRO, SIEMBRA Y ABONADO",PLANTA ORNAMENTAL ROELIA/RUELLIA BRITTONIANA H 0 80M SUMINISTRO SIEMBRA Y ABONADO,u,1,1,1,1
APUCON-efee178639785cf5cfb8eac6,"PLANTA ORNAMENTAL AMANCAY/CRINUM XANTHOPHYLLUM: H= 0,70m; SUMINISTRO, SIEMBRA Y ABONADO",PLANTA ORNAMENTAL AMANCAY/CRINUM XANTHOPHYLLUM H 0 70M SUMINISTRO SIEMBRA Y ABONADO,u,1,1,1,1
APUCON-1e3b371756c0fc0d4dcf87ce,"PLANTA ORNAMENTAL LIRIO ARAÑA/HYMENOCALLIS LITTORALIS: H=0,30m; SUMINISTRO, SIEMBRA Y ABONADO",PLANTA ORNAMENTAL LIRIO ARANA/HYMENOCALLIS LITTORALIS H 0 30M SUMINISTRO SIEMBRA Y ABONADO,u,1,1,1,1
APUCON-21cee78a7e291f43372840cf,"PLANTA ORNAMENTAL LLUVIA DE FUEGO/RUSSELIA EQUISETIFORMIS: H=1,00m; SUMINISTRO, SIEMBRA Y ABONADO",PLANTA ORNAMENTAL LLUVIA DE FUEGO/RUSSELIA EQUISETIFORMIS H 1 00M SUMINISTRO SIEMBRA Y ABONADO,u,1,1,1,1
APUCON-2fd288246c4f4ce0fe63a376,"PLANTA ORNAMENTAL HELICONIA/HELICONIA ROSTRATA: H=1,00m; SUMINISTRO, SIEMBRA Y ABONADO",PLANTA ORNAMENTAL HELICONIA/HELICONIA ROSTRATA H 1 00M SUMINISTRO SIEMBRA Y ABONADO,u,1,1,1,1
APUCON-9a6e4f6ec7abd1e63fd4888c,"PLANTA ORNAMENTAL BROMELIA GIGANTE/TILLANDSIA CLAVIGERA: H=0,70m; SUMINISTRO, SIEMBRA Y ABONADO",PLANTA ORNAMENTAL BROMELIA GIGANTE/TILLANDSIA CLAVIGERA H 0 70M SUMINISTRO SIEMBRA Y ABONADO,u,1,1,1,1
APUCON-d3b1af7252bb8806fa9209f4,"PLANTA ORNAMENTAL BROMELIA ROJA/GUZMANIA SP.: H=0,25m; SUMINISTRO, SIEMBRA Y ABONADO",PLANTA ORNAMENTAL BROMELIA ROJA/GUZMANIA SP. H 0 25M SUMINISTRO SIEMBRA Y ABONADO,u,1,1,1,1
APUCON-03a6ab822d39d7c9ac8041d5,"PLANTA ORNAMENTAL PALMA RAFIS/RAPHIS EXCELSA: H=1,70m; SUMINISTRO, SIEMBRA Y ABONADO",PLANTA ORNAMENTAL PALMA RAFIS/RAPHIS EXCELSA H 1 70M SUMINISTRO SIEMBRA Y ABONADO,u,1,1,1,1
APUCON-d67e5151a01297b09de75a45,"PLANTA ORNAMENTAL BIJAO/CALATHEA LUTEA: H=0,80m; SUMINISTRO, SIEMBRA Y ABONADO",PLANTA ORNAMENTAL BIJAO/CALATHEA LUTEA H 0 80M SUMINISTRO SIEMBRA Y ABONADO,u,1,1,1,1
APUCON-cabefab60ce4a6acb0c96d8d,APLICACION DE BIOESTIMULANTES Y FERTILIZANTES: SUMINISTRO Y APLICACION DE PRODUCTOS FOLIARES,APLICACION DE BIOESTIMULANTES Y FERTILIZANTES SUMINISTRO Y APLICACION DE PRODUCTOS FOLIARES,m2,1,1,1,1
APUCON-1910be935af1ede512a9de1b,"ARENA GRUESA: SUMINISTRO, COLOCACION Y NIVELACION",ARENA GRUESA SUMINISTRO COLOCACION Y NIVELACION,m3,1,1,1,1
APUCON-348fb2ee18a83db6c040a1c7,SUMINISTRO E INSTALACION DE JARDIN VERTICAL,SUMINISTRO E INSTALACION DE JARDIN VERTICAL,m2,1,2,1,1
APUCON-783273ebc043a8aa86d9d9a4,SUMINISTRO E INSTALACION DE CUBIERTA VERDE,SUMINISTRO E INSTALACION DE CUBIERTA VERDE,m2,1,1,1,1
APUCON-8d78a09f53bf619bd5a79ad2,PORCELANATO GRIS/ANTRACITA/ARENA 30X60 cm,PORCELANATO GRIS/ANTRACITA/ARENA 30X60 CM,m2,1,2,1,1
APUCON-0c7b0eb610039765d554e35a,PORCELANATO GRIS/ANTRACITA/ARENA 60x120 cm,PORCELANATO GRIS/ANTRACITA/ARENA 60X120 CM,m2,1,2,1,1
APUCON-b48c66e1d8a1ce75992e04e3,SUMINISTRO E INSTALACION DE PIEDRA MARTELINADA 30x30cm E=6mm,SUMINISTRO E INSTALACION DE PIEDRA MARTELINADA 30X30CM E 6MM,m2,1,1,1,1
APUCON-14f8b49d40ccc852fea34b6c,HORMIGON PREMEZCLADO F´C=280 Kg/cm2 INCLUYE ENCOFRADO,HORMIGON PREMEZCLADO F C 280 KG/CM2 INCLUYE ENCOFRADO,m3,1,7,1,1
APUCON-fa19a4bf8fbac1228b8377dc,HORMIGON PREMEZCLADO F'C=180 Kg/cm2 PARA REPLANTILLO INCLUYE ENCOFRADO,HORMIGON PREMEZCLADO F'C 180 KG/CM2 PARA REPLANTILLO INCLUYE ENCOFRADO,m3,1,7,1,1
APUCON-2b455ecbfb1fc80ccc64c2bf,"PERNO ASTM A325 EN PLACA BASE D=1/2"" L=30cm",PERNO ASTM A325 EN PLACA BASE D 1/2 L 30CM,u,1,1,1,1
APUCON-f7ebca4ed996e542c7ece410,ESCULTURA METALICA EN ACERO INOXIDABLE H=8.5m,ESCULTURA METALICA EN ACERO INOXIDABLE H 8.5M,u,1,1,1,1
APUCON-b70bf408e634660076db74f4,"LETRAS CORPOREAS AUTOILUMINADAS ""MALECON AURORA"" SOBRE TOTEM DE INGRESO",LETRAS CORPOREAS AUTOILUMINADAS MALECON AURORA SOBRE TOTEM DE INGRESO,u,1,1,1,1
APUCON-18cc89740e8f85eace87b316,STENOTAPHRUM SECUNDATUM (CESPED SAN AGUSTIN),STENOTAPHRUM SECUNDATUM CESPED SAN AGUSTIN,m2,1,1,1,1
APUCON-c3b85645f6a3295f5405039a,PLANCHA DE ACERO INOXIDABLE E=4mm,PLANCHA DE ACERO INOXIDABLE E 4MM,m2,1,1,1,1
APUCON-56288cb24a53a05be632cbaa,SUMINISTRO E INSTALACION DE PIEDRA ANDESITA BUSARDEADA GRIS 30x30x3cm,SUMINISTRO E INSTALACION DE PIEDRA ANDESITA BUSARDEADA GRIS 30X30X3CM,m2,1,1,1,1
APUCON-22a2dcd4d19ca6be4be392fc,SUMINISTRO Y COLOCACION DE BANCA CIRCULAR DE HORMIGON SEGUN DISEÑO,SUMINISTRO Y COLOCACION DE BANCA CIRCULAR DE HORMIGON SEGUN DISENO,u,1,1,1,1
APUCON-4b4a225f0e71de7fea0e7e9f,SUMINISTRO Y COLOCACION DE TACHO DE BASURA DE HORMIGON SEGUN DISEÑO,SUMINISTRO Y COLOCACION DE TACHO DE BASURA DE HORMIGON SEGUN DISENO,u,1,1,1,1
APUCON-159f12ca0b01defe5cd05a4c,SUMINISTRO Y COLOCACION DE MACETA TIPO ASIENTO DE HORMIGON SEGUN DISEÑO,SUMINISTRO Y COLOCACION DE MACETA TIPO ASIENTO DE HORMIGON SEGUN DISENO,u,1,1,1,1
APUCON-f5ff8c7f5907bf44cc9a6646,SUMINISTRO Y COLOCACION DE BANCA TIPO SERPENTINA DE HORMIGON SEGUN DISEÑO,SUMINISTRO Y COLOCACION DE BANCA TIPO SERPENTINA DE HORMIGON SEGUN DISENO,u,1,1,1,1
APUCON-8de0969e8ac2bd6968eb996c,SUMINISTRO Y COLOCACION DE BANCA SEMICIRCULAR DE HORMIGON SEGUN DISEÑO,SUMINISTRO Y COLOCACION DE BANCA SEMICIRCULAR DE HORMIGON SEGUN DISENO,u,1,1,1,1
APUCON-a9c872b85b278ca841077689,JUEGO MULTIPLE INFANTIL (MODELO 1: 1000x630x460cm),JUEGO MULTIPLE INFANTIL MODELO 1 1000X630X460CM,u,1,1,1,1
APUCON-3525f2269cba0d7b70b4e570,JUEGO MULTIPLE INFANTIL (MODELO 2: 800x600cm),JUEGO MULTIPLE INFANTIL MODELO 2 800X600CM,u,1,1,1,1
APUCON-c869340e1538fcb3c0514926,JUEGO INFANTIL COLUMPIO DE TRES ASIENTOS,JUEGO INFANTIL COLUMPIO DE TRES ASIENTOS,u,1,1,1,1
APUCON-9b95575975c78df1dbe68461,MOSAICO VITREO 20x20mm,MOSAICO VITREO 20X20MM,m2,1,2,1,1
APUCON-9ff5df8bba28fbcc4c95c324,PISO DE GRANITO LAVADO ALREDEDOR DE LA PISCINA,PISO DE GRANITO LAVADO ALREDEDOR DE LA PISCINA,m2,1,1,1,1
APUCON-1fab344a27dc96ce3274891d,SUMINISTRO E INSTALACION DE BOMBA CENTRIFUGA 2 HP,SUMINISTRO E INSTALACION DE BOMBA CENTRIFUGA 2 HP,u,1,1,1,1
APUCON-d2c5be67ac7a46cc3f6d62ce,SUMINISTRO E INSTALACION DE BOMBA CENTRIFUGA 5 HP TRIFASICA,SUMINISTRO E INSTALACION DE BOMBA CENTRIFUGA 5 HP TRIFASICA,u,1,1,1,1
APUCON-14c8ff0490bcb7c0176abd25,SUMINISTRO E INSTALACION DE CODO 90' PP 2 IN ROSCABLE,SUMINISTRO E INSTALACION DE CODO 90' PP 2 IN ROSCABLE,u,1,3,1,1
APUCON-3509b2a2f8ff6658bc82f6cd,SUMINISTRO DE TUBERIA PP UNION ROSCABLE DI=2 plg 1.25 MPA,SUMINISTRO DE TUBERIA PP UNION ROSCABLE DI 2 PLG 1.25 MPA,m,1,2,1,1
APUCON-fe4e5d274daf8d5d8dddf065,INSTALACION DE TUBERIA PP UNION ROSCABLE DI=2 plg 1.25 MPA,INSTALACION DE TUBERIA PP UNION ROSCABLE DI 2 PLG 1.25 MPA,m,2,2,1,1
APUCON-aa548ccb0dacd672757df992,COLGADOR PARA TUBERIA 2 IN,COLGADOR PARA TUBERIA 2 IN,u,1,5,1,1
APUCON-e77fae3e4118af8fdc3cdb3a,"MANOMETRO VERTICAL 1/2""",MANOMETRO VERTICAL 1/2,u,1,5,1,1
APUCON-d574394f8ad36f1a3d52655b,SUMINISTRO E INSTALACION DE CODO 90' PP 1 IN ROSCABLE,SUMINISTRO E INSTALACION DE CODO 90' PP 1 IN ROSCABLE,u,1,4,1,1
APUCON-3db727d5610f7dcb110e825b,SUMINISTRO DE TUBERIA PP UNION ROSCABLE DI=1 plg 1.25 MPA,SUMINISTRO DE TUBERIA PP UNION ROSCABLE DI 1 PLG 1.25 MPA,m,1,3,1,1
APUCON-d2a9bec8b283b7cce831d4cb,INSTALACION DE TUBERIA PP UNION ROSCABLE DI=1 plg 1.25 MPA,INSTALACION DE TUBERIA PP UNION ROSCABLE DI 1 PLG 1.25 MPA,m,1,3,1,1
APUCON-96e0bc2b3fcad4279291fa17,COLGADOR PARA TUBERIA 1 IN,COLGADOR PARA TUBERIA 1 IN,u,1,3,1,1
APUCON-d29700b321cdcd3047148d88,SUMINISTRO E INSTALACION DE TEE 1 IN PP ROSCABLE,SUMINISTRO E INSTALACION DE TEE 1 IN PP ROSCABLE,u,1,3,1,1
APUCON-aeae1b7a9cf16d8480495f28,"SUMINISTRO E INSTALACION DE VALVULA DE AIRE 1/2"" DOBLE ACCION DE PVC (INCLUYE ACCESORIOS)",SUMINISTRO E INSTALACION DE VALVULA DE AIRE 1/2 DOBLE ACCION DE PVC INCLUYE ACCESORIOS,u,1,1,1,1
APUCON-a9e7330ee6c4f153dfb41dca,SUMINISTRO DE TUBERIA PP UNION ROSCABLE DI=1 1/2 plg 1.25 MPA,SUMINISTRO DE TUBERIA PP UNION ROSCABLE DI 1 1/2 PLG 1.25 MPA,m,1,4,1,1
APUCON-ae72aa79521a5ccce203be96,INSTALACION DE TUBERIA PP UNION ROSCABLE DI=1 1/2 plg 1.25 MPA,INSTALACION DE TUBERIA PP UNION ROSCABLE DI 1 1/2 PLG 1.25 MPA,m,1,4,1,1
APUCON-2041fc5e8a979b56cc23608e,COLGADOR PARA TUBERIA 1 1/2 IN,COLGADOR PARA TUBERIA 1 1/2 IN,u,1,3,1,1
APUCON-c8fc6f2b9a1bd71ad13665c8,SUMINISTRO E INSTALACION DE REDUCTOR DE 2 A 1 IN PP ROSCABLE,SUMINISTRO E INSTALACION DE REDUCTOR DE 2 A 1 IN PP ROSCABLE,u,1,2,1,1
APUCON-8ce8e54002e50192edccb088,"SUMINISTRO E INSTALACION DE VALVULA CHECK ROSCADA PVC D=1""",SUMINISTRO E INSTALACION DE VALVULA CHECK ROSCADA PVC D 1,u,1,2,1,1
APUCON-6c3859eeea18bdfdd6b2e34d,SUMINISTRO E INSTALACION DE VALVULA DE BOLA PVC D= 1 plg ROSCABLE,SUMINISTRO E INSTALACION DE VALVULA DE BOLA PVC D 1 PLG ROSCABLE,u,1,2,1,1
APUCON-09f2ea0e702cf0a4e2aa965d,SUMINISTRO E INSTALACION DE REDUCTOR DE 1 1/2 A 1 IN PP ROSCABLE,SUMINISTRO E INSTALACION DE REDUCTOR DE 1 1/2 A 1 IN PP ROSCABLE,u,1,2,1,1
APUCON-0ae3a6c1d8a9ebe70298efd1,SUMINISTRO E INSTALACION DE CODO 90' PP 1 1/2 IN ROSCABLE,SUMINISTRO E INSTALACION DE CODO 90' PP 1 1/2 IN ROSCABLE,u,1,6,1,1
APUCON-0c20ce0afad455b8f36179c8,"FILTRO 16""",FILTRO 16,u,1,1,1,1
APUCON-1bc958298702040c1970de32,"FILTRO 12""",FILTRO 12,u,1,2,1,1
APUCON-c3cae9e25eb0f55bb22e1a6c,SUMINISTRO Y COLOCACION DE ARENA PARA FILTRO (0.5 - 1 mm),SUMINISTRO Y COLOCACION DE ARENA PARA FILTRO 0.5 - 1 MM,m3,1,3,1,1
APUCON-6063d5255e5946f0d88c3791,SUMINISTRO Y COLOCACION DE GRAVA PARA FILTRO (6 - 12 mm),SUMINISTRO Y COLOCACION DE GRAVA PARA FILTRO 6 - 12 MM,m3,1,3,1,1
APUCON-9821211357405bb600072ab6,SUMINISTRO Y COLOCACION DE GRAVA PARA FILTRO (12 - 18 mm),SUMINISTRO Y COLOCACION DE GRAVA PARA FILTRO 12 - 18 MM,m3,1,2,1,1
APUCON-67e876b050a42d2899162d4c,BOQUILLA TIPO CHORRO DE PISO 1x1/2,BOQUILLA TIPO CHORRO DE PISO 1X1/2,u,1,2,1,1
APUCON-2ef42645567a3876cea0c1ef,SKIMMER PEQUEÑO,SKIMMER PEQUENO,u,1,2,1,1
APUCON-c0893ad0979a560de93a871b,DRENAJE DE FONDO,DRENAJE DE FONDO,u,1,2,1,1
APUCON-f53d6a4aeae05f82067ee65e,SUMINISTRO E INSTALACION DE TEE 2 IN PP ROSCABLE,SUMINISTRO E INSTALACION DE TEE 2 IN PP ROSCABLE,u,1,2,1,1
APUCON-5f47620fe2673c4e4c0a7284,SUMINISTRO E INSTALACION DE TEE 1 1/2 IN PP ROSCABLE,SUMINISTRO E INSTALACION DE TEE 1 1/2 IN PP ROSCABLE,u,1,3,1,1
APUCON-3e9fee72984a80a81f4b0522,KIT DE PRUEBA DE AGUA PARA PISCINA,KIT DE PRUEBA DE AGUA PARA PISCINA,u,1,2,1,1
APUCON-aaa115fadb5b6bbae87b354a,DOMOS O SOMBRILLAS DE AGUA DE 2 m DE DIAMETRO,DOMOS O SOMBRILLAS DE AGUA DE 2 M DE DIAMETRO,u,1,1,1,1
APUCON-8d1faf21b93e91aa29908ed4,"ABRAZADERA GALVANIZADA DE 1""",ABRAZADERA GALVANIZADA DE 1,u,1,1,1,1
APUCON-ee4135f438207410a5ef1dc9,"ABRAZADERA GALVANIZADA DE 2""",ABRAZADERA GALVANIZADA DE 2,u,1,1,1,1
APUCON-4eae20cc37846a2bd0bbbb56,SUMINISTRO E INSTALACION DE CUBIERTA METALICA CON AISLAMIENTO DE POLIURETANO E=30mm,SUMINISTRO E INSTALACION DE CUBIERTA METALICA CON AISLAMIENTO DE POLIURETANO E 30MM,m2,1,5,1,1
APUCON-4bf5078c97fd9e35b1772666,SUMINISTRO E INSTALACION DE FLASHING PERIMETRAL PARA CUBIERTA,SUMINISTRO E INSTALACION DE FLASHING PERIMETRAL PARA CUBIERTA,m,1,4,1,1
APUCON-6afc0ff159505e357696365b,"MALLA ELECTROSOLDADA 15x15 - 4,5mm",MALLA ELECTROSOLDADA 15X15 - 4 5MM,m2,1,1,1,1
APUCON-5201a91b2b89d3e817ee9ee9,SUMINISTRO E INSTALACION DE PLACA-ACERO COLABORANTE E=0.65mm,SUMINISTRO E INSTALACION DE PLACA-ACERO COLABORANTE E 0.65MM,m2,1,1,1,1
APUCON-087df8d366150ec060a95b2c,"PERNO ASTM A325 EN PLACA BASE D=5/8"" L=25cm",PERNO ASTM A325 EN PLACA BASE D 5/8 L 25CM,u,1,1,1,1
APUCON-e70233afe35146109537d590,"SUMINISTRO E INSTALACION DE PANEL COMPUESTO DE ALUMINIO (ALUCOBOND), E=4mm, PARA EXTERIOR",SUMINISTRO E INSTALACION DE PANEL COMPUESTO DE ALUMINIO ALUCOBOND E 4MM PARA EXTERIOR,m2,1,1,1,1
APUCON-5e4dcdebc263ee504d6c19b0,CERAMICA 30x30cm,CERAMICA 30X30CM,m2,1,4,1,1
APUCON-17d081a648c60cfd1b54f883,PORCELANATO 60x60cm,PORCELANATO 60X60CM,m2,1,2,1,1
APUCON-4a312a5753f910425b1aca02,GRANITO PULIDO,GRANITO PULIDO,m2,1,1,1,1
APUCON-6e51f31dae074568877abb8d,PORCELANATO 100x300mm,PORCELANATO 100X300MM,m2,1,1,1,1
APUCON-f043bef1642b4dcd6fc2a7e2,PARED DE BLOQUE 10x20x40cm,PARED DE BLOQUE 10X20X40CM,m2,1,5,1,1
APUCON-9a3f36800c5fa2c2ab7de816,PARED DE BLOQUE 20x20x40cm,PARED DE BLOQUE 20X20X40CM,m2,1,2,1,1
APUCON-c26f9a821a60d1f4c02ce248,ENLUCIDO DE PAREDES EXTERIORES,ENLUCIDO DE PAREDES EXTERIORES,m2,1,7,1,1
APUCON-5a3d6736dcf2a807e5d95e77,ENLUCIDO DE PAREDES INTERIORES,ENLUCIDO DE PAREDES INTERIORES,m2,1,7,1,1
APUCON-82723a87dde28c85a25c8e05,ENLUCIDO DE FILOS,ENLUCIDO DE FILOS,m,1,5,1,1
APUCON-795589ef446ed30a2ea7e67f,PILARETES Y VIGUETAS 12x9cm,PILARETES Y VIGUETAS 12X9CM,m,1,4,1,1
APUCON-24e1f6bd9447277701485af6,CUADRADA DE BOQUETES,CUADRADA DE BOQUETES,m,1,5,1,1
APUCON-9d548c404424417e5382395e,PINTURA EXTERIOR,PINTURA EXTERIOR,m2,1,7,1,1
APUCON-57fda0bb67764d17ac27a48c,PINTURA INTERIOR,PINTURA INTERIOR,m2,1,7,1,1
APUCON-f44d61a3ade6df3451402a53,SUMINISTRO E INSTALACION DE MADERA ALISTONADA EN PARED,SUMINISTRO E INSTALACION DE MADERA ALISTONADA EN PARED,m2,1,2,1,1
APUCON-631a1f3ae82490062c8eccd5,PORCELANATO 30x60cm,PORCELANATO 30X60CM,m2,1,1,1,1
APUCON-563984c79d3950f1b4484c75,SUMINISTRO E INSTALACION DE TUMBADO DE PVC MADERADO LAMINADO 8mm,SUMINISTRO E INSTALACION DE TUMBADO DE PVC MADERADO LAMINADO 8MM,m2,1,3,1,1
APUCON-83b848b415f5e3c0119e6edc,LAVAMANOS DE EMPOTRAR CON GRIFERIA DE CIERRE AUTOMATICO (INCLUYE ACCESORIOS),LAVAMANOS DE EMPOTRAR CON GRIFERIA DE CIERRE AUTOMATICO INCLUYE ACCESORIOS,u,1,3,1,1
APUCON-6b37fcbb26293059426fb3a3,LAVACOPA DE EMPOTRAR 60x42cm,LAVACOPA DE EMPOTRAR 60X42CM,u,1,2,1,1
APUCON-0ccfd6e3fc9b060bbcb49569,INODOROS CON FLUXOMETRO (INCLUYE ACCESORIOS),INODOROS CON FLUXOMETRO INCLUYE ACCESORIOS,u,1,4,1,1
APUCON-f669751684cb4787a39346c4,INODORO PARA DISCAPACITADOS (INCLUYE ACCESORIOS),INODORO PARA DISCAPACITADOS INCLUYE ACCESORIOS,u,1,1,1,1
APUCON-ed30f10e0070b25addd21ccb,URINARIO CON FLUXOMETRO (INCLUYE ACCESORIOS),URINARIO CON FLUXOMETRO INCLUYE ACCESORIOS,u,1,3,1,1
APUCON-bc36a898a3d0c2cef6e30aee,SUMINISTRO E INSTALACION DE DISPENSADOR DE JABON LIQUIDO,SUMINISTRO E INSTALACION DE DISPENSADOR DE JABON LIQUIDO,u,1,3,1,1
APUCON-91116dd1cd7a5a27a25ebccf,SUMINISTRO E INSTALACION DE DISPENSADOR DE PAPEL,SUMINISTRO E INSTALACION DE DISPENSADOR DE PAPEL,u,1,3,1,1
APUCON-230883c8b180ad42f8016d7b,SUMINISTRO E INSTALACION DE ESPEJOS,SUMINISTRO E INSTALACION DE ESPEJOS,m2,1,3,1,1
APUCON-688447e52c2356bde842dd53,SUMINISTRO E INSTALACION DE SECADORA DE AIRE,SUMINISTRO E INSTALACION DE SECADORA DE AIRE,u,1,3,1,1
APUCON-03f6a66245105beb7f3328af,"REVESTIMIENTO DE MESONES CON PLANCHA DE GRANITO, INCLUYE RUDON, FALDON Y SALPICADERA",REVESTIMIENTO DE MESONES CON PLANCHA DE GRANITO INCLUYE RUDON FALDON Y SALPICADERA,m2,1,3,1,1
APUCON-ef28aee69b5caabb1d34221c,HORMIGON ARMADO MESONES A= 0.40m; E= 0.07m,HORMIGON ARMADO MESONES A 0.40M E 0.07M,m,1,1,1,1
APUCON-be21b6f83ddef72815735967,SUMINISTRO E INSTALACION DE LOUVER METALICO ELIPTICO CON APARIENCIA MADERADA,SUMINISTRO E INSTALACION DE LOUVER METALICO ELIPTICO CON APARIENCIA MADERADA,m2,1,2,1,1
APUCON-33559dfcd9ba8cc72287dfc9,VENTANAS DE ALUMINIO Y VIDRIO (VIDRIO 5mm),VENTANAS DE ALUMINIO Y VIDRIO VIDRIO 5MM,m2,1,4,1,1
APUCON-cdd36b4bb2916d73c62a534e,PUERTA METALICA (0.80x2.10) m,PUERTA METALICA 0.80X2.10 M,u,1,1,1,1
APUCON-a6ad88d95bea86695f5c50f9,PUERTA DE ALUMINIO Y VIDRIO CLARO DE 6mm,PUERTA DE ALUMINIO Y VIDRIO CLARO DE 6MM,m2,1,1,1,1
APUCON-0933dc7f38c79423c09722ce,DIVISION EN ACERO INOXIDABLE,DIVISION EN ACERO INOXIDABLE,m2,1,1,1,1
APUCON-74fd0ce5da51ccbe49a40cde,PUERTA EN ACERO INOXIDABLE (0.80x1.50)m,PUERTA EN ACERO INOXIDABLE 0.80X1.50 M,u,1,1,1,1
APUCON-309c35f6bf7dbea530388e58,PUERTA EN ACERO INOXIDABLE (0.60x1.50) m,PUERTA EN ACERO INOXIDABLE 0.60X1.50 M,u,1,1,1,1
APUCON-83de6be8730caa16c34d25ac,"LETRAS CORPOREAS AUTOILUMINADAS ""LA AURORA"" EN CENTRO COMERCIAL",LETRAS CORPOREAS AUTOILUMINADAS LA AURORA EN CENTRO COMERCIAL,u,1,1,1,1
APUCON-541d40c79c4a9fd19ef22dbb,PUERTA DE MADERA (0.70x1.00) m,PUERTA DE MADERA 0.70X1.00 M,u,1,1,1,1
APUCON-faf02ebd6fc48d6a66c5643a,PORCELANATO 298x2398x9mm,PORCELANATO 298X2398X9MM,m2,1,1,1,1
APUCON-da3dfc23c27e6bb61bf76059,SUMINISTRO E INSTALACION DE FACHALETA TIPO LADRILLO,SUMINISTRO E INSTALACION DE FACHALETA TIPO LADRILLO,m2,1,1,1,1
APUCON-a6b9d8520f9e6966b9ce3a31,PARED DE LADRILLO VISTO 27.5x12x8.5cm,PARED DE LADRILLO VISTO 27.5X12X8.5CM,m2,1,1,1,1
APUCON-6e22aef3aeec5466f9f6fd97,CERAMICA 30x60cm,CERAMICA 30X60CM,m2,1,1,1,1
APUCON-b02525df50d3d4f06209e714,HORMIGON ARMADO PARA MESONES A= 0.60m; E= 0.07m,HORMIGON ARMADO PARA MESONES A 0.60M E 0.07M,m,1,2,1,1
APUCON-faf1657bdd7a3c4067932871,PUERTA METALICA (0.80x2.20)m,PUERTA METALICA 0.80X2.20 M,u,1,2,1,1
APUCON-57328681645c5853c924247c,PUERTA METALICA (0.60x2.20)m,PUERTA METALICA 0.60X2.20 M,u,1,1,1,1
APUCON-6c9fb49981d4d667865bfaa3,PUERTA DE MADERA (0.80x1.00)m,PUERTA DE MADERA 0.80X1.00 M,u,1,1,1,1
APUCON-d2d8b6a6649b7cf6934df2c8,SUMINISTRO E INSTALACION DE VIGA TIPO C EN PERIMETRO DE LOSETA,SUMINISTRO E INSTALACION DE VIGA TIPO C EN PERIMETRO DE LOSETA,m,1,1,1,1
APUCON-6bada6b8cbde85bf1ea65cd9,"MALLA ELECTROSOLDADA 15x15 8,00mm",MALLA ELECTROSOLDADA 15X15 8 00MM,m2,1,1,1,1
APUCON-d357133759db17f879f3feb4,HORMIGON APARENTE F´C= 180 Kg/cm2,HORMIGON APARENTE F C 180 KG/CM2,m2,1,1,1,1
APUCON-fb42f1e72b9e51e926c3ff03,CERAMICA 8x30cm,CERAMICA 8X30CM,m2,1,1,1,1
APUCON-0a28cf28a1adf8f750bd3c47,SUMINISTRO E INSTALACION DE PANEL PVC 2mm,SUMINISTRO E INSTALACION DE PANEL PVC 2MM,m2,1,2,1,1
APUCON-353d59bf3a6b96782f58f997,CERAMICA DE PARED DE BAÑO 30x60cm,CERAMICA DE PARED DE BANO 30X60CM,m2,1,1,1,1
APUCON-329f47421e3c8156f415c25c,CIELO RASO TIPO GYPSUM,CIELO RASO TIPO GYPSUM,m2,1,2,1,1
APUCON-8fc2717fef807b68f9239b12,PUERTA DE MADERA (0.70x2.20)m,PUERTA DE MADERA 0.70X2.20 M,u,1,1,1,1
APUCON-d0974d855b616cfe84759e8f,PUERTA DE MADERA (0.80x2.20)m,PUERTA DE MADERA 0.80X2.20 M,u,1,1,1,1
APUCON-4a6d76ac2561697edcdff980,PUERTA METALICA (0.90x2.10)m,PUERTA METALICA 0.90X2.10 M,u,1,1,1,1
APUCON-6ea00956b6ba9f896cc34ffc,PUERTA METALICA (0.90x2.20)m,PUERTA METALICA 0.90X2.20 M,u,1,1,1,1
APUCON-1f2e872761237efe861d0122,PUERTA ENROLLABLE,PUERTA ENROLLABLE,m2,1,1,1,1
APUCON-3ecbdb3d1b328c666c948be6,SILLON PARA TRES PERSONAS,SILLON PARA TRES PERSONAS,u,1,1,1,1
APUCON-941a4c2e0245bc5288d614f1,ESCRITORIO DE RECEPCION EN L 1.8x1.8m,ESCRITORIO DE RECEPCION EN L 1.8X1.8M,u,1,1,1,1
APUCON-57f933570d6357166787db62,ESCRITORIO PARA OFICINA 1.5x0.60m,ESCRITORIO PARA OFICINA 1.5X0.60M,u,1,1,1,1
APUCON-19f75c15a50740d0af300047,ESCRITORIO EN L 2.20x2.10m,ESCRITORIO EN L 2.20X2.10M,u,1,1,1,1
APUCON-e0edcd7eea323e11ca283e8f,SILLA GIRATORIA,SILLA GIRATORIA,u,1,1,1,1
APUCON-c7d5f08d7b42c268f4ddb39c,ESTANTERIA 2.00x1.12x0.35m,ESTANTERIA 2.00X1.12X0.35M,u,1,1,1,1
APUCON-47f5253e7dbc0f6d9464c3b4,SUMINISTRO E INSTALACION DE PANEL METALICO 0.4mm PARA EXTERIOR,SUMINISTRO E INSTALACION DE PANEL METALICO 0.4MM PARA EXTERIOR,m2,1,1,1,1
APUCON-2b32717544a96205cc40d65c,LAVACOPA DE EMPOTRAR 60x42cm,LAVACOPA DE EMPOTRAR 60X42CM,kg,1,1,1,1
APUCON-be7152be5410741ed7e087d6,VENTANA PLEGABLE VERTICAL DE DOS HOJAS TIPO LOUVER,VENTANA PLEGABLE VERTICAL DE DOS HOJAS TIPO LOUVER,m2,1,1,1,1
APUCON-82dde4b48e52e9b82af96d23,MESONES DE HORMIGON ARMADO INCLUYE GRANITO (ANCHO 0.53m),MESONES DE HORMIGON ARMADO INCLUYE GRANITO ANCHO 0.53M,m,1,1,1,1
APUCON-26ae7198f1a060bc4e3869e9,SUMINISTRO E INSTALACION DE REVESTIMIENTO DE PARED EN CERAMICA TIPO MADERA,SUMINISTRO E INSTALACION DE REVESTIMIENTO DE PARED EN CERAMICA TIPO MADERA,m2,1,1,1,1
APUCON-4d04390c37ad2b8db0cc8dc0,PUERTA DE MADERA DE ABATIMIENTO HACIA ARRIBA (0.56x1.00)m,PUERTA DE MADERA DE ABATIMIENTO HACIA ARRIBA 0.56X1.00 M,u,1,1,1,1
APUCON-737e79950d4a34aaa8689ad7,PUERTA DE ALUMINIO TIPO LOUVER (0.80x2.00)m,PUERTA DE ALUMINIO TIPO LOUVER 0.80X2.00 M,u,1,1,1,1
APUCON-2c67c60a944fdb8fe9c48f7b,VENTANA DE PVC COLOR GRIS,VENTANA DE PVC COLOR GRIS,m2,1,1,1,1
APUCON-ae41728d101088b49fa64a41,SECCIONADOR FUSIBLE 100 A - 27kW CON ROMPE ARCO,SECCIONADOR FUSIBLE 100 A - 27KW CON ROMPE ARCO,u,1,2,1,1
APUCON-11e5313d25b1820a34edb4c7,CHORRO DE PUNTA DE LANZA DE 1 1/2” ENTRADA Y 16 mm DE SALIDA,CHORRO DE PUNTA DE LANZA DE 1 1/2 ENTRADA Y 16 MM DE SALIDA,u,1,1,1,1
APUCON-334496274ca681956e49a64a,"SUMINISTRO E INSTALACION DE BOMBA SUMERGIBLE 7.5 KW DE ACERO INOXIDABLE (INCLUYE TABLERO, BASE AUTOACOPLABLE Y BRIDA DE DESCARGA)",SUMINISTRO E INSTALACION DE BOMBA SUMERGIBLE 7.5 KW DE ACERO INOXIDABLE INCLUYE TABLERO BASE AUTOACOPLABLE Y BRIDA DE DESCARGA,u,1,1,1,1
APUCON-71072cb150905ffa0053844b,"SUMINISTRO E INSTALACION DE BOMBA SUMERGIBLE 6 KW DE ACERO INOXIDABLE (INCLUYE TABLERO, BASE AUTOACOPLABLE Y BRIDA DE DESCARGA)",SUMINISTRO E INSTALACION DE BOMBA SUMERGIBLE 6 KW DE ACERO INOXIDABLE INCLUYE TABLERO BASE AUTOACOPLABLE Y BRIDA DE DESCARGA,u,1,1,1,1
APUCON-df26d253c4ebdd6845a7151b,"SUMINISTRO E INSTALACION DE TUBO EN ACERO INOXIDABLE 6"", LONGITUD 20M CON 36 SALIDAS DE 1 1/2"" Y 6 ENTRADAS DE 4""",SUMINISTRO E INSTALACION DE TUBO EN ACERO INOXIDABLE 6 LONGITUD 20M CON 36 SALIDAS DE 1 1/2 Y 6 ENTRADAS DE 4,m,1,1,1,1
APUCON-8ff6204dc708f22bd825974b,PANTALLA DE AGUA PULVERIZADA,PANTALLA DE AGUA PULVERIZADA,u,1,1,1,1
APUCON-bd58c0a26dff6d31f7bd2a3c,FAROS DE 108 WATTS DE 24 V,FAROS DE 108 WATTS DE 24 V,u,1,1,1,1
APUCON-b838e3bc4aefd05be8926fa1,INTERFAX DMX PARA CONTROLAR LOS TONOS DE LOS FAROS,INTERFAX DMX PARA CONTROLAR LOS TONOS DE LOS FAROS,u,1,1,1,1
APUCON-2c7788187a17eb6bb4aa38df,DECODIFICADOR DE 8 SALIDAS,DECODIFICADOR DE 8 SALIDAS,u,1,1,1,1
APUCON-e87947f4a78a73d50b05c1af,FUENTES DE PODER DE 1200W PARA TRANSFORMAR DE 220 O 110V A 24V,FUENTES DE PODER DE 1200W PARA TRANSFORMAR DE 220 O 110V A 24V,u,1,1,1,1
APUCON-a005428136163e36b8a7d854,"SUMINISTRO E INSTALACION DE TUBERIA DE PVC CED.40 3""",SUMINISTRO E INSTALACION DE TUBERIA DE PVC CED.40 3,m,1,1,1,1
APUCON-ca6662898b4f714376f287cb,"SUMINISTRO E INSTALACION DE NUDOS UNIVERSALES PVC 3""",SUMINISTRO E INSTALACION DE NUDOS UNIVERSALES PVC 3,u,1,1,1,1
APUCON-e9274aece66f3116952e22e1,SUMINISTRO E INSTALACION DE TEE 3 IN PVC ROSCABLE,SUMINISTRO E INSTALACION DE TEE 3 IN PVC ROSCABLE,u,1,1,1,1
APUCON-9f67c6df39c7b3251d3f5ca1,SUMINISTRO E INSTALACION DE REDUCTOR DE 6 A 3 IN PVC ROSCABLE,SUMINISTRO E INSTALACION DE REDUCTOR DE 6 A 3 IN PVC ROSCABLE,u,1,1,1,1
APUCON-d735d9bb5646d25d1119d0ed,"SUMINISTRO E INSTALACION DE CODO 3"" x 90' PVC ROSCABLE",SUMINISTRO E INSTALACION DE CODO 3 X 90' PVC ROSCABLE,u,1,1,1,1
APUCON-19231eb02b3591b9d77df867,SUMINISTRO Y COLOCACION DE SELLADOR ADHESIVO PARA JUNTAS,SUMINISTRO Y COLOCACION DE SELLADOR ADHESIVO PARA JUNTAS,u,1,1,1,1
APUCON-40e0a8fdb97e580be256e243,SUMINISTRO E INSTALACION DE ADAPTADOR MACHO 3 IN PVC ROSCABLE,SUMINISTRO E INSTALACION DE ADAPTADOR MACHO 3 IN PVC ROSCABLE,u,1,1,1,1
APUCON-8e2b6a49199c6d4046c897cb,SUMINISTRO E INSTALACION DE ADAPTADOR MACHO 6 IN PVC ROSCABLE,SUMINISTRO E INSTALACION DE ADAPTADOR MACHO 6 IN PVC ROSCABLE,u,1,1,1,1
APUCON-da1310b0065f98e7e4807150,"SUMINISTRO E INSTALACION DE LLAVE NUDO 3"" PVC ROSCABLE",SUMINISTRO E INSTALACION DE LLAVE NUDO 3 PVC ROSCABLE,u,1,1,1,1
APUCON-01c4bd8708c73fe9a92043f2,"PROYECTOR DE LASER PARA PANTALLA, CON ALCANCE A UNA DISTANCIA DE 40m, PROYECCION DE 15m",PROYECTOR DE LASER PARA PANTALLA CON ALCANCE A UNA DISTANCIA DE 40M PROYECCION DE 15M,u,1,1,1,1
APUCON-38dfa77ee5b19dbd3ecda720,"TABLERO DE CONTROL Y AUTOMATIZACION DE LUCES ACUATICAS Y TABLERO PARA BOMBAS, INCLUIDO EL CABLE DESDE EL CUARTO DE MAQUINAS HASTA LA UBICACION DE LAS BOMBAS SUMERGIBLES Y LOS FAROS LED",TABLERO DE CONTROL Y AUTOMATIZACION DE LUCES ACUATICAS Y TABLERO PARA BOMBAS INCLUIDO EL CABLE DESDE EL CUARTO DE MAQUINAS HASTA LA UBICACION DE LAS BOMBAS SUMERGIBLES Y LOS FAROS LED,u,1,1,1,1
APUCON-03367ee7d763caba66abc7ae,PERFILADA DE HORMIGON EN CALLES,PERFILADA DE HORMIGON EN CALLES,m,1,3,1,1
APUCON-4404d06903a3f5fa632c1c86,ROTURA Y DESALOJO DE HORMIGON EN CALLES,ROTURA Y DESALOJO DE HORMIGON EN CALLES,m2,1,3,1,1
APUCON-20a531d04107564cd1e67cb8,REPLANTEO DE TUBERIAS,REPLANTEO DE TUBERIAS,m,1,3,1,1
APUCON-695ac0d47bcb63612b181583,SUMINISTRO DE TUBERIA PP UNION ROSCABLE DI=3/4 plg 1.25 MPA,SUMINISTRO DE TUBERIA PP UNION ROSCABLE DI 3/4 PLG 1.25 MPA,m,1,3,1,1
APUCON-24333dfaef89e53a2b64ed3b,INSTALACION DE TUBERIA PP UNION ROSCABLE DI=3/4 plg 1.25 MPA,INSTALACION DE TUBERIA PP UNION ROSCABLE DI 3/4 PLG 1.25 MPA,m,1,3,1,1
APUCON-cc1025e114436d8b33f0fd51,SUMINISTRO DE TUBERIA PP UNION ROSCABLE DI=1/2 plg 1.25 MPA,SUMINISTRO DE TUBERIA PP UNION ROSCABLE DI 1/2 PLG 1.25 MPA,m,1,3,1,1
APUCON-3ec790c66776ef43dece6aba,INSTALACION DE TUBERIA PP UNION ROSCABLE DI=1/2 plg 1.25 MPA,INSTALACION DE TUBERIA PP UNION ROSCABLE DI 1/2 PLG 1.25 MPA,m,2,3,1,1
APUCON-2beade4a29606dc1d29d85fa,SUMINISTRO DE TUBERIA PP UNION ROSCABLE DI=1 1/4 plg 1.25 MPA,SUMINISTRO DE TUBERIA PP UNION ROSCABLE DI 1 1/4 PLG 1.25 MPA,m,1,1,1,1
APUCON-925bc7abd8d7bb43709a1529,INSTALACION DE TUBERIA PP UNION ROSCABLE DI=1 1/4 plg 1.25 MPA,INSTALACION DE TUBERIA PP UNION ROSCABLE DI 1 1/4 PLG 1.25 MPA,m,1,1,1,1
APUCON-22601d268d97ff5bf7c81d6c,SUMINISTRO DE TUBERIA PP UNION ROSCABLE DI=2 1/2 plg 1.25 MPA,SUMINISTRO DE TUBERIA PP UNION ROSCABLE DI 2 1/2 PLG 1.25 MPA,m,1,2,1,1
APUCON-6686e211d47a21769f68adf7,INSTALACION DE TUBERIA PP UNION ROSCABLE DI=2 1/2 plg 1.25 MPA,INSTALACION DE TUBERIA PP UNION ROSCABLE DI 2 1/2 PLG 1.25 MPA,m,1,2,1,1
APUCON-2f6f6cb2926f2a3ee9d46466,PRUEBA HIDRAULICA Y DESINFECCION DE RED,PRUEBA HIDRAULICA Y DESINFECCION DE RED,m,1,1,1,1
APUCON-aaf0fbdc301808a09715a834,SUMINISTRO E INSTALACION DE CODO 22.5' PP 3/4 IN ROSCABLE,SUMINISTRO E INSTALACION DE CODO 22.5' PP 3/4 IN ROSCABLE,u,1,1,1,1
APUCON-6c34de75d2ee5910c6c87661,SUMINISTRO E INSTALACION DE CODO 22.5' PP 2 IN ROSCABLE,SUMINISTRO E INSTALACION DE CODO 22.5' PP 2 IN ROSCABLE,u,1,1,1,1
APUCON-7890affda41d88f521415211,SUMINISTRO E INSTALACION DE CODO 45' PP 2 1/2 IN ROSCABLE,SUMINISTRO E INSTALACION DE CODO 45' PP 2 1/2 IN ROSCABLE,u,1,1,1,1
APUCON-d0bfaec19b4f01d94cee7af6,SUMINISTRO E INSTALACION DE CODO 45' PP 2 IN ROSCABLE,SUMINISTRO E INSTALACION DE CODO 45' PP 2 IN ROSCABLE,u,1,1,1,1
APUCON-91dc355c4fbf173dfe381c6f,SUMINISTRO E INSTALACION DE CODO 45' PP 3/4,SUMINISTRO E INSTALACION DE CODO 45' PP 3/4,u,1,1,1,1
APUCON-69b217dae3e6adb33837e9b1,SUMINISTRO E INSTALACION DE CODO 90' PP 1 1/4 IN ROSCABLE,SUMINISTRO E INSTALACION DE CODO 90' PP 1 1/4 IN ROSCABLE,u,1,1,1,1
APUCON-9e3347c533ef6134e4b07710,SUMINISTRO E INSTALACION DE CODO 90' PP 1/2 IN ROSCABLE,SUMINISTRO E INSTALACION DE CODO 90' PP 1/2 IN ROSCABLE,u,1,2,1,1
APUCON-8a4067c08d3384c78284dfa9,SUMINISTRO E INSTALACION DE CODO 90' PP 2 1/2 IN ROSCABLE,SUMINISTRO E INSTALACION DE CODO 90' PP 2 1/2 IN ROSCABLE,u,1,2,1,1
APUCON-7ce70b3938013af9ae6764af,SUMINISTRO E INSTALACION DE CODO 90' PP 3/4 IN ROSCABLE,SUMINISTRO E INSTALACION DE CODO 90' PP 3/4 IN ROSCABLE,u,1,2,1,1
APUCON-0b8a564a68b5e13df06af92d,SUMINISTRO E INSTALACION DE REDUCTOR DE 1 A 1/2 IN PP ROSCABLE,SUMINISTRO E INSTALACION DE REDUCTOR DE 1 A 1/2 IN PP ROSCABLE,u,1,1,1,1
APUCON-1c34e62e8f1c327b698e5916,SUMINISTRO E INSTALACION DE REDUCTOR DE 1 A 3/4 IN PP ROSCABLE,SUMINISTRO E INSTALACION DE REDUCTOR DE 1 A 3/4 IN PP ROSCABLE,u,1,2,1,1
APUCON-10348fbb68ab8b1fd5c738dc,SUMINISTRO E INSTALACION DE REDUCTOR DE 1 1/2 A 1/2 IN PP ROSCABLE,SUMINISTRO E INSTALACION DE REDUCTOR DE 1 1/2 A 1/2 IN PP ROSCABLE,u,1,1,1,1
APUCON-3fef5598440219acaa4c06f9,SUMINISTRO E INSTALACION DE REDUCTOR DE 1 1/4 A 1 IN PP ROSCABLE,SUMINISTRO E INSTALACION DE REDUCTOR DE 1 1/4 A 1 IN PP ROSCABLE,u,1,1,1,1
APUCON-f8e29bab67485084b0c89f95,SUMINISTRO E INSTALACION DE REDUCTOR DE 1 1/4 A 1/2 IN PP ROSCABLE,SUMINISTRO E INSTALACION DE REDUCTOR DE 1 1/4 A 1/2 IN PP ROSCABLE,u,1,1,1,1
APUCON-c65d1cd2617f9ff61a9c4d16,SUMINISTRO E INSTALACION DE REDUCTOR DE 2 A 1 1/2 IN PP ROSCABLE,SUMINISTRO E INSTALACION DE REDUCTOR DE 2 A 1 1/2 IN PP ROSCABLE,u,1,1,1,1
APUCON-2412d1084b58a5f5e94efae3,SUMINISTRO E INSTALACION DE REDUCTOR DE 2 A 1 1/4 IN PP ROSCABLE,SUMINISTRO E INSTALACION DE REDUCTOR DE 2 A 1 1/4 IN PP ROSCABLE,u,1,1,1,1
APUCON-cb0a27ba7678a7c18a8529d7,SUMINISTRO E INSTALACION DE REDUCTOR DE 2 A 1/2 IN PP ROSCABLE,SUMINISTRO E INSTALACION DE REDUCTOR DE 2 A 1/2 IN PP ROSCABLE,u,1,1,1,1
APUCON-a08b8e3dac29504a0e3a7136,SUMINISTRO E INSTALACION DE REDUCTOR DE 2 A 3/4 IN PP ROSCABLE,SUMINISTRO E INSTALACION DE REDUCTOR DE 2 A 3/4 IN PP ROSCABLE,u,1,1,1,1
APUCON-d32f29513ec4ebf1377b1f6e,SUMINISTRO E INSTALACION DE REDUCTOR DE 2 1/2 A 1 IN PP ROSCABLE,SUMINISTRO E INSTALACION DE REDUCTOR DE 2 1/2 A 1 IN PP ROSCABLE,u,1,1,1,1
APUCON-33e9c77d208b697c0428d690,SUMINISTRO E INSTALACION DE REDUCTOR DE 2 1/2 A 1 1/2 IN PP ROSCABLE,SUMINISTRO E INSTALACION DE REDUCTOR DE 2 1/2 A 1 1/2 IN PP ROSCABLE,u,1,1,1,1
APUCON-545b94510c056c60ebc7e462,SUMINISTRO E INSTALACION DE REDUCTOR DE 2 1/2 A 2 IN PP ROSCABLE,SUMINISTRO E INSTALACION DE REDUCTOR DE 2 1/2 A 2 IN PP ROSCABLE,u,1,1,1,1
APUCON-06ca65dc935c8bb10a948565,SUMINISTRO E INSTALACION DE REDUCTOR DE 2 1/2 A 1/2 IN PP ROSCABLE,SUMINISTRO E INSTALACION DE REDUCTOR DE 2 1/2 A 1/2 IN PP ROSCABLE,u,1,1,1,1
APUCON-57d8569cfe3d8fc4c4ee7714,SUMINISTRO E INSTALACION DE REDUCTOR DE 2 1/2 A 3/4 IN PP ROSCABLE,SUMINISTRO E INSTALACION DE REDUCTOR DE 2 1/2 A 3/4 IN PP ROSCABLE,u,1,1,1,1
APUCON-4f06b832ac7e40a6728fd9d6,SUMINISTRO E INSTALACION DE REDUCTOR DE 3/4 A 1/2 IN PP ROSCABLE,SUMINISTRO E INSTALACION DE REDUCTOR DE 3/4 A 1/2 IN PP ROSCABLE,u,1,2,1,1
APUCON-62a6a5ed11ec6f360381fe57,SUMINISTRO E INSTALACION DE TEE 2 1/2 IN PP ROSCABLE,SUMINISTRO E INSTALACION DE TEE 2 1/2 IN PP ROSCABLE,u,1,2,1,1
APUCON-3e2f8cb12d6ead351fbe30df,SUMINISTRO E INSTALACION DE TEE 3/4 IN PP ROSCABLE,SUMINISTRO E INSTALACION DE TEE 3/4 IN PP ROSCABLE,u,1,2,1,1
APUCON-e3b8b84ebc235c872530dfe4,COLGADOR PARA TUBERIA 3/4 IN,COLGADOR PARA TUBERIA 3/4 IN,u,1,2,1,1
APUCON-602da209ffe7fa9bd4f14b14,COLGADOR PARA TUBERIA 1/2 IN,COLGADOR PARA TUBERIA 1/2 IN,u,1,1,1,1
APUCON-4878d2a0aeb920d9b93b8c41,COLGADOR PARA TUBERIA 1 1/4 IN,COLGADOR PARA TUBERIA 1 1/4 IN,u,1,1,1,1
APUCON-a5ed616d51fda41d4bb2ed0e,COLGADOR PARA TUBERIA 2 1/2 IN,COLGADOR PARA TUBERIA 2 1/2 IN,u,1,2,1,1
APUCON-399bfca6264b37595049cdf5,SUMINISTRO E INSTALACION DE VALVULA DE BOLA PVC D= 3/4 plg ROSCABLE,SUMINISTRO E INSTALACION DE VALVULA DE BOLA PVC D 3/4 PLG ROSCABLE,u,1,2,1,1
APUCON-e6f5a004f52be30746ef6b42,SUMINISTRO E INSTALACION DE VALVULA DE BOLA PVC D= 1 1/2 plg ROSCABLE,SUMINISTRO E INSTALACION DE VALVULA DE BOLA PVC D 1 1/2 PLG ROSCABLE,u,1,1,1,1
APUCON-a00e607d93c81fb61fe2380e,SUMINISTRO E INSTALACION DE VALVULA DE BOLA PVC D= 2 plg ROSCABLE,SUMINISTRO E INSTALACION DE VALVULA DE BOLA PVC D 2 PLG ROSCABLE,u,1,1,1,1
APUCON-2d994f5c50ee3ddfb58c3fd6,SUMINISTRO E INSTALACION DE VALVULA DE BOLA PVC D= 2 1/2 plg ROSCABLE,SUMINISTRO E INSTALACION DE VALVULA DE BOLA PVC D 2 1/2 PLG ROSCABLE,u,1,2,1,1
APUCON-1c7defe720becd4db6cf28ad,HORMIGON PREMEZCLADO F´C=210 Kg/cm2 INCLUYE ENCOFRADO,HORMIGON PREMEZCLADO F C 210 KG/CM2 INCLUYE ENCOFRADO,m3,1,10,1,1
APUCON-31eebd221dc0afa35b1aafbe,"RELLENO COMPACTADO CON VIBROAPISONADOR, MATERIAL DE SITIO",RELLENO COMPACTADO CON VIBROAPISONADOR MATERIAL DE SITIO,m3,1,4,1,1
APUCON-fdab88e0fc8d48771b853c11,SUMINISTRO E INSTALACION DE TAPA DE H.A. (700x700)mm,SUMINISTRO E INSTALACION DE TAPA DE H.A. 700X700 MM,u,1,1,1,1
APUCON-1365e10c3c2cd586b47af579,SUMINISTRO E INSTALACION DE HIDRANTE TIPO TRAFICO D=110 mm (INCLUYE ACCESORIOS),SUMINISTRO E INSTALACION DE HIDRANTE TIPO TRAFICO D 110 MM INCLUYE ACCESORIOS,u,1,1,1,1
APUCON-560810e023ba0a5974a51679,SUMINISTRO E INSTALACION DE TRAMO DE TUBERIA PVC/UE D = 110 mm 0.80 MPA (INCLUYE UNION ELASTOMERICA),SUMINISTRO E INSTALACION DE TRAMO DE TUBERIA PVC/UE D 110 MM 0.80 MPA INCLUYE UNION ELASTOMERICA,m,1,1,1,1
APUCON-3b273a16c8d4399c253c6ef4,SUMINISTRO E INSTALACION DE REDUCTOR PVC/UE 110 A 90 mm,SUMINISTRO E INSTALACION DE REDUCTOR PVC/UE 110 A 90 MM,u,1,1,1,1
APUCON-4c9bc6e236790cb99b831e60,SUMINISTRO E INSTALACION DE UNION MECANICA 90mm,SUMINISTRO E INSTALACION DE UNION MECANICA 90MM,u,1,1,1,1
APUCON-38fbf8b4006a0664a189e660,SUMINISTRO E INSTALACION DE VALVULA COMPUERTA VASTAGO FIJO EXTREMOS LISOS D=110 mm PN10 (INCLUYE CAJETIN),SUMINISTRO E INSTALACION DE VALVULA COMPUERTA VASTAGO FIJO EXTREMOS LISOS D 110 MM PN10 INCLUYE CAJETIN,u,1,1,1,1
APUCON-54e36e3ed45b3dae4629433c,"SUMINISTRO E INSTALACION DE TAPA DE HF 3""",SUMINISTRO E INSTALACION DE TAPA DE HF 3,u,1,1,1,1
APUCON-d1469334d5c55a84c1e24bb1,SUMINISTRO E INSTALACION DE CODO 45' PVC 110 mm UZ,SUMINISTRO E INSTALACION DE CODO 45' PVC 110 MM UZ,u,1,1,1,1
APUCON-1772b885f1d4a25cc19238e3,SUMINISTRO E INSTALACION DE TEE PVC/UE D = 90 mm,SUMINISTRO E INSTALACION DE TEE PVC/UE D 90 MM,u,1,1,1,1
APUCON-ce734993799fb2c5ea8ee140,SUMINISTRO E INSTALACION DE TEE PVC/UE D = 110 mm,SUMINISTRO E INSTALACION DE TEE PVC/UE D 110 MM,u,1,1,1,1
APUCON-106fcdd2bc7a03b8dbc32974,"HORMIGON PREMEZCLADO F´C=180 Kg/cm2, PARA BLOQUES DE ANCLAJES",HORMIGON PREMEZCLADO F C 180 KG/CM2 PARA BLOQUES DE ANCLAJES,m3,1,5,1,1
APUCON-1a2b8a718b9ae6c48c37de10,SUMINISTRO E INSTALACION DE CAJETIN DE HORMIGON PARA VALVULA,SUMINISTRO E INSTALACION DE CAJETIN DE HORMIGON PARA VALVULA,u,1,1,1,1
APUCON-9b849b80df2f1a9d0ffd1174,"SUMINISTRO E INSTALACION DE MEDIDOR 1/2"" R100 CHORRO UNICO - REGISTRO COBRE VIDRIO, INCLUYE CAJA DE POLIPROPILENO",SUMINISTRO E INSTALACION DE MEDIDOR 1/2 R100 CHORRO UNICO - REGISTRO COBRE VIDRIO INCLUYE CAJA DE POLIPROPILENO,u,1,1,1,1
APUCON-db070a5dcdd33dae025b729b,"SUMINISTRO E INSTALACION DE MEDIDOR 1"" R160 VOLUMETRICO - REGISTRO COBRE VIDRIO, INCLUYE CAJA DE POLIPROPILENO",SUMINISTRO E INSTALACION DE MEDIDOR 1 R160 VOLUMETRICO - REGISTRO COBRE VIDRIO INCLUYE CAJA DE POLIPROPILENO,u,1,1,1,1
APUCON-6ab9d56378bc1104061ba3bb,CAMA DE ARENA PARA PROTECCION DE TUBERIAS,CAMA DE ARENA PARA PROTECCION DE TUBERIAS,m3,1,2,1,1
APUCON-f2397cb6a49d1621d7fee089,SUMINISTRO E INSTALACION DE MATERIAL GRANULAR (INCLUYE TENDIDO CONFORMACION Y COMPACTACION),SUMINISTRO E INSTALACION DE MATERIAL GRANULAR INCLUYE TENDIDO CONFORMACION Y COMPACTACION,m3,1,2,1,1
APUCON-7ec82c6e9326a6722635356d,"SUMINISTRO E INSTALACION DE PIEDRA 3/4"" (INCLUYE TENDIDO CONFORMACION Y COMPACTACION)",SUMINISTRO E INSTALACION DE PIEDRA 3/4 INCLUYE TENDIDO CONFORMACION Y COMPACTACION,m3,1,2,1,1
APUCON-c35960014ef836056c62b5f7,PERFILADA DE ACERA,PERFILADA DE ACERA,m,1,1,1,1
APUCON-ad65572402f2496cedbbaa24,ROTURA Y DESALOJO DE ACERAS,ROTURA Y DESALOJO DE ACERAS,m2,1,1,1,1
APUCON-3df3ec712f67a9c1c73f1a6f,"REPOSICION DE ACERA F´C=210 Kg/cm2, E=10 cm",REPOSICION DE ACERA F C 210 KG/CM2 E 10 CM,m2,1,1,1,1
APUCON-c163b22b4987772b54807125,SUMINISTRO DE TUBERIA PVC LISA DI=50 mm,SUMINISTRO DE TUBERIA PVC LISA DI 50 MM,m,1,3,1,1
APUCON-5285da4e2fc45ed9f8047422,INSTALACION DE TUBERIA PVC LISA DI=50 mm,INSTALACION DE TUBERIA PVC LISA DI 50 MM,m,1,3,1,1
APUCON-a3f52438d03212d31429251c,SUMINISTRO DE TUBERIA PVC LISA DI=110 mm,SUMINISTRO DE TUBERIA PVC LISA DI 110 MM,m,1,2,1,1
APUCON-d58b9a2262b6d24a76c67c89,INSTALACION DE TUBERIA PVC LISA DI=110 mm,INSTALACION DE TUBERIA PVC LISA DI 110 MM,m,1,2,1,1
APUCON-a09b629238f80c719a133c6b,SUMINISTRO DE TUBERIA PVC ESTRUCTURADA DI=160 mm (DN175) NORMA NTE INEN 2059,SUMINISTRO DE TUBERIA PVC ESTRUCTURADA DI 160 MM DN175 NORMA NTE INEN 2059,m,1,3,1,1
APUCON-0913926190c80354e5ae990b,INSTALACION DE TUBERIA PVC ESTRUCTURADA DI=160 mm (DN175) NORMA NTE INEN 2059,INSTALACION DE TUBERIA PVC ESTRUCTURADA DI 160 MM DN175 NORMA NTE INEN 2059,m,1,3,1,1
APUCON-dbd2524b4249f47825c4e939,SUMINISTRO DE TUBERIA PVC ESTRUCTURADA DI = 200 mm (DN220) NORMA NTE INEN 2059,SUMINISTRO DE TUBERIA PVC ESTRUCTURADA DI 200 MM DN220 NORMA NTE INEN 2059,m,1,2,1,1
APUCON-e14fc1adac7824639dd23f12,INSTALACION DE TUBERIA PVC ESTRUCTURADA DI = 200 mm (DN220) NORMA NTE INEN 2059,INSTALACION DE TUBERIA PVC ESTRUCTURADA DI 200 MM DN220 NORMA NTE INEN 2059,m,1,2,1,1
APUCON-b39cfad4a2a4ebbe3f84a770,PRUEBA DE ESTANQUEIDAD Y ESCURRIMIENTO,PRUEBA DE ESTANQUEIDAD Y ESCURRIMIENTO,m,1,2,1,1
APUCON-3e3fe58b614dbec61642060c,COLGADOR PARA TUBERIA 4 IN,COLGADOR PARA TUBERIA 4 IN,u,1,3,1,1
APUCON-0cde1913b528460502c71f78,COLGADOR PARA TUBERIA 6 IN,COLGADOR PARA TUBERIA 6 IN,u,1,1,1,1
APUCON-1bc01507c9892533106d43ba,SUMINISTRO E INSTALACION DE CAJA DOMICILIARIA ALINEADA D=175mm (INCLUYE TAPA),SUMINISTRO E INSTALACION DE CAJA DOMICILIARIA ALINEADA D 175MM INCLUYE TAPA,u,1,1,1,1
APUCON-9462bfec634b01abf978cfea,SUMINISTRO E INSTALACION DE CAJA DOMICILIARIA CIEGA D=175mm (INCLUYE TAPA),SUMINISTRO E INSTALACION DE CAJA DOMICILIARIA CIEGA D 175MM INCLUYE TAPA,u,1,1,1,1
APUCON-383626c2505642e6df7dc950,"SUMINISTRO E INSTALACION DE CAJA DOMICILIARIA DE H.A. ESQUINA, H<2.50m (INCLUYE TAPA)",SUMINISTRO E INSTALACION DE CAJA DOMICILIARIA DE H.A. ESQUINA H 2.50M INCLUYE TAPA,u,1,1,1,1
APUCON-4528204bd459af8f737d3f65,SUMINISTRO E INSTALACION DE CAJA DOMICILIARIA RED INTERNA MALECON D=175mm (INCLUYE TAPA) H=0.6m 0.7x0.7x0.6m,SUMINISTRO E INSTALACION DE CAJA DOMICILIARIA RED INTERNA MALECON D 175MM INCLUYE TAPA H 0.6M 0.7X0.7X0.6M,u,1,1,1,1
APUCON-fd7ffb91bd6cbfd39eadfc7a,SUMINISTRO E INSTALACION DE YEE DESAGUE EC 110mm,SUMINISTRO E INSTALACION DE YEE DESAGUE EC 110MM,u,1,1,1,1
APUCON-67ae838aec082ae9060f2566,SUMINISTRO E INSTALACION DE CODO DESAGUE EC 110mmX45',SUMINISTRO E INSTALACION DE CODO DESAGUE EC 110MMX45',u,1,2,1,1
APUCON-6faf72af9166bdebc7fc3228,SUMINISTRO E INSTALACION DE YEE REDUCTORA DE DESAGUE DE 110 A 50mm,SUMINISTRO E INSTALACION DE YEE REDUCTORA DE DESAGUE DE 110 A 50MM,u,1,2,1,1
APUCON-fe6ca088e0327be13ab2e111,SUMINISTRO E INSTALACION DE CODO DESAGUE EC 110mmX90',SUMINISTRO E INSTALACION DE CODO DESAGUE EC 110MMX90',u,1,1,1,1
APUCON-66d4d08bc6bf827e64f4f709,SUMINISTRO E INSTALACION DE TEE DESAGUE EC D=110mm,SUMINISTRO E INSTALACION DE TEE DESAGUE EC D 110MM,u,1,1,1,1
APUCON-68f2560e2a3eb036aeb8cc03,SUMINISTRO E INSTALACION DE REDUCTOR DESAGUE EC 110 A 50mm,SUMINISTRO E INSTALACION DE REDUCTOR DESAGUE EC 110 A 50MM,u,1,1,1,1
APUCON-efc1b3a0c5b96cfb24cfa3b5,SUMINISTRO E INSTALACION DE YEE DESAGUE EC 50mm,SUMINISTRO E INSTALACION DE YEE DESAGUE EC 50MM,u,1,1,1,1
APUCON-2e256b662afa9619f642ad05,SUMINISTRO E INSTALACION DE CODO DESAGUE EC 50mmX45',SUMINISTRO E INSTALACION DE CODO DESAGUE EC 50MMX45',u,1,1,1,1
APUCON-9cb32f6f0d91e0fdbc91c421,SUMINISTRO E INSTALACION DE CODO DESAGUE EC 50mmX90',SUMINISTRO E INSTALACION DE CODO DESAGUE EC 50MMX90',u,1,2,1,1
APUCON-10faa7367366199bfbc0dee6,SUMINISTRO E INSTALACION DE SIFON DESAGUE EC 110mm,SUMINISTRO E INSTALACION DE SIFON DESAGUE EC 110MM,u,1,1,1,1
APUCON-c59bbafd193a4c7009e937d5,"SUMINISTRO E INSTALACION DE REJILLA CROMADA DE 2"" PARA PISO",SUMINISTRO E INSTALACION DE REJILLA CROMADA DE 2 PARA PISO,u,1,1,1,1
APUCON-4f9856809486e91e608896ab,LAVAPLATOS DE DOS POZOS PROFUNDOS (INCLUYE ACCESORIOS),LAVAPLATOS DE DOS POZOS PROFUNDOS INCLUYE ACCESORIOS,u,1,1,1,1
APUCON-7b637b072bd451f818b5eb63,LAVAMANOS DE EMPOTRAR CON GRIFERIA PRESSMATIC (INCLUYE ACCESORIOS),LAVAMANOS DE EMPOTRAR CON GRIFERIA PRESSMATIC INCLUYE ACCESORIOS,u,1,2,1,1
APUCON-b5a2338a29a9354be844b823,"CAJA DE REGISTRO PARA AA.SS. EDIFICACIONES DE H.A., F´C= 210 Kg/cm2; H<1.00m (0.60x0.60)m",CAJA DE REGISTRO PARA AA.SS. EDIFICACIONES DE H.A. F C 210 KG/CM2 H 1.00M 0.60X0.60 M,u,1,1,1,1
APUCON-6d66e705814fe068a368b5e4,SUMINISTRO E INSTALACION DE CODO VENTILACION EC 50mmX90',SUMINISTRO E INSTALACION DE CODO VENTILACION EC 50MMX90',u,1,1,1,1
APUCON-09fd4b3b8e65f6c6085b181c,SUMINISTRO E INSTALACION DE YEE REDUCTORA VENTILACION 110 A 50mm,SUMINISTRO E INSTALACION DE YEE REDUCTORA VENTILACION 110 A 50MM,u,1,1,1,1
APUCON-07436f12062611119646ebf8,SUMINISTRO E INSTALACION DE TEE VENTILACION EC D=50mm,SUMINISTRO E INSTALACION DE TEE VENTILACION EC D 50MM,u,1,1,1,1
APUCON-ec95f51f37e7350df5adf4dd,SUMINISTRO E INSTALACION DE CODO VENTILACION EC 50mmX45',SUMINISTRO E INSTALACION DE CODO VENTILACION EC 50MMX45',u,1,1,1,1
APUCON-6ffd8bfd8b4783e34d000506,SUMINISTRO DE TUBERIA DE VENTILACION PVC EC DI=50mm,SUMINISTRO DE TUBERIA DE VENTILACION PVC EC DI 50MM,m,1,2,1,1
APUCON-4ef066370763fc457245802a,INSTALACION DE TUBERIA DE VENTILACION PVC EC DI=50mm,INSTALACION DE TUBERIA DE VENTILACION PVC EC DI 50MM,m,1,2,1,1
APUCON-73f0e99a16978c5df411a0eb,RELLENO COMPACTADO CON COMPACTADOR MANUAL DE MATERIAL IMPORTADO (INCLUYE TRANSPORTE),RELLENO COMPACTADO CON COMPACTADOR MANUAL DE MATERIAL IMPORTADO INCLUYE TRANSPORTE,m3,1,13,1,1
APUCON-efdd5aee92e1b62e0b44ccd1,SUMINISTRO E INSTALACION DE CAMARA DE INSPECCION TIPO II DE HORMIGON ARMADO,SUMINISTRO E INSTALACION DE CAMARA DE INSPECCION TIPO II DE HORMIGON ARMADO,u,1,2,1,1
APUCON-5361cc4ffe105f20543267ec,SUMINISTRO E INSTALACION DE TAPA DE HD (D600) - INEN NTE 2496,SUMINISTRO E INSTALACION DE TAPA DE HD D600 - INEN NTE 2496,u,1,2,1,1
APUCON-49aff83a215624e94e66aaf2,SUMINISTRO DE TUBERIA PVC ESTRUCTURADA DI=250 mm (DN275) NORMA NTE INEN 2059,SUMINISTRO DE TUBERIA PVC ESTRUCTURADA DI 250 MM DN275 NORMA NTE INEN 2059,m,1,2,1,1
APUCON-ecab1584b6a236b6d9db601e,INSTALACION DE TUBERIA PVC ESTRUCTURADA DI=250 mm (DN275) NORMA NTE INEN 2059,INSTALACION DE TUBERIA PVC ESTRUCTURADA DI 250 MM DN275 NORMA NTE INEN 2059,m,1,2,1,1
APUCON-de5b96436a04af9941c6e5a0,SUMINISTRO DE TUBERIA PVC ESTRUCTURADA DI= 500mm (DN540) NORMA NTE INEN 2059,SUMINISTRO DE TUBERIA PVC ESTRUCTURADA DI 500MM DN540 NORMA NTE INEN 2059,m,1,1,1,1
APUCON-ec714ab588af55e9cd0980de,INSTALACION DE TUBERIA PVC ESTRUCTURADA DI= 500mm (DN540) NORMA NTE INEN 2059,INSTALACION DE TUBERIA PVC ESTRUCTURADA DI 500MM DN540 NORMA NTE INEN 2059,m,1,1,1,1
APUCON-bee02e82ee988e213b58c32b,SUMINISTRO DE TUBERIA PVC ESTRUCTURADA DI= 600 mm (DN650) NORMA NTE INEN 2059,SUMINISTRO DE TUBERIA PVC ESTRUCTURADA DI 600 MM DN650 NORMA NTE INEN 2059,m,1,1,1,1
APUCON-43b4f90cd3533a09a60e0a2b,INSTALACION DE TUBERIA PVC ESTRUCTURADA DI= 600 mm (DN650) NORMA NTE INEN 2059,INSTALACION DE TUBERIA PVC ESTRUCTURADA DI 600 MM DN650 NORMA NTE INEN 2059,m,1,1,1,1
APUCON-6c80be91d6b2514a740b0bba,SUMINISTRO DE TUBERIA PVC ESTRUCTURADA DI= 700 mm (DN740) NORMA NTE INEN 2059,SUMINISTRO DE TUBERIA PVC ESTRUCTURADA DI 700 MM DN740 NORMA NTE INEN 2059,m,1,1,1,1
APUCON-ebeeb26a48fd548f7de617af,INSTALACION DE TUBERIA PVC ESTRUCTURADA DI = 700 mm (DN740) NORMA NTE INEN 2059,INSTALACION DE TUBERIA PVC ESTRUCTURADA DI 700 MM DN740 NORMA NTE INEN 2059,m,1,1,1,1
APUCON-0cbcdc18c2f1c4b1bd08d810,EXCAVACION A MANO,EXCAVACION A MANO,m3,1,9,1,1
APUCON-6503199922f1f06592efcf97,SUMINISTRO E INSTALACION DE REJILLA DE HD TIPO II 0.70x0.60m,SUMINISTRO E INSTALACION DE REJILLA DE HD TIPO II 0.70X0.60M,u,1,1,1,1
APUCON-c3b011505a0ea740a256bbcc,HORMIGON PREMEZCLADO F´C=280 Kg/cm2 CON IMPERMEABILIZANTE (INCLUYE ENCOFRADO),HORMIGON PREMEZCLADO F C 280 KG/CM2 CON IMPERMEABILIZANTE INCLUYE ENCOFRADO,m3,1,2,1,1
APUCON-6c3262d614b513e144e2eb0d,SUMINISTRO E INSTALACION DE VALVULA DE CLAPETA DE DESCARGA D=600mm (INCLUYE ACCESORIOS),SUMINISTRO E INSTALACION DE VALVULA DE CLAPETA DE DESCARGA D 600MM INCLUYE ACCESORIOS,u,1,1,1,1
APUCON-9ba01c48cb4f95ca0f1de0d3,SUMINISTRO E INSTALACION DE VALVULA DE CLAPETA DE DESCARGA D=700mm (INCLUYE ACCESORIOS),SUMINISTRO E INSTALACION DE VALVULA DE CLAPETA DE DESCARGA D 700MM INCLUYE ACCESORIOS,u,1,1,1,1
APUCON-555158d595d0dfdfe877df40,SUMINISTRO E INSTALACION DE VALVULA DE CLAPETA DE DESCARGA D=1200mm (INCLUYE ACCESORIOS),SUMINISTRO E INSTALACION DE VALVULA DE CLAPETA DE DESCARGA D 1200MM INCLUYE ACCESORIOS,u,1,1,1,1
APUCON-ab62087fb377468766550132,SUMINISTRO E INSTALACION DE REJILLA DE HD TIPO I 0.70x0.40m,SUMINISTRO E INSTALACION DE REJILLA DE HD TIPO I 0.70X0.40M,u,1,1,1,1
APUCON-5721d6d13bbe8870067d9f9c,SUMINISTRO E INSTALACION DE PERFIL ESTRUCTURAL L 50X3,SUMINISTRO E INSTALACION DE PERFIL ESTRUCTURAL L 50X3,m,1,1,1,1
APUCON-35d4c1ef5b8ceff5128d2e06,SUMINISTRO E INSTALACION DE EXTINTOR TIPO A,SUMINISTRO E INSTALACION DE EXTINTOR TIPO A,u,1,1,1,1
APUCON-ddf9a21faff175210d64947e,SUMINISTRO E INSTALACIÓN DE LETRERO PROHIBIDO FUMAR,SUMINISTRO E INSTALACION DE LETRERO PROHIBIDO FUMAR,u,1,1,1,1
APUCON-fe130c040b512e497e6aa40c,SUMINISTRO E INSTALACION DE ALARMA CONTRAINCENDIO,SUMINISTRO E INSTALACION DE ALARMA CONTRAINCENDIO,u,1,1,1,1
APUCON-0852a56089b065fdfdb3d549,SUMINISTRO E INSTALACION DE LETRERO PROHIBIDO HACER FUEGO,SUMINISTRO E INSTALACION DE LETRERO PROHIBIDO HACER FUEGO,u,1,1,1,1
APUCON-21cd25e6912a8ce570331f3c,SUMINISTRO E INSTALACION DE DETECTOR DE HUMO,SUMINISTRO E INSTALACION DE DETECTOR DE HUMO,u,1,1,1,1
APUCON-538fdc079d9c31f32c4a2755,SUMINISTRO E INSTALACION DE LETRERO SALIDA ESCALERA DERECHA ABAJO,SUMINISTRO E INSTALACION DE LETRERO SALIDA ESCALERA DERECHA ABAJO,u,1,1,1,1
APUCON-c5a356189346df3de9cb94c2,SUMINISTRO E INSTALACION DE BOTIQUIN DE PRIMEROS AUXILIOS,SUMINISTRO E INSTALACION DE BOTIQUIN DE PRIMEROS AUXILIOS,u,1,1,1,1
APUCON-e8758a088e934159d2839fb8,SUMINISTRO E INSTALACION DE LETRERO PUNTO DE ENCUENTRO,SUMINISTRO E INSTALACION DE LETRERO PUNTO DE ENCUENTRO,u,1,1,1,1
APUCON-26a2612900588a6a0ee344a4,SUMINISTRO E INSTALACION DE LETRERO SALIDA,SUMINISTRO E INSTALACION DE LETRERO SALIDA,u,1,1,1,1
APUCON-5532a718c2dd944b2ba25c4f,SUMINISTRO E INSTALACION DE LUZ DE EMERGENCIA,SUMINISTRO E INSTALACION DE LUZ DE EMERGENCIA,u,1,1,1,1
APUCON-aeb4c4cde12d190ec5958a2b,SUMINISTRO E INSTALACION DE EXTINTOR TIPO K,SUMINISTRO E INSTALACION DE EXTINTOR TIPO K,u,1,1,1,1
APUCON-d17752ee683fc13dd01e640c,SUMINISTRO E INSTALACION DE TUBERIA ACERO ASTM A36 D=40mm,SUMINISTRO E INSTALACION DE TUBERIA ACERO ASTM A36 D 40MM,m,1,1,1,1
APUCON-86c9c4aa617b75dfa4de89d0,SUMINISTRO E INSTALACION DE CODO ACERO ASTM A36 D = 40mmX90',SUMINISTRO E INSTALACION DE CODO ACERO ASTM A36 D 40MMX90',u,1,1,1,1
APUCON-01bbf1727d6e9e04f00c6bb5,SUMINISTRO E INSTALACION DE BRIDA DE ACERO AL CARBONO ASTM A-105 DN 40mm,SUMINISTRO E INSTALACION DE BRIDA DE ACERO AL CARBONO ASTM A-105 DN 40MM,u,1,5,1,1
APUCON-89333569c129a862f79373c9,"SUMINISTRO E INSTALACION DE BOMBA CENTRIFUGA TDH=37.1m, Q=8.61 L/S (INCLUYE ACCESORIOS)",SUMINISTRO E INSTALACION DE BOMBA CENTRIFUGA TDH 37.1M Q 8.61 L/S INCLUYE ACCESORIOS,u,1,1,1,1
APUCON-e9259f705a8e34b9082a491a,SUMINISTRO E INSTALACION DE REDUCTOR ACERO ASTM A36 50 A 40mm,SUMINISTRO E INSTALACION DE REDUCTOR ACERO ASTM A36 50 A 40MM,u,1,3,1,1
APUCON-4c76fd84e168e5cc409e5562,SUMINISTRO E INSTALACION DE BRIDA DE ACERO AL CARBONO ASTM A-105 DN 50mm,SUMINISTRO E INSTALACION DE BRIDA DE ACERO AL CARBONO ASTM A-105 DN 50MM,u,1,8,1,1
APUCON-13f8de3d257b717bbad205e7,SUMINISTRO E INSTALACION DE VALVULA COMPUERTA VASTAGO FIJO EXTREMOS BRIDADOS D=80mm PN10/16,SUMINISTRO E INSTALACION DE VALVULA COMPUERTA VASTAGO FIJO EXTREMOS BRIDADOS D 80MM PN10/16,u,1,1,1,1
APUCON-c561a0f27807506246972fec,SUMINISTRO E INSTALACION DE VALVULA CHECK BRIDADA DE H.D. TIPO SWING D=80mm PN10/16,SUMINISTRO E INSTALACION DE VALVULA CHECK BRIDADA DE H.D. TIPO SWING D 80MM PN10/16,u,1,1,1,1
APUCON-71d17d12772887e0b4fab837,SUMINISTRO E INSTALACION DE BRIDA DE ACERO AL CARBONO ASTM A-105 DN 80mm,SUMINISTRO E INSTALACION DE BRIDA DE ACERO AL CARBONO ASTM A-105 DN 80MM,u,1,2,1,1
APUCON-c9c1f7692f2bf23d1805c121,SUMINISTRO E INSTALACION DE UNION UNIVERSAL DE HD DN80mm PN24,SUMINISTRO E INSTALACION DE UNION UNIVERSAL DE HD DN80MM PN24,u,1,1,1,1
APUCON-f8149ffba8c324c6d40db576,"SUMINISTRO E INSTALACION DE VALVULA DE AIRE 3"" TRIPLE ACCION (INCLUYE ACCESORIOS)",SUMINISTRO E INSTALACION DE VALVULA DE AIRE 3 TRIPLE ACCION INCLUYE ACCESORIOS,u,1,1,1,1
APUCON-9edddf054712d4df63d17b35,SUMINISTRO DE TUBERIA PVC LISA DI=75 mm (DESAGUE CISTERNA),SUMINISTRO DE TUBERIA PVC LISA DI 75 MM DESAGUE CISTERNA,m,1,1,1,1
APUCON-5065bebea5b45ae3da72135a,INSTALACION DE TUBERIA PVC LISA DI=75 mm (DESAGUE CISTERNA),INSTALACION DE TUBERIA PVC LISA DI 75 MM DESAGUE CISTERNA,m,1,1,1,1
APUCON-b8d3252c886ca4b8d00cc824,ESCALERA DE ACERO INOXIDABLE,ESCALERA DE ACERO INOXIDABLE,m,1,3,1,1
APUCON-3c7508d99dc39a9dc13a08a7,FLOTADOR DE NIVEL CISTERNA,FLOTADOR DE NIVEL CISTERNA,u,1,1,1,1
APUCON-4b8c3f807d35d2f9fd9b05a9,"SUMINISTRO E INSTALACION DE PASAMURO PARA TUBERIA DE H.F. 75mm, L=0.40m",SUMINISTRO E INSTALACION DE PASAMURO PARA TUBERIA DE H.F. 75MM L 0.40M,u,1,1,1,1
APUCON-3e2475866f3914780268e427,"SUMINISTRO E INSTALACION DE VALVULA CHECK CON CANASTILLA DE BRONCE 2 1/2""",SUMINISTRO E INSTALACION DE VALVULA CHECK CON CANASTILLA DE BRONCE 2 1/2,u,1,1,1,1
APUCON-2a3d7b0648e51fcf22a6de63,SUMINISTRO E INSTALACION DE BRIDA DE ACERO AL CARBONO ASTM A-105 DN 65mm,SUMINISTRO E INSTALACION DE BRIDA DE ACERO AL CARBONO ASTM A-105 DN 65MM,u,1,3,1,1
APUCON-cd1100a520ea2a8cfb19d6be,SUMINISTRO E INSTALACION DE TUBERIA ACERO ASTM A36 D=65 mm,SUMINISTRO E INSTALACION DE TUBERIA ACERO ASTM A36 D 65 MM,m,1,1,1,1
APUCON-b4a82813afda6bf07f4e82b2,SUMINISTRO E INSTALACION DE CODO ACERO ASTM A36 D= 65mmX90',SUMINISTRO E INSTALACION DE CODO ACERO ASTM A36 D 65MMX90',u,1,1,1,1
APUCON-6b861a237a2a882dad94de20,"SUMINISTRO E INSTALACION DE BOMBA CENTRIFUGA TDH=21.5m, Q=4.58 L/S (INCLUYE ACCESORIOS)",SUMINISTRO E INSTALACION DE BOMBA CENTRIFUGA TDH 21.5M Q 4.58 L/S INCLUYE ACCESORIOS,u,1,1,1,1
APUCON-b38f600dbcc478f8b2109a09,SUMINISTRO E INSTALACION DE REDUCTOR ACERO ASTM A36 65 A 50mm,SUMINISTRO E INSTALACION DE REDUCTOR ACERO ASTM A36 65 A 50MM,u,1,1,1,1
APUCON-05499195d3a3981178df4bb0,SUMINISTRO E INSTALACION DE VALVULA COMPUERTA VASTAGO FIJO EXTREMOS BRIDADOS D=50mm PN10/16,SUMINISTRO E INSTALACION DE VALVULA COMPUERTA VASTAGO FIJO EXTREMOS BRIDADOS D 50MM PN10/16,u,1,1,1,1
APUCON-0a0cdbc2fe6db739256606ba,SUMINISTRO E INSTALACION DE VALVULA CHECK BRIDADA DE H.D. TIPO SWING D=50mm PN10/16,SUMINISTRO E INSTALACION DE VALVULA CHECK BRIDADA DE H.D. TIPO SWING D 50MM PN10/16,u,1,1,1,1
APUCON-80fda8b45afcad80c45c54df,SUMINISTRO E INSTALACION DE UNION UNIVERSAL DE HD DN50mm PN24,SUMINISTRO E INSTALACION DE UNION UNIVERSAL DE HD DN50MM PN24,u,1,1,1,1
APUCON-f1b5ecdf2a10ff30ca6eef70,"SUMINISTRO E INSTALACION DE VALVULA DE AIRE 2"" TRIPLE ACCION (INCLUYE ACCESORIOS)",SUMINISTRO E INSTALACION DE VALVULA DE AIRE 2 TRIPLE ACCION INCLUYE ACCESORIOS,u,1,1,1,1
APUCON-13fac6d65dadcc16196e4c60,SUMINISTRO E INSTALACION DE UNION MECANICA 50mm,SUMINISTRO E INSTALACION DE UNION MECANICA 50MM,u,1,1,1,1
APUCON-11f76c8173e3f6d1e616b554,"SUMINISTRO E INSTALACION DE PASAMURO PARA TUBERIA DE H.F. 50mm, L=0.40m",SUMINISTRO E INSTALACION DE PASAMURO PARA TUBERIA DE H.F. 50MM L 0.40M,u,1,1,1,1
APUCON-d95044dfe6da376197d440e7,SUMINISTRO E INSTALACION DE CODO ACERO ASTM A36 D= 50mmX90',SUMINISTRO E INSTALACION DE CODO ACERO ASTM A36 D 50MMX90',u,1,1,1,1
APUCON-52ef314a9b79520f7308bfa0,SUMINISTRO E INSTALACION DE BOMBA CENTRIFUGA 5 HP,SUMINISTRO E INSTALACION DE BOMBA CENTRIFUGA 5 HP,u,1,1,1,1
APUCON-dc21e92a5c42057318ed1374,SUMINISTRO E INSTALACION DE REDUCTOR PVC EC 40 A 25mm,SUMINISTRO E INSTALACION DE REDUCTOR PVC EC 40 A 25MM,u,1,1,1,1
APUCON-69fa2527db93ec8ec7584025,SUMINISTRO E INSTALACION DE REDUCTOR PVC EC 50 A 40mm,SUMINISTRO E INSTALACION DE REDUCTOR PVC EC 50 A 40MM,u,1,1,1,1
APUCON-beaddc1fe5692589c76072f2,"SUMINISTRO E INSTALACION DE VALVULA DE AIRE 1"" TRIPLE ACCION (INCLUYE ACCESORIOS)",SUMINISTRO E INSTALACION DE VALVULA DE AIRE 1 TRIPLE ACCION INCLUYE ACCESORIOS,u,1,1,1,1
APUCON-a6ac924426ec8f06e7351180,"SUMINISTRO E INSTALACION DE PASAMURO PARA TUBERIA DE H.F. 25mm, L=0.30m",SUMINISTRO E INSTALACION DE PASAMURO PARA TUBERIA DE H.F. 25MM L 0.30M,u,1,1,1,1
APUCON-e406060a189a798d4ea7169b,"SUMINISTRO E INSTALACION DE VALVULA DE CORTE 1"" (INCLUYE ACCESORIOS)",SUMINISTRO E INSTALACION DE VALVULA DE CORTE 1 INCLUYE ACCESORIOS,u,1,1,1,1
APUCON-e4e5fd2c0352e7c44b10277a,"SUMINISTRO E INSTALACION DE VALVULA CHECK ROSCADA PVC D=1 1/2""",SUMINISTRO E INSTALACION DE VALVULA CHECK ROSCADA PVC D 1 1/2,u,1,1,1,1
APUCON-6d79b30dff2ef174368cf408,"SUMINISTRO E INSTALACION DE VALVULA DE CORTE 1 1/2"" (INCLUYE ACCESORIOS)",SUMINISTRO E INSTALACION DE VALVULA DE CORTE 1 1/2 INCLUYE ACCESORIOS,u,1,1,1,1
APUCON-334ce13eb70119d61c852273,TAPA DRENAJE DE FONDO,TAPA DRENAJE DE FONDO,u,1,1,1,1
APUCON-b053d56ca99863c7e95bca7f,BOQUILLA TIPO DIRECTA,BOQUILLA TIPO DIRECTA,u,1,1,1,1
APUCON-477bf9883fa935be1863c54b,"FILTRO 24""",FILTRO 24,u,1,2,1,1
APUCON-8f3eb38a8590a6454a3a18ff,MASILLADO Y ALISADO DE PISOS CON IMPERMEABILIZANTE,MASILLADO Y ALISADO DE PISOS CON IMPERMEABILIZANTE,m2,1,2,1,1
APUCON-7636d9a240b253f97d017e30,SUMINISTRO E INSTALACION DE PIEDRA NATURAL TRITURADA,SUMINISTRO E INSTALACION DE PIEDRA NATURAL TRITURADA,m2,1,1,1,1
APUCON-2b6ee8bb109a62523ea8153f,PINTURA PARA PISCINA (INCLUYE EMPASTE),PINTURA PARA PISCINA INCLUYE EMPASTE,m2,1,2,1,1
APUCON-381df63825a2f9ffcff09b6d,SUMINISTRO E INSTALACION DE BOMBA CENTRIFUGA 1 HP,SUMINISTRO E INSTALACION DE BOMBA CENTRIFUGA 1 HP,u,1,1,1,1
APUCON-5ad93d54a031f35325f9e70e,"SUMINISTRO E INSTALACION DE VALVULA CHECK ROSCADA PVC D=3/4""",SUMINISTRO E INSTALACION DE VALVULA CHECK ROSCADA PVC D 3/4,u,1,1,1,1
APUCON-8dd3fe55c80a21ab107cd04b,"SUMINISTRO E INSTALACION DE LLAVE DE JARDIN 1/2""",SUMINISTRO E INSTALACION DE LLAVE DE JARDIN 1/2,u,1,2,1,1
APUCON-22f3372a4967d601866b5851,SUMINISTRO E INSTALACION DE REDUCTOR DE 1 1/2 A 3/4 IN PP ROSCABLE,SUMINISTRO E INSTALACION DE REDUCTOR DE 1 1/2 A 3/4 IN PP ROSCABLE,u,1,1,1,1
APUCON-f9371160e90f849d0ee6b6c9,MANGUERA LIMPIADORA 12m,MANGUERA LIMPIADORA 12M,u,1,1,1,1
APUCON-82256219b176316b12fdf9d4,ASPIRADORA RUEDA MANGO ALUMINIO,ASPIRADORA RUEDA MANGO ALUMINIO,u,1,1,1,1
APUCON-7c075adfd5f388725720aead,CEPILLO #18,CEPILLO 18,u,1,1,1,1
APUCON-852f0035a0b9954ea0b293b3,CERNIDERA DE HOJAS FILO BLANCO,CERNIDERA DE HOJAS FILO BLANCO,u,1,1,1,1
APUCON-898978c5ae52ba3753693ee5,MANGO TELESCOPICO,MANGO TELESCOPICO,u,1,1,1,1
APUCON-b9433f6e34d3debd7bcccc50,"SUMINISTRO E INSTALACION DE ABRAZADERA GALVANIZADA DE 3/4""",SUMINISTRO E INSTALACION DE ABRAZADERA GALVANIZADA DE 3/4,u,1,1,1,1
APUCON-af1947d385687e3b27882aa3,REPLANTEO Y TRAZADO PARA ESTRUCTURA CIVIL,REPLANTEO Y TRAZADO PARA ESTRUCTURA CIVIL,m2,1,1,1,1
APUCON-463532f3cdb84627c0853b2c,HIDROSUCCIONADOR 12m3 (HORA),HIDROSUCCIONADOR 12M3 HORA,u,1,1,1,1
APUCON-aa43ff16c55438a30306fa8f,DEMOLICION DE HORMIGON ARMADO (INCLUYE DESALOJO),DEMOLICION DE HORMIGON ARMADO INCLUYE DESALOJO,m3,1,1,1,1
APUCON-58138458ecd9715e08d0605c,TECLE ELECTRICO DE 3 Tn 15m DE LEVANTE (INCLUYE TROLLEY Y RIELES),TECLE ELECTRICO DE 3 TN 15M DE LEVANTE INCLUYE TROLLEY Y RIELES,u,1,1,1,1
APUCON-b1d1f8d3423ac4dc49103549,"SUMINISTRO E INSTALACION DE BOMBA SUMERGIBLE Q=35.33 L/S, TDH=11.33m",SUMINISTRO E INSTALACION DE BOMBA SUMERGIBLE Q 35.33 L/S TDH 11.33M,u,1,1,1,1
APUCON-c26b4bfcac99b0cc9016770c,SUMINISTRO E INSTALACION DE VALVULA COMPUERTA TIPO GUILLOTINA D=200mm,SUMINISTRO E INSTALACION DE VALVULA COMPUERTA TIPO GUILLOTINA D 200MM,u,1,1,1,1
APUCON-b19671b077ca9138a4c59e99,"SUMINISTRO E INSTALACION DE CANASTILLA DE DESBASTE, SEPARACION 1 plg",SUMINISTRO E INSTALACION DE CANASTILLA DE DESBASTE SEPARACION 1 PLG,u,1,1,1,1
APUCON-16d8b7012f6f0194acad547b,SUMINISTRO E INSTALACION DE CADENA GALVANIZADA 8mm,SUMINISTRO E INSTALACION DE CADENA GALVANIZADA 8MM,m,1,1,1,1
APUCON-44004674f5ad018d755ebc97,SUMINISTRO E INSTALACION DE VALVULA CHECK BRIDADA DE H.D. TIPO SWING D=150mm PN10/16,SUMINISTRO E INSTALACION DE VALVULA CHECK BRIDADA DE H.D. TIPO SWING D 150MM PN10/16,u,1,1,1,1
APUCON-753df503ee9dd5a79c21bf7a,SUMINISTRO E INSTALACION DE VALVULA COMPUERTA VASTAGO FIJO EXTREMOS BRIDADOS D=150mm PN10/16,SUMINISTRO E INSTALACION DE VALVULA COMPUERTA VASTAGO FIJO EXTREMOS BRIDADOS D 150MM PN10/16,u,1,1,1,1
APUCON-4236ae03886881c555bbe39c,SUMINISTRO E INSTALACION DE JUNTA DE DESMONTAJE 150mm,SUMINISTRO E INSTALACION DE JUNTA DE DESMONTAJE 150MM,u,1,1,1,1
APUCON-8aa9e768dca99f05f6ce5133,SUMINISTRO E INSTALACION DE BRIDA DE ACERO AL CARBONO ASTM A-105 DN 150mm,SUMINISTRO E INSTALACION DE BRIDA DE ACERO AL CARBONO ASTM A-105 DN 150MM,u,1,1,1,1
APUCON-56922edc7882648267519ca4,SUMINISTRO E INSTALACION DE TUBERIA ACERO ASTM A36 D=150 mm,SUMINISTRO E INSTALACION DE TUBERIA ACERO ASTM A36 D 150 MM,m,1,1,1,1
APUCON-4423be2932c09b6603e39e5a,SUMINISTRO E INSTALACION DE CODO ACERO ASTM A36 D= 150mmX90',SUMINISTRO E INSTALACION DE CODO ACERO ASTM A36 D 150MMX90',u,1,1,1,1
APUCON-e62980ada73783a49a42a3da,COLGADOR PARA TUBERIA 8 IN,COLGADOR PARA TUBERIA 8 IN,u,1,1,1,1
APUCON-8f23ae89e7de711853579172,SUMINISTRO E INSTALACION DE TUBERIA ACERO PERFORADA ASTM A36 D=150 mm,SUMINISTRO E INSTALACION DE TUBERIA ACERO PERFORADA ASTM A36 D 150 MM,m,1,1,1,1
APUCON-39077a68437bbf4d3583cc4b,"SUMINISTRO E INSTALACION DE PASAMURO PARA TUBERIA DE H.F. 150mm, L=0.40m",SUMINISTRO E INSTALACION DE PASAMURO PARA TUBERIA DE H.F. 150MM L 0.40M,u,1,2,1,1
APUCON-d6734dd47344d9740298b653,"SUMINISTRO E INSTALACION DE ABRAZADERA GALVANIZADA DE 4""",SUMINISTRO E INSTALACION DE ABRAZADERA GALVANIZADA DE 4,u,1,1,1,1
APUCON-a7f924b80135a7c171d25ee7,SUMINISTRO DE TUBERIA DE VENTILACION PVC EC DI=110 mm,SUMINISTRO DE TUBERIA DE VENTILACION PVC EC DI 110 MM,m,1,1,1,1
APUCON-19dce76cfef10019b0c48395,INSTALACION DE TUBERIA DE VENTILACION PVC EC DI=110 mm,INSTALACION DE TUBERIA DE VENTILACION PVC EC DI 110 MM,m,1,1,1,1
APUCON-e3e8fecb01526ca2cb7949c5,SUMINISTRO E INSTALACION DE RIEL,SUMINISTRO E INSTALACION DE RIEL,kg,1,1,1,1
APUCON-c62e495939f1dcfc0caf6ccd,SUMINISTRO E INSTALACION DE TAPA DE ACERO (2.02X2.02m) (E=6mm),SUMINISTRO E INSTALACION DE TAPA DE ACERO 2.02X2.02M E 6MM,u,1,1,1,1
APUCON-19d961aba558a9f69cc491a9,SUMINISTRO E INSTALACION DE TAPA DE ACERO (1.80X2.03m) (E=6mm),SUMINISTRO E INSTALACION DE TAPA DE ACERO 1.80X2.03M E 6MM,u,1,1,1,1
APUCON-3ec63d5607c7cc09122f6c65,SUMINISTRO E INSTALACION DE TAPA DE ACERO (1.33X0.93m) (E=6mm),SUMINISTRO E INSTALACION DE TAPA DE ACERO 1.33X0.93M E 6MM,u,1,1,1,1
APUCON-3eaa5a2210ce73e245dd8aef,SUMINISTRO E INSTALACION DE TAPA DE ACERO (1.13X1.13m) (E=6mm),SUMINISTRO E INSTALACION DE TAPA DE ACERO 1.13X1.13M E 6MM,u,1,1,1,1
APUCON-a2d102aa60a1009c32ec3be5,HORMIGON PREMEZCLADO F´C=180 Kg/cm2 INCLUYE ENCOFRADO,HORMIGON PREMEZCLADO F C 180 KG/CM2 INCLUYE ENCOFRADO,m3,1,8,1,1
APUCON-66e64331beb7f0234e081a0f,SUMINISTRO E INSTALACION DE CUBIERTA,SUMINISTRO E INSTALACION DE CUBIERTA,m2,1,1,1,1
APUCON-d99fbafd894e0ff84f8f8e72,"SUMINISTRO E INSTALACION DE TUBERIA GALVANIZADA 1""",SUMINISTRO E INSTALACION DE TUBERIA GALVANIZADA 1,m,1,1,1,1
APUCON-d87e133d3cd355ac34ef2574,SUMINISTRO E INSTALACION DE BISAGRA,SUMINISTRO E INSTALACION DE BISAGRA,u,1,1,1,1
APUCON-0cd46e2a2da7d83157777314,SUMINISTRO E INSTALACION DE CUBIERTA DE TEJA DE FIBROCEMENTO 8mm,SUMINISTRO E INSTALACION DE CUBIERTA DE TEJA DE FIBROCEMENTO 8MM,m2,1,3,1,1
APUCON-86933e622ca403cd2217804c,PARED DE BLOQUE 30X30X15cm,PARED DE BLOQUE 30X30X15CM,m2,1,4,1,1
APUCON-61b46612e458a45815512147,PUERTA METALICA TIPO LOUVER (1.60x1.60m),PUERTA METALICA TIPO LOUVER 1.60X1.60M,u,1,2,1,1
APUCON-8347e88e85bb354bd717d926,PUERTA EN ACERO INOXIDABLE (0.90x2.00m),PUERTA EN ACERO INOXIDABLE 0.90X2.00M,u,1,1,1,1
APUCON-4410c196bc3e80dd08d9ef91,INODORO (INCLUYE ACCESORIOS),INODORO INCLUYE ACCESORIOS,u,1,1,1,1
APUCON-0fde861f502ec7d50d2e2a60,MESON PARA BAÑO,MESON PARA BANO,u,1,1,1,1
APUCON-a601d081c39a8e5cf8171d92,DUCHA (INCLUYE ACCESORIOS),DUCHA INCLUYE ACCESORIOS,u,1,1,1,1
APUCON-779fe28fbe9a0596402bc5e6,MESA PARA ESCRITORIO (INCLUYE SILLA),MESA PARA ESCRITORIO INCLUYE SILLA,u,1,1,1,1
APUCON-f5480c2a903b31089d888745,"SUMINISTRO E INSTALACION DE TUBERIA GALVANIZADA 2""",SUMINISTRO E INSTALACION DE TUBERIA GALVANIZADA 2,m,1,1,1,1
APUCON-c0f5ae46205190ab4147b3bf,"SUMINISTRO E INSTALACION DE MALLA HEXAGONAL 5/8""",SUMINISTRO E INSTALACION DE MALLA HEXAGONAL 5/8,m2,1,1,1,1
APUCON-8ec987cafdf634330ece4d87,"HORMIGON PREMEZCLADO F´C=210 Kg/cm2, PARA CONTRAPISO E=10cm (INCLUYE ENCOFRADO)",HORMIGON PREMEZCLADO F C 210 KG/CM2 PARA CONTRAPISO E 10CM INCLUYE ENCOFRADO,m2,1,1,1,1
APUCON-fafedbf6abaf1f89ac1f3350,BORDILLO DE HORMIGON PREMEZCLADO FC=210 Kg/cm2,BORDILLO DE HORMIGON PREMEZCLADO FC 210 KG/CM2,m,1,1,1,1
APUCON-1460590bdfc946ac15b3e753,SUMINISTRO Y COLOCACION DE ADOQUIN E=8cm,SUMINISTRO Y COLOCACION DE ADOQUIN E 8CM,m2,1,1,1,1
APUCON-6efa78e9beecbdc3913a1242,SUMINISTRO E INSTALACION DE ARBOLES,SUMINISTRO E INSTALACION DE ARBOLES,u,1,1,1,1
APUCON-fff9aa4eb265551056fb8a29,"CESPED BERMUDA (SUMINISTRO, SIEMBRA, ABONADO Y APLICACION DE ENRAIZANTE)",CESPED BERMUDA SUMINISTRO SIEMBRA ABONADO Y APLICACION DE ENRAIZANTE,m2,1,1,1,1
APUCON-9b86aef16e5b745cc69b345e,SUMINISTRO E INSTALACION DE REJILLA DE DESBASTE 0.35x0.95m,SUMINISTRO E INSTALACION DE REJILLA DE DESBASTE 0.35X0.95M,u,1,1,1,1
APUCON-c5fa9f0e504279ef5941958a,SUMINISITRO E INSTALACION DE CANASTILLA DE RECOLECCION DE SOLIDOS,SUMINISITRO E INSTALACION DE CANASTILLA DE RECOLECCION DE SOLIDOS,u,1,1,1,1
APUCON-3f76efff77942d0771153986,"PLANCHA AGUJERADA E=6mm, D=5cm",PLANCHA AGUJERADA E 6MM D 5CM,m2,1,1,1,1
APUCON-13b4fe9a249c46fefb7805d5,SUMINISTRO E INSTALACION DE VALVULA COMPUERTA VASTAGO FIJO EXTREMOS BRIDADOS D=200mm PN10,SUMINISTRO E INSTALACION DE VALVULA COMPUERTA VASTAGO FIJO EXTREMOS BRIDADOS D 200MM PN10,u,1,1,1,1
APUCON-fa60a27758224b8ba1eb94a9,SUMINISTRO E INSTALACION DE UNION MECANICA 200mm,SUMINISTRO E INSTALACION DE UNION MECANICA 200MM,u,1,1,1,1
APUCON-48abf190faa66a87e20c5f7a,SUMINISTRO E INSTALACION DE BRIDA DE ACERO AL CARBONO ASTM A-105 DN 200mm,SUMINISTRO E INSTALACION DE BRIDA DE ACERO AL CARBONO ASTM A-105 DN 200MM,u,1,1,1,1
APUCON-1c01a8110e2ef17ef3f61727,SUMINISTRO DE TUBERIA PVC ESTRUCTURADA DI=110 mm (DN125) NORMA NTE INEN 2059,SUMINISTRO DE TUBERIA PVC ESTRUCTURADA DI 110 MM DN125 NORMA NTE INEN 2059,m,1,1,1,1
APUCON-d6a47070ea4db5b9089adf5f,INSTALACION DE TUBERIA PVC ESTRUCTURADA DI=110 mm (DN125) NORMA NTE INEN 2059,INSTALACION DE TUBERIA PVC ESTRUCTURADA DI 110 MM DN125 NORMA NTE INEN 2059,m,1,1,1,1
APUCON-e6345e04cbb8f8fd06cba3e3,SUMINISTRO E INSTALACION DE CODO DESAGUE CC 220mmX90',SUMINISTRO E INSTALACION DE CODO DESAGUE CC 220MMX90',u,1,1,1,1
APUCON-3e71f731d56477840ac9c5f6,SUMINISTRO E INSTALACION DE CODO DESAGUE CC 160mmX90',SUMINISTRO E INSTALACION DE CODO DESAGUE CC 160MMX90',u,1,1,1,1
APUCON-83cd8642a9639a4898df0a27,SUMINISTRO E INSTALACION DE CODO DESAGUE CC 125mmX45',SUMINISTRO E INSTALACION DE CODO DESAGUE CC 125MMX45',u,1,1,1,1
APUCON-21a411466992cac73fd023a5,SUMINISTRO E INSTALACION DE BLOWER DE 15 HP,SUMINISTRO E INSTALACION DE BLOWER DE 15 HP,u,1,1,1,1
APUCON-9712f0d6f77c376b729e7105,"SUMINISTRO E INSTALACION DE DIFUSOR DE 12""",SUMINISTRO E INSTALACION DE DIFUSOR DE 12,u,1,1,1,1
APUCON-357ea73def590eb5719db54f,SUMINISTRO E INSTALACION DE VALVULA DE ALIVIO D=150mm PN10 EXTREMOS BRIDADOS,SUMINISTRO E INSTALACION DE VALVULA DE ALIVIO D 150MM PN10 EXTREMOS BRIDADOS,u,1,1,1,1
APUCON-83ffecdf1e45ab97c6b97d3c,SUMINISTRO E INSTALACION DE TUBERIA ACERO INOXIDABLE AISI 304 D=6 IN,SUMINISTRO E INSTALACION DE TUBERIA ACERO INOXIDABLE AISI 304 D 6 IN,m,1,1,1,1
APUCON-1d4c7b48a496db64e911f04e,SUMINISTRO E INSTALACION DE CODO ACERO INOXIDABLE AISI 304 D=6 IN,SUMINISTRO E INSTALACION DE CODO ACERO INOXIDABLE AISI 304 D 6 IN,u,1,1,1,1
APUCON-45d72dfba6154ea2134ce8e4,SUMINISTRO Y COLOCACION DE GRAVA PARA FILTRO (18 - 25 mm),SUMINISTRO Y COLOCACION DE GRAVA PARA FILTRO 18 - 25 MM,m3,1,1,1,1
APUCON-f336303b333c23797220f12a,PARED DE BLOQUE 9x19x39cm,PARED DE BLOQUE 9X19X39CM,m2,1,1,1,1
APUCON-0ce9ec10ebabb0cb50c145f2,"SUMINISTRO E INSTALACION DE COLLARIN 63mm x 3/4""",SUMINISTRO E INSTALACION DE COLLARIN 63MM X 3/4,u,1,1,1,1
APUCON-b3b3b918d1354292f3bc9e27,"SUMINISTRO E INSTALACION DE ADAPTADOR PEAD 3/4""",SUMINISTRO E INSTALACION DE ADAPTADOR PEAD 3/4,u,1,1,1,1
APUCON-9761c157d857a599467b20a3,SUMINISTRO E INSTALACION DE TUBERIA PEAD D= 20mm,SUMINISTRO E INSTALACION DE TUBERIA PEAD D 20MM,m,1,1,1,1
APUCON-91079b084068950d0d800da3,SUMINISTRO E INSTALACION DE CODO PEAD 20mmX90',SUMINISTRO E INSTALACION DE CODO PEAD 20MMX90',u,1,1,1,1
APUCON-fd41bd72e79181f504799fed,SUMINISTRO E INSTALACION DE UNION DE COMPRESION 20mm,SUMINISTRO E INSTALACION DE UNION DE COMPRESION 20MM,u,1,1,1,1
APUCON-bf4342c752a3d4c03dad693b,SUMINISTRO E INSTALACION DE CODO 45' PP 3/4 IN ROSCABLE,SUMINISTRO E INSTALACION DE CODO 45' PP 3/4 IN ROSCABLE,u,1,1,1,1
APUCON-411b2aacf2b624a993a8a226,SUMINISTRO E INSTALACION DE TEE 3/4 A 1/2 IN PP ROSCABLE,SUMINISTRO E INSTALACION DE TEE 3/4 A 1/2 IN PP ROSCABLE,u,1,1,1,1
APUCON-be782d014d5147aab9fa1c66,SUMINISTRO E INSTALACION DE TUBERIA DESAGUE EC D= 110mm,SUMINISTRO E INSTALACION DE TUBERIA DESAGUE EC D 110MM,m,1,1,1,1
APUCON-0d66dc024979b4f7e55eb6cb,SUMINISTRO E INSTALACION DE TUBERIA DESAGUE EC D= 50mm,SUMINISTRO E INSTALACION DE TUBERIA DESAGUE EC D 50MM,m,1,1,1,1
APUCON-313cc3d8f948d059443ff2bf,SUMINISTRO E INSTALACION DE TUBERIA ACERO ASTM A36 D=100 mm,SUMINISTRO E INSTALACION DE TUBERIA ACERO ASTM A36 D 100 MM,m,1,1,1,1
APUCON-6a1fba1bef8ab8a8608f8b1a,SUMINISTRO E INSTALACION DE BOMBA SUMERGIBLE 1.0 HP 110/220V 1F,SUMINISTRO E INSTALACION DE BOMBA SUMERGIBLE 1.0 HP 110/220V 1F,u,1,1,1,1
APUCON-6962cbd2089116b18abb1b67,SUMINISTRO E INSTALACION DE TAPA DE ACERO (0.90x1.40m) (E=10mm),SUMINISTRO E INSTALACION DE TAPA DE ACERO 0.90X1.40M E 10MM,u,1,1,1,1
APUCON-b3f978f99970ae335a59f44d,SUMINISTRO E INSTALACION DE TAPA DE ACERO (0.30x0.30m) (E=10mm),SUMINISTRO E INSTALACION DE TAPA DE ACERO 0.30X0.30M E 10MM,u,1,1,1,1
APUCON-94f4770fa62c8df49dc73655,"SUMINISTRO E INSTALACION DE PASAMURO PARA TUBERIA DE H.F. 250mm, L=0.40m",SUMINISTRO E INSTALACION DE PASAMURO PARA TUBERIA DE H.F. 250MM L 0.40M,u,1,1,1,1
APUCON-50838d66713df5fb626d4e42,"SUMINISTRO E INSTALACION DE PASAMURO PARA TUBERIA DE H.F. 200mm, L=0.40m",SUMINISTRO E INSTALACION DE PASAMURO PARA TUBERIA DE H.F. 200MM L 0.40M,u,1,1,1,1
APUCON-afbf2a16545fcf3ad78f583b,"SUMINISTRO E INSTALACION DE PASAMURO PARA TUBERIA DE H.F. 100mm, L=0.40m",SUMINISTRO E INSTALACION DE PASAMURO PARA TUBERIA DE H.F. 100MM L 0.40M,u,1,1,1,1
APUCON-8f01730a43e0cf4dee0a1f6a,SUMINISTRO E INSTALACION DE MAQUINA DE CONTROL DE OLORES,SUMINISTRO E INSTALACION DE MAQUINA DE CONTROL DE OLORES,u,1,1,1,1
APUCON-9cf6dc6810ed88c4065b73d3,SUMINISTRO E INSTALACION DE TUBERIA VENTILACION EC D= 200mm,SUMINISTRO E INSTALACION DE TUBERIA VENTILACION EC D 200MM,m,1,1,1,1
APUCON-2ebc3de05cc1df52aaafec04,SUMINISTRO E INSTALACION DE CODO VENTILACION EC 200mmX90',SUMINISTRO E INSTALACION DE CODO VENTILACION EC 200MMX90',u,1,1,1,1
APUCON-08d55dd93b370327594d955a,SUMINISTRO E INSTALACION DE TEE VENTILACION EC 200mm,SUMINISTRO E INSTALACION DE TEE VENTILACION EC 200MM,u,1,1,1,1
APUCON-def85374e2c230c4743d88c5,ESTRUCTURA 3F CENTRADA RETENCION EST-3CR,ESTRUCTURA 3F CENTRADA RETENCION EST-3CR,u,1,1,1,1
APUCON-d09808e3e5ee655ed1703f46,ESTRUCTURA 3F VOLADA TERMINAL EST-3VR,ESTRUCTURA 3F VOLADA TERMINAL EST-3VR,u,1,1,1,1
APUCON-4892162837c64e2cd62af73f,ESTRUCTURA 3F VOLADA PASANTE EST-3VP,ESTRUCTURA 3F VOLADA PASANTE EST-3VP,u,1,1,1,1
APUCON-c7dc30467b7f06a6a94761a2,ESTRUCTURA 3F VOLADA ANGULAR EST-3VA,ESTRUCTURA 3F VOLADA ANGULAR EST-3VA,u,1,2,1,1
APUCON-12e3420281dd089954a6fb82,ESTRUCTURA 3F VOLADA DOBLE RETENCION EST-3VD,ESTRUCTURA 3F VOLADA DOBLE RETENCION EST-3VD,u,1,1,1,1
APUCON-23d3b610a844937229f75927,ESTRUCTURA DE NEUTRO: 1ED,ESTRUCTURA DE NEUTRO 1ED,u,1,1,1,1
APUCON-56a5999bede2eb9b72b92846,ESTRUCTURA DE NEUTRO: 1ER,ESTRUCTURA DE NEUTRO 1ER,u,1,1,1,1
APUCON-57dd634347c2768c0aa4b659,ESTRUCTURA DE NEUTRO: 1EP,ESTRUCTURA DE NEUTRO 1EP,u,1,1,1,1
APUCON-bf0d87b2e420650f06e0ddfb,POSTE HA 12m X 500 KGF,POSTE HA 12M X 500 KGF,u,1,2,1,1
APUCON-0b65ef73842ddfef8b6121f2,POSTE HA 12m X 2000 KGF,POSTE HA 12M X 2000 KGF,u,1,1,1,1
APUCON-22167770d5f13417947867c8,"PARARRAYO DE 10 KV, CON DESCONECTADOR Y ATERRIZAMIENTO",PARARRAYO DE 10 KV CON DESCONECTADOR Y ATERRIZAMIENTO,u,1,1,1,1
APUCON-c5f49c5aa8d3efe09cbe32d8,SECCIONADOR FUSIBLE 100 A - 27KV CON ROMPE ARCO,SECCIONADOR FUSIBLE 100 A - 27KV CON ROMPE ARCO,u,1,1,1,1
APUCON-be4b470083342bbf32e93ae9,TENDIDO Y REGULADO CONDUCTOR NO.2 AWG ACAR,TENDIDO Y REGULADO CONDUCTOR NO.2 AWG ACAR,km,1,1,1,1
APUCON-86308f034ca08117f181e784,TENDIDO Y REGULADO CONDUCTOR NO.2/0 AWG ACAR,TENDIDO Y REGULADO CONDUCTOR NO.2/0 AWG ACAR,km,1,1,1,1
APUCON-cbce392c85e95793d55e4291,TENSOR A TIERRA SIMPLE TAT-OTS,TENSOR A TIERRA SIMPLE TAT-OTS,u,1,1,1,1
APUCON-1a19435f964526a59cdd9d23,REPLANTEO DE REDES EN MEDIA TENSION,REPLANTEO DE REDES EN MEDIA TENSION,u,1,1,1,1
APUCON-32868477dde5ec0dfff3e7aa,PRUEBAS DE ENERGIZACION DE LINEAS EN MT,PRUEBAS DE ENERGIZACION DE LINEAS EN MT,u,1,1,1,1
APUCON-1dcf30ab7a66d90560192316,PRUEBAS DE ENERGIZACION DE TRANSFORMADORES,PRUEBAS DE ENERGIZACION DE TRANSFORMADORES,u,1,1,1,1
APUCON-dd9ec12b229c94b5e148ca79,SISTEMA A TIERRA EN CENTRO DE CARGA,SISTEMA A TIERRA EN CENTRO DE CARGA,u,1,1,1,1
APUCON-46b0a020f38cf90a2c7d3d00,"CARGA, ACARREO Y DESCARGA DE POSTES H.A. 9 A12m",CARGA ACARREO Y DESCARGA DE POSTES H.A. 9 A12M,u,1,1,1,1
APUCON-971ca91cc3202c36d41c8333,CONSTRUCCION DE BASE PARA TRANSFORMADOR,CONSTRUCCION DE BASE PARA TRANSFORMADOR,u,1,1,1,1
APUCON-4ca686ac0606704bb33b8c40,"DUCTERIA EMT RIGIDA 4"" PARA MEDIA TENSION",DUCTERIA EMT RIGIDA 4 PARA MEDIA TENSION,u,1,1,1,1
APUCON-21ed3fd63a987ff5e5401a9b,PUNTAS TERMINALES EN MEDIA TENSION,PUNTAS TERMINALES EN MEDIA TENSION,u,1,1,1,1
APUCON-7cf1e03dd687d0802ddb292f,ACOMETIDA 3F EN MEDIA TENSION A IDS,ACOMETIDA 3F EN MEDIA TENSION A IDS,u,1,1,1,1
APUCON-a3175bdff4c9cb31b2d7f0e2,CAJA DE REVISION ELECTRICA 1.60x0.90x0.90m,CAJA DE REVISION ELECTRICA 1.60X0.90X0.90M,u,1,1,1,1
APUCON-f80e49af94d532989d192b64,CAJA DE REVISION ELECTRICA 0.90x0.90x0.90m,CAJA DE REVISION ELECTRICA 0.90X0.90X0.90M,u,1,1,1,1
APUCON-9fa4e3243cb65dc60c387287,INTERRUPTOR DISTRIBUCION SUBTERRANEA PADSWICHT 422,INTERRUPTOR DISTRIBUCION SUBTERRANEA PADSWICHT 422,u,1,1,1,1
APUCON-28623e14b270888fd99c31ff,RED SUBTERRANEA 3F EN MEDIA TENSION,RED SUBTERRANEA 3F EN MEDIA TENSION,u,1,1,1,1
APUCON-89adc9cfb588b99b19487ebc,"TRANSFORMADOR 3F 150 KVA, TIPO PAD MOUNTED",TRANSFORMADOR 3F 150 KVA TIPO PAD MOUNTED,u,1,1,1,1
APUCON-1501a56d8aff5cfd14ea1bed,"TRANSFORMADOR 3F 100 KVA, TIPO PAD MOUNTED",TRANSFORMADOR 3F 100 KVA TIPO PAD MOUNTED,u,1,1,1,1
APUCON-2e15d856d1356b20657f1625,MEDICION INDIRECTA EN BAJA TENSION 3F TC 600:5,MEDICION INDIRECTA EN BAJA TENSION 3F TC 600 5,u,1,1,1,1
APUCON-b907b635454219f9ace15b75,MEDICION INDIRECTA EN BAJA TENSION 3F TC 400:5,MEDICION INDIRECTA EN BAJA TENSION 3F TC 400 5,u,1,1,1,1
APUCON-25e226f49f460432b07a6bb5,GENERADOR 3F - 70 KVA/56KW CABINADO - 220 V,GENERADOR 3F - 70 KVA/56KW CABINADO - 220 V,u,1,1,1,1
APUCON-a91b8848025b7b76d32c95ab,TABLERO TRANSFERENCIA AUTOMATICA 250A (TTA),TABLERO TRANSFERENCIA AUTOMATICA 250A TTA,u,1,1,1,1
APUCON-30516fc007ba24ae6be0be6d,RED SUBTERRANEA 3F EN BAJA TENSION A TDG-01,RED SUBTERRANEA 3F EN BAJA TENSION A TDG-01,u,1,1,1,1
APUCON-67e59510b239d1d55e1893e4,RED SUBTERRANEA 3F EN BAJA TENSION A TDG-02,RED SUBTERRANEA 3F EN BAJA TENSION A TDG-02,u,1,1,1,1
APUCON-623b51b1df0fcffd7eaa3249,TABLERO DISTRIBUCION GENERAL FASE 1A (TDG-01),TABLERO DISTRIBUCION GENERAL FASE 1A TDG-01,u,1,1,1,1
APUCON-65ca474cf640f44de6b7ef2c,TABLERO DISTRIBUCION GENERAL FASE 1B (TDG-02),TABLERO DISTRIBUCION GENERAL FASE 1B TDG-02,u,1,1,1,1
APUCON-0e15f312d5f2de082c511a67,TABLERO DISTRIBUCION EMERGENCIA (TDE),TABLERO DISTRIBUCION EMERGENCIA TDE,u,1,1,1,1
APUCON-603c2ab2ea9bbe0fa54897bc,SISTEMA DE ATERRIZAMIENTO (MALLA Y ELECTRODO),SISTEMA DE ATERRIZAMIENTO MALLA Y ELECTRODO,u,1,1,1,1
APUCON-b94c1d0a70cb735f5301c67a,CAJA DE REVISION ELECTRICA 0.60x0.60x0.60m,CAJA DE REVISION ELECTRICA 0.60X0.60X0.60M,u,1,3,1,1
APUCON-8a7a9cd6bf1c8dc8e7c75481,CAJA DE REVISION ELECTRICA 0.40x0.40x0.40m,CAJA DE REVISION ELECTRICA 0.40X0.40X0.40M,u,1,2,1,1
APUCON-98c0c2346cf4f9cfdd551ccd,"CANALIZACION BATERIA 6 X 4"" PVC PESADO",CANALIZACION BATERIA 6 X 4 PVC PESADO,m,1,1,1,1
APUCON-1931858cd99c7170bf9e3aca,"CANALIZACION BATERIA 4 x 4"" PVC PESADO",CANALIZACION BATERIA 4 X 4 PVC PESADO,m,1,1,1,1
APUCON-3089989abc08c95cff538596,"CANALIZACION BATERIA 2 x 4"" PVC PESADO",CANALIZACION BATERIA 2 X 4 PVC PESADO,m,1,1,1,1
APUCON-9ed16913c558a1422855df58,"CANALIZACION BATERIA 2 x 4"" PVC CORRUGADO",CANALIZACION BATERIA 2 X 4 PVC CORRUGADO,m,1,1,1,1
APUCON-6f1c7a345037eb999e71bc9d,"CANALIZACION 4 x 4"" PVC PESADO + 4x4"" MET. RIGIDO",CANALIZACION 4 X 4 PVC PESADO + 4X4 MET. RIGIDO,m,1,1,1,1
APUCON-09b714fe48add3b8bdfdefdd,"CANALIZACION 4 x 4"" PVC PESADO + 3x 4"" MET. RIGIDO",CANALIZACION 4 X 4 PVC PESADO + 3X 4 MET. RIGIDO,m,1,1,1,1
APUCON-d9fbc86c67a5b5d28d046fe1,"CANALIZACION 4 x 4"" PVC PESADO + 2x4"" MET. RIGIDO",CANALIZACION 4 X 4 PVC PESADO + 2X4 MET. RIGIDO,m,1,1,1,1
APUCON-9334bd606fc98b8fb6942bd0,"CANALIZACION 2 x 4"" PVC PESADO + 2x4"" MET. RIGIDO",CANALIZACION 2 X 4 PVC PESADO + 2X4 MET. RIGIDO,m,1,1,1,1
APUCON-f696a74540c5fbf61c5347c4,"CANALIZACION 2 x 4"" MET. RIGIDO",CANALIZACION 2 X 4 MET. RIGIDO,m,1,1,1,1
APUCON-c0c160efcd59fe122ca9fc91,ALIMENTADOR AWG-THHN-CU: 3NO.250 + 1NO.4/0 + TNO.2/0,ALIMENTADOR AWG-THHN-CU 3NO.250 + 1NO.4/0 + TNO.2/0,m,1,1,1,1
APUCON-43b7ea742aa561f1e2086f2a,ALIMENTADOR AWG-THHN-CU: 3 NO. 4/0 + 1 NO. 2/0 + T NO. 2,ALIMENTADOR AWG-THHN-CU 3 NO. 4/0 + 1 NO. 2/0 + T NO. 2,m,1,1,1,1
APUCON-65988f183863af40a04cfd5d,ALIMENTADOR AWG-THHN-CU: 3 NO. 1/0 + 1 NO. 2 + T NO. 4,ALIMENTADOR AWG-THHN-CU 3 NO. 1/0 + 1 NO. 2 + T NO. 4,m,1,1,1,1
APUCON-e1a89140d8b2aa0f45587e74,ALIMENTADOR AWG-THHN-CU: 3 NO.2 + 1 NO.4 + T NO.6,ALIMENTADOR AWG-THHN-CU 3 NO.2 + 1 NO.4 + T NO.6,m,1,1,1,1
APUCON-fe312dd7f46115b2b5bb0d85,ALIMENTADOR AWG-THHN-CU: 3 NO.4 + 1 NO.6 + T NO.8,ALIMENTADOR AWG-THHN-CU 3 NO.4 + 1 NO.6 + T NO.8,m,1,1,1,1
APUCON-ac38a927bd9465ec29162832,ALIMENTADOR AWG-THHN-CU: 3 NO.6 + 1 NO.8 + T NO.10,ALIMENTADOR AWG-THHN-CU 3 NO.6 + 1 NO.8 + T NO.10,m,1,1,1,1
APUCON-43d9a0f3e438b186a5e31bfb,ALIMENTADOR AWG-THHN-CU: 2 NO.6 + 1 NO.8 + T NO.10,ALIMENTADOR AWG-THHN-CU 2 NO.6 + 1 NO.8 + T NO.10,m,1,2,1,1
APUCON-64c9b276ae83587c5af02a37,ALIMENTADOR AWG-THHN-CU: 3 NO.8 + 1 NO.10 + T NO.12,ALIMENTADOR AWG-THHN-CU 3 NO.8 + 1 NO.10 + T NO.12,m,1,1,1,1
APUCON-0ae07f56cfcbc938196a2b09,ALIMENTADOR AWG-THHN-CU: 2 NO.8 + 1 NO.10 + T NO.12,ALIMENTADOR AWG-THHN-CU 2 NO.8 + 1 NO.10 + T NO.12,m,1,2,1,1
APUCON-a8d724fc7193f204c3cfeecc,TABLERO 3F DISTRIBUCION TM1,TABLERO 3F DISTRIBUCION TM1,u,1,1,1,1
APUCON-298a91cf6b5685f477af87bd,TABLERO 3F DISTRIBUCION TM2,TABLERO 3F DISTRIBUCION TM2,u,1,1,1,1
APUCON-448b4c04da2fe0f299767f50,TABLERO 3F DISTRIBUCION TPC-M1,TABLERO 3F DISTRIBUCION TPC-M1,u,1,1,1,1
APUCON-26e53023dccd5972c2eda590,TABLERO 3F DISTRIBUCION TPC-M2,TABLERO 3F DISTRIBUCION TPC-M2,u,1,1,1,1
APUCON-c523225fc76d00bb3792f1b2,TABLERO 3F DISTRIBUCION TCA - 01,TABLERO 3F DISTRIBUCION TCA - 01,u,1,1,1,1
APUCON-e0aead36b0e604ec2bd28ac9,TABLERO 3F DISTRIBUCION TCB - 01,TABLERO 3F DISTRIBUCION TCB - 01,u,1,1,1,1
APUCON-426af37fbd9231b7bd2d543c,TABLERO 3F DISTRIBUCION TDB - 01,TABLERO 3F DISTRIBUCION TDB - 01,u,1,1,1,1
APUCON-9fd4c3e891f049600cac2bf6,TABLERO 3F DISTRIBUCION TDB - 02,TABLERO 3F DISTRIBUCION TDB - 02,u,1,1,1,1
APUCON-dae2c10d5599c9d3e3a614fe,TABLERO 3F DISTRIBUCION TDB - 03,TABLERO 3F DISTRIBUCION TDB - 03,u,1,1,1,1
APUCON-a9ab8a0ab52931192dd230fd,TABLERO 3F DISTRIBUCION TDB - 04,TABLERO 3F DISTRIBUCION TDB - 04,u,1,1,1,1
APUCON-ca4d028bb013dee90b13db99,TABLERO 3F DISTRIBUCION TDB - 1B,TABLERO 3F DISTRIBUCION TDB - 1B,u,1,1,1,1
APUCON-dad513049c641ac2a359263d,PANEL 3F DISTRIBUCION PD-ADM,PANEL 3F DISTRIBUCION PD-ADM,u,1,1,1,1
APUCON-8c9cee15f7acbbde22208bbe,PANEL 3F DISTRIBUCION PD-LC (LOCALES COMERCIALES),PANEL 3F DISTRIBUCION PD-LC LOCALES COMERCIALES,u,1,1,1,1
APUCON-8662b65503685e5139086d44,PANEL 3F DISTRIBUCION PD-B (BARES),PANEL 3F DISTRIBUCION PD-B BARES,u,1,1,1,1
APUCON-7e5bb9dfc2cce43be74f033e,PANEL 3F DISTRIBUCION PD-SG (SERVICIO GENERAL),PANEL 3F DISTRIBUCION PD-SG SERVICIO GENERAL,u,1,1,1,1
APUCON-f96a82bc11e18346a1a29632,PANEL 3F DISTRIBUCION PSG-M1,PANEL 3F DISTRIBUCION PSG-M1,u,1,1,1,1
APUCON-34c5c1795bfd1809fef3f24d,PANEL 3F DISTRIBUCION PSG-M2,PANEL 3F DISTRIBUCION PSG-M2,u,1,1,1,1
APUCON-c6edaf19597196adcaad70ae,SALIDA DE ILUMINACION 120 V,SALIDA DE ILUMINACION 120 V,u,1,1,1,1
APUCON-1e5deef68ae6958821909c2d,SALIDA DE ILUMINACION 220 V,SALIDA DE ILUMINACION 220 V,u,1,1,1,1
APUCON-5185f4c9971760762eea24b9,SALIDA DE TOMACORRIENTE DOBLE POLARIZADO 120 V,SALIDA DE TOMACORRIENTE DOBLE POLARIZADO 120 V,u,1,1,1,1
APUCON-bc987cdcb555897cfabcfb32,SALIDA DE TOMACORRIENTE ESPECIAL 240 V,SALIDA DE TOMACORRIENTE ESPECIAL 240 V,u,1,1,1,1
APUCON-ebf88c02305e8377421a9f66,LUMINARIA TIPO APLIQUE DE PARED,LUMINARIA TIPO APLIQUE DE PARED,u,1,1,1,1
APUCON-42cb066efaa922e87fb5dea5,APLIQUE GUIA DE PISO 220 V - 15 W; IP67-IK10,APLIQUE GUIA DE PISO 220 V - 15 W IP67-IK10,u,1,1,1,1
APUCON-d879ff65162854adb4c9cbe1,APLIQUE DE PISO DECORATIVO AJUSTABLE ASIMETRICO 220 V- 38 W; IP68-IK10,APLIQUE DE PISO DECORATIVO AJUSTABLE ASIMETRICO 220 V- 38 W IP68-IK10,u,1,1,1,1
APUCON-27e6c8e1e5bf9cdf09ff34ca,LUMINARIA LED SELLADA 220 V 55W O SIMILAR,LUMINARIA LED SELLADA 220 V 55W O SIMILAR,u,1,1,1,1
APUCON-0a7b9052e2d85b1470df65f2,LUMINARIA LED SELLADA 220 V 20W O SIMILAR,LUMINARIA LED SELLADA 220 V 20W O SIMILAR,u,1,1,1,1
APUCON-62620f7137f201a399fd2007,"LUMINARIA TIPO PARQUE EN POSTE 4.00m; 220V - 80W, IP66-IK08",LUMINARIA TIPO PARQUE EN POSTE 4.00M 220V - 80W IP66-IK08,u,1,1,1,1
APUCON-7bc434a62b3658ce4062c7f8,LUMINARIA EN POSTE 7.00m; 220V -100W; IP66-IK08,LUMINARIA EN POSTE 7.00M 220V -100W IP66-IK08,u,1,1,1,1
APUCON-aad1507df199a6aa809e422c,CANALETA SELLADA 30.00cm X 20.00cm X 2.50m,CANALETA SELLADA 30.00CM X 20.00CM X 2.50M,u,1,1,1,1
APUCON-8d9e79944db8fd9ae31d0ae0,LUMINARIA VIAL EN POSTE DE 12.00m - 218 W - 220 V,LUMINARIA VIAL EN POSTE DE 12.00M - 218 W - 220 V,u,1,2,1,1
APUCON-2b49923216e66915edb87aa0,PANEL LED CUADRADA - 30-60W /100 - 220V,PANEL LED CUADRADA - 30-60W /100 - 220V,u,1,1,1,1
APUCON-b3196744f91c96965df0d8dd,TIRAS LED RGB 24V - 12V; IP67 - IK10 (1.00m),TIRAS LED RGB 24V - 12V IP67 - IK10 1.00M,u,1,1,1,1
APUCON-21e2a3e1864f236b15c34779,COLUMNA INTELIGENTE,COLUMNA INTELIGENTE,u,1,1,1,1
APUCON-32ef2c3f168aed817a6286c7,MINI POSTE DE ILUMINACION 220 V - 25 W; IP67 - IK10,MINI POSTE DE ILUMINACION 220 V - 25 W IP67 - IK10,u,1,1,1,1
APUCON-a844b57e9e22b3923e390de7,TIRAS LED LUZ NEUTRA 24V - 12W; IP67 - IK10 (1.00 m),TIRAS LED LUZ NEUTRA 24V - 12W IP67 - IK10 1.00 M,u,1,1,1,1
APUCON-a95cc7f165391d192de07b1a,"REFLECTOR SUMERGIBLE RGB 150 W, IP68 (CHORRO AGUA)",REFLECTOR SUMERGIBLE RGB 150 W IP68 CHORRO AGUA,u,1,1,1,1
APUCON-68e44a639ccad35aa16e16b9,REFLECTOR LED 150 W - 220 V; COLOR NEUTRO GRADO IP68,REFLECTOR LED 150 W - 220 V COLOR NEUTRO GRADO IP68,u,1,1,1,1
APUCON-72c6278def632fad730dab3f,TRANSICION CANALIZACION EN MUELLES (FIJO - MOVIL),TRANSICION CANALIZACION EN MUELLES FIJO - MOVIL,u,1,1,1,1
APUCON-4ed6a6f9d7721e988c96cddf,PROVISION DE TAPA DE GRAFITO ESFEROIDAL DE 80cm DE DIAMETRO CON RESISTENCIA 125KN PARA LAS CAJAS PROYECTADAS. INCLUYE TRANSPORTE Y SISTEMA ELECTRICO,PROVISION DE TAPA DE GRAFITO ESFEROIDAL DE 80CM DE DIAMETRO CON RESISTENCIA 125KN PARA LAS CAJAS PROYECTADAS. INCLUYE TRANSPORTE Y SISTEMA ELECTRICO,u,1,1,1,1
APUCON-ab6ea6c7d303c73ecc8b5a4f,PROVISION DE TAPA DE GRAFITO ESFEROIDAL DE 60cm DE DIAMETRO CON RESISTENCIA 125KN PARA LAS CAJAS PROYECTADAS. INCLUYE TRANSPORTE Y SISTEMA ELECTRICO,PROVISION DE TAPA DE GRAFITO ESFEROIDAL DE 60CM DE DIAMETRO CON RESISTENCIA 125KN PARA LAS CAJAS PROYECTADAS. INCLUYE TRANSPORTE Y SISTEMA ELECTRICO,u,1,2,1,1
APUCON-c3472d77ed98a3ee24c3baf9,TAPA METALICA DE 40X40cm CON LOGO ELECTRICIDAD PARA CAJAS PROYECTADAS DE 125KN,TAPA METALICA DE 40X40CM CON LOGO ELECTRICIDAD PARA CAJAS PROYECTADAS DE 125KN,u,1,2,1,1
APUCON-8f09e895053df388547a494c,TRANSFORMADOR 1F 10 KVA TIPO AUTO PROTEGIDO 7.9KV/120-240 V,TRANSFORMADOR 1F 10 KVA TIPO AUTO PROTEGIDO 7.9KV/120-240 V,u,1,1,1,1
APUCON-b3ab93aa2b2c12d6d69fefdb,"DUCTERIA METALICA RIGIDA 2"" PARA BAJA TENSION",DUCTERIA METALICA RIGIDA 2 PARA BAJA TENSION,u,1,1,1,1
APUCON-4506f70b34dcce31f4c50514,CANALIZACION DE BATERIA DE 4 x 50mm PVC PESADO,CANALIZACION DE BATERIA DE 4 X 50MM PVC PESADO,m,1,2,1,1
APUCON-40286ef040f8af967683a49e,CANALIZACION 4 x 50mm PVC PESADO + 4 x 110mm PVC PESADO,CANALIZACION 4 X 50MM PVC PESADO + 4 X 110MM PVC PESADO,m,1,1,1,1
APUCON-6bb6adb9d923dc023a3a1adb,TABLERO DE CONTROL DE ALUMBRADO (TCA),TABLERO DE CONTROL DE ALUMBRADO TCA,u,1,1,1,1
APUCON-22a0cc7a4326ee6f839ec111,"DUCTERIA METALICA RIGIDA 2"" PARA FIBRA OPTICA",DUCTERIA METALICA RIGIDA 2 PARA FIBRA OPTICA,u,1,1,1,1
APUCON-3f6931337d75452dae5f9051,RED DE FIBRA OPTICA ADSS 24 HILOS,RED DE FIBRA OPTICA ADSS 24 HILOS,m,1,1,1,1
APUCON-5d2f43815983ac070fbaaf4a,CAJAS DE TELECOMUNICACIONES 40x40,CAJAS DE TELECOMUNICACIONES 40X40,u,1,1,1,1
APUCON-bbb610909b9c4091fd747c26,CAJAS DE PASO 25x25x15cm CON PUERTA INOXIDABLE,CAJAS DE PASO 25X25X15CM CON PUERTA INOXIDABLE,u,1,1,1,1
APUCON-7f5ea9cdc2d6b74328709713,GABINETE RACK DE PISO CERRADO 42UR,GABINETE RACK DE PISO CERRADO 42UR,u,1,1,1,1
APUCON-00e5c32040ce6c4292d01726,PEDESTALES/ GABINETES EXTERIORES DE ACERO INOXIDABLE,PEDESTALES/ GABINETES EXTERIORES DE ACERO INOXIDABLE,u,1,1,1,1
APUCON-d885f2c6c806f3608851b2bb,ROUTER CORE GB CON PUERTO SFP,ROUTER CORE GB CON PUERTO SFP,u,1,1,1,1
APUCON-9f5f6f778f9585461c65f46d,SWITCH CORE 24 PUERTOS LAN + 2 PUERTOS F. OP,SWITCH CORE 24 PUERTOS LAN + 2 PUERTOS F. OP,u,1,1,1,1
APUCON-469e9d78a5603f46b82c914f,SWITCH POE ADMINISTRABLE 24 PUERTOS,SWITCH POE ADMINISTRABLE 24 PUERTOS,u,1,1,1,1
APUCON-7c792010d495c6f77d1e5db2,NVR 32 CANALES,NVR 32 CANALES,u,1,1,1,1
APUCON-67affacc9df8f39f84daabd1,DISCO DURO 6 TB - 3.5,DISCO DURO 6 TB - 3.5,u,1,1,1,1
APUCON-164d020370705a204502ff83,"UNIDAD UPS 1,5 KVA - ON LINE",UNIDAD UPS 1 5 KVA - ON LINE,u,1,1,1,1
APUCON-936a6d147d6857475a513a09,UNIDAD UPS 3 KVA- ON LINE,UNIDAD UPS 3 KVA- ON LINE,u,1,1,1,1
APUCON-9ff65280dc63bc7f92c4bf42,ROSETA OPTICA COMPLETAS,ROSETA OPTICA COMPLETAS,u,1,1,1,1
APUCON-5f70108fb125c3eabc4dedb4,FIBRA OPTICA DE 2 HILOS - DROP,FIBRA OPTICA DE 2 HILOS - DROP,u,1,1,1,1
APUCON-7c3cc538565203d0f37105df,PATCH CORD LC MONOMODO DUPLEX (2.00m DE LARGO),PATCH CORD LC MONOMODO DUPLEX 2.00M DE LARGO,u,1,1,1,1
APUCON-b7552d222e464f95909afab6,OLT - 4 PUERTOS GPON,OLT - 4 PUERTOS GPON,u,1,1,1,1
APUCON-ee04942603e0bae1f945f205,PATCH CORD UTP - CATEGORIA 6A (2.00m DE LARGO),PATCH CORD UTP - CATEGORIA 6A 2.00M DE LARGO,u,1,1,1,1
APUCON-fbebe157591aeccd6ebae66b,CONVERTIDORES DE FIBRA OPTICA SFP MONOMODO 10K,CONVERTIDORES DE FIBRA OPTICA SFP MONOMODO 10K,u,1,1,1,1
APUCON-76d751890a7b837c4f0be340,CAJA DE DISTRIBUCION IP 68 COMPLETA CON SPLITTER 1:16,CAJA DE DISTRIBUCION IP 68 COMPLETA CON SPLITTER 1 16,u,1,1,1,1
APUCON-d2f1cbaa235a0d354b6b7efd,"CABLE UTP CATEGORIA 6A, 100% COBRE - EXTERIOR",CABLE UTP CATEGORIA 6A 100% COBRE - EXTERIOR,u,1,1,1,1
APUCON-3e49d11e560535aa1be4b18b,BANDEJA PORTACABLES TIPO ESCALERA,BANDEJA PORTACABLES TIPO ESCALERA,u,1,1,1,1
APUCON-cd1ec124995cc86880ca9f7b,CAMARA IP DOMO INTERNAS - ALCANCE 40.00m,CAMARA IP DOMO INTERNAS - ALCANCE 40.00M,u,1,1,1,1
APUCON-e3651e63a002e0ffa2255ee4,CAMARA IP BALA EXTERNAS - ALCANCE 60.00m,CAMARA IP BALA EXTERNAS - ALCANCE 60.00M,u,1,1,1,1
APUCON-4df9b4b696d977b46036ef8d,CAMARA PTZ 25X ZOOM IP 2MP,CAMARA PTZ 25X ZOOM IP 2MP,u,1,1,1,1
APUCON-7a5977c4337279aec44dca1e,EQUIPO ACCES POINT,EQUIPO ACCES POINT,u,1,1,1,1
APUCON-91de61952904c4a6d03152ba,RELOJ BIOMETRICO,RELOJ BIOMETRICO,u,1,1,1,1
APUCON-150f73d761d39bb053932dd2,"TELEVISOR SMART TV ANDROID 55""",TELEVISOR SMART TV ANDROID 55,u,1,1,1,1
APUCON-74914065f5f1e8bef088cded,PUNTO DE CONEXION DE RED,PUNTO DE CONEXION DE RED,u,1,1,1,1
APUCON-5219108268549ecd105c2c76,CERTIFICACION DE RED,CERTIFICACION DE RED,u,1,1,1,1
APUCON-615ec8552ca801033b30a678,AGUA PARA EL CONTROL DEL POLVO,AGUA PARA EL CONTROL DEL POLVO,m3,1,1,1,1
APUCON-de333958b285632dd08d1b25,BATERIAS SANITARIAS PORTATILES (MENSUAL),BATERIAS SANITARIAS PORTATILES MENSUAL,u,1,1,1,1
APUCON-3d39f769934276d103a04aab,TANQUE DE 55 GALONES,TANQUE DE 55 GALONES,u,1,1,1,1
APUCON-68ceeb48529c543c9c4584f3,VOLANTES INFORMATIVOS,VOLANTES INFORMATIVOS,u,1,1,1,1
APUCON-4ac51f15d0d307bdcd573464,EQUIPO DE PROTECCION PERSONAL (JUEGO),EQUIPO DE PROTECCION PERSONAL JUEGO,u,1,1,1,1
APUCON-2955dbef2bc235d989f5abcc,CINTA PLASTICA DE SEGURIDAD (COLOR REFLECTIVO),CINTA PLASTICA DE SEGURIDAD COLOR REFLECTIVO,m,1,1,1,1
APUCON-eac8ddee160cc5b072e3fceb,"PARANTE VIAL DE POLIETILENO H=1.41m, D=0.74m, INCLUYE BASE",PARANTE VIAL DE POLIETILENO H 1.41M D 0.74M INCLUYE BASE,u,1,1,1,1
APUCON-31db3122912c58587826d131,LETRERO METALICO REFLECTIVO PARA SEÑAL DE SEGURIDAD,LETRERO METALICO REFLECTIVO PARA SENAL DE SEGURIDAD,m2,1,1,1,1
APUCON-6db97741eb9d807888a9cc0e,TANQUETAS PROTECTOR VIAL DE POLIETILENO,TANQUETAS PROTECTOR VIAL DE POLIETILENO,u,1,1,1,1
APUCON-6f119af8bbe85f39c03c8051,CONOS DE SEGURIDAD H: 70cm CON REFLECTIVO CON BASE DE CAUCHO,CONOS DE SEGURIDAD H 70CM CON REFLECTIVO CON BASE DE CAUCHO,u,1,1,1,1
APUCON-92a88cf6212ef444e2a4fb49,EXTINTOR PQS 10 lb,EXTINTOR PQS 10 LB,u,1,1,1,1
APUCON-2c40858ed57fcc9a1fc3fcb1,BOTIQUIN DE PRIMEROS AUXILIOS,BOTIQUIN DE PRIMEROS AUXILIOS,u,1,1,1,1
APUCON-1e44a65fa4da580bd0ead64b,KIT ANTIDERRAMES,KIT ANTIDERRAMES,u,1,1,1,1
APUCON-23b262b2a85f0ad3ef88483e,MATERIAL CHARLAS INFORMATIVAS,MATERIAL CHARLAS INFORMATIVAS,u,1,1,1,1
APUCON-a04c3202afbb6779d7b82dba,MONITOREO DE MATERIAL PARTICULADO (PM10 Y PM2.5),MONITOREO DE MATERIAL PARTICULADO PM10 Y PM2.5,u,1,1,1,1
APUCON-f9a8052e663317e22dd892c8,MONITOREO DE RUIDO,MONITOREO DE RUIDO,u,1,1,1,1
APUCON-c16fccc67dbbd1a460a11321,"DESMONTAJE Y TRASLADO A BODEGA MUNICIPAL: BASUREROS, BANCAS METALICAS, BOLARDOS E HIDRANTES",DESMONTAJE Y TRASLADO A BODEGA MUNICIPAL BASUREROS BANCAS METALICAS BOLARDOS E HIDRANTES,u,1,2,1,1
APUCON-3709686cadc742f5293dc7e6,DESMONTAJE Y MONTAJE DE ADOQUINES DE ARCILLA DE VARIOS COLORES,DESMONTAJE Y MONTAJE DE ADOQUINES DE ARCILLA DE VARIOS COLORES,m2,1,2,1,1
APUCON-f21fa22ffb22ef2abe2f55e2,DESMONTAJE Y TRASLADO A BODEGA MUNICIPAL: POSTES DE SEÑALIZACION,DESMONTAJE Y TRASLADO A BODEGA MUNICIPAL POSTES DE SENALIZACION,u,1,2,1,1
APUCON-e71904c3f4878271f24c8b92,DESMONTAJE Y ENTREGA A SUS PROPIETARIOS DE LETREROS DE PUBLICIDAD,DESMONTAJE Y ENTREGA A SUS PROPIETARIOS DE LETREROS DE PUBLICIDAD,u,1,2,1,1
APUCON-cad622389b8de135093f7a18,"APUNTALAMIENTO PROVISIONAL: POSTE DE LUZ, COMUNICACION, SEMAFORIZACION, LETRERO PUBLICITARIO Y ARBOLES",APUNTALAMIENTO PROVISIONAL POSTE DE LUZ COMUNICACION SEMAFORIZACION LETRERO PUBLICITARIO Y ARBOLES,u,1,2,1,1
APUCON-0bcf0ef2c73a0fe52539bec7,DESMONTAJE Y TRASLADO A BODEGA MUNICIPAL: REJILLAS PARA SUMIDEROS,DESMONTAJE Y TRASLADO A BODEGA MUNICIPAL REJILLAS PARA SUMIDEROS,u,1,2,1,1
APUCON-4254e25c0ab0f4b242d7048c,"TRANSPORTE DE TAPA DE CAJA SOBRANTE DE LA UNIDAD ELECTRICA, CORPORACION NACIONAL DE TELECOMUNICACIONES Y EMPRESA DE AGUA POTABLE",TRANSPORTE DE TAPA DE CAJA SOBRANTE DE LA UNIDAD ELECTRICA CORPORACION NACIONAL DE TELECOMUNICACIONES Y EMPRESA DE AGUA POTABLE,u,1,2,1,1
APUCON-4c579a225cdbc566309c45fc,DESMONTAJE DE TECHO EXISTENTE Y ESTRUCTURAS METALICAS EXISTENTE Y ENTREGA A SU PROPIETARIO,DESMONTAJE DE TECHO EXISTENTE Y ESTRUCTURAS METALICAS EXISTENTE Y ENTREGA A SU PROPIETARIO,m2,1,2,1,1
APUCON-6a56b34054b067ab1be7980b,DESMONTAJE DE CERRAMIENTO Y ESTRUCTURA METALICA EXISTENTES Y ENTREGA A PROPIETARIO,DESMONTAJE DE CERRAMIENTO Y ESTRUCTURA METALICA EXISTENTES Y ENTREGA A PROPIETARIO,m2,1,2,1,1
APUCON-255c24f4df21c478baa00410,RETIRADA DE POSTE CON LUMINARIAS Y ENTREGA A PROPIETARIO,RETIRADA DE POSTE CON LUMINARIAS Y ENTREGA A PROPIETARIO,u,1,2,1,1
APUCON-a3f915e09459d106dedf3b20,RETIRO DE PILARES DE MADERA,RETIRO DE PILARES DE MADERA,u,1,2,1,1
APUCON-3d5597f1d010345cdd729fee,DEMOLICION DE CONTRAPISO EN SOPORTALES Y ACERAS (INCLUYE RECUBRIMIENTOS Y DESALOJO),DEMOLICION DE CONTRAPISO EN SOPORTALES Y ACERAS INCLUYE RECUBRIMIENTOS Y DESALOJO,m2,1,2,1,1
APUCON-8c9793d0860dfdb645f8bf0f,DEMOLICION CON MAQUINA DE BORDILLO CUNETA DE HORMIGON SIMPLE (INCL. DESALOJO),DEMOLICION CON MAQUINA DE BORDILLO CUNETA DE HORMIGON SIMPLE INCL. DESALOJO,m,1,2,1,1
APUCON-469686e37bc293ea8bd47c8c,"DEMOLICION Y DESALOJO CON MAQUINARIA DE HORMIGON SIMPLE, MUROS, MESAS, ESCALONES, SUMIDEROS, JARDINERAS, CAJAS EN ACERAS Y SOPORTALES (INCL. DESALOJO)",DEMOLICION Y DESALOJO CON MAQUINARIA DE HORMIGON SIMPLE MUROS MESAS ESCALONES SUMIDEROS JARDINERAS CAJAS EN ACERAS Y SOPORTALES INCL. DESALOJO,m3,1,2,1,1
APUCON-9c5a62ffd75a7a3fedfb95ad,DEMOLICION DE ESTRUCTURAS CON HORMIGON ARMADO (INCL. DESALOJO),DEMOLICION DE ESTRUCTURAS CON HORMIGON ARMADO INCL. DESALOJO,m3,1,2,1,1
APUCON-63d7e26de944fdfbaaa7939a,DEMOLICION MANUAL Y DESALOJO DE CONTRAPISO Y OTROS ELEMENTOS DE HORMIGON,DEMOLICION MANUAL Y DESALOJO DE CONTRAPISO Y OTROS ELEMENTOS DE HORMIGON,m3,1,2,1,1
APUCON-99c7972f0f58ef1759ba8972,EXCAVACION A MAQUINA EN SUELO SIN CLASIFICAR (INCL. DESALOJO),EXCAVACION A MAQUINA EN SUELO SIN CLASIFICAR INCL. DESALOJO,m3,1,2,1,1
APUCON-d7c599ee0c19bfb629aaac4d,"EXCAVACION A MANO EN SUELO SIN CLASIFICAR, PROFUNDIDAD DE (0 A 2.00m) (INCL. DESALOJO)",EXCAVACION A MANO EN SUELO SIN CLASIFICAR PROFUNDIDAD DE 0 A 2.00M INCL. DESALOJO,m3,1,2,1,1
APUCON-8c20ee7a19885ed5761bc8a9,RELLENO COMPACTADO AL 95% DEL PROCTOR MODIFICADO CON MATERIAL DE PRESTAMO IMPORTADO (INCL. TRANSPORTE),RELLENO COMPACTADO AL 95% DEL PROCTOR MODIFICADO CON MATERIAL DE PRESTAMO IMPORTADO INCL. TRANSPORTE,m3,1,2,1,1
APUCON-172b3d8bae5bbce2252fc718,"MATERIAL - SUB BASE CLASE 3 (INCL. TRANSPORTE, TENDIDO Y COMPACTACION)",MATERIAL - SUB BASE CLASE 3 INCL. TRANSPORTE TENDIDO Y COMPACTACION,m3,1,2,1,1
APUCON-1b50084c9862758158ef0cec,"RAMPA PEATONAL EN ACERAS HORMIGON SIMPLE F'C=210 KG/CM2, E=8CM (INCL. MALLA ELECTROSOLDADA 15x15cm Ø8mm, JUNTA CON MATERIAL BITUMINOSO, VIGA DE BORDE Y ACABADOS)",RAMPA PEATONAL EN ACERAS HORMIGON SIMPLE F'C 210 KG/CM2 E 8CM INCL. MALLA ELECTROSOLDADA 15X15CM DIAM 8MM JUNTA CON MATERIAL BITUMINOSO VIGA DE BORDE Y ACABADOS,m2,1,2,1,1
APUCON-613305b611d886934dd3da11,"RAMPA VEHICULAR EN ACERA F'C=280 KG/CM2, E=15cm (CON DOBLE MALLA ELECTROSOLDADA Ø8mm C/15x15 cm)",RAMPA VEHICULAR EN ACERA F'C 280 KG/CM2 E 15CM CON DOBLE MALLA ELECTROSOLDADA DIAM 8MM C/15X15 CM,m2,1,2,1,1
APUCON-0d179378ffae6ae2259efdc0,BORDILLO CUNETA TIPO 40x60x15cm CON HORMIGON SIMPLE F´C= 280 KG/CM2 (INCL. CURADOR Y SELLADO DE JUNTA CON MATERIAL BITUMINOSO),BORDILLO CUNETA TIPO 40X60X15CM CON HORMIGON SIMPLE F C 280 KG/CM2 INCL. CURADOR Y SELLADO DE JUNTA CON MATERIAL BITUMINOSO,m,1,2,1,1
APUCON-741da37487f74ef47b3904cd,BORDILLO DE RAMPA VEHICULAR Y PEATONAL CON HORMIGON SIMPLE F'C=280 KG/CM2 (INCL. CONSTRUCCION Y SELLADO DE JUNTAS),BORDILLO DE RAMPA VEHICULAR Y PEATONAL CON HORMIGON SIMPLE F'C 280 KG/CM2 INCL. CONSTRUCCION Y SELLADO DE JUNTAS,m,1,2,1,1
APUCON-7a96a92d60a2c3ed4e58677e,BORDILLO SIN CUNETA CON HORMIGON SIMPLE F´C= 280 KG/CM2 (INCL. CONSTRUCCION Y SELLADO DE JUNTAS),BORDILLO SIN CUNETA CON HORMIGON SIMPLE F C 280 KG/CM2 INCL. CONSTRUCCION Y SELLADO DE JUNTAS,m,1,2,1,1
APUCON-6c818d697e2ceebddda7a5ad,CUNETA SIN BORDILLO CON HORMIGON SIMPLE F'C=280 KG/CM2 (INCL. CONSTRUCCION Y SELLADO DE JUNTAS),CUNETA SIN BORDILLO CON HORMIGON SIMPLE F'C 280 KG/CM2 INCL. CONSTRUCCION Y SELLADO DE JUNTAS,m,1,2,1,1
APUCON-e6c327dcf5ac341aa5738240,BORDILLO TIPO ESCALON DE HORMIGON SIMPLE F´C=210 KG/CM2 (DOBLE ESCALON),BORDILLO TIPO ESCALON DE HORMIGON SIMPLE F C 210 KG/CM2 DOBLE ESCALON,m,1,2,1,1
APUCON-126278f4831b2a77d966d8a8,BORDILLO TIPO ESCALÓN SIN CUNETA DE HORMIGÓN SIMPLE F´C=210 KG/CM2 (DOBLE ESCALÓN),BORDILLO TIPO ESCALON SIN CUNETA DE HORMIGON SIMPLE F C 210 KG/CM2 DOBLE ESCALON,m,1,2,1,1
APUCON-9a85a11571f6725a3f53956e,BORDILLO TRIPLE ESCALON DE HORMIGON SIMPLE VISTO F´C=280KG/CM2 (BORDILLO TRIPLE ESCALÓN),BORDILLO TRIPLE ESCALON DE HORMIGON SIMPLE VISTO F C 280KG/CM2 BORDILLO TRIPLE ESCALON,m,1,2,1,1
APUCON-5d97b5475adb4a3cdd47232f,ESCALONES Y RAMPAS EN SOPORTALES DE HORMIGÓN F`C=210KG/CM2,ESCALONES Y RAMPAS EN SOPORTALES DE HORMIGON F C 210KG/CM2,m3,1,2,1,1
APUCON-ce7787b78fd64efb4c418209,"HORMIGÓN SIMPLE PARA CAJAS, DUCTOS, ENCAMISADOS, TAPAS, BORDILLOS EN ACERAS, PILARES, VIGUETAS Y SOPORTALES F´C=210 KG/CM2 / (INCL. ENCOFRADO)",HORMIGON SIMPLE PARA CAJAS DUCTOS ENCAMISADOS TAPAS BORDILLOS EN ACERAS PILARES VIGUETAS Y SOPORTALES F C 210 KG/CM2 / INCL. ENCOFRADO,m3,1,2,1,1
APUCON-c70108205f89db564999d0d4,HORMIGÓN FUNDIDO CON PIGMENTO TONO SIMILAR AL ADOQUÍN E= 8 CM,HORMIGON FUNDIDO CON PIGMENTO TONO SIMILAR AL ADOQUIN E 8 CM,m2,1,2,1,1
APUCON-cbbb2ec5f83f3fa5e1234a47,"HORMIGÓN ARMADO PARA COLUMNAS, RIOSTRAS, VIGAS DE AMARRE F´C=210 KG/CM2 (INCL. ENCOFRADO)",HORMIGON ARMADO PARA COLUMNAS RIOSTRAS VIGAS DE AMARRE F C 210 KG/CM2 INCL. ENCOFRADO,m3,1,2,1,1
APUCON-2d04088de5e55f9850ef5893,MURO SEPARADOR DE PISO HORMIGON SIMPLE F'C=210 KG/CM2 DE 15x15 cm (INCL. MURO DE CONFINAMIENTO DE ADOQUIN),MURO SEPARADOR DE PISO HORMIGON SIMPLE F'C 210 KG/CM2 DE 15X15 CM INCL. MURO DE CONFINAMIENTO DE ADOQUIN,m,1,2,1,1
APUCON-36a5eb1c37d250073c05e10a,"ACERA O CAMINERA CON HORMIGON SIMPLE F'C=210 KG/CM2; E=10cm ACABADO DE HORMIGON BARRIDO O ACANALADO (INCL. MALLA ELECTROSOLDADA 5.5mm 15x15, ADITIVO CURADOR Y MATERIAL BITUMINOSO PARA JUNTAS DE 8 A 10mm CADA 3.5m)",ACERA O CAMINERA CON HORMIGON SIMPLE F'C 210 KG/CM2 E 10CM ACABADO DE HORMIGON BARRIDO O ACANALADO INCL. MALLA ELECTROSOLDADA 5.5MM 15X15 ADITIVO CURADOR Y MATERIAL BITUMINOSO PARA JUNTAS DE 8 A 10MM CADA 3.5M,m2,1,2,1,1
APUCON-857379764daa0aa600a3b831,CONTRAPISO DE HORMIGON SIMPLE F`C=210 KG/CM2; E=8CM (INCL. ENCOFRADO),CONTRAPISO DE HORMIGON SIMPLE F C 210 KG/CM2 E 8CM INCL. ENCOFRADO,m2,1,2,1,1
APUCON-3f5319b4b823b27c3dd01a1a,"MURO DE HORMIGON ARMADO PARA ARBOL DE 110x110cm (EXTERIOR) DE F'C= 210 KG/CM2, E=10.00cm (INCL. MALLA ELECTROSOLDADA Ø5,5mm C/ 15x15cm)",MURO DE HORMIGON ARMADO PARA ARBOL DE 110X110CM EXTERIOR DE F'C 210 KG/CM2 E 10.00CM INCL. MALLA ELECTROSOLDADA DIAM 5 5MM C/ 15X15CM,u,1,2,1,1
APUCON-dedc36217ef9464629d656c4,"MURO DE HORMIGON ARMADO PARA ARBOL DE 165x165cm (EXTERIOR) F´C=210 KG/CM2, E=10cm (INCL. MALLA ELECTROSOLDADA Ø5,5mm C/15x15cm)",MURO DE HORMIGON ARMADO PARA ARBOL DE 165X165CM EXTERIOR F C 210 KG/CM2 E 10CM INCL. MALLA ELECTROSOLDADA DIAM 5 5MM C/15X15CM,u,1,2,1,1
APUCON-e13458c928522eda3a43dc9c,"MURO DE HORMIGON ARMADO PARA ARBOL EN JARDINERAS ESQUINERAS F´C= 210 KG/CM2 (INCL. MALLA ELECTROSOLDADA Ø5,5mm C/15x15cm)",MURO DE HORMIGON ARMADO PARA ARBOL EN JARDINERAS ESQUINERAS F C 210 KG/CM2 INCL. MALLA ELECTROSOLDADA DIAM 5 5MM C/15X15CM,u,1,2,1,1
APUCON-e5ccf10fe99bb37b392e556c,"MURO DE HORMIGON ARMADO PARA ARBOL EN ESTACIONAMIENTOS DE F´C= 280 KG/CM2, E=15cm (INCL. DOBLE MALLA ELECTROSOLDADA Ø5,5mm C/ 15x15cm)",MURO DE HORMIGON ARMADO PARA ARBOL EN ESTACIONAMIENTOS DE F C 280 KG/CM2 E 15CM INCL. DOBLE MALLA ELECTROSOLDADA DIAM 5 5MM C/ 15X15CM,u,1,2,1,1
APUCON-ee9051aa4e2cda3b0ca834c7,"MURO DE HORMIGON ARMADO PARA ARBOL DE F'C=280 KG/CM2, E=15cm (INCL. DOBLE MALLA ELECTROSOLDADA Ø5,5mm C/15x15cm)",MURO DE HORMIGON ARMADO PARA ARBOL DE F'C 280 KG/CM2 E 15CM INCL. DOBLE MALLA ELECTROSOLDADA DIAM 5 5MM C/15X15CM,m,1,2,1,1
APUCON-0fc1919871d6f9bb9767292b,SUMINISTRO E INSTALACION DE VENTANA CORREDIZA CON PERFIL DE ALUMINIO NATURAL Y VIDRIO CLARO E=6.00mm (INCL. MALLA ANTIMOSQUITO Y TRANSPORTE),SUMINISTRO E INSTALACION DE VENTANA CORREDIZA CON PERFIL DE ALUMINIO NATURAL Y VIDRIO CLARO E 6.00MM INCL. MALLA ANTIMOSQUITO Y TRANSPORTE,m2,1,2,1,1
APUCON-f5eab3197fa4cdbe87eeaa3f,SUMINISTRO E INSTALACION DE PUERTA DE MADERA TAMBORADA (INCL. MARCO Y TAPAMARCO),SUMINISTRO E INSTALACION DE PUERTA DE MADERA TAMBORADA INCL. MARCO Y TAPAMARCO,m2,1,2,1,1
APUCON-fb268ad232ee7360933ae180,"SUMINISTRO E INSTALACION DE CUBIERTA DE PLANCHA METALICA, REVESTIMIENTO DE ALUMINIO Y ZINC E=0,35mm (INCL. CUMBREROS)",SUMINISTRO E INSTALACION DE CUBIERTA DE PLANCHA METALICA REVESTIMIENTO DE ALUMINIO Y ZINC E 0 35MM INCL. CUMBREROS,m2,1,2,1,1
APUCON-1ce0116df96db71140edbc06,PERFILERIA METALICA (CORREAS) PARA SOPORTE DE CUBIERTA (INCL. PINTURA ANTICORROSIVA),PERFILERIA METALICA CORREAS PARA SOPORTE DE CUBIERTA INCL. PINTURA ANTICORROSIVA,m2,1,2,1,1
APUCON-c12dac66271f31bc5d15e80b,"CERRAMIENTO DE SOLARES VACIOS (INCL. MAMPOSTERIA, CIMENTACION Y METAL MECANICA)",CERRAMIENTO DE SOLARES VACIOS INCL. MAMPOSTERIA CIMENTACION Y METAL MECANICA,m,1,2,1,1
APUCON-f063d558079ab9f84373d430,"CERRAMIENTO DE FIBROCEMENTO (INCL. PINTURA, ACERO DE REFUERZO, BLOQUE CEMENTO Y MALLA ELECTROSOLDADA)",CERRAMIENTO DE FIBROCEMENTO INCL. PINTURA ACERO DE REFUERZO BLOQUE CEMENTO Y MALLA ELECTROSOLDADA,m,1,2,1,1
APUCON-b1c5a9fb8d8e8f4531ffae00,"SUMINISTRO E INSTALACION DE HIDRANTES DE 4"" (110mm) CON DOS SALIDAS DE 2 1/2"" (75mm) (INCL. CAJETIN, TAPA METALICA CON MARCO Y CONTRAMARCO Y VISOR, GIBAULT, BRIDA, MEDIDOR DE 3"" (90mm), VALVULA, ACCESORIOS VARIOS, PINTURA Y ACERO DE REFUERZO)",SUMINISTRO E INSTALACION DE HIDRANTES DE 4 110MM CON DOS SALIDAS DE 2 1/2 75MM INCL. CAJETIN TAPA METALICA CON MARCO Y CONTRAMARCO Y VISOR GIBAULT BRIDA MEDIDOR DE 3 90MM VALVULA ACCESORIOS VARIOS PINTURA Y ACERO DE REFUERZO,u,1,2,1,1
APUCON-818b3f6beb51c98a4fd725d7,"ENCAMISADO DE PROTECCION PARA CANALIZACION (1 Y 2 TUBOS D=2"" (63mm)) - (INCL. MALLA PARA ENLUCIR Y ENLUCIDO DE FACHADA PARA ACOMETIDAS ELECTRICAS, DATOS Y EMPRESA DE TELECOMUNICACIONES)",ENCAMISADO DE PROTECCION PARA CANALIZACION 1 Y 2 TUBOS D 2 63MM - INCL. MALLA PARA ENLUCIR Y ENLUCIDO DE FACHADA PARA ACOMETIDAS ELECTRICAS DATOS Y EMPRESA DE TELECOMUNICACIONES,m,1,2,1,1
APUCON-bd393bdb4a89b065af616c69,"PERFORACION DE VIGAS, RIOSTRAS Y OTROS ELEMENTOS ESTRUCTURALES PARA ACOMETIDAS ELECTRICAS - DATOS Y EMPRESA DE TELECOMUNICACIONES (INCL. RESANE RESPECTIVO)",PERFORACION DE VIGAS RIOSTRAS Y OTROS ELEMENTOS ESTRUCTURALES PARA ACOMETIDAS ELECTRICAS - DATOS Y EMPRESA DE TELECOMUNICACIONES INCL. RESANE RESPECTIVO,u,1,2,1,1
APUCON-2e665d5c0cdac09c99a614c6,ENCAMISADO DE HORMIGON SIMPLE F'C=210 KG/CM2 PARA PROTECCION DE TUBERIA EXISTENTE DE AA.PP.,ENCAMISADO DE HORMIGON SIMPLE F'C 210 KG/CM2 PARA PROTECCION DE TUBERIA EXISTENTE DE AA.PP,m,1,2,1,1
APUCON-6170de69e383e2715fc368ab,ENLUCIDO DE FACHADA Y CULATAS DE EDIFICIOS,ENLUCIDO DE FACHADA Y CULATAS DE EDIFICIOS,m2,1,2,1,1
APUCON-f4588a20f0bdab6f85c3eeb8,ENLUCIDO Y RESANE DE FILOS APLICANDO MORTERO PREDOSIFICADO,ENLUCIDO Y RESANE DE FILOS APLICANDO MORTERO PREDOSIFICADO,m,1,2,1,1
APUCON-c11ab3181bd2c5482cf93476,"COLOCACION DE CANAL ANTIGATA PARA PUERTAS ENROLLABLES (INCL. BORDILLO DE HORMIGON SIMPLE REVESTIDO, ELEVACION DE PUERTA ENROLLABLE Y PINTURA ANTICORROSIVA)",COLOCACION DE CANAL ANTIGATA PARA PUERTAS ENROLLABLES INCL. BORDILLO DE HORMIGON SIMPLE REVESTIDO ELEVACION DE PUERTA ENROLLABLE Y PINTURA ANTICORROSIVA,m,1,2,1,1
APUCON-9f07b2e7bd9e194668dd9bfd,COLOCACION DE ANGULO EN PUERTA ENROLLABLE PARA ANTIGATA,COLOCACION DE ANGULO EN PUERTA ENROLLABLE PARA ANTIGATA,m,1,2,1,1
APUCON-b5f6719a3002ad8ef3939387,RESANE DE BORDILLO EXISTENTE (INCL. ADITIVO),RESANE DE BORDILLO EXISTENTE INCL. ADITIVO,m,1,2,1,1
APUCON-0967f7f5683fffff11a2f083,ENLUCIDO DE PILARES DE MADERA (INCLUYE MALLA PARA ENLUCIR),ENLUCIDO DE PILARES DE MADERA INCLUYE MALLA PARA ENLUCIR,m2,1,2,1,1
APUCON-73461f1cc16065c09e18186c,MAMPOSTERIA DE BLOQUE PESADO DE HORMIGON DE 9x19x39cm (INCL. APLICACIÓN DE MORTERO PREDOSIFICADO),MAMPOSTERIA DE BLOQUE PESADO DE HORMIGON DE 9X19X39CM INCL. APLICACION DE MORTERO PREDOSIFICADO,m2,1,2,1,1
APUCON-3f2ce9489e0dfc12137b5220,MOLDURA DE CEMENTO,MOLDURA DE CEMENTO,m,1,2,1,1
APUCON-ddb287fad9d3b28370eb19e8,"SUMINISTRO E INSTALACION CON PISO DE PORCELANATO NACIONAL DE 30x30cm BALDOSA, CERAMICA, ETC/ (PISO A REPARAR, IGUAL O MEJOR AL EXISTENTE) ANTIDESLIZANTE (INCL. MORTERO, PEGAMENTO Y MATERIAL DE EMPORE PARA JUNTA)",SUMINISTRO E INSTALACION CON PISO DE PORCELANATO NACIONAL DE 30X30CM BALDOSA CERAMICA ETC/ PISO A REPARAR IGUAL O MEJOR AL EXISTENTE ANTIDESLIZANTE INCL. MORTERO PEGAMENTO Y MATERIAL DE EMPORE PARA JUNTA,m2,1,2,1,1
APUCON-9f58c23a44217b748b3969e6,"SUMINISTRO E INSTALACION DE PISO CON ADOQUIN DE ARCILLA 10x20x2,5cm DE COLORES (INCL. HIDRO-LAVADO, SELLADO, RELLENO DE JUNTAS Y BASE DE MORTERO)",SUMINISTRO E INSTALACION DE PISO CON ADOQUIN DE ARCILLA 10X20X2 5CM DE COLORES INCL. HIDRO-LAVADO SELLADO RELLENO DE JUNTAS Y BASE DE MORTERO,m2,1,2,1,1
APUCON-e6e1169a196afb84d590a9ba,"SUMINISTRO E INSTALACION DE PISO CON BALDOSA PODOTACTIL DE PIEDRA CALIZA DE 30x30cm (INCL. CONTRAPISO E=8cm, F'C=280 Kg/cm2)",SUMINISTRO E INSTALACION DE PISO CON BALDOSA PODOTACTIL DE PIEDRA CALIZA DE 30X30CM INCL. CONTRAPISO E 8CM F'C 280 KG/CM2,m2,1,2,1,1
APUCON-7f1f402cf75be8455d33dc38,REVESTIMIENTO CON GRANITO LAVADO EN EL CASO DE ESCALONES (INCL. HUELLA Y CONTRAHUELLA),REVESTIMIENTO CON GRANITO LAVADO EN EL CASO DE ESCALONES INCL. HUELLA Y CONTRAHUELLA,m2,1,2,1,1
APUCON-36772e59d02e177362fbcf21,PINTURA LATEX PARA FACHADAS O CERRAMIENTOS (INCL. LIMPIEZA PREVIA E HIDRO-LAVADO Y SELLADO),PINTURA LATEX PARA FACHADAS O CERRAMIENTOS INCL. LIMPIEZA PREVIA E HIDRO-LAVADO Y SELLADO,m2,1,2,1,1
APUCON-af6d68fa71473a6c982a2545,PINTURA ESMALTE PARA FACHADA O CERRAMIENTO (INCL. LIMPIEZA PREVIA E HIDRO-LAVADO Y SELLADO),PINTURA ESMALTE PARA FACHADA O CERRAMIENTO INCL. LIMPIEZA PREVIA E HIDRO-LAVADO Y SELLADO,m2,1,2,1,1
APUCON-1a9f8bd709fe01d1e75e7a8a,LIMPIEZA DE PAREDES CON HIDRO-LAVADO PARA (EDIFICIOS QUE NO SE PINTAN),LIMPIEZA DE PAREDES CON HIDRO-LAVADO PARA EDIFICIOS QUE NO SE PINTAN,m2,1,2,1,1
APUCON-1a7e8079b5211971f74c1585,BLANQUEADO DE CULATAS,BLANQUEADO DE CULATAS,m2,1,2,1,1
APUCON-b3ace890fc85a73fc37a4fe4,PINTURA PARA CERRAMIENTO Y REJAS DE ESTRUCTURA METALICA PARA TODAS LAS CARAS (INCL. PINTURA ANTICORROSIVA),PINTURA PARA CERRAMIENTO Y REJAS DE ESTRUCTURA METALICA PARA TODAS LAS CARAS INCL. PINTURA ANTICORROSIVA,m2,1,2,1,1
APUCON-1a462bc819f0910a0d3a02c3,PINTURA DE PUERTAS METALICAS (INCL. PINTURA ANTICORROSIVA EN LAS DOS CARAS),PINTURA DE PUERTAS METALICAS INCL. PINTURA ANTICORROSIVA EN LAS DOS CARAS,m2,1,2,1,1
APUCON-2cb9fb13e39d3128df2aec61,"REPOSICION DE RECUBRIMIENTO DE PISOS (DIVERSOS TIPOS), POR EL TRASLADO DE MEDIDORES ELECTRICOS (SOLO RECUBRIMIENTO DE PISOS, NO INCLUYE CONTRAPISO)",REPOSICION DE RECUBRIMIENTO DE PISOS DIVERSOS TIPOS POR EL TRASLADO DE MEDIDORES ELECTRICOS SOLO RECUBRIMIENTO DE PISOS NO INCLUYE CONTRAPISO,m2,1,2,1,1
APUCON-fac555ed1cf1539538679e44,CORTE ROTURA Y DESALOJO DE ASFALTO,CORTE ROTURA Y DESALOJO DE ASFALTO,m2,1,2,1,1
APUCON-cf6ae86b204703aa9c8925e1,"CORTE, ROTURA Y DESALOJO DE PAVIMENTO RIGIDO EN CALLE DE E=20 - 25CM",CORTE ROTURA Y DESALOJO DE PAVIMENTO RIGIDO EN CALLE DE E 20 - 25CM,m3,1,2,1,1
APUCON-6473901859113f306bc355e1,HORMIGON FLUIDO F'C=280 KG/CM2 CON ACELERANTE PARA PROTECCION DE TUBERIA (INCL. ADITIVO ACELERANTE PARA QUE EL HORMIGON ADQUIERA SU RESISTENCIA A LOS TRES DIAS PARA EL PASO VEHICULAR),HORMIGON FLUIDO F'C 280 KG/CM2 CON ACELERANTE PARA PROTECCION DE TUBERIA INCL. ADITIVO ACELERANTE PARA QUE EL HORMIGON ADQUIERA SU RESISTENCIA A LOS TRES DIAS PARA EL PASO VEHICULAR,m3,1,2,1,1
APUCON-dfc6cf5a93580d45dc286a97,"MATERIAL BASE CLASE - 1 (INCL. TENDIDO, COMPACTACION Y TRANSPORTE)",MATERIAL BASE CLASE - 1 INCL. TENDIDO COMPACTACION Y TRANSPORTE,m3,1,2,1,1
APUCON-69ac406ac87e90dc27af2df6,RELLENO CON ARENA (INCL. TRANSPORTE),RELLENO CON ARENA INCL. TRANSPORTE,m3,1,2,1,1
APUCON-0b25d8a128f750299e0cb44a,"PAVIMENTO RIGIDO DE HORMIGON 4,5 MPA; E=20cm (INCL. CURADO, ACERO DE REFUERZO Y SELLADO DE JUNTAS CON AP3)",PAVIMENTO RIGIDO DE HORMIGON 4 5 MPA E 20CM INCL. CURADO ACERO DE REFUERZO Y SELLADO DE JUNTAS CON AP3,m3,1,2,1,1
APUCON-09a804a97508ac6e987646a4,REPOSICION DE CARPETA ASFALTICA E=5cm (INCL. IMPRIMACION Y SELLADO),REPOSICION DE CARPETA ASFALTICA E 5CM INCL. IMPRIMACION Y SELLADO,m3,1,2,1,1
APUCON-c723ea1d105423cdd7d65d38,HORMIGON PREMEZCLADO PARA PAVIMENTO DE F'C= 280 KG/CM2 (INCL. CURADOR Y ENCOFRADO),HORMIGON PREMEZCLADO PARA PAVIMENTO DE F'C 280 KG/CM2 INCL. CURADOR Y ENCOFRADO,m3,1,2,1,1
APUCON-750654057fda1dea99b2d949,SUMINISTRO E INSTALACION DE BOLARDO METALICO RELLENO DE HORMIGON DE F'C= 180 kg/cm2 (INCL. BASE DE HORMIGON Y ACERO DE REFUERZO),SUMINISTRO E INSTALACION DE BOLARDO METALICO RELLENO DE HORMIGON DE F'C 180 KG/CM2 INCL. BASE DE HORMIGON Y ACERO DE REFUERZO,u,1,2,1,1
APUCON-847439ec9b6955b76fd1d71a,PROVISION E INSTALACION DE BOLARDO METALICO RELLENO DE HORMIGON DE F'C= 210 kg/cm2 CON RIOSTRA PARA EQUIPOS ELECTRICOS (INCL. BASE DE HORMIGON),PROVISION E INSTALACION DE BOLARDO METALICO RELLENO DE HORMIGON DE F'C 210 KG/CM2 CON RIOSTRA PARA EQUIPOS ELECTRICOS INCL. BASE DE HORMIGON,u,1,2,1,1
APUCON-31c42f2d2033f2c6b68f1002,PROVISIÓN E INSTALACION DE BASURERO (INCL. BASE DE HORMIGÓN ARMADO F´C= 210 KG/CM2 - DOS BASES DE 15x50x20cm),PROVISION E INSTALACION DE BASURERO INCL. BASE DE HORMIGON ARMADO F C 210 KG/CM2 - DOS BASES DE 15X50X20CM,u,1,2,1,1
APUCON-10724187c11d57a45f6f87ef,PROVISIÓN E INSTALACIÓN DE BANCAS METÁLICAS (INCL. INSTALACIÓN DE LAS MISMAS Y BASES DE HORMIGÓN),PROVISION E INSTALACION DE BANCAS METALICAS INCL. INSTALACION DE LAS MISMAS Y BASES DE HORMIGON,u,1,2,1,1
APUCON-164892efe109c7eb92f55195,"EXCAVACION Y BASE DE HORMIGON DE F'C=210 KG/CM2, DIM:30x30x45cm PARA BASE DE SEÑALIZACION VERTICAL (INCL. CURADOR Y ACERO)",EXCAVACION Y BASE DE HORMIGON DE F'C 210 KG/CM2 DIM 30X30X45CM PARA BASE DE SENALIZACION VERTICAL INCL. CURADOR Y ACERO,u,1,2,1,1
APUCON-6dd83b0cf37d6459b1c6985f,"SUMINISTRO E INSTALACION DE TAPA CON MARCO METALICO DE 75x6mm Y MALLA ELECTROSOLDADA D=5,5mm c/10x10cm CON HORMIGON F'C=210 KG/CM2 (INCL. PATAS DE ANCLAJE PARA CAJA Y SU INSTALACION)",SUMINISTRO E INSTALACION DE TAPA CON MARCO METALICO DE 75X6MM Y MALLA ELECTROSOLDADA D 5 5MM C/10X10CM CON HORMIGON F'C 210 KG/CM2 INCL. PATAS DE ANCLAJE PARA CAJA Y SU INSTALACION,m2,1,2,1,1
APUCON-406c5ecff4a847f8e809e6c8,INSTALACIÓN DE TAPA DE HIERRO DÚCTIL ABISAGRADAS DE SERVICIOS BÁSICOS ENTREGADA EN OBRA (INCL. ARMADURA),INSTALACION DE TAPA DE HIERRO DUCTIL ABISAGRADAS DE SERVICIOS BASICOS ENTREGADA EN OBRA INCL. ARMADURA,u,1,2,1,1
APUCON-ddf7c8131d0d554ddd837199,"SUMINISTRO E INSTALACION DE PASAMANO DE ACERO INOXIDABLE CON TUBO DE D= 2"" Y TUBO CUADRADO DE D=1"" DE DIAMETRO, CON E=1,5mm (INCL. TAPA BASE, CODOS Y PERNOS DE SUJECION)",SUMINISTRO E INSTALACION DE PASAMANO DE ACERO INOXIDABLE CON TUBO DE D 2 Y TUBO CUADRADO DE D 1 DE DIAMETRO CON E 1 5MM INCL. TAPA BASE CODOS Y PERNOS DE SUJECION,m,1,2,1,1
APUCON-6f132daf761f9f83dbd087ae,"SUMINISTRO E INSTALACION DE TUBERIA PVC ESTRUCTURAL DE D=10"" (250mm) PARA SISTEMA DE AGUAS LLUVIAS (INCL. CAMA DE ARENA Y PRUEBA DE ESTANQUEIDAD)",SUMINISTRO E INSTALACION DE TUBERIA PVC ESTRUCTURAL DE D 10 250MM PARA SISTEMA DE AGUAS LLUVIAS INCL. CAMA DE ARENA Y PRUEBA DE ESTANQUEIDAD,m,1,2,1,1
APUCON-33b8a8f5ef9e33cd37eb4a04,SUMIDERO DOBLE HORMIGON F'C= 280 KG/CM2 EN CALZADA (INCL. REPLANTILLO TAPA DE HORMIGON ARMADO Y REJILLAS),SUMIDERO DOBLE HORMIGON F'C 280 KG/CM2 EN CALZADA INCL. REPLANTILLO TAPA DE HORMIGON ARMADO Y REJILLAS,u,1,2,1,1
APUCON-59349a3dfcdde1d691efc297,"SUMINISTRO E INSTALACION DE TUBERIA DE PVC TIPO PESADO DE D=4"" (110mm) (INCL. CAMA DE ARENA)",SUMINISTRO E INSTALACION DE TUBERIA DE PVC TIPO PESADO DE D 4 110MM INCL. CAMA DE ARENA,m,1,2,1,1
APUCON-05ad12662984bb9840b5ae00,CAJA DE PASO DE AA.LL. DE 70x70cm INTERIOR E=15cm (SIN TAPA) EN CALZADA PARA SUMIDEROS HORMIGÓN ARMADO F´C=280KG/CM2 (INCL. REPLANTILLO Y MALLA ELECTROSOLDADA 10x10cm Ø5.00mm),CAJA DE PASO DE AA.LL. DE 70X70CM INTERIOR E 15CM SIN TAPA EN CALZADA PARA SUMIDEROS HORMIGON ARMADO F C 280KG/CM2 INCL. REPLANTILLO Y MALLA ELECTROSOLDADA 10X10CM DIAM 5.00MM,u,1,2,1,1
APUCON-683ca45ab24a23f20368c3b6,CAJA DE PASO DE AA.LL. DE 70x70cm INTERIOR E=10cm (SIN TAPA) EN ACERA PARA SUMIDEROS DE HORMIGÓN SIMPLE F´C=210KG/CM2 (INCL. REPLANTILLO Y ACERO DE REFUERZO),CAJA DE PASO DE AA.LL. DE 70X70CM INTERIOR E 10CM SIN TAPA EN ACERA PARA SUMIDEROS DE HORMIGON SIMPLE F C 210KG/CM2 INCL. REPLANTILLO Y ACERO DE REFUERZO,u,1,2,1,1
APUCON-8963d6d3c997a4cd6ebea3c3,CAJAS DE PASO AASS DE 50x50cm INTERIOR E=10cm HORMIGON SIMPLE F´C=210KG/CM2; H < o = 1.20M (INCL. CUELLO DE HORMIGON ARMADO E INSTALACION DE TAPA DE GRAFITO ESFEROIDAL),CAJAS DE PASO AASS DE 50X50CM INTERIOR E 10CM HORMIGON SIMPLE F C 210KG/CM2 H O 1.20M INCL. CUELLO DE HORMIGON ARMADO E INSTALACION DE TAPA DE GRAFITO ESFEROIDAL,u,1,2,1,1
APUCON-b095a4de70d9539f64ebb741,"ALZADA DE CAJA DE MEDIDORES DE AGUA POTABLE Y REPARACIÓN DE GUÍAS (INCL. ANCLAJE DE HORMIGÓN, REPARACIÓN DE GUÍAS DOMICILIARIAS Y ACCESORIOS VARIOS)",ALZADA DE CAJA DE MEDIDORES DE AGUA POTABLE Y REPARACION DE GUIAS INCL. ANCLAJE DE HORMIGON REPARACION DE GUIAS DOMICILIARIAS Y ACCESORIOS VARIOS,u,1,2,1,1
APUCON-9c80404225b5f0f4e33b0ad8,"SUMINISTRO E INSTALACION DE TUBERIA PEAD D=1/2"" (Ø20mm),PE - 100PN/10BARS (INCL. CAMA DE ARENA Y ACCESORIOS VARIOS)",SUMINISTRO E INSTALACION DE TUBERIA PEAD D 1/2 DIAM 20MM PE - 100PN/10BARS INCL. CAMA DE ARENA Y ACCESORIOS VARIOS,m,1,2,1,1
APUCON-d994ca44474b0561fe7f3ab0,RECONFORMACION DE CUELLO DE HORMIGON SIMPLE PARA CAJAS EXISTENTES (INCL. PROVISIÓN E INSTALACIÓN DE TAPA HIERRO FUNDIDO 60x70cm ABISAGRADA DE 125KN),RECONFORMACION DE CUELLO DE HORMIGON SIMPLE PARA CAJAS EXISTENTES INCL. PROVISION E INSTALACION DE TAPA HIERRO FUNDIDO 60X70CM ABISAGRADA DE 125KN,u,1,2,1,1
APUCON-e2ef1af0daed974d9f74e410,CAJA DE PASO DE HORMIGON ARMADO DE 100x100x80 cm F'C=280 KG/CM2 EN CALZADA (INCL. INSTALACIÓN DE TAPA DEL SISTEMA ELÉCTRICO),CAJA DE PASO DE HORMIGON ARMADO DE 100X100X80 CM F'C 280 KG/CM2 EN CALZADA INCL. INSTALACION DE TAPA DEL SISTEMA ELECTRICO,u,1,2,1,1
APUCON-128dbbc92c1039731e2fa9dd,CAJA DE PASO DE HORMIGON ARMADO DE 100x100x80cm F'C=210 KG/CM2 EN ACERA (INCL. INSTALACION DE TAPA PARA SISTEMA ELECTRICO),CAJA DE PASO DE HORMIGON ARMADO DE 100X100X80CM F'C 210 KG/CM2 EN ACERA INCL. INSTALACION DE TAPA PARA SISTEMA ELECTRICO,u,1,1,1,1
APUCON-3e0f7b0e0702c7596ea0c09b,CAJA DE PASO DE HORMIGON ARMADO DE 200x100x80cm F'C=280KG/CM2 EN CALZADA (INCL. INSTALACIÓN DE TAPA PARA SISTEMA ELECTRICO),CAJA DE PASO DE HORMIGON ARMADO DE 200X100X80CM F'C 280KG/CM2 EN CALZADA INCL. INSTALACION DE TAPA PARA SISTEMA ELECTRICO,u,1,2,1,1
APUCON-e3ba0bd0d399bcfca70f9ca5,SUMINISTRO E INSTALACION TAPA DE GRAFITO ESFEROIDAL DE 150x75cm CON RESISTENCIA 400KN PARA CAJA DE 200x100x80cm CON RESISTENCIA 400KN PARA SISTEMA ELÉCTRICO,SUMINISTRO E INSTALACION TAPA DE GRAFITO ESFEROIDAL DE 150X75CM CON RESISTENCIA 400KN PARA CAJA DE 200X100X80CM CON RESISTENCIA 400KN PARA SISTEMA ELECTRICO,u,1,2,1,1
APUCON-903e59202ecd79ebad9d98fc,SUMINISTRO E INSTALACION TAPA DE GRAFITO ESFEROIDAL DE 70cm DE DIÁMETRO CON RESISTENCIA 125KN PARA CAJA DE 100x100x80cm PARA SISTEMA ELÉCTRICO,SUMINISTRO E INSTALACION TAPA DE GRAFITO ESFEROIDAL DE 70CM DE DIAMETRO CON RESISTENCIA 125KN PARA CAJA DE 100X100X80CM PARA SISTEMA ELECTRICO,u,1,2,1,1
APUCON-13f5edd0b57d97bb62292791,SUMINISTRO E INSTALACION TAPA DE GRAFITO ESFEROIDAL DE 70cm DE DIÁMETRO CON RESISTENCIA 400KN PARA CAJA DE 100x100x80cm PARA SISTEMA ELÉCTRICO,SUMINISTRO E INSTALACION TAPA DE GRAFITO ESFEROIDAL DE 70CM DE DIAMETRO CON RESISTENCIA 400KN PARA CAJA DE 100X100X80CM PARA SISTEMA ELECTRICO,u,1,2,1,1
APUCON-4db9b9d5aae527d896bf277b,"SUMINISTRO E INSTALACION DE TUBERIA DE D=4"" (110mm) PVC /TIPO DOBLE PARED (SUPERFICIE INTERIOR LISA Y EXTERIOR CORRUGADA, PARA EL SISTEMA ELECTRICO)",SUMINISTRO E INSTALACION DE TUBERIA DE D 4 110MM PVC /TIPO DOBLE PARED SUPERFICIE INTERIOR LISA Y EXTERIOR CORRUGADA PARA EL SISTEMA ELECTRICO,m,1,2,1,1
APUCON-984595eb828f7d877884b220,"SUMINISTRO E INSTALACION DE TUBERIA METALICA RIGIDA DE D=1 1/4"" (40mm) PARA SISTEMA ELECTRICO (INCL. ACCESORIOS)",SUMINISTRO E INSTALACION DE TUBERIA METALICA RIGIDA DE D 1 1/4 40MM PARA SISTEMA ELECTRICO INCL. ACCESORIOS,m,1,2,1,1
APUCON-81f686f9ea73d88ad07c2c94,"SUMINISTRO E INSTALACION DE CODO METALICO RIGIDO DE D=1 1/4"" (40mm) PARA SISTEMA ELECTRICO",SUMINISTRO E INSTALACION DE CODO METALICO RIGIDO DE D 1 1/4 40MM PARA SISTEMA ELECTRICO,u,1,2,1,1
APUCON-fd768da09f2b906df17192bc,"SUMINISTRO E INSTALACION DE TUBERIA PVC D=1"" (32mm) / TIPO PESADO - PARA SISTEMA ELECTRICO (INCL. ACCESORIOS)",SUMINISTRO E INSTALACION DE TUBERIA PVC D 1 32MM / TIPO PESADO - PARA SISTEMA ELECTRICO INCL. ACCESORIOS,m,1,2,1,1
APUCON-599b8920c02b8207d35aae38,"SUMINISTRO E INSTALACION CODO DE PVC D=1"" (32mm) / TIPO PESADO - PARA SISTEMA ELECTRICO",SUMINISTRO E INSTALACION CODO DE PVC D 1 32MM / TIPO PESADO - PARA SISTEMA ELECTRICO,u,1,2,1,1
APUCON-c42872cce3fa6fb9dde77e8e,"SUMINISTRO E INSTALACION DE TUBERIA METALICA RIGIDA D=4"" (110mm) PARA USO ELECTRICO / BAJANTE DEL SISTEMA ELECTRICO O COMUNICACIONES (INCL. HEBILLA Y ZUNCHO METALICO D=1/2"")",SUMINISTRO E INSTALACION DE TUBERIA METALICA RIGIDA D 4 110MM PARA USO ELECTRICO / BAJANTE DEL SISTEMA ELECTRICO O COMUNICACIONES INCL. HEBILLA Y ZUNCHO METALICO D 1/2,m,1,4,1,1
APUCON-92dbd80c5f2573b7ebe60d87,"SUMINISTRO E INSTALACION DE CODO METALICO RIGIDO DE D=4"" (110mm) PARA SISTEMA ELECTRICO O COMUNICACION",SUMINISTRO E INSTALACION DE CODO METALICO RIGIDO DE D 4 110MM PARA SISTEMA ELECTRICO O COMUNICACION,u,1,4,1,1
APUCON-d6526a0f2df431826e635032,"SUMINISTRO E INSTALACION DE REVERSIBLE RIGIDO D=4"" (110mm) PARA SISTEMA ELECTRICO O COMUNICACIÓN",SUMINISTRO E INSTALACION DE REVERSIBLE RIGIDO D 4 110MM PARA SISTEMA ELECTRICO O COMUNICACION,u,1,4,1,1
APUCON-e32039c1f57a5c7aa71a8179,"SUMINISTRO E INSTALACION DE TUBERIA METALICA RIGIDA D=3"" (90mm) PARA USO ELECTRICO / BAJANTE DEL SISTEMA ELECTRICO O COMUNICACIONES (INCL. HEBILLA Y ZUNCHO METALICO)",SUMINISTRO E INSTALACION DE TUBERIA METALICA RIGIDA D 3 90MM PARA USO ELECTRICO / BAJANTE DEL SISTEMA ELECTRICO O COMUNICACIONES INCL. HEBILLA Y ZUNCHO METALICO,m,1,2,1,1
APUCON-c609c04b48f7a8a36e60720d,"SUMINISTRO E INSTALACION DE CODO METALICO RIGIDO DE D=3"" (90mm) PARA SISTEMA ELECTRICO O COMUNICACION",SUMINISTRO E INSTALACION DE CODO METALICO RIGIDO DE D 3 90MM PARA SISTEMA ELECTRICO O COMUNICACION,u,1,2,1,1
APUCON-fa226a1adf78bedc7443389c,"SUMINISTRO E INSTALACION DE REVERSIBLE RIGIDO D=3"" (90mm) PARA SISTEMA ELECTRICO O COMUNICACIÓN",SUMINISTRO E INSTALACION DE REVERSIBLE RIGIDO D 3 90MM PARA SISTEMA ELECTRICO O COMUNICACION,u,1,2,1,1
APUCON-868673bbdc1e1749ce1cd9e3,BASE DE HORMIGON ARMADO F'C= 210 kg/cm2 PARA TRANSFORMADOR MONOFASICO TIPO PADMOUNTED,BASE DE HORMIGON ARMADO F'C 210 KG/CM2 PARA TRANSFORMADOR MONOFASICO TIPO PADMOUNTED,u,1,2,1,1
APUCON-c02582f8b1926b4566fa85ac,BASE DE HORMIGON ARMADO PARA PAD-SWITCH,BASE DE HORMIGON ARMADO PARA PAD-SWITCH,u,1,2,1,1
APUCON-f0897cafc07923183b237cf5,"CANALIZACION CON 1 TUBO DE PVC D=2"" (63mm) / TIPO PESADO - PARA SISTEMA ELECTRICO",CANALIZACION CON 1 TUBO DE PVC D 2 63MM / TIPO PESADO - PARA SISTEMA ELECTRICO,m,1,2,1,1
APUCON-39b32fb3ab4995fe00f7c52f,"SUMINISTRO E INSTALACION CODO DE PVC D= 2"" (63mm) / TIPO PESADO - PARA SISTEMA ELECTRICO",SUMINISTRO E INSTALACION CODO DE PVC D 2 63MM / TIPO PESADO - PARA SISTEMA ELECTRICO,u,1,2,1,1
APUCON-164b2c31f37e04b7f36ae856,SECUNDARIO SUBTERRANEO 2#250 MCM + N#4/0 AWG CU TTU,SECUNDARIO SUBTERRANEO 2 250 MCM + N 4/0 AWG CU TTU,m,1,1,1,1
APUCON-7b8978319cc15c8c0b501206,SECUNDARIO SUBTERRANEO 2#350 MCM + N#250 MCM CU TTU,SECUNDARIO SUBTERRANEO 2 350 MCM + N 250 MCM CU TTU,m,1,2,1,1
APUCON-0634b1740cdc648165204bca,SISTEMA DE PUESTA A TIERRA PARA TRANSFORMADORES PADMOUNTED,SISTEMA DE PUESTA A TIERRA PARA TRANSFORMADORES PADMOUNTED,u,1,2,1,1
APUCON-0dd5347bdbe921d8e0f369df,SISTEMA DE PUESTA A TIERRA PARA CENTROS DE CARGA,SISTEMA DE PUESTA A TIERRA PARA CENTROS DE CARGA,u,1,2,1,1
APUCON-3cd31878cfb0594db10c5d15,SISTEMA DE PUESTA A TIERRA PARA PAD SWITCH,SISTEMA DE PUESTA A TIERRA PARA PAD SWITCH,u,1,2,1,1
APUCON-f85713f5f0426891a7bc8e62,"TABLERO DE DISTRIBUCION METALICO PARA ALIMENTAR A 8 MEDIDORES (INCL. BREAKER PRINCIPAL DE 200 AMP 2 POLOS, BARRA DE COBRE, AISLADORES, SIN BASES SOCKET - 8 BREAKS DE 50 AMP, 2 POLOS, TOTALMENTE CABLEADO. SE CONECTARA LOS MEDIDORES EXISTENTE)",TABLERO DE DISTRIBUCION METALICO PARA ALIMENTAR A 8 MEDIDORES INCL. BREAKER PRINCIPAL DE 200 AMP 2 POLOS BARRA DE COBRE AISLADORES SIN BASES SOCKET - 8 BREAKS DE 50 AMP 2 POLOS TOTALMENTE CABLEADO. SE CONECTARA LOS MEDIDORES EXISTENTE,u,1,1,1,1
APUCON-c0d4359cbfbfce1e0d1b41f4,"TABLERO DE DISTRIBUCION METALICO PARA ALIMENTAR A 1 MEDIDOR CON BREAKERS DE 50 AMP - 2 POLOS; CON BASE SOCKET, A ESTE TABLERO SE CONECTARA AL MEDIDOR EXISTENTE",TABLERO DE DISTRIBUCION METALICO PARA ALIMENTAR A 1 MEDIDOR CON BREAKERS DE 50 AMP - 2 POLOS CON BASE SOCKET A ESTE TABLERO SE CONECTARA AL MEDIDOR EXISTENTE,u,1,2,1,1
APUCON-ed2ff64481461df0a6cf901d,"TABLERO DE DISTRIBUCION METALICO PARA ALIMENTAR A 2 MEDIDORES (INCL. BREAKER PRINCIPAL DE 70 AMP 2 POLOS, BARRAS DE COBRE, AISLADORES, SIN BASES SOCKET, 2 BREAKERS DE 50 AMP 2 POLOS, TOTALMENTE CABLEADO. SE CONECTARAN LOS MEDIDORES EXISTENTES",TABLERO DE DISTRIBUCION METALICO PARA ALIMENTAR A 2 MEDIDORES INCL. BREAKER PRINCIPAL DE 70 AMP 2 POLOS BARRAS DE COBRE AISLADORES SIN BASES SOCKET 2 BREAKERS DE 50 AMP 2 POLOS TOTALMENTE CABLEADO. SE CONECTARAN LOS MEDIDORES EXISTENTES,u,1,2,1,1
APUCON-3722b2b2d611f85d00d71908,"TABLERO DE DISTRIBUCION METALICO PARA ALIMENTAR A 3 MEDIDORES (INCL. BREAKER PRINCIPAL DE 70 AMP 2 POLOS, BARRAS DE COBRE, AISLADORES, SIN BASES SOCKET, 3 BREAKERS DE 50 AMP 2 POLOS, TOTALMENTE CABLEADO. SE CONECTARAN LOS MEDIDORES EXISTENTES)",TABLERO DE DISTRIBUCION METALICO PARA ALIMENTAR A 3 MEDIDORES INCL. BREAKER PRINCIPAL DE 70 AMP 2 POLOS BARRAS DE COBRE AISLADORES SIN BASES SOCKET 3 BREAKERS DE 50 AMP 2 POLOS TOTALMENTE CABLEADO. SE CONECTARAN LOS MEDIDORES EXISTENTES,u,1,2,1,1
APUCON-29bdfabdd227d0904de6b4d4,"TABLERO DE DISTRIBUCIÓN METÁLICO PARA ALIMENTAR A 4 MEDIDORES (INCL. BREAKER PRINCIPAL DE 100 AMP 2 POLOS, BARRAS DE COBRE, AISLADORES, SIN BASES SOCKET, 4 BREAKERS DE 50 AMP 2 POLOS, TOTALMENTE CABLEADO. SE CONECTARÁN LOS MEDIDORES EXISTENTES",TABLERO DE DISTRIBUCION METALICO PARA ALIMENTAR A 4 MEDIDORES INCL. BREAKER PRINCIPAL DE 100 AMP 2 POLOS BARRAS DE COBRE AISLADORES SIN BASES SOCKET 4 BREAKERS DE 50 AMP 2 POLOS TOTALMENTE CABLEADO. SE CONECTARAN LOS MEDIDORES EXISTENTES,u,1,2,1,1
APUCON-b4ae47ba98d0d9177571ba17,"TABLERO DE DISTRIBUCION METALICO PARA ALIMENTAR A 5 MEDIDORES (INCL. BREAKER PRINCIPAL DE 150 AMP 2 POLOS, BARRAS DE COBRE, AISLADORES, SIN BASES SOCKET, 5 BREAKERS DE 50 AMP 2 POLOS, TOTALMENTE CABLEADO. SE CONECTARÁN LOS MEDIDORES EXISTENTES)",TABLERO DE DISTRIBUCION METALICO PARA ALIMENTAR A 5 MEDIDORES INCL. BREAKER PRINCIPAL DE 150 AMP 2 POLOS BARRAS DE COBRE AISLADORES SIN BASES SOCKET 5 BREAKERS DE 50 AMP 2 POLOS TOTALMENTE CABLEADO. SE CONECTARAN LOS MEDIDORES EXISTENTES,u,1,2,1,1
APUCON-a6a4c234bfa1e77ef27c9d5c,"SUMINISTRO E INSTALACION DE TUBERIA METALICA RIGIDA DE D=2"" (63mm) PARA SISTEMA ELECTRICO O COMUNICACIÓN",SUMINISTRO E INSTALACION DE TUBERIA METALICA RIGIDA DE D 2 63MM PARA SISTEMA ELECTRICO O COMUNICACION,m,1,2,1,1
APUCON-1369820128c62304437e0b7e,"SUMINISTRO E INSTALACION DE CODO METALICO RIGIDO DE D=2"" (63mm) PARA SISTEMA ELECTRICO O COMUNICACIÓN",SUMINISTRO E INSTALACION DE CODO METALICO RIGIDO DE D 2 63MM PARA SISTEMA ELECTRICO O COMUNICACION,u,1,2,1,1
APUCON-63745f9e7cbbef05b8b69165,SISTEMA PUESTA A TIERRA PARA LOS TABLEROS DE MEDIDORES,SISTEMA PUESTA A TIERRA PARA LOS TABLEROS DE MEDIDORES,u,1,2,1,1
APUCON-438b7edec794dc9de43b016b,"ACOMETIDA DOMICILIARIA CON 2#4, N#6 AWG Cu TTU",ACOMETIDA DOMICILIARIA CON 2 4 N 6 AWG CU TTU,m,1,2,1,1
APUCON-9854b8f410f84087a3ad6542,"ACOMETIDA DOMICILIARIA CON 2#2, N#4 AWG Cu TTU",ACOMETIDA DOMICILIARIA CON 2 2 N 4 AWG CU TTU,m,1,2,1,1
APUCON-ab49be853fcf05210d1fdeb8,"ACOMETIDA DOMICILIARIA CON 2#1/0, N#2 AWG Cu TTU",ACOMETIDA DOMICILIARIA CON 2 1/0 N 2 AWG CU TTU,m,1,2,1,1
APUCON-a1e2e49f30bdb38db6346c6a,SUMINISTRO E INSTALACION Y CONEXIÓN DE CABLE CONCENTRICO 3x12 AWG,SUMINISTRO E INSTALACION Y CONEXION DE CABLE CONCENTRICO 3X12 AWG,m,1,2,1,1
APUCON-002dbdd137408608224f2809,CONECTOR IP - 68 GELPORT 350 DE 3 VIAS PARA CONECTARSE AL SECUNDARIO,CONECTOR IP - 68 GELPORT 350 DE 3 VIAS PARA CONECTARSE AL SECUNDARIO,u,1,2,1,1
APUCON-195116eda03c7a56dd7a5454,CONECTOR IP - 68 GELPORT 350 DE 4 VIAS PARA CONECTARSE AL SECUNDARIO,CONECTOR IP - 68 GELPORT 350 DE 4 VIAS PARA CONECTARSE AL SECUNDARIO,u,1,2,1,1
APUCON-0a06998cf762720d5781ce5a,CONECTOR IP - 68 GELPORT 350 DE 5 VIAS PARA CONECTARSE AL SECUNDARIO,CONECTOR IP - 68 GELPORT 350 DE 5 VIAS PARA CONECTARSE AL SECUNDARIO,u,1,2,1,1
APUCON-babae74c31e7840ffaa3fdb6,CONECTOR IP - 68 GELPORT 350 DE 6 VIAS PARA CONECTARSE AL SECUNDARIO,CONECTOR IP - 68 GELPORT 350 DE 6 VIAS PARA CONECTARSE AL SECUNDARIO,u,1,2,1,1
APUCON-94ce4e6b1e84ccac3c73a05c,BASE DE HORMIGON ARMADO PARA POSTE METALICO Y COLOCACION DE PLACA BASE ANCLADA A LA CIMENTACION,BASE DE HORMIGON ARMADO PARA POSTE METALICO Y COLOCACION DE PLACA BASE ANCLADA A LA CIMENTACION,u,1,2,1,1
APUCON-182b6cbcf9afacf94bda0b4a,SUMINISTRO E INSTALACION DE LUMINARIA TIPO COBRA PARA ALUMBRADO PUBLICO DE 150w / 110V - 220v LED. (INCL. CABLEADO INTERNO DEL POSTE),SUMINISTRO E INSTALACION DE LUMINARIA TIPO COBRA PARA ALUMBRADO PUBLICO DE 150W / 110V - 220V LED. INCL. CABLEADO INTERNO DEL POSTE,u,1,2,1,1
APUCON-43cf13ff22a0a9f7e54186d1,SUMINISTRO E INSTALACION DE POSTE METALICO CIRCULAR DE H=8m CON DOBLE CARTERA (DOBLE BRAZO) PM8-VP,SUMINISTRO E INSTALACION DE POSTE METALICO CIRCULAR DE H 8M CON DOBLE CARTERA DOBLE BRAZO PM8-VP,u,1,2,1,1
APUCON-b871a03ece1e6beb496fe58c,"SUMINISTRO E INSTALACION DE POSTE CONICO METALICO DE H=10,00m GALVANIZADO EN CALIENTE C/CARTELAS (INCL. PLACA BASE METALICA, TAPA DE INSPECCION Y PINTURA AL POLVO ELECTROSTATICA)",SUMINISTRO E INSTALACION DE POSTE CONICO METALICO DE H 10 00M GALVANIZADO EN CALIENTE C/CARTELAS INCL. PLACA BASE METALICA TAPA DE INSPECCION Y PINTURA AL POLVO ELECTROSTATICA,u,1,3,1,1
APUCON-1757dfe6952a044299b589de,SUMINISTRO E INSTALACION DE TIRA FUSIBLE DE 20 AMP,SUMINISTRO E INSTALACION DE TIRA FUSIBLE DE 20 AMP,u,1,2,1,1
APUCON-6fdd25151048f3f78cb84af1,"SUMINISTRO E INSTALACION DE PARARRAYO TIPO DISTRIBUCION 10 KV (INCL. TUBERIA CONDUIT EMT 1/2"", CABLE DE COBRE THHN #12AWG Y VARILLA COOPERWELD 5/8"")",SUMINISTRO E INSTALACION DE PARARRAYO TIPO DISTRIBUCION 10 KV INCL. TUBERIA CONDUIT EMT 1/2 CABLE DE COBRE THHN 12AWG Y VARILLA COOPERWELD 5/8,u,1,2,1,1
APUCON-faadb16c58f200d1ab9a4115,"SUMINISTRO E INSTALACION DE ESTRUCTURA DE MEDIA TENSION 2F EN VOLADO RETENCION (INCL. RACK DE 1 VIA PARA NEUTRO 2VR, PERNOS, HORQUILLAJE DE ANCLAJE Y AISLADORES SUSPENSION)",SUMINISTRO E INSTALACION DE ESTRUCTURA DE MEDIA TENSION 2F EN VOLADO RETENCION INCL. RACK DE 1 VIA PARA NEUTRO 2VR PERNOS HORQUILLAJE DE ANCLAJE Y AISLADORES SUSPENSION,u,1,1,1,1
APUCON-28bb50db667022d85fd9290e,"SUMINISTRO E INSTALACION DE ESTRUCTURA DE MEDIA TENSION 3F EN VOLADO RETENCION (INCL. RACK DE 1 VIA PARA NEUTRO 3VR, CRUCETA, PIE DE AMIGO, GRAPA, ABRAZADERA, HORQUILLA DE ANCLAJE Y AISLADOR DE SUSPENSION)",SUMINISTRO E INSTALACION DE ESTRUCTURA DE MEDIA TENSION 3F EN VOLADO RETENCION INCL. RACK DE 1 VIA PARA NEUTRO 3VR CRUCETA PIE DE AMIGO GRAPA ABRAZADERA HORQUILLA DE ANCLAJE Y AISLADOR DE SUSPENSION,u,1,2,1,1
APUCON-36cb2b372b6afbc5946fda14,SUMINISTRO E INSTALACION DE ESTRUCTURA DE BAJA TENSION 1 VIA PREENSAMBLADO RETENCION CON 3 CONDUCTORES 1PR3,SUMINISTRO E INSTALACION DE ESTRUCTURA DE BAJA TENSION 1 VIA PREENSAMBLADO RETENCION CON 3 CONDUCTORES 1PR3,u,1,2,1,1
APUCON-771cbe6714af7b718b272f57,"SUMINISTRO E INSTALACION DE TENSOR POSTE CRUCETA (INCL. BLOQUE DE ANCLAJE, RETENCION PARA CABLES PERFORADOS, CABLE DE ACERO GALVANIZADO Y VARILLA DE ANCLAJE)",SUMINISTRO E INSTALACION DE TENSOR POSTE CRUCETA INCL. BLOQUE DE ANCLAJE RETENCION PARA CABLES PERFORADOS CABLE DE ACERO GALVANIZADO Y VARILLA DE ANCLAJE,u,1,2,1,1
APUCON-f2c1712f1aa2e1c2d3766c2d,"SUMINISTRO E INSTALACION DE TENSOR TIPO FAROL (INCL. CABLE DE ACERO GALVANIZADO 7 HILOS 3/8"", RETENCION PREFORMADA, GUARDACABO, VARILLA DE ANCLAJE 5/8""x 71"", BLOQUE DE ANCLAJE, AISLADOR DE PORCELANA ANSI 54-2 Y BRAZO DE ACERO GALVANIZADO TUBULAR 2""x59"")",SUMINISTRO E INSTALACION DE TENSOR TIPO FAROL INCL. CABLE DE ACERO GALVANIZADO 7 HILOS 3/8 RETENCION PREFORMADA GUARDACABO VARILLA DE ANCLAJE 5/8 X 71 BLOQUE DE ANCLAJE AISLADOR DE PORCELANA ANSI 54-2 Y BRAZO DE ACERO GALVANIZADO TUBULAR 2 X59,u,1,2,1,1
APUCON-0b653614b983b29337faf556,"SUMINISTRO E INSTALACION DE ALIMENTADOR 3#1/0 CU 15KV XLPE AL 100%, N#2 CU DESNUDO",SUMINISTRO E INSTALACION DE ALIMENTADOR 3 1/0 CU 15KV XLPE AL 100% N 2 CU DESNUDO,m,1,2,1,1
APUCON-91509731d07290e3007667ac,"SUMINISTRO E INSTALACION DE ALIMENTADOR 3#2 CU 15KV XLPE AL 100%, N#4 CU DESNUDO",SUMINISTRO E INSTALACION DE ALIMENTADOR 3 2 CU 15KV XLPE AL 100% N 4 CU DESNUDO,m,1,2,1,1
APUCON-4c7f0b4069d22ab2f632acf5,"SUMINISTRO E INSTALACION DE ALIMENTADOR 1#2 CU 15KV XLPE AL 100%, N#4 CU DESNUDO",SUMINISTRO E INSTALACION DE ALIMENTADOR 1 2 CU 15KV XLPE AL 100% N 4 CU DESNUDO,m,1,2,1,1
APUCON-826865d75e8fa90a4900180e,"SUMINISTRO E INSTALACION DE ALIMENTADOR 3#500 MCM CU 15KV TRXLPE, T#4/0 AL DESNUDO (INCL. ACCESORIOS VARIO)",SUMINISTRO E INSTALACION DE ALIMENTADOR 3 500 MCM CU 15KV TRXLPE T 4/0 AL DESNUDO INCL. ACCESORIOS VARIO,m,1,2,1,1
APUCON-82a11f43289c041396f72172,SUMINISTRO E INSTALACION DE PUNTAS DE CONEXIÓN EXTERIOR CLASE 15 KV PARA CABLE #2 AWG (INCL. CABLE #10 AWG THHN PARA ATERRIZAR DE PUNTAS Y TIRA FUSIBLE 30A),SUMINISTRO E INSTALACION DE PUNTAS DE CONEXION EXTERIOR CLASE 15 KV PARA CABLE 2 AWG INCL. CABLE 10 AWG THHN PARA ATERRIZAR DE PUNTAS Y TIRA FUSIBLE 30A,u,1,2,1,1
APUCON-6d12d090f9ce8e3580988e78,"SUMINISTRO E INSTALACION DE PUNTA DE CONEXIÓN INTERIOR TIPO ELBOW CONECTOR CLASE 15 KV PARA CABLE #2 AWG (INCL. CABLE #10 AWG THHN PARA ATERRIZAJE DE PUNTAS, ELBOW CONECTOR Y TIRA FUSIBLE DE 30A)",SUMINISTRO E INSTALACION DE PUNTA DE CONEXION INTERIOR TIPO ELBOW CONECTOR CLASE 15 KV PARA CABLE 2 AWG INCL. CABLE 10 AWG THHN PARA ATERRIZAJE DE PUNTAS ELBOW CONECTOR Y TIRA FUSIBLE DE 30A,u,1,2,1,1
APUCON-059d876551562bd33aca02b3,"SUMINISTRO E INSTALACION DE PUNTA DE CONEXIÓN INTERIOR TIPO ELBOW CONECTOR CLASE 15 KV PARA CABLE #1/0 AWG (INCL. CABLE #10 AWG THHN PARA ATERRIZAJE DE PUNTAS, ELBOW CONECTOR Y TIRA FUSIBLE DE 30A)",SUMINISTRO E INSTALACION DE PUNTA DE CONEXION INTERIOR TIPO ELBOW CONECTOR CLASE 15 KV PARA CABLE 1/0 AWG INCL. CABLE 10 AWG THHN PARA ATERRIZAJE DE PUNTAS ELBOW CONECTOR Y TIRA FUSIBLE DE 30A,u,1,2,1,1
APUCON-9a9fbdf1a4d0cc980783a89d,"SUMINISTRO E INSTALACION DE TRANSFORMADOR 1F TIPO PADMOUNTED MALLA DE 75 KVA, 7960/240 - 120V (INCL. INSERT, ELBOW CONECTOR, ELBOW ARRESTER Y TAPON AISLADO PARA EL TERMINAL MALLA DE RESERVA)",SUMINISTRO E INSTALACION DE TRANSFORMADOR 1F TIPO PADMOUNTED MALLA DE 75 KVA 7960/240 - 120V INCL. INSERT ELBOW CONECTOR ELBOW ARRESTER Y TAPON AISLADO PARA EL TERMINAL MALLA DE RESERVA,u,1,2,1,1
APUCON-d2c72c7e4c81137e1102b152,"SUMINISTRO E INSTALACION DE TRANSFORMADOR 3F TIPO PADMOUNTED MALLA DE 75 KVA, 7960/240 - 120V (INCL. INSERT, ELBOW CONECTOR, ELBOW ARRESTER Y TAPON AISLADO PARA EL TERMINAL MALLA DE RESERVA)",SUMINISTRO E INSTALACION DE TRANSFORMADOR 3F TIPO PADMOUNTED MALLA DE 75 KVA 7960/240 - 120V INCL. INSERT ELBOW CONECTOR ELBOW ARRESTER Y TAPON AISLADO PARA EL TERMINAL MALLA DE RESERVA,u,1,1,1,1
APUCON-61b66ee3a8b7c61b9d2f25df,"PROVISION E INSTALACION DE EQUIPO PROTECCION - SECCIONAMIENTO ALIMENTADORES PRIMARIOS 15KV CON 3 BARRAS DE 6 VIAS, FUSIBLES, CONECTORES INSERT, CODOS DE PARQUEO, LUCES SEÑALIZADORAS DE VOLTAJE Y BARRA DE COBRE PARA CONEXIÓN A SISTEMA DE PUESTA A TIERRA",PROVISION E INSTALACION DE EQUIPO PROTECCION - SECCIONAMIENTO ALIMENTADORES PRIMARIOS 15KV CON 3 BARRAS DE 6 VIAS FUSIBLES CONECTORES INSERT CODOS DE PARQUEO LUCES SENALIZADORAS DE VOLTAJE Y BARRA DE COBRE PARA CONEXION A SISTEMA DE PUESTA A TIERRA,u,1,2,1,1
APUCON-47f680446d29be4da82d155a,"SUMINISTRO E INSTALACION PAD-SWITCH CONFIG. - 633 TIPO PEDESTAL DE SECCIONAMIENTO DE 15KV-SF6, 3 ENTRADAS 600AMP Y 3 SALIDAS 200AMP (INCL. CODO TIPO ""T"" DE 600AMP; CONECTOR INSERTS, ACCESORIOS VARIOS, PUESTA EN MARCHA Y BARRA SISTEMA PUESTA A TIERRA).",SUMINISTRO E INSTALACION PAD-SWITCH CONFIG. - 633 TIPO PEDESTAL DE SECCIONAMIENTO DE 15KV-SF6 3 ENTRADAS 600AMP Y 3 SALIDAS 200AMP INCL. CODO TIPO T DE 600AMP CONECTOR INSERTS ACCESORIOS VARIOS PUESTA EN MARCHA Y BARRA SISTEMA PUESTA A TIERRA,u,1,2,1,1
APUCON-61648c5e45d81ada0b356313,SUMINISTRO E INSTALACION DE POSTE METALICO CIRCULAR DE H=12m CON DOBLE CARTERA (DOBLE BRAZO) PM12-VV,SUMINISTRO E INSTALACION DE POSTE METALICO CIRCULAR DE H 12M CON DOBLE CARTERA DOBLE BRAZO PM12-VV,u,1,2,1,1
APUCON-2c0cedd218b7104fc3713399,RETEMPLADO DE LINEAS AEREAS DE MEDIA TENSION Y BAJA TENSION,RETEMPLADO DE LINEAS AEREAS DE MEDIA TENSION Y BAJA TENSION,m,1,2,1,1
APUCON-241593342cbd8a1cf09b7d6c,REUBICACION DE TRANSFORMADOR DE DISTRIBUCION EXISTENTE,REUBICACION DE TRANSFORMADOR DE DISTRIBUCION EXISTENTE,u,1,1,1,1
APUCON-7b68f9e3e1c562821d5caa2f,REUBICACION DE CIRCUITO SECUNDARIO EXISTENTE,REUBICACION DE CIRCUITO SECUNDARIO EXISTENTE,m,1,1,1,1
APUCON-c0f599c47a81305b925d8a65,CONSTRUCCION DE CLOSET PARA EQUIPO DE PROTECCION - SECCIONAMIENTO PARA ALIMENTADORES PRIMARIOS 15 KV,CONSTRUCCION DE CLOSET PARA EQUIPO DE PROTECCION - SECCIONAMIENTO PARA ALIMENTADORES PRIMARIOS 15 KV,u,1,2,1,1
APUCON-8552ea7c44186f885eabb771,PEDESTAL DE HORMIGON ARMADO PARA ALOJAR UN TABLERO PARA MEDIDOR TOTALIZADOR,PEDESTAL DE HORMIGON ARMADO PARA ALOJAR UN TABLERO PARA MEDIDOR TOTALIZADOR,u,1,2,1,1
APUCON-619798da46ae4ebdebd94766,RETIRO DE POSTE EXISTENTE,RETIRO DE POSTE EXISTENTE,u,1,2,1,1
APUCON-2c1a179aee93e626bb488bde,"DESMONTAJE DE CONDUCTOR DE ALUMINIO AEREO, REDES DE MEDIA Y BAJA TENSION (INCL. HERRAJES)",DESMONTAJE DE CONDUCTOR DE ALUMINIO AEREO REDES DE MEDIA Y BAJA TENSION INCL. HERRAJES,m,1,2,1,1
APUCON-0a9ef892fa64844f19f8c16b,RETIRO DE ACOMETIDA ELECTRICA BAJA TENSION EXISTENTE (CABLES Y BAJANTES),RETIRO DE ACOMETIDA ELECTRICA BAJA TENSION EXISTENTE CABLES Y BAJANTES,u,1,2,1,1
APUCON-e85463f129fcd6438c5091e7,DESMONTAJE DE LUMINARIA DE VAPOR DE SODIO,DESMONTAJE DE LUMINARIA DE VAPOR DE SODIO,u,1,2,1,1
APUCON-9f91adb29f21c14d4f54b257,DESMONTAJE DE ESTRUCTURA DE MEDIA TENSION TRIFASICO,DESMONTAJE DE ESTRUCTURA DE MEDIA TENSION TRIFASICO,u,1,2,1,1
APUCON-e792fefe6199a8bf73d70f27,DESMONTAJE DE ESTRUCTURA DE MEDIA TENSION MONOFASICA,DESMONTAJE DE ESTRUCTURA DE MEDIA TENSION MONOFASICA,u,1,2,1,1
APUCON-4f231d04b1a1146712d63f2f,DESMONTAJE DE ESTRUCTURA DE BAJA TENSION,DESMONTAJE DE ESTRUCTURA DE BAJA TENSION,u,1,2,1,1
APUCON-2f72010869f1c914da5897d0,DESMONTAJE DE TRANSFORMADOR DE DISTRIBUCION TIPO CONVENCIONAL (10KVA - 25 KVA - 75KVA; ETC) EXISTENTE EN POSTE,DESMONTAJE DE TRANSFORMADOR DE DISTRIBUCION TIPO CONVENCIONAL 10KVA - 25 KVA - 75KVA ETC EXISTENTE EN POSTE,u,1,2,1,1
APUCON-21d7db33a4d5d0ccd6233371,DESMONTAJE DE TENSOR DE POSTES EXISTENTES,DESMONTAJE DE TENSOR DE POSTES EXISTENTES,u,1,2,1,1
APUCON-fafeb6394e8e70b87fc457c5,DESMONTAJE DE BAJANTE EN MEDIA TENSION (INCL. TUBERIA),DESMONTAJE DE BAJANTE EN MEDIA TENSION INCL. TUBERIA,u,1,2,1,1
APUCON-c2dd800814aa301545b20e88,RETIRO DE ACOMETIDA ELECTRICA EXISTENTE (INCL. CABLES Y BAJANTE),RETIRO DE ACOMETIDA ELECTRICA EXISTENTE INCL. CABLES Y BAJANTE,u,1,2,1,1
APUCON-bc0e9fe64a2fea1ec2ce502a,DESMONTAJE DE CAJA PORTA-FUSIBLE,DESMONTAJE DE CAJA PORTA-FUSIBLE,u,1,2,1,1
APUCON-2d019714a475b822df53394d,DESMONTAJE DE PARARRAYOS DE DISTRIBUCION,DESMONTAJE DE PARARRAYOS DE DISTRIBUCION,u,1,2,1,1
APUCON-5aad76b90112f69a82cdb553,"CAJA DE PASO DE HORMIGON ARMADO DE 80x80x80cm, F'C=280 KG/CM2 EN CALZADA (INCL. INSTALACION DE TAPA PARA SISTEMA DE COMUNICACIÓN)",CAJA DE PASO DE HORMIGON ARMADO DE 80X80X80CM F'C 280 KG/CM2 EN CALZADA INCL. INSTALACION DE TAPA PARA SISTEMA DE COMUNICACION,u,1,2,1,1
APUCON-aa9d36e44a76c55b39c986f5,"CAJA DE PASO DE HORMIGON ARMADO DE 80x80x80cm, F'C=210 KG/CM2 EN ARENA (INCL. INSTALACION DE TAPA PARA SISTEMA DE COMUNICACIÓN)",CAJA DE PASO DE HORMIGON ARMADO DE 80X80X80CM F'C 210 KG/CM2 EN ARENA INCL. INSTALACION DE TAPA PARA SISTEMA DE COMUNICACION,u,1,2,1,1
APUCON-48d2df17628075d9c901a5ee,PROVISION DE TAPA DE GRAFITO ESFEROIDAL DE 70cm CON RESISTENCIA 125KN PARA LAS CAJA PROYECTADAS PARA SISTEMA DE COMUNICACIÓN,PROVISION DE TAPA DE GRAFITO ESFEROIDAL DE 70CM CON RESISTENCIA 125KN PARA LAS CAJA PROYECTADAS PARA SISTEMA DE COMUNICACION,u,1,2,1,1
APUCON-85ba853fda37e97aadb96c97,PROVISION DE TAPA DE GRAFITO ESFEROIDAL DE 70cm CON RESISTENCIA 400KN PARA LAS CAJA PROYECTADAS PARA SISTEMA DE COMUNICACIÓN,PROVISION DE TAPA DE GRAFITO ESFEROIDAL DE 70CM CON RESISTENCIA 400KN PARA LAS CAJA PROYECTADAS PARA SISTEMA DE COMUNICACION,u,1,2,1,1
APUCON-80e31c3bc146ea800788f70e,"CANALIZACION CON 8 TUBOS DE PVC D=4"" (110mm) / TIPO DOBLE PARED (SUPERFICIE INTERIOR LISA Y EXTERIOR CORRUGADA) SISTEMA DE COMUNICACIÓN",CANALIZACION CON 8 TUBOS DE PVC D 4 110MM / TIPO DOBLE PARED SUPERFICIE INTERIOR LISA Y EXTERIOR CORRUGADA SISTEMA DE COMUNICACION,m,1,2,1,1
APUCON-95ccee185b6a0663aae42bc6,"CANALIZACION CON 2 TUBOS DE PVC D=2"" (63mm) / TIPO PESADO PARA SISTEMA DE COMUNICACIÓN",CANALIZACION CON 2 TUBOS DE PVC D 2 63MM / TIPO PESADO PARA SISTEMA DE COMUNICACION,m,1,2,1,1
APUCON-c10254fdbbee8937cff2ddcf,"SUMINISTRO E INSTALACION CODO DE PVC D= 2"" (63mm) / TIPO PESADO RADIO LARGO PARA SISTEMA DE COMUNICACIÓN",SUMINISTRO E INSTALACION CODO DE PVC D 2 63MM / TIPO PESADO RADIO LARGO PARA SISTEMA DE COMUNICACION,u,1,2,1,1
APUCON-f6ffc54401158a2f1ec04808,"BASE DE HORMIGON ARMADO PARA ARMARIO DE TV. POR CABLE, DATOS Y/O EMPRESAS DE TELECOMUNICACION",BASE DE HORMIGON ARMADO PARA ARMARIO DE TV. POR CABLE DATOS Y/O EMPRESAS DE TELECOMUNICACION,u,1,2,1,1
APUCON-f8f82f635808c95bfeffed3a,"CAJA DE DISTRIBUCION METALICA ABISAGRADA DE 40x40x10cm CONSTRUIDA EN PLANCHA 1/16"" PINTADA AL HORNO O SIMILAR CON COLOR BEIGE (INCL. LLAVE UNIVERSAL TIPO TRIANGULAR E INSTALACION) PARA DISTRIBUCION DE OPERADORES Y TELECOMUNICACIONES",CAJA DE DISTRIBUCION METALICA ABISAGRADA DE 40X40X10CM CONSTRUIDA EN PLANCHA 1/16 PINTADA AL HORNO O SIMILAR CON COLOR BEIGE INCL. LLAVE UNIVERSAL TIPO TRIANGULAR E INSTALACION PARA DISTRIBUCION DE OPERADORES Y TELECOMUNICACIONES,u,1,2,1,1
APUCON-240cf5f89eb3215b70076b37,BASE DE HORMIGON SIMPLE 55x45x10 PARA EMPOTRAMIENTO DE CAJA ABISAGRADA,BASE DE HORMIGON SIMPLE 55X45X10 PARA EMPOTRAMIENTO DE CAJA ABISAGRADA,u,1,2,1,1
APUCON-4d19fd54fdc6ecb0ea6c04e3,"SUMINISTRO E INSTALACION DE TUBERIA EMT D=2"" (63mm) PARA CAJAS DE TELEFONIA SOBREPUESTAS",SUMINISTRO E INSTALACION DE TUBERIA EMT D 2 63MM PARA CAJAS DE TELEFONIA SOBREPUESTAS,m,1,2,1,1
APUCON-d5dba3591942aaeef20140dc,CAJA DE PASO DE HORMIGON ARMADO DE 60x60x60cm; F'C=210 KG/CM2 EN ACERA (INCL. INSTALACION DE TAPA PARA SISTEMA DE SEMAFORIZACION),CAJA DE PASO DE HORMIGON ARMADO DE 60X60X60CM F'C 210 KG/CM2 EN ACERA INCL. INSTALACION DE TAPA PARA SISTEMA DE SEMAFORIZACION,u,1,2,1,1
APUCON-6229550ae1985b5bf3d72559,PROVISION DE TAPA GRAFITO ESFEROIDAL DE 60cm DE DIAMETRO CON RESISTENCIA 125 KN PARA LAS CAJAS PROYECTADAS PARA SISTEMA DE SEMAFORIZACION,PROVISION DE TAPA GRAFITO ESFEROIDAL DE 60CM DE DIAMETRO CON RESISTENCIA 125 KN PARA LAS CAJAS PROYECTADAS PARA SISTEMA DE SEMAFORIZACION,u,1,2,1,1
APUCON-3e4b6d7dd06a8a5bb614aec4,"CANALIZACION CON 2 TUBOS DE PVC D=4"" (110mm) / TIPO DOBLE PARED (SUPERFICIE INTERIOR LISA Y EXTERIOR CORRUGADA) SISTEMA ELECTRICO O COMUNICACIÓN",CANALIZACION CON 2 TUBOS DE PVC D 4 110MM / TIPO DOBLE PARED SUPERFICIE INTERIOR LISA Y EXTERIOR CORRUGADA SISTEMA ELECTRICO O COMUNICACION,m,1,2,1,1
APUCON-f299f75284c01b60b71beb04,"CANALIZACION CON 1 TUBO DE PVC D=2 1/2"" (75mm) / TIPO PESADO PARA SISTEMA ELECTRICO, SEMAFORIZACION O COMUNICACIÓN",CANALIZACION CON 1 TUBO DE PVC D 2 1/2 75MM / TIPO PESADO PARA SISTEMA ELECTRICO SEMAFORIZACION O COMUNICACION,m,1,2,1,1
APUCON-0cec0dfc1e47499212e51bb8,"SUMINISTRO E INSTALACION DE CODO PVC D=75mm / TIPO PESADO DE RADIO LARGO PARA SISTEMA ELECTRICO, SEMAFORIZACION O COMUNICACIÓN",SUMINISTRO E INSTALACION DE CODO PVC D 75MM / TIPO PESADO DE RADIO LARGO PARA SISTEMA ELECTRICO SEMAFORIZACION O COMUNICACION,u,1,2,1,1
APUCON-9218de96ea1ccb7e96bebb0a,BASE DE HORMIGON ARMADO PARA POSTE BACULO Y COLOCACION DE PLACA,BASE DE HORMIGON ARMADO PARA POSTE BACULO Y COLOCACION DE PLACA,u,1,2,1,1
APUCON-c6672411832532ccbec93ec0,"SUMINISTRO E INSTALACION DE POSTE METALICO T1 PARA INSTALACION DE SEMAFORO VEHICULAR Y PEATONAL H=4,00m",SUMINISTRO E INSTALACION DE POSTE METALICO T1 PARA INSTALACION DE SEMAFORO VEHICULAR Y PEATONAL H 4 00M,u,1,2,1,1
APUCON-c0a2d1c888275e54f0a6a9de,SUMINISTRO E INSTALACION DE POSTE BACULO SIMPLE 7m,SUMINISTRO E INSTALACION DE POSTE BACULO SIMPLE 7M,u,1,2,1,1
APUCON-9b838db9f7afde69f5408aeb,"SISTEMA DE ATERRIZAMIENTO CON LA VARILLA COOPERWELL 5/8"" x 2,40m",SISTEMA DE ATERRIZAMIENTO CON LA VARILLA COOPERWELL 5/8 X 2 40M,u,1,2,1,1
APUCON-bcfb5fe2dc94030a91396376,"PODA DE ARBOLES MEDIANOS H<6mts (ACLAREO), (INCL. DESALOJO)",PODA DE ARBOLES MEDIANOS H 6MTS ACLAREO INCL. DESALOJO,u,1,3,1,1
APUCON-512480e9c9d1089356f4b838,"SUMINISTRO Y COLOCACION DE BUCIDA BUCERAS (OLIVO NEGRO H=3,00m - H=4,00m)",SUMINISTRO Y COLOCACION DE BUCIDA BUCERAS OLIVO NEGRO H 3 00M - H 4 00M,u,1,3,1,1
APUCON-3114b9b332392a9447c9bb93,"SUMINISTRO Y PLANTACION DE DURANTA REPENS VAR. GOLD EDGE (DURANTA H=0,30m)",SUMINISTRO Y PLANTACION DE DURANTA REPENS VAR. GOLD EDGE DURANTA H 0 30M,u,1,4,1,1
APUCON-33c3a0d3563fbd421efeb211,SUMINISTRO E INSTALACION DE CESPED MANI H=0.15m - AROQUIS PINTOI,SUMINISTRO E INSTALACION DE CESPED MANI H 0.15M - AROQUIS PINTOI,u,1,5,1,1
APUCON-1f3f6788c7e7308532c034b0,SUSTRATO ORGANICO (TIERRA VEGETAL) 40%,SUSTRATO ORGANICO TIERRA VEGETAL 40%,m3,1,2,1,1
APUCON-171964f1fb47fdfedc9609bf,ARCILLA FINA 40% (INCL. TRANSPORTE),ARCILLA FINA 40% INCL. TRANSPORTE,m3,1,4,1,1
APUCON-cef49ee1143b829b7689a4fd,ARENA 20% (INCL. TRANSPORTE),ARENA 20% INCL. TRANSPORTE,m3,1,2,1,1
APUCON-dc7c35fb266946e6ae8c738d,SUSTRATO ORGANICO (TIERRA VEGETAL 60% CON LIMO O ARCILLA FINA 40%),SUSTRATO ORGANICO TIERRA VEGETAL 60% CON LIMO O ARCILLA FINA 40%,m3,1,2,1,1
APUCON-971f8d62e7824bc3044a7b0c,TRATAMIENTO FITOSANITARIO DE ARBOLES,TRATAMIENTO FITOSANITARIO DE ARBOLES,u,1,2,1,1
APUCON-3569504827efc8ca7cd65122,RIEGO CON TANQUERO,RIEGO CON TANQUERO,m3,1,4,1,1
APUCON-0b6d7cb96a7c82ecd25adcff,EXCAVACION DE FOSA PARA INSTALACION DE ARBOLES,EXCAVACION DE FOSA PARA INSTALACION DE ARBOLES,m3,1,2,1,1
APUCON-6d7116c659f784575a6d579c,PROVISION E INSTALACION DE TUTOR,PROVISION E INSTALACION DE TUTOR,u,1,4,1,1
APUCON-52d9e8e8ec1b6beb1650105d,DESALOJO DE MATERIAL SOBRANTE,DESALOJO DE MATERIAL SOBRANTE,m3,1,4,1,1
APUCON-cc576e73cb072356c3de3dd7,PODA DE VEGETACION BAJA,PODA DE VEGETACION BAJA,m2,1,2,1,1
APUCON-89951b15699180d81cb1396a,LIMPIEZA MANUAL DE MALEZA,LIMPIEZA MANUAL DE MALEZA,m2,1,2,1,1
APUCON-536d2584e44a7d9f9e4717cc,FUMIGACION CONTROL FITOSANITARIO,FUMIGACION CONTROL FITOSANITARIO,m2,1,2,1,1
APUCON-e276e9aac8e739de0e353c16,FERTILIZACION (FOLIAR Y EDAFICA),FERTILIZACION FOLIAR Y EDAFICA,m2,1,2,1,1
APUCON-8c041ba8c001599b75408535,"BARRIDO, LIMPIEZA Y DESALOJO",BARRIDO LIMPIEZA Y DESALOJO,u,1,2,1,1
APUCON-f44a53a18e316abb20d69d50,SUMINISTRO Y COLOCACION DE TIERRA PREPARADA (INCL. TRANSPORTE),SUMINISTRO Y COLOCACION DE TIERRA PREPARADA INCL. TRANSPORTE,m3,1,2,1,1
APUCON-102397035d399ba4a4ecfd02,SUMINISTRO E INSTALACION DE TABEUIA CARAIBA (GUAYACAN AMARILLO H=3m - H=4m),SUMINISTRO E INSTALACION DE TABEUIA CARAIBA GUAYACAN AMARILLO H 3M - H 4M,u,1,3,1,1
APUCON-e37683a62a96d0cac87b02c5,PROVISION E INSTALACION DE SEÑAL VERTICAL INFORMATIVA O REGLAMENTARIA DE ALUMINIO DE 2mm CON VYNIL REFLECTIVO DE GRADO XI E IMPRESIÓN DIGITAL (INCL. ELEMENTO DE SUJECCION Y ESTRUCTURA Y SOPORTE 75x75 (LIMITE DE VELOCIDAD MAXIMA),PROVISION E INSTALACION DE SENAL VERTICAL INFORMATIVA O REGLAMENTARIA DE ALUMINIO DE 2MM CON VYNIL REFLECTIVO DE GRADO XI E IMPRESION DIGITAL INCL. ELEMENTO DE SUJECCION Y ESTRUCTURA Y SOPORTE 75X75 LIMITE DE VELOCIDAD MAXIMA,u,1,2,1,1
APUCON-a2a137b89dde1314408281bb,PROVISION E INSTALACION DE SEÑAL VERTICAL INFORMATIVA O REGLAMENTARIA DE ALUMINIO DE 2mm CON VYNIL REFLECTIVO DE GRADO XI NORMA ASTM D4956 E IMPRESIÓN DIGITAL (INCL. ELEMENTO DE SUJECCION Y ESTRUCTURA Y SOPORTE 60x30 (GRAFICO DE GRUA),PROVISION E INSTALACION DE SENAL VERTICAL INFORMATIVA O REGLAMENTARIA DE ALUMINIO DE 2MM CON VYNIL REFLECTIVO DE GRADO XI NORMA ASTM D4956 E IMPRESION DIGITAL INCL. ELEMENTO DE SUJECCION Y ESTRUCTURA Y SOPORTE 60X30 GRAFICO DE GRUA,u,1,2,1,1
APUCON-d9344ab812c86efb6d29fe36,PROVISION E INSTALACION DE SEÑAL VERTICAL INFORMATIVA O REGLAMENTARIA DE ALUMINIO DE 2mm CON VYNIL REFLECTIVO DE GRADO XI NORMA ASTM D4956 E IMPRESIÓN DIGITAL (INCL. ELEMENTOS DE SUJECCION Y ESTRUCTURA Y SOPORTE 60x60 (DISCO PARE),PROVISION E INSTALACION DE SENAL VERTICAL INFORMATIVA O REGLAMENTARIA DE ALUMINIO DE 2MM CON VYNIL REFLECTIVO DE GRADO XI NORMA ASTM D4956 E IMPRESION DIGITAL INCL. ELEMENTOS DE SUJECCION Y ESTRUCTURA Y SOPORTE 60X60 DISCO PARE,u,1,2,1,1
APUCON-1f312d538ee3dab30dd46e8f,PROVISION E INSTALACION DE SEÑAL VERTICAL INFORMATIVA O REGLAMENTARIA DE ALUMINIO DE 2mm CON VYNIL REFLECTIVO DE GRADO XI NORMA ASTM D4956 E IMPRESIÓN DIGITAL (INCL. ELEMENTO DE SUJECCION Y ESTRUCTURA Y SOPORTE 60x60 (PROHIBIDO ESTACIONAR),PROVISION E INSTALACION DE SENAL VERTICAL INFORMATIVA O REGLAMENTARIA DE ALUMINIO DE 2MM CON VYNIL REFLECTIVO DE GRADO XI NORMA ASTM D4956 E IMPRESION DIGITAL INCL. ELEMENTO DE SUJECCION Y ESTRUCTURA Y SOPORTE 60X60 PROHIBIDO ESTACIONAR,u,1,2,1,1
APUCON-893dd4db0a30303a59b51516,PROVISION E INSTALACION DE SEÑAL VERTICAL INFORMATIVA O REGLAMENTARIA DE ALUMINIO DE 2mm CON VYNIL REFLECTIVO DE GRADO XI NORMA ASTM D4956 E IMPRESIÓN DIGITAL (INCL. ELEMENTOS DE SUJECCION Y ESTRUCTURA Y SOPORTE 90x30 (UNA VIA)),PROVISION E INSTALACION DE SENAL VERTICAL INFORMATIVA O REGLAMENTARIA DE ALUMINIO DE 2MM CON VYNIL REFLECTIVO DE GRADO XI NORMA ASTM D4956 E IMPRESION DIGITAL INCL. ELEMENTOS DE SUJECCION Y ESTRUCTURA Y SOPORTE 90X30 UNA VIA,u,1,2,1,1
APUCON-69177fa4859fa35b57c6f113,PROVISION E INSTALACION DE SEÑAL VERTICAL INFORMATIVA O REGLAMENTARIA DE ALUMINIO DE 2mm CON VYNIL REFLECTIVO DE GRADO XI NORMA ASTM D4956 E IMPRESIÓN DIGITAL (INCL. ELEMENTO DE SUJECCION Y ESTRUCTURA Y SOPORTE 90x30) (DOBLE VIA Y OTROS)),PROVISION E INSTALACION DE SENAL VERTICAL INFORMATIVA O REGLAMENTARIA DE ALUMINIO DE 2MM CON VYNIL REFLECTIVO DE GRADO XI NORMA ASTM D4956 E IMPRESION DIGITAL INCL. ELEMENTO DE SUJECCION Y ESTRUCTURA Y SOPORTE 90X30 DOBLE VIA Y OTROS,u,1,2,1,1
APUCON-c91e07da993f8e8f1dffd6ae,PROVISION E INSTALACION DE SEÑAL VERTICAL INFORMATIVA O REGLAMENTARIA DE ALUMINIO DE 2mm CON VYNIL REFLECTIVO DE GRADO XI (INCL. ELEMENTOS DE SUJECCION Y ESTRUCTURA Y SOPORTE 30x45 (ESTACIONAMIENTO EXCLUSIVO PARA PERSONAS CON MOVILIDAD REDUCIDA),PROVISION E INSTALACION DE SENAL VERTICAL INFORMATIVA O REGLAMENTARIA DE ALUMINIO DE 2MM CON VYNIL REFLECTIVO DE GRADO XI INCL. ELEMENTOS DE SUJECCION Y ESTRUCTURA Y SOPORTE 30X45 ESTACIONAMIENTO EXCLUSIVO PARA PERSONAS CON MOVILIDAD REDUCIDA,u,1,2,1,1
APUCON-1e7bf01700461deeebcbbda4,PROVISION E INSTALACION DE SEÑAL VERTICAL INFORMATIVA O REGLAMENTARIA DE ALUMINIO DE 2mm CON VYNIL REFLECTIVO DE GRADO XI NORMA ASTM D4956 E IMPRESIÓN DIGITAL (INCL. ELEMENTOS DE SUJECCION Y ESTRUCTURA Y SOPORTE 60x60 (PERMITIDO ESTACIONAR),PROVISION E INSTALACION DE SENAL VERTICAL INFORMATIVA O REGLAMENTARIA DE ALUMINIO DE 2MM CON VYNIL REFLECTIVO DE GRADO XI NORMA ASTM D4956 E IMPRESION DIGITAL INCL. ELEMENTOS DE SUJECCION Y ESTRUCTURA Y SOPORTE 60X60 PERMITIDO ESTACIONAR,u,1,2,1,1
APUCON-dcc4d0d373c1c60eea760b0e,"PROVISION E INSTALACION DE SEÑAL VERTICAL INFORMATIVA O REGLAMENTARIA DE ALUMINIO DE 2mm CON VYNIL REFLECTIVO DE GRADO XI NORMA ASTM D4956 E IMPRESIÓN DIGITAL (INCL. ELEMENTOS DE SUJECCION, ESTRUCTURA Y SOPORTE (PROXIMIDAD DE CRUCE DE CICLOVIA))",PROVISION E INSTALACION DE SENAL VERTICAL INFORMATIVA O REGLAMENTARIA DE ALUMINIO DE 2MM CON VYNIL REFLECTIVO DE GRADO XI NORMA ASTM D4956 E IMPRESION DIGITAL INCL. ELEMENTOS DE SUJECCION ESTRUCTURA Y SOPORTE PROXIMIDAD DE CRUCE DE CICLOVIA,u,1,2,1,1
APUCON-5119f215e4ffba99ddad6416,LETRERO DE NOMBRES DE CALLES EN LOS PREDIOS ESQUINEROS SEGÚN ESPECIFICACION (INCL. SUJECCION),LETRERO DE NOMBRES DE CALLES EN LOS PREDIOS ESQUINEROS SEGUN ESPECIFICACION INCL. SUJECCION,u,1,2,1,1
APUCON-443cbba2e46fbac430ab42a7,PROVISION E INSTALACION DE SEÑAL VERTICAL INFORMATIVA O REGLAMENTARIA DE ALUMINIO DE 2mm CON VYNIL REFLECTIVO DE GRADO XI NORMA ASTM D4956 E IMPRESIÓN DIGITAL (INCL. ELEMENTOS DE SUJECCION Y ESTRUCTURA Y SOPORTE 60x60 (NO ENTRE)),PROVISION E INSTALACION DE SENAL VERTICAL INFORMATIVA O REGLAMENTARIA DE ALUMINIO DE 2MM CON VYNIL REFLECTIVO DE GRADO XI NORMA ASTM D4956 E IMPRESION DIGITAL INCL. ELEMENTOS DE SUJECCION Y ESTRUCTURA Y SOPORTE 60X60 NO ENTRE,u,1,2,1,1
APUCON-6b04e8e6dd6bcedfae30234f,PROVISION E INSTALACION DE SEÑAL VERTICAL INFORMATIVA O REGLAMENTARIA DE ALUMINIO DE 2mm CON VYNIL REFLECTIVO DE GRADO XI NORMA ASTM D4956 E IMPRESIÓN DIGITAL (INCL. ELEMENTOS DE SUJECCION Y ESTRUCTURA Y SOPORTE 60x60 (SOLO BICICLETAS)),PROVISION E INSTALACION DE SENAL VERTICAL INFORMATIVA O REGLAMENTARIA DE ALUMINIO DE 2MM CON VYNIL REFLECTIVO DE GRADO XI NORMA ASTM D4956 E IMPRESION DIGITAL INCL. ELEMENTOS DE SUJECCION Y ESTRUCTURA Y SOPORTE 60X60 SOLO BICICLETAS,u,1,2,1,1
APUCON-23ef73abc5fcff9e42a5acf6,PROVISION E INSTALACION DE SEÑAL VERTICAL INFORMATIVA O REGLAMENTARIA DE ALUMINIO DE 2mm CON VYNIL REFLECTIVO DE GRADO XI NORMA ASTM D4956 E IMPRESIÓN DIGITAL (INCL. ELEMENTOS DE SUJECCION Y ESTRUCTURA Y SOPORTE 60x60 (ESTACIONAR SOLO MOTO),PROVISION E INSTALACION DE SENAL VERTICAL INFORMATIVA O REGLAMENTARIA DE ALUMINIO DE 2MM CON VYNIL REFLECTIVO DE GRADO XI NORMA ASTM D4956 E IMPRESION DIGITAL INCL. ELEMENTOS DE SUJECCION Y ESTRUCTURA Y SOPORTE 60X60 ESTACIONAR SOLO MOTO,u,1,2,1,1
APUCON-8779deb5941f49ae5c011f65,"SUMINISTRO E INSTALACION DE MODULOS PARA PARQUEO DE BICICLETA CON TUBERIA DE ACERO INOXIDABLE D=2"" (63mm); E=2mm (INCL. BASE DE HORMIGON)",SUMINISTRO E INSTALACION DE MODULOS PARA PARQUEO DE BICICLETA CON TUBERIA DE ACERO INOXIDABLE D 2 63MM E 2MM INCL. BASE DE HORMIGON,u,1,2,1,1
APUCON-3b30932c18177e45903ad3d7,"MARCA DE PAVIMENTO CON PINTURA TERMOPLASTICA E=2,3mm LINEA DIVISORIAS ANCHO DE 12,5cm (INCL. MICROESFERAS LINEA DE PARQUEO)",MARCA DE PAVIMENTO CON PINTURA TERMOPLASTICA E 2 3MM LINEA DIVISORIAS ANCHO DE 12 5CM INCL. MICROESFERAS LINEA DE PARQUEO,m,1,2,1,1
APUCON-1f39f7115df4437939b91565,"MARCA DE PAVIMENTO CON TERMOPLASTICO PREFORMADO E=2,3mm DISEÑO PASO CEBRA Y LINEA DE PARE",MARCA DE PAVIMENTO CON TERMOPLASTICO PREFORMADO E 2 3MM DISENO PASO CEBRA Y LINEA DE PARE,m2,1,2,1,1
APUCON-c69f57fa877368e20997d03d,"MARCA DE PAVIMENTO CON PINTURA TERMOPLASTICA E=2,3mm LINEA DIVISORIAS ANCHO DE 12,5 cm (INCL. MICROESFERA LINEA DE EJE DE VIA Y BORDE)",MARCA DE PAVIMENTO CON PINTURA TERMOPLASTICA E 2 3MM LINEA DIVISORIAS ANCHO DE 12 5 CM INCL. MICROESFERA LINEA DE EJE DE VIA Y BORDE,m,1,2,1,1
APUCON-5eb89d60471383c3a6b8207d,"MARCA DE PAVIMENTO CON PINTURA TERMOPLASTICA E=2,3mm LINEA DIVISORIAS ANCHO DE 12,5cm (INCL. MICROESFERA LINEA DE PARADA ANTES DEL PASO CEBRA)",MARCA DE PAVIMENTO CON PINTURA TERMOPLASTICA E 2 3MM LINEA DIVISORIAS ANCHO DE 12 5CM INCL. MICROESFERA LINEA DE PARADA ANTES DEL PASO CEBRA,m,1,2,1,1
APUCON-17dd13baecaaae1aadb056b5,"MARCA DE PAVIMENTO CON TERMOPLASTICO PREFORMADO DE E=2,3mm DISEÑO DE FLECHA RECTA",MARCA DE PAVIMENTO CON TERMOPLASTICO PREFORMADO DE E 2 3MM DISENO DE FLECHA RECTA,m2,1,2,1,1
APUCON-e47f90a87e1708cff7d87c65,"MARCA DE PAVIMENTO CON TERMOPLASTICO PREFORMADO DE E=2,3mm DISEÑO DE FLECHA COMBINADA",MARCA DE PAVIMENTO CON TERMOPLASTICO PREFORMADO DE E 2 3MM DISENO DE FLECHA COMBINADA,m2,1,2,1,1
APUCON-fa9112ec2068cdf9b017ce28,"MARCA DE PAVIMENTO CON TERMOPLASTICO PREFORMADO DE E=2,3mm DISEÑO DE FLECHA SOLO GIRAR",MARCA DE PAVIMENTO CON TERMOPLASTICO PREFORMADO DE E 2 3MM DISENO DE FLECHA SOLO GIRAR,m2,1,2,1,1
APUCON-383efec90020ad934cc17904,"MARCA DE PAVIMENTO DISEÑO (MINUSVALIDO) EN TERMOPLASTICO PREFORMADO DE 2,3mm",MARCA DE PAVIMENTO DISENO MINUSVALIDO EN TERMOPLASTICO PREFORMADO DE 2 3MM,u,1,2,1,1
APUCON-0e0e5c8c54daf9c67b48adf0,"SUMINISTRO E INSTALACION DE CAJA PORTAFUSIBLE DE 15 KV - 100A (INCL. SECCIONADOR, ESTRIBOS DE ALUMINIO CON CONECTORES Y GRAPAS LINEA VIVA)",SUMINISTRO E INSTALACION DE CAJA PORTAFUSIBLE DE 15 KV - 100A INCL. SECCIONADOR ESTRIBOS DE ALUMINIO CON CONECTORES Y GRAPAS LINEA VIVA,u,1,1,1,1
APUCON-6c9b63145062963963dba56b,SUMINISTRO E INSTALACION DE ESTRUCTURA DE MEDIA TENSION 1F - CENTRADA RETENCION (INCL. RACK DE 1 VIA PARA NEUTRO 1CR),SUMINISTRO E INSTALACION DE ESTRUCTURA DE MEDIA TENSION 1F - CENTRADA RETENCION INCL. RACK DE 1 VIA PARA NEUTRO 1CR,u,1,1,1,1
APUCON-06c4b4e7fcdc56c7d129991f,DESMONTAJE DE ANCLA DE EMPUJE,DESMONTAJE DE ANCLA DE EMPUJE,u,1,1,1,1
APUCON-0e4001950a549bb92520ec5b,"MARCA DE PAVIMENTO CON PINTURA TERMOPLASTICA E=2,3mm. LINEAS DIVISORIAS ANCHO DE 12,5cm (INCL. MICROESFERA LINEA DEMARCACION ROJA PARA CRUCE DE CICLOVIA)",MARCA DE PAVIMENTO CON PINTURA TERMOPLASTICA E 2 3MM. LINEAS DIVISORIAS ANCHO DE 12 5CM INCL. MICROESFERA LINEA DEMARCACION ROJA PARA CRUCE DE CICLOVIA,m2,1,1,1,1
APUCON-246262a49df27bb3061941ae,SUMINISTRO E INSTALACION DE MARCADORES DE PAVIMENTO TIPO TACHAS DE GRADO REFLECTOR PRISMATICA BIDIRECCIONAL (INCL. PEGAMENTO EPOXICO BI-COMPONENTE),SUMINISTRO E INSTALACION DE MARCADORES DE PAVIMENTO TIPO TACHAS DE GRADO REFLECTOR PRISMATICA BIDIRECCIONAL INCL. PEGAMENTO EPOXICO BI-COMPONENTE,u,1,1,1,1
APUCON-54de15164a288f89c5124e1a,HUMEDECIMIENTO DE AREAS EXPUESTAS,HUMEDECIMIENTO DE AREAS EXPUESTAS,m3,1,1,1,1
APUCON-aca666cc19ea1c597b66abf3,"SUMINISTRO, COLOCACION Y POSTERIOR ENTREGA A BODEGA MUNICIPAL DE LETREROS DE SEÑALES PREVENTIVAS; TIPO CABALLETE METALICO DE (HOMBRES TRABAJANDO, PELIGRO, USO RACIONAL DE BOCINA, VELOCIDAD MAXIMA, ETC) (INCL. LOGO DE LA ENTIDAD)",SUMINISTRO COLOCACION Y POSTERIOR ENTREGA A BODEGA MUNICIPAL DE LETREROS DE SENALES PREVENTIVAS TIPO CABALLETE METALICO DE HOMBRES TRABAJANDO PELIGRO USO RACIONAL DE BOCINA VELOCIDAD MAXIMA ETC INCL. LOGO DE LA ENTIDAD,u,1,2,1,1
APUCON-d16af1885c53157ded552732,"SUMINISTRO, COLOCACION Y POSTERIOR ENTREGA A BODEGA MUNICIPAL DE LOS TACHOS METALICOS DE 55 GALONES PARA EL ALMACENAMIENTO DE DESECHOS (INCL. TAPA)",SUMINISTRO COLOCACION Y POSTERIOR ENTREGA A BODEGA MUNICIPAL DE LOS TACHOS METALICOS DE 55 GALONES PARA EL ALMACENAMIENTO DE DESECHOS INCL. TAPA,u,1,1,1,1
APUCON-60dd63ce8fbe2e1d9c956073,"PLAN DE CAPACITACION EN SEGURIDAD INDUSTRIAL Y SALUD OCUPACIONAL (INCL. CHARLAS, CAPACITACION, TALLERES, ETC.)",PLAN DE CAPACITACION EN SEGURIDAD INDUSTRIAL Y SALUD OCUPACIONAL INCL. CHARLAS CAPACITACION TALLERES ETC,u,1,1,1,1
APUCON-db34120a3d1ee1a99edc9d00,CINTAS DEMARCATORIAS DE ADVERTENCIA / PELIGRO DE COLOR AMARILLO CON LETRAS NEGRAS (ROLLO),CINTAS DEMARCATORIAS DE ADVERTENCIA / PELIGRO DE COLOR AMARILLO CON LETRAS NEGRAS ROLLO,u,1,1,1,1
APUCON-927ffe562679cfef6a0ecec4,"SUMINISTRO Y COLOCACION DE LETRERO DE INFORMACION DE OBRA 6,00x4,00m (INCL. ESTRUCTURA DE SOPORTE METALICO DOBLE SOLDADA DE 50x50x3mm, DADO DE ANCLAJE DE HORMIGON DE F´C= 180 KG/CM2 Y PINTURA ANTICORROSIVA)",SUMINISTRO Y COLOCACION DE LETRERO DE INFORMACION DE OBRA 6 00X4 00M INCL. ESTRUCTURA DE SOPORTE METALICO DOBLE SOLDADA DE 50X50X3MM DADO DE ANCLAJE DE HORMIGON DE F C 180 KG/CM2 Y PINTURA ANTICORROSIVA,u,1,1,1,1
APUCON-f9d7e36b292362e626c0bdf2,SUMINISTRO E INSTALACION DE MALLA PLASTICA DE SEGURIDAD DE COLOR ANARANJADO REFLECTIVO,SUMINISTRO E INSTALACION DE MALLA PLASTICA DE SEGURIDAD DE COLOR ANARANJADO REFLECTIVO,m,1,1,1,1
APUCON-a57a634ddd39a2e1838b8885,PARANTE DE MADERA CON DADO DE HORMIGON SIMPLE F´C= 180 KG/CM2 (INCL. PINTURA ESMALTE),PARANTE DE MADERA CON DADO DE HORMIGON SIMPLE F C 180 KG/CM2 INCL. PINTURA ESMALTE,u,1,1,1,1
APUCON-a6a3196f01520f29518c33ab,PALETAS DE - PARE/SIGA,PALETAS DE - PARE/SIGA,u,1,1,1,1
APUCON-c146177fc20b8697c8bcc773,"SUMINISTRO, COLOCACION Y POSTERIOR ENTREGA A BODEGA MUNICIPAL DE TANQUETA PROTECTORES VIAL DE POLIETILENO CON CINTA REFLECTIVA PARA SEÑALIZACION VIAL",SUMINISTRO COLOCACION Y POSTERIOR ENTREGA A BODEGA MUNICIPAL DE TANQUETA PROTECTORES VIAL DE POLIETILENO CON CINTA REFLECTIVA PARA SENALIZACION VIAL,u,1,1,1,1
APUCON-a91b6db904496895ac84dcb6,"SUMINISTRO, COLOCACION Y POSTERIOR ENTREGA A BODEGA MUNICIPAL DE DELINEADOR TUBULAR DE ALTA DENSIDAD COLOR NARANJA (INCL. LASTRE (ARENA) O AGUA)",SUMINISTRO COLOCACION Y POSTERIOR ENTREGA A BODEGA MUNICIPAL DE DELINEADOR TUBULAR DE ALTA DENSIDAD COLOR NARANJA INCL. LASTRE ARENA O AGUA,u,1,1,1,1
APUCON-c9ed1f4c6c3fe99fcaed6459,"SUMINISTRO DE EQUIPO DE PROTECCION PARA TRABAJADORES (EPP) (INCL. CASCO TIPO IG.; GUANTES CON PUPOS DE PVC; TAPONES AUDITIVOS; GAFAS TRANSPARENTE; BUZO CON CINTA REFLECTIVA, PANTALON CON CINTA REFLECTIVA Y BOTAS DE SEGURIDAD INDUSTRIAL)",SUMINISTRO DE EQUIPO DE PROTECCION PARA TRABAJADORES EPP INCL. CASCO TIPO IG. GUANTES CON PUPOS DE PVC TAPONES AUDITIVOS GAFAS TRANSPARENTE BUZO CON CINTA REFLECTIVA PANTALON CON CINTA REFLECTIVA Y BOTAS DE SEGURIDAD INDUSTRIAL,u,1,1,1,1
APUCON-833b7017db62733b26b0e977,SUMINISTRO E INSTALACION DE PUENTE PEATONAL CON MADERA PARA CRUCE PROVISIONAL,SUMINISTRO E INSTALACION DE PUENTE PEATONAL CON MADERA PARA CRUCE PROVISIONAL,u,1,1,1,1
APUCON-086efa9c735919597a1a962c,"SUMINISTRO E INSTALACION DE EXTINTOR PORTATIL DE ABC DE POLVO QUIMICO SECO (PQS) 20 LIBRAS, RECARGABLE (INCL. SOPORTE DE PARED)",SUMINISTRO E INSTALACION DE EXTINTOR PORTATIL DE ABC DE POLVO QUIMICO SECO PQS 20 LIBRAS RECARGABLE INCL. SOPORTE DE PARED,u,1,1,1,1
APUCON-d70e6933606779aa21865c83,MONITOREO Y CONTROL DE RUIDO (MENSUAL),MONITOREO Y CONTROL DE RUIDO MENSUAL,u,1,1,1,1
APUCON-3d6b5403a738c1349028a533,MONITOREO Y CONTROL DE CALIDA DE AIRE,MONITOREO Y CONTROL DE CALIDA DE AIRE,u,1,1,1,1
