apu_a_id,apu_b_id,unidad,descripcion_a,descripcion_b,similaridad,motivo,decision_v1,accion
APUCON-05499195d3a3981178df4bb0,APUCON-753df503ee9dd5a79c21bf7a,u,SUMINISTRO E INSTALACION DE VALVULA COMPUERTA VASTAGO FIJO EXTREMOS BRIDADOS D=50mm PN10/16,SUMINISTRO E INSTALACION DE VALVULA COMPUERTA VASTAGO FIJO EXTREMOS BRIDADOS D=150mm PN10/16,99.45,DESCRIPCION_SIMILAR_MISMA_UNIDAD,NO_FUSIONAR_AUTOMATICAMENTE,REVISAR_MANUALMENTE
APUCON-9a9fbdf1a4d0cc980783a89d,APUCON-d2c72c7e4c81137e1102b152,u,"SUMINISTRO E INSTALACION DE TRANSFORMADOR 1F TIPO PADMOUNTED MALLA DE 75 KVA, 7960/240 - 120V (INCL. INSERT, ELBOW CONECTOR, ELBOW ARRESTER Y TAPON AISLADO PARA EL TERMINAL MALLA DE RESERVA)","SUMINISTRO E INSTALACION DE TRANSFORMADOR 3F TIPO PADMOUNTED MALLA DE 75 KVA, 7960/240 - 120V (INCL. INSERT, ELBOW CONECTOR, ELBOW ARRESTER Y TAPON AISLADO PARA EL TERMINAL MALLA DE RESERVA)",99.40,DESCRIPCION_SIMILAR_MISMA_UNIDAD,NO_FUSIONAR_AUTOMATICAMENTE,REVISAR_MANUALMENTE
APUCON-0a0cdbc2fe6db739256606ba,APUCON-44004674f5ad018d755ebc97,u,SUMINISTRO E INSTALACION DE VALVULA CHECK BRIDADA DE H.D. TIPO SWING D=50mm PN10/16,SUMINISTRO E INSTALACION DE VALVULA CHECK BRIDADA DE H.D. TIPO SWING D=150mm PN10/16,99.38,DESCRIPCION_SIMILAR_MISMA_UNIDAD,NO_FUSIONAR_AUTOMATICAMENTE,REVISAR_MANUALMENTE
APUCON-059d876551562bd33aca02b3,APUCON-6d12d090f9ce8e3580988e78,u,"SUMINISTRO E INSTALACION DE PUNTA DE CONEXIÓN INTERIOR TIPO ELBOW CONECTOR CLASE 15 KV PARA CABLE #1/0 AWG (INCL. CABLE #10 AWG THHN PARA ATERRIZAJE DE PUNTAS, ELBOW CONECTOR Y TIRA FUSIBLE DE 30A)","SUMINISTRO E INSTALACION DE PUNTA DE CONEXIÓN INTERIOR TIPO ELBOW CONECTOR CLASE 15 KV PARA CABLE #2 AWG (INCL. CABLE #10 AWG THHN PARA ATERRIZAJE DE PUNTAS, ELBOW CONECTOR Y TIRA FUSIBLE DE 30A)",99.33,DESCRIPCION_SIMILAR_MISMA_UNIDAD,NO_FUSIONAR_AUTOMATICAMENTE,REVISAR_MANUALMENTE
APUCON-4c76fd84e168e5cc409e5562,APUCON-8aa9e768dca99f05f6ce5133,u,SUMINISTRO E INSTALACION DE BRIDA DE ACERO AL CARBONO ASTM A-105 DN 50mm,SUMINISTRO E INSTALACION DE BRIDA DE ACERO AL CARBONO ASTM A-105 DN 150mm,99.28,DESCRIPCION_SIMILAR_MISMA_UNIDAD,NO_FUSIONAR_AUTOMATICAMENTE,REVISAR_MANUALMENTE
APUCON-4ed6a6f9d7721e988c96cddf,APUCON-ab6ea6c7d303c73ecc8b5a4f,u,PROVISION DE TAPA DE GRAFITO ESFEROIDAL DE 80cm DE DIAMETRO CON RESISTENCIA 125KN PARA LAS CAJAS PROYECTADAS. INCLUYE TRANSPORTE Y SISTEMA ELECTRICO,PROVISION DE TAPA DE GRAFITO ESFEROIDAL DE 60cm DE DIAMETRO CON RESISTENCIA 125KN PARA LAS CAJAS PROYECTADAS. INCLUYE TRANSPORTE Y SISTEMA ELECTRICO,99.28,DESCRIPCION_SIMILAR_MISMA_UNIDAD,NO_FUSIONAR_AUTOMATICAMENTE,REVISAR_MANUALMENTE
APUCON-11f76c8173e3f6d1e616b554,APUCON-94f4770fa62c8df49dc73655,u,"SUMINISTRO E INSTALACION DE PASAMURO PARA TUBERIA DE H.F. 50mm, L=0.40m","SUMINISTRO E INSTALACION DE PASAMURO PARA TUBERIA DE H.F. 250mm, L=0.40m",99.26,DESCRIPCION_SIMILAR_MISMA_UNIDAD,NO_FUSIONAR_AUTOMATICAMENTE,REVISAR_MANUALMENTE
APUCON-11f76c8173e3f6d1e616b554,APUCON-39077a68437bbf4d3583cc4b,u,"SUMINISTRO E INSTALACION DE PASAMURO PARA TUBERIA DE H.F. 50mm, L=0.40m","SUMINISTRO E INSTALACION DE PASAMURO PARA TUBERIA DE H.F. 150mm, L=0.40m",99.26,DESCRIPCION_SIMILAR_MISMA_UNIDAD,NO_FUSIONAR_AUTOMATICAMENTE,REVISAR_MANUALMENTE
APUCON-b4ae47ba98d0d9177571ba17,APUCON-ed2ff64481461df0a6cf901d,u,"TABLERO DE DISTRIBUCION METALICO PARA ALIMENTAR A 5 MEDIDORES (INCL. BREAKER PRINCIPAL DE 150 AMP 2 POLOS, BARRAS DE COBRE, AISLADORES, SIN BASES SOCKET, 5 BREAKERS DE 50 AMP 2 POLOS, TOTALMENTE CABLEADO. SE CONECTARÁN LOS MEDIDORES EXISTENTES)","TABLERO DE DISTRIBUCION METALICO PARA ALIMENTAR A 2 MEDIDORES (INCL. BREAKER PRINCIPAL DE 70 AMP 2 POLOS, BARRAS DE COBRE, AISLADORES, SIN BASES SOCKET, 2 BREAKERS DE 50 AMP 2 POLOS, TOTALMENTE CABLEADO. SE CONECTARAN LOS MEDIDORES EXISTENTES",99.25,DESCRIPCION_SIMILAR_MISMA_UNIDAD,NO_FUSIONAR_AUTOMATICAMENTE,REVISAR_MANUALMENTE
APUCON-29bdfabdd227d0904de6b4d4,APUCON-ed2ff64481461df0a6cf901d,u,"TABLERO DE DISTRIBUCIÓN METÁLICO PARA ALIMENTAR A 4 MEDIDORES (INCL. BREAKER PRINCIPAL DE 100 AMP 2 POLOS, BARRAS DE COBRE, AISLADORES, SIN BASES SOCKET, 4 BREAKERS DE 50 AMP 2 POLOS, TOTALMENTE CABLEADO. SE CONECTARÁN LOS MEDIDORES EXISTENTES","TABLERO DE DISTRIBUCION METALICO PARA ALIMENTAR A 2 MEDIDORES (INCL. BREAKER PRINCIPAL DE 70 AMP 2 POLOS, BARRAS DE COBRE, AISLADORES, SIN BASES SOCKET, 2 BREAKERS DE 50 AMP 2 POLOS, TOTALMENTE CABLEADO. SE CONECTARAN LOS MEDIDORES EXISTENTES",99.25,DESCRIPCION_SIMILAR_MISMA_UNIDAD,NO_FUSIONAR_AUTOMATICAMENTE,REVISAR_MANUALMENTE
APUCON-3e4b6d7dd06a8a5bb614aec4,APUCON-80e31c3bc146ea800788f70e,m,"CANALIZACION CON 2 TUBOS DE PVC D=4"" (110mm) / TIPO DOBLE PARED (SUPERFICIE INTERIOR LISA Y EXTERIOR CORRUGADA) SISTEMA ELECTRICO O COMUNICACIÓN","CANALIZACION CON 8 TUBOS DE PVC D=4"" (110mm) / TIPO DOBLE PARED (SUPERFICIE INTERIOR LISA Y EXTERIOR CORRUGADA) SISTEMA DE COMUNICACIÓN",99.21,DESCRIPCION_SIMILAR_MISMA_UNIDAD,NO_FUSIONAR_AUTOMATICAMENTE,REVISAR_MANUALMENTE
APUCON-334496274ca681956e49a64a,APUCON-71072cb150905ffa0053844b,u,"SUMINISTRO E INSTALACION DE BOMBA SUMERGIBLE 7.5 KW DE ACERO INOXIDABLE (INCLUYE TABLERO, BASE AUTOACOPLABLE Y BRIDA DE DESCARGA)","SUMINISTRO E INSTALACION DE BOMBA SUMERGIBLE 6 KW DE ACERO INOXIDABLE (INCLUYE TABLERO, BASE AUTOACOPLABLE Y BRIDA DE DESCARGA)",99.15,DESCRIPCION_SIMILAR_MISMA_UNIDAD,NO_FUSIONAR_AUTOMATICAMENTE,REVISAR_MANUALMENTE
APUCON-4423be2932c09b6603e39e5a,APUCON-d95044dfe6da376197d440e7,u,SUMINISTRO E INSTALACION DE CODO ACERO ASTM A36 D= 150mmX90',SUMINISTRO E INSTALACION DE CODO ACERO ASTM A36 D= 50mmX90',99.15,DESCRIPCION_SIMILAR_MISMA_UNIDAD,NO_FUSIONAR_AUTOMATICAMENTE,REVISAR_MANUALMENTE
APUCON-29bdfabdd227d0904de6b4d4,APUCON-b4ae47ba98d0d9177571ba17,u,"TABLERO DE DISTRIBUCIÓN METÁLICO PARA ALIMENTAR A 4 MEDIDORES (INCL. BREAKER PRINCIPAL DE 100 AMP 2 POLOS, BARRAS DE COBRE, AISLADORES, SIN BASES SOCKET, 4 BREAKERS DE 50 AMP 2 POLOS, TOTALMENTE CABLEADO. SE CONECTARÁN LOS MEDIDORES EXISTENTES","TABLERO DE DISTRIBUCION METALICO PARA ALIMENTAR A 5 MEDIDORES (INCL. BREAKER PRINCIPAL DE 150 AMP 2 POLOS, BARRAS DE COBRE, AISLADORES, SIN BASES SOCKET, 5 BREAKERS DE 50 AMP 2 POLOS, TOTALMENTE CABLEADO. SE CONECTARÁN LOS MEDIDORES EXISTENTES)",99.02,DESCRIPCION_SIMILAR_MISMA_UNIDAD,NO_FUSIONAR_AUTOMATICAMENTE,REVISAR_MANUALMENTE
APUCON-05499195d3a3981178df4bb0,APUCON-13f8de3d257b717bbad205e7,u,SUMINISTRO E INSTALACION DE VALVULA COMPUERTA VASTAGO FIJO EXTREMOS BRIDADOS D=50mm PN10/16,SUMINISTRO E INSTALACION DE VALVULA COMPUERTA VASTAGO FIJO EXTREMOS BRIDADOS D=80mm PN10/16,98.90,DESCRIPCION_SIMILAR_MISMA_UNIDAD,NO_FUSIONAR_AUTOMATICAMENTE,REVISAR_MANUALMENTE
APUCON-0a0cdbc2fe6db739256606ba,APUCON-c561a0f27807506246972fec,u,SUMINISTRO E INSTALACION DE VALVULA CHECK BRIDADA DE H.D. TIPO SWING D=50mm PN10/16,SUMINISTRO E INSTALACION DE VALVULA CHECK BRIDADA DE H.D. TIPO SWING D=80mm PN10/16,98.75,DESCRIPCION_SIMILAR_MISMA_UNIDAD,NO_FUSIONAR_AUTOMATICAMENTE,REVISAR_MANUALMENTE
APUCON-29bdfabdd227d0904de6b4d4,APUCON-3722b2b2d611f85d00d71908,u,"TABLERO DE DISTRIBUCIÓN METÁLICO PARA ALIMENTAR A 4 MEDIDORES (INCL. BREAKER PRINCIPAL DE 100 AMP 2 POLOS, BARRAS DE COBRE, AISLADORES, SIN BASES SOCKET, 4 BREAKERS DE 50 AMP 2 POLOS, TOTALMENTE CABLEADO. SE CONECTARÁN LOS MEDIDORES EXISTENTES","TABLERO DE DISTRIBUCION METALICO PARA ALIMENTAR A 3 MEDIDORES (INCL. BREAKER PRINCIPAL DE 70 AMP 2 POLOS, BARRAS DE COBRE, AISLADORES, SIN BASES SOCKET, 3 BREAKERS DE 50 AMP 2 POLOS, TOTALMENTE CABLEADO. SE CONECTARAN LOS MEDIDORES EXISTENTES)",98.75,DESCRIPCION_SIMILAR_MISMA_UNIDAD,NO_FUSIONAR_AUTOMATICAMENTE,REVISAR_MANUALMENTE
APUCON-3722b2b2d611f85d00d71908,APUCON-b4ae47ba98d0d9177571ba17,u,"TABLERO DE DISTRIBUCION METALICO PARA ALIMENTAR A 3 MEDIDORES (INCL. BREAKER PRINCIPAL DE 70 AMP 2 POLOS, BARRAS DE COBRE, AISLADORES, SIN BASES SOCKET, 3 BREAKERS DE 50 AMP 2 POLOS, TOTALMENTE CABLEADO. SE CONECTARAN LOS MEDIDORES EXISTENTES)","TABLERO DE DISTRIBUCION METALICO PARA ALIMENTAR A 5 MEDIDORES (INCL. BREAKER PRINCIPAL DE 150 AMP 2 POLOS, BARRAS DE COBRE, AISLADORES, SIN BASES SOCKET, 5 BREAKERS DE 50 AMP 2 POLOS, TOTALMENTE CABLEADO. SE CONECTARÁN LOS MEDIDORES EXISTENTES)",98.75,DESCRIPCION_SIMILAR_MISMA_UNIDAD,NO_FUSIONAR_AUTOMATICAMENTE,REVISAR_MANUALMENTE
APUCON-6c3262d614b513e144e2eb0d,APUCON-9ba01c48cb4f95ca0f1de0d3,u,SUMINISTRO E INSTALACION DE VALVULA DE CLAPETA DE DESCARGA D=600mm (INCLUYE ACCESORIOS),SUMINISTRO E INSTALACION DE VALVULA DE CLAPETA DE DESCARGA D=700mm (INCLUYE ACCESORIOS),98.73,DESCRIPCION_SIMILAR_MISMA_UNIDAD,NO_FUSIONAR_AUTOMATICAMENTE,REVISAR_MANUALMENTE
APUCON-4c7f0b4069d22ab2f632acf5,APUCON-91509731d07290e3007667ac,m,"SUMINISTRO E INSTALACION DE ALIMENTADOR 1#2 CU 15KV XLPE AL 100%, N#4 CU DESNUDO","SUMINISTRO E INSTALACION DE ALIMENTADOR 3#2 CU 15KV XLPE AL 100%, N#4 CU DESNUDO",98.68,DESCRIPCION_SIMILAR_MISMA_UNIDAD,NO_FUSIONAR_AUTOMATICAMENTE,REVISAR_MANUALMENTE
APUCON-beaddc1fe5692589c76072f2,APUCON-f1b5ecdf2a10ff30ca6eef70,u,"SUMINISTRO E INSTALACION DE VALVULA DE AIRE 1"" TRIPLE ACCION (INCLUYE ACCESORIOS)","SUMINISTRO E INSTALACION DE VALVULA DE AIRE 2"" TRIPLE ACCION (INCLUYE ACCESORIOS)",98.67,DESCRIPCION_SIMILAR_MISMA_UNIDAD,NO_FUSIONAR_AUTOMATICAMENTE,REVISAR_MANUALMENTE
APUCON-beaddc1fe5692589c76072f2,APUCON-f8149ffba8c324c6d40db576,u,"SUMINISTRO E INSTALACION DE VALVULA DE AIRE 1"" TRIPLE ACCION (INCLUYE ACCESORIOS)","SUMINISTRO E INSTALACION DE VALVULA DE AIRE 3"" TRIPLE ACCION (INCLUYE ACCESORIOS)",98.67,DESCRIPCION_SIMILAR_MISMA_UNIDAD,NO_FUSIONAR_AUTOMATICAMENTE,REVISAR_MANUALMENTE
APUCON-f1b5ecdf2a10ff30ca6eef70,APUCON-f8149ffba8c324c6d40db576,u,"SUMINISTRO E INSTALACION DE VALVULA DE AIRE 2"" TRIPLE ACCION (INCLUYE ACCESORIOS)","SUMINISTRO E INSTALACION DE VALVULA DE AIRE 3"" TRIPLE ACCION (INCLUYE ACCESORIOS)",98.67,DESCRIPCION_SIMILAR_MISMA_UNIDAD,NO_FUSIONAR_AUTOMATICAMENTE,REVISAR_MANUALMENTE
APUCON-0b653614b983b29337faf556,APUCON-91509731d07290e3007667ac,m,"SUMINISTRO E INSTALACION DE ALIMENTADOR 3#1/0 CU 15KV XLPE AL 100%, N#2 CU DESNUDO","SUMINISTRO E INSTALACION DE ALIMENTADOR 3#2 CU 15KV XLPE AL 100%, N#4 CU DESNUDO",98.67,DESCRIPCION_SIMILAR_MISMA_UNIDAD,NO_FUSIONAR_AUTOMATICAMENTE,REVISAR_MANUALMENTE
APUCON-01bbf1727d6e9e04f00c6bb5,APUCON-4c76fd84e168e5cc409e5562,u,SUMINISTRO E INSTALACION DE BRIDA DE ACERO AL CARBONO ASTM A-105 DN 40mm,SUMINISTRO E INSTALACION DE BRIDA DE ACERO AL CARBONO ASTM A-105 DN 50mm,98.55,DESCRIPCION_SIMILAR_MISMA_UNIDAD,NO_FUSIONAR_AUTOMATICAMENTE,REVISAR_MANUALMENTE
APUCON-4c76fd84e168e5cc409e5562,APUCON-71d17d12772887e0b4fab837,u,SUMINISTRO E INSTALACION DE BRIDA DE ACERO AL CARBONO ASTM A-105 DN 50mm,SUMINISTRO E INSTALACION DE BRIDA DE ACERO AL CARBONO ASTM A-105 DN 80mm,98.55,DESCRIPCION_SIMILAR_MISMA_UNIDAD,NO_FUSIONAR_AUTOMATICAMENTE,REVISAR_MANUALMENTE
APUCON-2a3d7b0648e51fcf22a6de63,APUCON-4c76fd84e168e5cc409e5562,u,SUMINISTRO E INSTALACION DE BRIDA DE ACERO AL CARBONO ASTM A-105 DN 65mm,SUMINISTRO E INSTALACION DE BRIDA DE ACERO AL CARBONO ASTM A-105 DN 50mm,98.55,DESCRIPCION_SIMILAR_MISMA_UNIDAD,NO_FUSIONAR_AUTOMATICAMENTE,REVISAR_MANUALMENTE
APUCON-01bbf1727d6e9e04f00c6bb5,APUCON-71d17d12772887e0b4fab837,u,SUMINISTRO E INSTALACION DE BRIDA DE ACERO AL CARBONO ASTM A-105 DN 40mm,SUMINISTRO E INSTALACION DE BRIDA DE ACERO AL CARBONO ASTM A-105 DN 80mm,98.55,DESCRIPCION_SIMILAR_MISMA_UNIDAD,NO_FUSIONAR_AUTOMATICAMENTE,REVISAR_MANUALMENTE
APUCON-39077a68437bbf4d3583cc4b,APUCON-afbf2a16545fcf3ad78f583b,u,"SUMINISTRO E INSTALACION DE PASAMURO PARA TUBERIA DE H.F. 150mm, L=0.40m","SUMINISTRO E INSTALACION DE PASAMURO PARA TUBERIA DE H.F. 100mm, L=0.40m",98.53,DESCRIPCION_SIMILAR_MISMA_UNIDAD,NO_FUSIONAR_AUTOMATICAMENTE,REVISAR_MANUALMENTE
APUCON-0a06998cf762720d5781ce5a,APUCON-babae74c31e7840ffaa3fdb6,u,CONECTOR IP - 68 GELPORT 350 DE 5 VIAS PARA CONECTARSE AL SECUNDARIO,CONECTOR IP - 68 GELPORT 350 DE 6 VIAS PARA CONECTARSE AL SECUNDARIO,98.53,DESCRIPCION_SIMILAR_MISMA_UNIDAD,NO_FUSIONAR_AUTOMATICAMENTE,REVISAR_MANUALMENTE
APUCON-195116eda03c7a56dd7a5454,APUCON-babae74c31e7840ffaa3fdb6,u,CONECTOR IP - 68 GELPORT 350 DE 4 VIAS PARA CONECTARSE AL SECUNDARIO,CONECTOR IP - 68 GELPORT 350 DE 6 VIAS PARA CONECTARSE AL SECUNDARIO,98.53,DESCRIPCION_SIMILAR_MISMA_UNIDAD,NO_FUSIONAR_AUTOMATICAMENTE,REVISAR_MANUALMENTE
APUCON-0a06998cf762720d5781ce5a,APUCON-195116eda03c7a56dd7a5454,u,CONECTOR IP - 68 GELPORT 350 DE 5 VIAS PARA CONECTARSE AL SECUNDARIO,CONECTOR IP - 68 GELPORT 350 DE 4 VIAS PARA CONECTARSE AL SECUNDARIO,98.53,DESCRIPCION_SIMILAR_MISMA_UNIDAD,NO_FUSIONAR_AUTOMATICAMENTE,REVISAR_MANUALMENTE
APUCON-002dbdd137408608224f2809,APUCON-0a06998cf762720d5781ce5a,u,CONECTOR IP - 68 GELPORT 350 DE 3 VIAS PARA CONECTARSE AL SECUNDARIO,CONECTOR IP - 68 GELPORT 350 DE 5 VIAS PARA CONECTARSE AL SECUNDARIO,98.53,DESCRIPCION_SIMILAR_MISMA_UNIDAD,NO_FUSIONAR_AUTOMATICAMENTE,REVISAR_MANUALMENTE
APUCON-002dbdd137408608224f2809,APUCON-195116eda03c7a56dd7a5454,u,CONECTOR IP - 68 GELPORT 350 DE 3 VIAS PARA CONECTARSE AL SECUNDARIO,CONECTOR IP - 68 GELPORT 350 DE 4 VIAS PARA CONECTARSE AL SECUNDARIO,98.53,DESCRIPCION_SIMILAR_MISMA_UNIDAD,NO_FUSIONAR_AUTOMATICAMENTE,REVISAR_MANUALMENTE
APUCON-50838d66713df5fb626d4e42,APUCON-afbf2a16545fcf3ad78f583b,u,"SUMINISTRO E INSTALACION DE PASAMURO PARA TUBERIA DE H.F. 200mm, L=0.40m","SUMINISTRO E INSTALACION DE PASAMURO PARA TUBERIA DE H.F. 100mm, L=0.40m",98.53,DESCRIPCION_SIMILAR_MISMA_UNIDAD,NO_FUSIONAR_AUTOMATICAMENTE,REVISAR_MANUALMENTE
APUCON-39077a68437bbf4d3583cc4b,APUCON-94f4770fa62c8df49dc73655,u,"SUMINISTRO E INSTALACION DE PASAMURO PARA TUBERIA DE H.F. 150mm, L=0.40m","SUMINISTRO E INSTALACION DE PASAMURO PARA TUBERIA DE H.F. 250mm, L=0.40m",98.53,DESCRIPCION_SIMILAR_MISMA_UNIDAD,NO_FUSIONAR_AUTOMATICAMENTE,REVISAR_MANUALMENTE
APUCON-002dbdd137408608224f2809,APUCON-babae74c31e7840ffaa3fdb6,u,CONECTOR IP - 68 GELPORT 350 DE 3 VIAS PARA CONECTARSE AL SECUNDARIO,CONECTOR IP - 68 GELPORT 350 DE 6 VIAS PARA CONECTARSE AL SECUNDARIO,98.53,DESCRIPCION_SIMILAR_MISMA_UNIDAD,NO_FUSIONAR_AUTOMATICAMENTE,REVISAR_MANUALMENTE
APUCON-50838d66713df5fb626d4e42,APUCON-94f4770fa62c8df49dc73655,u,"SUMINISTRO E INSTALACION DE PASAMURO PARA TUBERIA DE H.F. 200mm, L=0.40m","SUMINISTRO E INSTALACION DE PASAMURO PARA TUBERIA DE H.F. 250mm, L=0.40m",98.53,DESCRIPCION_SIMILAR_MISMA_UNIDAD,NO_FUSIONAR_AUTOMATICAMENTE,REVISAR_MANUALMENTE
APUCON-11f76c8173e3f6d1e616b554,APUCON-4b8c3f807d35d2f9fd9b05a9,u,"SUMINISTRO E INSTALACION DE PASAMURO PARA TUBERIA DE H.F. 50mm, L=0.40m","SUMINISTRO E INSTALACION DE PASAMURO PARA TUBERIA DE H.F. 75mm, L=0.40m",98.51,DESCRIPCION_SIMILAR_MISMA_UNIDAD,NO_FUSIONAR_AUTOMATICAMENTE,REVISAR_MANUALMENTE
APUCON-2d994f5c50ee3ddfb58c3fd6,APUCON-e6f5a004f52be30746ef6b42,u,SUMINISTRO E INSTALACION DE VALVULA DE BOLA PVC D= 2 1/2 plg ROSCABLE,SUMINISTRO E INSTALACION DE VALVULA DE BOLA PVC D= 1 1/2 plg ROSCABLE,98.46,DESCRIPCION_SIMILAR_MISMA_UNIDAD,NO_FUSIONAR_AUTOMATICAMENTE,REVISAR_MANUALMENTE
APUCON-1e7bf01700461deeebcbbda4,APUCON-1f312d538ee3dab30dd46e8f,u,PROVISION E INSTALACION DE SEÑAL VERTICAL INFORMATIVA O REGLAMENTARIA DE ALUMINIO DE 2mm CON VYNIL REFLECTIVO DE GRADO XI NORMA ASTM D4956 E IMPRESIÓN DIGITAL (INCL. ELEMENTOS DE SUJECCION Y ESTRUCTURA Y SOPORTE 60x60 (PERMITIDO ESTACIONAR),PROVISION E INSTALACION DE SEÑAL VERTICAL INFORMATIVA O REGLAMENTARIA DE ALUMINIO DE 2mm CON VYNIL REFLECTIVO DE GRADO XI NORMA ASTM D4956 E IMPRESIÓN DIGITAL (INCL. ELEMENTO DE SUJECCION Y ESTRUCTURA Y SOPORTE 60x60 (PROHIBIDO ESTACIONAR),98.41,DESCRIPCION_SIMILAR_MISMA_UNIDAD,NO_FUSIONAR_AUTOMATICAMENTE,REVISAR_MANUALMENTE
APUCON-22f3372a4967d601866b5851,APUCON-f8e29bab67485084b0c89f95,u,SUMINISTRO E INSTALACION DE REDUCTOR DE 1 1/2 A 3/4 IN PP ROSCABLE,SUMINISTRO E INSTALACION DE REDUCTOR DE 1 1/4 A 1/2 IN PP ROSCABLE,98.41,DESCRIPCION_SIMILAR_MISMA_UNIDAD,NO_FUSIONAR_AUTOMATICAMENTE,REVISAR_MANUALMENTE
APUCON-6686e211d47a21769f68adf7,APUCON-ae72aa79521a5ccce203be96,m,INSTALACION DE TUBERIA PP UNION ROSCABLE DI=2 1/2 plg 1.25 MPA,INSTALACION DE TUBERIA PP UNION ROSCABLE DI=1 1/2 plg 1.25 MPA,98.39,DESCRIPCION_SIMILAR_MISMA_UNIDAD,NO_FUSIONAR_AUTOMATICAMENTE,REVISAR_MANUALMENTE
APUCON-2412d1084b58a5f5e94efae3,APUCON-f8e29bab67485084b0c89f95,u,SUMINISTRO E INSTALACION DE REDUCTOR DE 2 A 1 1/4 IN PP ROSCABLE,SUMINISTRO E INSTALACION DE REDUCTOR DE 1 1/4 A 1/2 IN PP ROSCABLE,98.39,DESCRIPCION_SIMILAR_MISMA_UNIDAD,NO_FUSIONAR_AUTOMATICAMENTE,REVISAR_MANUALMENTE
APUCON-172b3d8bae5bbce2252fc718,APUCON-dfc6cf5a93580d45dc286a97,m3,"MATERIAL - SUB BASE CLASE 3 (INCL. TRANSPORTE, TENDIDO Y COMPACTACION)","MATERIAL BASE CLASE - 1 (INCL. TENDIDO, COMPACTACION Y TRANSPORTE)",98.39,DESCRIPCION_SIMILAR_MISMA_UNIDAD,NO_FUSIONAR_AUTOMATICAMENTE,REVISAR_MANUALMENTE
APUCON-925bc7abd8d7bb43709a1529,APUCON-ae72aa79521a5ccce203be96,m,INSTALACION DE TUBERIA PP UNION ROSCABLE DI=1 1/4 plg 1.25 MPA,INSTALACION DE TUBERIA PP UNION ROSCABLE DI=1 1/2 plg 1.25 MPA,98.39,DESCRIPCION_SIMILAR_MISMA_UNIDAD,NO_FUSIONAR_AUTOMATICAMENTE,REVISAR_MANUALMENTE
APUCON-2beade4a29606dc1d29d85fa,APUCON-a9e7330ee6c4f153dfb41dca,m,SUMINISTRO DE TUBERIA PP UNION ROSCABLE DI=1 1/4 plg 1.25 MPA,SUMINISTRO DE TUBERIA PP UNION ROSCABLE DI=1 1/2 plg 1.25 MPA,98.36,DESCRIPCION_SIMILAR_MISMA_UNIDAD,NO_FUSIONAR_AUTOMATICAMENTE,REVISAR_MANUALMENTE
APUCON-40e0a8fdb97e580be256e243,APUCON-8e2b6a49199c6d4046c897cb,u,SUMINISTRO E INSTALACION DE ADAPTADOR MACHO 3 IN PVC ROSCABLE,SUMINISTRO E INSTALACION DE ADAPTADOR MACHO 6 IN PVC ROSCABLE,98.36,DESCRIPCION_SIMILAR_MISMA_UNIDAD,NO_FUSIONAR_AUTOMATICAMENTE,REVISAR_MANUALMENTE
APUCON-22601d268d97ff5bf7c81d6c,APUCON-a9e7330ee6c4f153dfb41dca,m,SUMINISTRO DE TUBERIA PP UNION ROSCABLE DI=2 1/2 plg 1.25 MPA,SUMINISTRO DE TUBERIA PP UNION ROSCABLE DI=1 1/2 plg 1.25 MPA,98.36,DESCRIPCION_SIMILAR_MISMA_UNIDAD,NO_FUSIONAR_AUTOMATICAMENTE,REVISAR_MANUALMENTE
APUCON-6c3859eeea18bdfdd6b2e34d,APUCON-a00e607d93c81fb61fe2380e,u,SUMINISTRO E INSTALACION DE VALVULA DE BOLA PVC D= 1 plg ROSCABLE,SUMINISTRO E INSTALACION DE VALVULA DE BOLA PVC D= 2 plg ROSCABLE,98.36,DESCRIPCION_SIMILAR_MISMA_UNIDAD,NO_FUSIONAR_AUTOMATICAMENTE,REVISAR_MANUALMENTE
APUCON-13f8de3d257b717bbad205e7,APUCON-753df503ee9dd5a79c21bf7a,u,SUMINISTRO E INSTALACION DE VALVULA COMPUERTA VASTAGO FIJO EXTREMOS BRIDADOS D=80mm PN10/16,SUMINISTRO E INSTALACION DE VALVULA COMPUERTA VASTAGO FIJO EXTREMOS BRIDADOS D=150mm PN10/16,98.36,DESCRIPCION_SIMILAR_MISMA_UNIDAD,NO_FUSIONAR_AUTOMATICAMENTE,REVISAR_MANUALMENTE
APUCON-2412d1084b58a5f5e94efae3,APUCON-c65d1cd2617f9ff61a9c4d16,u,SUMINISTRO E INSTALACION DE REDUCTOR DE 2 A 1 1/4 IN PP ROSCABLE,SUMINISTRO E INSTALACION DE REDUCTOR DE 2 A 1 1/2 IN PP ROSCABLE,98.36,DESCRIPCION_SIMILAR_MISMA_UNIDAD,NO_FUSIONAR_AUTOMATICAMENTE,REVISAR_MANUALMENTE
APUCON-2412d1084b58a5f5e94efae3,APUCON-d32f29513ec4ebf1377b1f6e,u,SUMINISTRO E INSTALACION DE REDUCTOR DE 2 A 1 1/4 IN PP ROSCABLE,SUMINISTRO E INSTALACION DE REDUCTOR DE 2 1/2 A 1 IN PP ROSCABLE,98.36,DESCRIPCION_SIMILAR_MISMA_UNIDAD,NO_FUSIONAR_AUTOMATICAMENTE,REVISAR_MANUALMENTE
APUCON-399bfca6264b37595049cdf5,APUCON-a00e607d93c81fb61fe2380e,u,SUMINISTRO E INSTALACION DE VALVULA DE BOLA PVC D= 3/4 plg ROSCABLE,SUMINISTRO E INSTALACION DE VALVULA DE BOLA PVC D= 2 plg ROSCABLE,98.33,DESCRIPCION_SIMILAR_MISMA_UNIDAD,NO_FUSIONAR_AUTOMATICAMENTE,REVISAR_MANUALMENTE
APUCON-a00e607d93c81fb61fe2380e,APUCON-e6f5a004f52be30746ef6b42,u,SUMINISTRO E INSTALACION DE VALVULA DE BOLA PVC D= 2 plg ROSCABLE,SUMINISTRO E INSTALACION DE VALVULA DE BOLA PVC D= 1 1/2 plg ROSCABLE,98.33,DESCRIPCION_SIMILAR_MISMA_UNIDAD,NO_FUSIONAR_AUTOMATICAMENTE,REVISAR_MANUALMENTE
APUCON-1c34e62e8f1c327b698e5916,APUCON-4f06b832ac7e40a6728fd9d6,u,SUMINISTRO E INSTALACION DE REDUCTOR DE 1 A 3/4 IN PP ROSCABLE,SUMINISTRO E INSTALACION DE REDUCTOR DE 3/4 A 1/2 IN PP ROSCABLE,98.33,DESCRIPCION_SIMILAR_MISMA_UNIDAD,NO_FUSIONAR_AUTOMATICAMENTE,REVISAR_MANUALMENTE
APUCON-2d994f5c50ee3ddfb58c3fd6,APUCON-6c3859eeea18bdfdd6b2e34d,u,SUMINISTRO E INSTALACION DE VALVULA DE BOLA PVC D= 2 1/2 plg ROSCABLE,SUMINISTRO E INSTALACION DE VALVULA DE BOLA PVC D= 1 plg ROSCABLE,98.33,DESCRIPCION_SIMILAR_MISMA_UNIDAD,NO_FUSIONAR_AUTOMATICAMENTE,REVISAR_MANUALMENTE
APUCON-4f06b832ac7e40a6728fd9d6,APUCON-a08b8e3dac29504a0e3a7136,u,SUMINISTRO E INSTALACION DE REDUCTOR DE 3/4 A 1/2 IN PP ROSCABLE,SUMINISTRO E INSTALACION DE REDUCTOR DE 2 A 3/4 IN PP ROSCABLE,98.33,DESCRIPCION_SIMILAR_MISMA_UNIDAD,NO_FUSIONAR_AUTOMATICAMENTE,REVISAR_MANUALMENTE
APUCON-399bfca6264b37595049cdf5,APUCON-6c3859eeea18bdfdd6b2e34d,u,SUMINISTRO E INSTALACION DE VALVULA DE BOLA PVC D= 3/4 plg ROSCABLE,SUMINISTRO E INSTALACION DE VALVULA DE BOLA PVC D= 1 plg ROSCABLE,98.33,DESCRIPCION_SIMILAR_MISMA_UNIDAD,NO_FUSIONAR_AUTOMATICAMENTE,REVISAR_MANUALMENTE
APUCON-1c34e62e8f1c327b698e5916,APUCON-3fef5598440219acaa4c06f9,u,SUMINISTRO E INSTALACION DE REDUCTOR DE 1 A 3/4 IN PP ROSCABLE,SUMINISTRO E INSTALACION DE REDUCTOR DE 1 1/4 A 1 IN PP ROSCABLE,98.31,DESCRIPCION_SIMILAR_MISMA_UNIDAD,NO_FUSIONAR_AUTOMATICAMENTE,REVISAR_MANUALMENTE
APUCON-3ec790c66776ef43dece6aba,APUCON-d2a9bec8b283b7cce831d4cb,m,INSTALACION DE TUBERIA PP UNION ROSCABLE DI=1/2 plg 1.25 MPA,INSTALACION DE TUBERIA PP UNION ROSCABLE DI=1 plg 1.25 MPA,98.31,DESCRIPCION_SIMILAR_MISMA_UNIDAD,NO_FUSIONAR_AUTOMATICAMENTE,REVISAR_MANUALMENTE
APUCON-09f2ea0e702cf0a4e2aa965d,APUCON-3fef5598440219acaa4c06f9,u,SUMINISTRO E INSTALACION DE REDUCTOR DE 1 1/2 A 1 IN PP ROSCABLE,SUMINISTRO E INSTALACION DE REDUCTOR DE 1 1/4 A 1 IN PP ROSCABLE,98.31,DESCRIPCION_SIMILAR_MISMA_UNIDAD,NO_FUSIONAR_AUTOMATICAMENTE,REVISAR_MANUALMENTE
APUCON-3ec790c66776ef43dece6aba,APUCON-fe4e5d274daf8d5d8dddf065,m,INSTALACION DE TUBERIA PP UNION ROSCABLE DI=1/2 plg 1.25 MPA,INSTALACION DE TUBERIA PP UNION ROSCABLE DI=2 plg 1.25 MPA,98.31,DESCRIPCION_SIMILAR_MISMA_UNIDAD,NO_FUSIONAR_AUTOMATICAMENTE,REVISAR_MANUALMENTE
APUCON-0b8a564a68b5e13df06af92d,APUCON-3fef5598440219acaa4c06f9,u,SUMINISTRO E INSTALACION DE REDUCTOR DE 1 A 1/2 IN PP ROSCABLE,SUMINISTRO E INSTALACION DE REDUCTOR DE 1 1/4 A 1 IN PP ROSCABLE,98.31,DESCRIPCION_SIMILAR_MISMA_UNIDAD,NO_FUSIONAR_AUTOMATICAMENTE,REVISAR_MANUALMENTE
APUCON-1c34e62e8f1c327b698e5916,APUCON-a08b8e3dac29504a0e3a7136,u,SUMINISTRO E INSTALACION DE REDUCTOR DE 1 A 3/4 IN PP ROSCABLE,SUMINISTRO E INSTALACION DE REDUCTOR DE 2 A 3/4 IN PP ROSCABLE,98.31,DESCRIPCION_SIMILAR_MISMA_UNIDAD,NO_FUSIONAR_AUTOMATICAMENTE,REVISAR_MANUALMENTE
APUCON-313cc3d8f948d059443ff2bf,APUCON-56922edc7882648267519ca4,m,SUMINISTRO E INSTALACION DE TUBERIA ACERO ASTM A36 D=100 mm,SUMINISTRO E INSTALACION DE TUBERIA ACERO ASTM A36 D=150 mm,98.31,DESCRIPCION_SIMILAR_MISMA_UNIDAD,NO_FUSIONAR_AUTOMATICAMENTE,REVISAR_MANUALMENTE
APUCON-22f3372a4967d601866b5851,APUCON-a08b8e3dac29504a0e3a7136,u,SUMINISTRO E INSTALACION DE REDUCTOR DE 1 1/2 A 3/4 IN PP ROSCABLE,SUMINISTRO E INSTALACION DE REDUCTOR DE 2 A 3/4 IN PP ROSCABLE,98.28,DESCRIPCION_SIMILAR_MISMA_UNIDAD,NO_FUSIONAR_AUTOMATICAMENTE,REVISAR_MANUALMENTE
APUCON-80fda8b45afcad80c45c54df,APUCON-c9c1f7692f2bf23d1805c121,u,SUMINISTRO E INSTALACION DE UNION UNIVERSAL DE HD DN50mm PN24,SUMINISTRO E INSTALACION DE UNION UNIVERSAL DE HD DN80mm PN24,98.28,DESCRIPCION_SIMILAR_MISMA_UNIDAD,NO_FUSIONAR_AUTOMATICAMENTE,REVISAR_MANUALMENTE
APUCON-3db727d5610f7dcb110e825b,APUCON-cc1025e114436d8b33f0fd51,m,SUMINISTRO DE TUBERIA PP UNION ROSCABLE DI=1 plg 1.25 MPA,SUMINISTRO DE TUBERIA PP UNION ROSCABLE DI=1/2 plg 1.25 MPA,98.28,DESCRIPCION_SIMILAR_MISMA_UNIDAD,NO_FUSIONAR_AUTOMATICAMENTE,REVISAR_MANUALMENTE
APUCON-09f2ea0e702cf0a4e2aa965d,APUCON-4f06b832ac7e40a6728fd9d6,u,SUMINISTRO E INSTALACION DE REDUCTOR DE 1 1/2 A 1 IN PP ROSCABLE,SUMINISTRO E INSTALACION DE REDUCTOR DE 3/4 A 1/2 IN PP ROSCABLE,98.28,DESCRIPCION_SIMILAR_MISMA_UNIDAD,NO_FUSIONAR_AUTOMATICAMENTE,REVISAR_MANUALMENTE
APUCON-86c9c4aa617b75dfa4de89d0,APUCON-d95044dfe6da376197d440e7,u,SUMINISTRO E INSTALACION DE CODO ACERO ASTM A36 D = 40mmX90',SUMINISTRO E INSTALACION DE CODO ACERO ASTM A36 D= 50mmX90',98.28,DESCRIPCION_SIMILAR_MISMA_UNIDAD,NO_FUSIONAR_AUTOMATICAMENTE,REVISAR_MANUALMENTE
APUCON-3509b2a2f8ff6658bc82f6cd,APUCON-cc1025e114436d8b33f0fd51,m,SUMINISTRO DE TUBERIA PP UNION ROSCABLE DI=2 plg 1.25 MPA,SUMINISTRO DE TUBERIA PP UNION ROSCABLE DI=1/2 plg 1.25 MPA,98.28,DESCRIPCION_SIMILAR_MISMA_UNIDAD,NO_FUSIONAR_AUTOMATICAMENTE,REVISAR_MANUALMENTE
APUCON-d2a9bec8b283b7cce831d4cb,APUCON-fe4e5d274daf8d5d8dddf065,m,INSTALACION DE TUBERIA PP UNION ROSCABLE DI=1 plg 1.25 MPA,INSTALACION DE TUBERIA PP UNION ROSCABLE DI=2 plg 1.25 MPA,98.28,DESCRIPCION_SIMILAR_MISMA_UNIDAD,NO_FUSIONAR_AUTOMATICAMENTE,REVISAR_MANUALMENTE
APUCON-b4a82813afda6bf07f4e82b2,APUCON-d95044dfe6da376197d440e7,u,SUMINISTRO E INSTALACION DE CODO ACERO ASTM A36 D= 65mmX90',SUMINISTRO E INSTALACION DE CODO ACERO ASTM A36 D= 50mmX90',98.28,DESCRIPCION_SIMILAR_MISMA_UNIDAD,NO_FUSIONAR_AUTOMATICAMENTE,REVISAR_MANUALMENTE
APUCON-1c34e62e8f1c327b698e5916,APUCON-57d8569cfe3d8fc4c4ee7714,u,SUMINISTRO E INSTALACION DE REDUCTOR DE 1 A 3/4 IN PP ROSCABLE,SUMINISTRO E INSTALACION DE REDUCTOR DE 2 1/2 A 3/4 IN PP ROSCABLE,98.28,DESCRIPCION_SIMILAR_MISMA_UNIDAD,NO_FUSIONAR_AUTOMATICAMENTE,REVISAR_MANUALMENTE
APUCON-09f2ea0e702cf0a4e2aa965d,APUCON-c8fc6f2b9a1bd71ad13665c8,u,SUMINISTRO E INSTALACION DE REDUCTOR DE 1 1/2 A 1 IN PP ROSCABLE,SUMINISTRO E INSTALACION DE REDUCTOR DE 2 A 1 IN PP ROSCABLE,98.28,DESCRIPCION_SIMILAR_MISMA_UNIDAD,NO_FUSIONAR_AUTOMATICAMENTE,REVISAR_MANUALMENTE
APUCON-3509b2a2f8ff6658bc82f6cd,APUCON-3db727d5610f7dcb110e825b,m,SUMINISTRO DE TUBERIA PP UNION ROSCABLE DI=2 plg 1.25 MPA,SUMINISTRO DE TUBERIA PP UNION ROSCABLE DI=1 plg 1.25 MPA,98.25,DESCRIPCION_SIMILAR_MISMA_UNIDAD,NO_FUSIONAR_AUTOMATICAMENTE,REVISAR_MANUALMENTE
APUCON-0ae3a6c1d8a9ebe70298efd1,APUCON-8a4067c08d3384c78284dfa9,u,SUMINISTRO E INSTALACION DE CODO 90' PP 1 1/2 IN ROSCABLE,SUMINISTRO E INSTALACION DE CODO 90' PP 2 1/2 IN ROSCABLE,98.25,DESCRIPCION_SIMILAR_MISMA_UNIDAD,NO_FUSIONAR_AUTOMATICAMENTE,REVISAR_MANUALMENTE
APUCON-ae72aa79521a5ccce203be96,APUCON-fe4e5d274daf8d5d8dddf065,m,INSTALACION DE TUBERIA PP UNION ROSCABLE DI=1 1/2 plg 1.25 MPA,INSTALACION DE TUBERIA PP UNION ROSCABLE DI=2 plg 1.25 MPA,98.25,DESCRIPCION_SIMILAR_MISMA_UNIDAD,NO_FUSIONAR_AUTOMATICAMENTE,REVISAR_MANUALMENTE
APUCON-6686e211d47a21769f68adf7,APUCON-d2a9bec8b283b7cce831d4cb,m,INSTALACION DE TUBERIA PP UNION ROSCABLE DI=2 1/2 plg 1.25 MPA,INSTALACION DE TUBERIA PP UNION ROSCABLE DI=1 plg 1.25 MPA,98.25,DESCRIPCION_SIMILAR_MISMA_UNIDAD,NO_FUSIONAR_AUTOMATICAMENTE,REVISAR_MANUALMENTE
APUCON-925bc7abd8d7bb43709a1529,APUCON-fe4e5d274daf8d5d8dddf065,m,INSTALACION DE TUBERIA PP UNION ROSCABLE DI=1 1/4 plg 1.25 MPA,INSTALACION DE TUBERIA PP UNION ROSCABLE DI=2 plg 1.25 MPA,98.25,DESCRIPCION_SIMILAR_MISMA_UNIDAD,NO_FUSIONAR_AUTOMATICAMENTE,REVISAR_MANUALMENTE
APUCON-0ae3a6c1d8a9ebe70298efd1,APUCON-69b217dae3e6adb33837e9b1,u,SUMINISTRO E INSTALACION DE CODO 90' PP 1 1/2 IN ROSCABLE,SUMINISTRO E INSTALACION DE CODO 90' PP 1 1/4 IN ROSCABLE,98.25,DESCRIPCION_SIMILAR_MISMA_UNIDAD,NO_FUSIONAR_AUTOMATICAMENTE,REVISAR_MANUALMENTE
APUCON-24333dfaef89e53a2b64ed3b,APUCON-fe4e5d274daf8d5d8dddf065,m,INSTALACION DE TUBERIA PP UNION ROSCABLE DI=3/4 plg 1.25 MPA,INSTALACION DE TUBERIA PP UNION ROSCABLE DI=2 plg 1.25 MPA,98.25,DESCRIPCION_SIMILAR_MISMA_UNIDAD,NO_FUSIONAR_AUTOMATICAMENTE,REVISAR_MANUALMENTE
APUCON-24333dfaef89e53a2b64ed3b,APUCON-d2a9bec8b283b7cce831d4cb,m,INSTALACION DE TUBERIA PP UNION ROSCABLE DI=3/4 plg 1.25 MPA,INSTALACION DE TUBERIA PP UNION ROSCABLE DI=1 plg 1.25 MPA,98.25,DESCRIPCION_SIMILAR_MISMA_UNIDAD,NO_FUSIONAR_AUTOMATICAMENTE,REVISAR_MANUALMENTE
APUCON-5ad93d54a031f35325f9e70e,APUCON-8ce8e54002e50192edccb088,u,"SUMINISTRO E INSTALACION DE VALVULA CHECK ROSCADA PVC D=3/4""","SUMINISTRO E INSTALACION DE VALVULA CHECK ROSCADA PVC D=1""",98.21,DESCRIPCION_SIMILAR_MISMA_UNIDAD,NO_FUSIONAR_AUTOMATICAMENTE,REVISAR_MANUALMENTE
APUCON-3509b2a2f8ff6658bc82f6cd,APUCON-695ac0d47bcb63612b181583,m,SUMINISTRO DE TUBERIA PP UNION ROSCABLE DI=2 plg 1.25 MPA,SUMINISTRO DE TUBERIA PP UNION ROSCABLE DI=3/4 plg 1.25 MPA,98.21,DESCRIPCION_SIMILAR_MISMA_UNIDAD,NO_FUSIONAR_AUTOMATICAMENTE,REVISAR_MANUALMENTE
APUCON-3db727d5610f7dcb110e825b,APUCON-695ac0d47bcb63612b181583,m,SUMINISTRO DE TUBERIA PP UNION ROSCABLE DI=1 plg 1.25 MPA,SUMINISTRO DE TUBERIA PP UNION ROSCABLE DI=3/4 plg 1.25 MPA,98.21,DESCRIPCION_SIMILAR_MISMA_UNIDAD,NO_FUSIONAR_AUTOMATICAMENTE,REVISAR_MANUALMENTE
APUCON-a08b8e3dac29504a0e3a7136,APUCON-c8fc6f2b9a1bd71ad13665c8,u,SUMINISTRO E INSTALACION DE REDUCTOR DE 2 A 3/4 IN PP ROSCABLE,SUMINISTRO E INSTALACION DE REDUCTOR DE 2 A 1 IN PP ROSCABLE,98.21,DESCRIPCION_SIMILAR_MISMA_UNIDAD,NO_FUSIONAR_AUTOMATICAMENTE,REVISAR_MANUALMENTE
APUCON-3509b2a2f8ff6658bc82f6cd,APUCON-a9e7330ee6c4f153dfb41dca,m,SUMINISTRO DE TUBERIA PP UNION ROSCABLE DI=2 plg 1.25 MPA,SUMINISTRO DE TUBERIA PP UNION ROSCABLE DI=1 1/2 plg 1.25 MPA,98.21,DESCRIPCION_SIMILAR_MISMA_UNIDAD,NO_FUSIONAR_AUTOMATICAMENTE,REVISAR_MANUALMENTE
APUCON-2beade4a29606dc1d29d85fa,APUCON-3509b2a2f8ff6658bc82f6cd,m,SUMINISTRO DE TUBERIA PP UNION ROSCABLE DI=1 1/4 plg 1.25 MPA,SUMINISTRO DE TUBERIA PP UNION ROSCABLE DI=2 plg 1.25 MPA,98.21,DESCRIPCION_SIMILAR_MISMA_UNIDAD,NO_FUSIONAR_AUTOMATICAMENTE,REVISAR_MANUALMENTE
APUCON-22601d268d97ff5bf7c81d6c,APUCON-3db727d5610f7dcb110e825b,m,SUMINISTRO DE TUBERIA PP UNION ROSCABLE DI=2 1/2 plg 1.25 MPA,SUMINISTRO DE TUBERIA PP UNION ROSCABLE DI=1 plg 1.25 MPA,98.21,DESCRIPCION_SIMILAR_MISMA_UNIDAD,NO_FUSIONAR_AUTOMATICAMENTE,REVISAR_MANUALMENTE
APUCON-45d72dfba6154ea2134ce8e4,APUCON-9821211357405bb600072ab6,m3,SUMINISTRO Y COLOCACION DE GRAVA PARA FILTRO (18 - 25 mm),SUMINISTRO Y COLOCACION DE GRAVA PARA FILTRO (12 - 18 mm),98.18,DESCRIPCION_SIMILAR_MISMA_UNIDAD,NO_FUSIONAR_AUTOMATICAMENTE,REVISAR_MANUALMENTE
APUCON-9e3347c533ef6134e4b07710,APUCON-d574394f8ad36f1a3d52655b,u,SUMINISTRO E INSTALACION DE CODO 90' PP 1/2 IN ROSCABLE,SUMINISTRO E INSTALACION DE CODO 90' PP 1 IN ROSCABLE,98.15,DESCRIPCION_SIMILAR_MISMA_UNIDAD,NO_FUSIONAR_AUTOMATICAMENTE,REVISAR_MANUALMENTE
APUCON-6c34de75d2ee5910c6c87661,APUCON-aaf0fbdc301808a09715a834,u,SUMINISTRO E INSTALACION DE CODO 22.5' PP 2 IN ROSCABLE,SUMINISTRO E INSTALACION DE CODO 22.5' PP 3/4 IN ROSCABLE,98.15,DESCRIPCION_SIMILAR_MISMA_UNIDAD,NO_FUSIONAR_AUTOMATICAMENTE,REVISAR_MANUALMENTE
APUCON-14c8ff0490bcb7c0176abd25,APUCON-9e3347c533ef6134e4b07710,u,SUMINISTRO E INSTALACION DE CODO 90' PP 2 IN ROSCABLE,SUMINISTRO E INSTALACION DE CODO 90' PP 1/2 IN ROSCABLE,98.15,DESCRIPCION_SIMILAR_MISMA_UNIDAD,NO_FUSIONAR_AUTOMATICAMENTE,REVISAR_MANUALMENTE
APUCON-44004674f5ad018d755ebc97,APUCON-c561a0f27807506246972fec,u,SUMINISTRO E INSTALACION DE VALVULA CHECK BRIDADA DE H.D. TIPO SWING D=150mm PN10/16,SUMINISTRO E INSTALACION DE VALVULA CHECK BRIDADA DE H.D. TIPO SWING D=80mm PN10/16,98.14,DESCRIPCION_SIMILAR_MISMA_UNIDAD,NO_FUSIONAR_AUTOMATICAMENTE,REVISAR_MANUALMENTE
APUCON-1a8b79caa9359003c1500b2f,APUCON-7c32707892258b04438e1e7e,m3,"SUMINISTRO E INSTALACION DE MATERIAL SUB-BASE CLASE 1A (INCLUYE TENDIDO CONFORMACION, COMPACTACION Y TRANSPORTE)","SUMINISTRO E INSTALACION DE MATERIAL BASE CLASE 1A (INCLUYE TENDIDO, CONFORMACION, COMPACTACION Y TRANSPORTE)",98.13,DESCRIPCION_SIMILAR_MISMA_UNIDAD,NO_FUSIONAR_AUTOMATICAMENTE,REVISAR_MANUALMENTE
APUCON-b9433f6e34d3debd7bcccc50,APUCON-d6734dd47344d9740298b653,u,"SUMINISTRO E INSTALACION DE ABRAZADERA GALVANIZADA DE 3/4""","SUMINISTRO E INSTALACION DE ABRAZADERA GALVANIZADA DE 4""",98.11,DESCRIPCION_SIMILAR_MISMA_UNIDAD,NO_FUSIONAR_AUTOMATICAMENTE,REVISAR_MANUALMENTE
APUCON-14f8b49d40ccc852fea34b6c,APUCON-1c7defe720becd4db6cf28ad,m3,HORMIGON PREMEZCLADO F´C=280 Kg/cm2 INCLUYE ENCOFRADO,HORMIGON PREMEZCLADO F´C=210 Kg/cm2 INCLUYE ENCOFRADO,98.11,DESCRIPCION_SIMILAR_MISMA_UNIDAD,NO_FUSIONAR_AUTOMATICAMENTE,REVISAR_MANUALMENTE
APUCON-1c7defe720becd4db6cf28ad,APUCON-a2d102aa60a1009c32ec3be5,m3,HORMIGON PREMEZCLADO F´C=210 Kg/cm2 INCLUYE ENCOFRADO,HORMIGON PREMEZCLADO F´C=180 Kg/cm2 INCLUYE ENCOFRADO,98.11,DESCRIPCION_SIMILAR_MISMA_UNIDAD,NO_FUSIONAR_AUTOMATICAMENTE,REVISAR_MANUALMENTE
APUCON-14c8ff0490bcb7c0176abd25,APUCON-d574394f8ad36f1a3d52655b,u,SUMINISTRO E INSTALACION DE CODO 90' PP 2 IN ROSCABLE,SUMINISTRO E INSTALACION DE CODO 90' PP 1 IN ROSCABLE,98.11,DESCRIPCION_SIMILAR_MISMA_UNIDAD,NO_FUSIONAR_AUTOMATICAMENTE,REVISAR_MANUALMENTE
APUCON-555158d595d0dfdfe877df40,APUCON-9ba01c48cb4f95ca0f1de0d3,u,SUMINISTRO E INSTALACION DE VALVULA DE CLAPETA DE DESCARGA D=1200mm (INCLUYE ACCESORIOS),SUMINISTRO E INSTALACION DE VALVULA DE CLAPETA DE DESCARGA D=700mm (INCLUYE ACCESORIOS),98.11,DESCRIPCION_SIMILAR_MISMA_UNIDAD,NO_FUSIONAR_AUTOMATICAMENTE,REVISAR_MANUALMENTE
APUCON-555158d595d0dfdfe877df40,APUCON-6c3262d614b513e144e2eb0d,u,SUMINISTRO E INSTALACION DE VALVULA DE CLAPETA DE DESCARGA D=1200mm (INCLUYE ACCESORIOS),SUMINISTRO E INSTALACION DE VALVULA DE CLAPETA DE DESCARGA D=600mm (INCLUYE ACCESORIOS),98.11,DESCRIPCION_SIMILAR_MISMA_UNIDAD,NO_FUSIONAR_AUTOMATICAMENTE,REVISAR_MANUALMENTE
APUCON-6063d5255e5946f0d88c3791,APUCON-9821211357405bb600072ab6,m3,SUMINISTRO Y COLOCACION DE GRAVA PARA FILTRO (6 - 12 mm),SUMINISTRO Y COLOCACION DE GRAVA PARA FILTRO (12 - 18 mm),98.11,DESCRIPCION_SIMILAR_MISMA_UNIDAD,NO_FUSIONAR_AUTOMATICAMENTE,REVISAR_MANUALMENTE
APUCON-14f8b49d40ccc852fea34b6c,APUCON-a2d102aa60a1009c32ec3be5,m3,HORMIGON PREMEZCLADO F´C=280 Kg/cm2 INCLUYE ENCOFRADO,HORMIGON PREMEZCLADO F´C=180 Kg/cm2 INCLUYE ENCOFRADO,98.11,DESCRIPCION_SIMILAR_MISMA_UNIDAD,NO_FUSIONAR_AUTOMATICAMENTE,REVISAR_MANUALMENTE
APUCON-5f47620fe2673c4e4c0a7284,APUCON-62a6a5ed11ec6f360381fe57,u,SUMINISTRO E INSTALACION DE TEE 1 1/2 IN PP ROSCABLE,SUMINISTRO E INSTALACION DE TEE 2 1/2 IN PP ROSCABLE,98.08,DESCRIPCION_SIMILAR_MISMA_UNIDAD,NO_FUSIONAR_AUTOMATICAMENTE,REVISAR_MANUALMENTE
APUCON-8a4067c08d3384c78284dfa9,APUCON-d574394f8ad36f1a3d52655b,u,SUMINISTRO E INSTALACION DE CODO 90' PP 2 1/2 IN ROSCABLE,SUMINISTRO E INSTALACION DE CODO 90' PP 1 IN ROSCABLE,98.08,DESCRIPCION_SIMILAR_MISMA_UNIDAD,NO_FUSIONAR_AUTOMATICAMENTE,REVISAR_MANUALMENTE
APUCON-bf4342c752a3d4c03dad693b,APUCON-d0bfaec19b4f01d94cee7af6,u,SUMINISTRO E INSTALACION DE CODO 45' PP 3/4 IN ROSCABLE,SUMINISTRO E INSTALACION DE CODO 45' PP 2 IN ROSCABLE,98.08,DESCRIPCION_SIMILAR_MISMA_UNIDAD,NO_FUSIONAR_AUTOMATICAMENTE,REVISAR_MANUALMENTE
APUCON-0ae3a6c1d8a9ebe70298efd1,APUCON-14c8ff0490bcb7c0176abd25,u,SUMINISTRO E INSTALACION DE CODO 90' PP 1 1/2 IN ROSCABLE,SUMINISTRO E INSTALACION DE CODO 90' PP 2 IN ROSCABLE,98.08,DESCRIPCION_SIMILAR_MISMA_UNIDAD,NO_FUSIONAR_AUTOMATICAMENTE,REVISAR_MANUALMENTE
APUCON-14c8ff0490bcb7c0176abd25,APUCON-69b217dae3e6adb33837e9b1,u,SUMINISTRO E INSTALACION DE CODO 90' PP 2 IN ROSCABLE,SUMINISTRO E INSTALACION DE CODO 90' PP 1 1/4 IN ROSCABLE,98.08,DESCRIPCION_SIMILAR_MISMA_UNIDAD,NO_FUSIONAR_AUTOMATICAMENTE,REVISAR_MANUALMENTE
APUCON-14c8ff0490bcb7c0176abd25,APUCON-7ce70b3938013af9ae6764af,u,SUMINISTRO E INSTALACION DE CODO 90' PP 2 IN ROSCABLE,SUMINISTRO E INSTALACION DE CODO 90' PP 3/4 IN ROSCABLE,98.08,DESCRIPCION_SIMILAR_MISMA_UNIDAD,NO_FUSIONAR_AUTOMATICAMENTE,REVISAR_MANUALMENTE
APUCON-7ce70b3938013af9ae6764af,APUCON-d574394f8ad36f1a3d52655b,u,SUMINISTRO E INSTALACION DE CODO 90' PP 3/4 IN ROSCABLE,SUMINISTRO E INSTALACION DE CODO 90' PP 1 IN ROSCABLE,98.08,DESCRIPCION_SIMILAR_MISMA_UNIDAD,NO_FUSIONAR_AUTOMATICAMENTE,REVISAR_MANUALMENTE
APUCON-411b2aacf2b624a993a8a226,APUCON-5f47620fe2673c4e4c0a7284,u,SUMINISTRO E INSTALACION DE TEE 3/4 A 1/2 IN PP ROSCABLE,SUMINISTRO E INSTALACION DE TEE 1 1/2 IN PP ROSCABLE,98.04,DESCRIPCION_SIMILAR_MISMA_UNIDAD,NO_FUSIONAR_AUTOMATICAMENTE,REVISAR_MANUALMENTE
APUCON-411b2aacf2b624a993a8a226,APUCON-62a6a5ed11ec6f360381fe57,u,SUMINISTRO E INSTALACION DE TEE 3/4 A 1/2 IN PP ROSCABLE,SUMINISTRO E INSTALACION DE TEE 2 1/2 IN PP ROSCABLE,98.04,DESCRIPCION_SIMILAR_MISMA_UNIDAD,NO_FUSIONAR_AUTOMATICAMENTE,REVISAR_MANUALMENTE
APUCON-3e8320fe70f0ee4a8187b927,APUCON-74c28954157a82a89f0047d3,u,SUMINISTRO DE PILOTES F´C=350 Kg/cm2 DE 40x40 L=17.0m,SUMINISTRO DE PILOTES F´C=350 Kg/cm2 DE 40x40 L=21.0m,98.00,DESCRIPCION_SIMILAR_MISMA_UNIDAD,NO_FUSIONAR_AUTOMATICAMENTE,REVISAR_MANUALMENTE
APUCON-39f15b0e285d46b6387fcef2,APUCON-3e8320fe70f0ee4a8187b927,u,SUMINISTRO DE PILOTES F´C=350 Kg/cm2 DE 40x40 L=13.0m,SUMINISTRO DE PILOTES F´C=350 Kg/cm2 DE 40x40 L=17.0m,98.00,DESCRIPCION_SIMILAR_MISMA_UNIDAD,NO_FUSIONAR_AUTOMATICAMENTE,REVISAR_MANUALMENTE
APUCON-11676ea6edec58571325a200,APUCON-74c28954157a82a89f0047d3,u,SUMINISTRO DE PILOTES F´C=350 Kg/cm2 DE 40x40 L=25.0m,SUMINISTRO DE PILOTES F´C=350 Kg/cm2 DE 40x40 L=21.0m,98.00,DESCRIPCION_SIMILAR_MISMA_UNIDAD,NO_FUSIONAR_AUTOMATICAMENTE,REVISAR_MANUALMENTE
APUCON-39f15b0e285d46b6387fcef2,APUCON-74c28954157a82a89f0047d3,u,SUMINISTRO DE PILOTES F´C=350 Kg/cm2 DE 40x40 L=13.0m,SUMINISTRO DE PILOTES F´C=350 Kg/cm2 DE 40x40 L=21.0m,98.00,DESCRIPCION_SIMILAR_MISMA_UNIDAD,NO_FUSIONAR_AUTOMATICAMENTE,REVISAR_MANUALMENTE
APUCON-d99fbafd894e0ff84f8f8e72,APUCON-f5480c2a903b31089d888745,m,"SUMINISTRO E INSTALACION DE TUBERIA GALVANIZADA 1""","SUMINISTRO E INSTALACION DE TUBERIA GALVANIZADA 2""",97.96,DESCRIPCION_SIMILAR_MISMA_UNIDAD,NO_FUSIONAR_AUTOMATICAMENTE,REVISAR_MANUALMENTE
APUCON-1fab344a27dc96ce3274891d,APUCON-381df63825a2f9ffcff09b6d,u,SUMINISTRO E INSTALACION DE BOMBA CENTRIFUGA 2 HP,SUMINISTRO E INSTALACION DE BOMBA CENTRIFUGA 1 HP,97.96,DESCRIPCION_SIMILAR_MISMA_UNIDAD,NO_FUSIONAR_AUTOMATICAMENTE,REVISAR_MANUALMENTE
APUCON-381df63825a2f9ffcff09b6d,APUCON-52ef314a9b79520f7308bfa0,u,SUMINISTRO E INSTALACION DE BOMBA CENTRIFUGA 1 HP,SUMINISTRO E INSTALACION DE BOMBA CENTRIFUGA 5 HP,97.96,DESCRIPCION_SIMILAR_MISMA_UNIDAD,NO_FUSIONAR_AUTOMATICAMENTE,REVISAR_MANUALMENTE
APUCON-1fab344a27dc96ce3274891d,APUCON-52ef314a9b79520f7308bfa0,u,SUMINISTRO E INSTALACION DE BOMBA CENTRIFUGA 2 HP,SUMINISTRO E INSTALACION DE BOMBA CENTRIFUGA 5 HP,97.96,DESCRIPCION_SIMILAR_MISMA_UNIDAD,NO_FUSIONAR_AUTOMATICAMENTE,REVISAR_MANUALMENTE
APUCON-381df63825a2f9ffcff09b6d,APUCON-d2c5be67ac7a46cc3f6d62ce,u,SUMINISTRO E INSTALACION DE BOMBA CENTRIFUGA 1 HP,SUMINISTRO E INSTALACION DE BOMBA CENTRIFUGA 5 HP TRIFASICA,97.92,DESCRIPCION_SIMILAR_MISMA_UNIDAD,NO_FUSIONAR_AUTOMATICAMENTE,REVISAR_MANUALMENTE
APUCON-0ae07f56cfcbc938196a2b09,APUCON-64c9b276ae83587c5af02a37,m,ALIMENTADOR AWG-THHN-CU: 2 NO.8 + 1 NO.10 + T NO.12,ALIMENTADOR AWG-THHN-CU: 3 NO.8 + 1 NO.10 + T NO.12,97.92,DESCRIPCION_SIMILAR_MISMA_UNIDAD,NO_FUSIONAR_AUTOMATICAMENTE,REVISAR_MANUALMENTE
APUCON-d29700b321cdcd3047148d88,APUCON-f53d6a4aeae05f82067ee65e,u,SUMINISTRO E INSTALACION DE TEE 1 IN PP ROSCABLE,SUMINISTRO E INSTALACION DE TEE 2 IN PP ROSCABLE,97.92,DESCRIPCION_SIMILAR_MISMA_UNIDAD,NO_FUSIONAR_AUTOMATICAMENTE,REVISAR_MANUALMENTE
APUCON-1fab344a27dc96ce3274891d,APUCON-d2c5be67ac7a46cc3f6d62ce,u,SUMINISTRO E INSTALACION DE BOMBA CENTRIFUGA 2 HP,SUMINISTRO E INSTALACION DE BOMBA CENTRIFUGA 5 HP TRIFASICA,97.92,DESCRIPCION_SIMILAR_MISMA_UNIDAD,NO_FUSIONAR_AUTOMATICAMENTE,REVISAR_MANUALMENTE
APUCON-3e2f8cb12d6ead351fbe30df,APUCON-d29700b321cdcd3047148d88,u,SUMINISTRO E INSTALACION DE TEE 3/4 IN PP ROSCABLE,SUMINISTRO E INSTALACION DE TEE 1 IN PP ROSCABLE,97.87,DESCRIPCION_SIMILAR_MISMA_UNIDAD,NO_FUSIONAR_AUTOMATICAMENTE,REVISAR_MANUALMENTE
APUCON-ae41728d101088b49fa64a41,APUCON-c5f49c5aa8d3efe09cbe32d8,u,SECCIONADOR FUSIBLE 100 A - 27kW CON ROMPE ARCO,SECCIONADOR FUSIBLE 100 A - 27KV CON ROMPE ARCO,97.87,DESCRIPCION_SIMILAR_MISMA_UNIDAD,NO_FUSIONAR_AUTOMATICAMENTE,REVISAR_MANUALMENTE
APUCON-62a6a5ed11ec6f360381fe57,APUCON-d29700b321cdcd3047148d88,u,SUMINISTRO E INSTALACION DE TEE 2 1/2 IN PP ROSCABLE,SUMINISTRO E INSTALACION DE TEE 1 IN PP ROSCABLE,97.87,DESCRIPCION_SIMILAR_MISMA_UNIDAD,NO_FUSIONAR_AUTOMATICAMENTE,REVISAR_MANUALMENTE
APUCON-43d9a0f3e438b186a5e31bfb,APUCON-ac38a927bd9465ec29162832,m,ALIMENTADOR AWG-THHN-CU: 2 NO.6 + 1 NO.8 + T NO.10,ALIMENTADOR AWG-THHN-CU: 3 NO.6 + 1 NO.8 + T NO.10,97.87,DESCRIPCION_SIMILAR_MISMA_UNIDAD,NO_FUSIONAR_AUTOMATICAMENTE,REVISAR_MANUALMENTE
APUCON-13fac6d65dadcc16196e4c60,APUCON-4c9bc6e236790cb99b831e60,u,SUMINISTRO E INSTALACION DE UNION MECANICA 50mm,SUMINISTRO E INSTALACION DE UNION MECANICA 90mm,97.87,DESCRIPCION_SIMILAR_MISMA_UNIDAD,NO_FUSIONAR_AUTOMATICAMENTE,REVISAR_MANUALMENTE
APUCON-411b2aacf2b624a993a8a226,APUCON-d29700b321cdcd3047148d88,u,SUMINISTRO E INSTALACION DE TEE 3/4 A 1/2 IN PP ROSCABLE,SUMINISTRO E INSTALACION DE TEE 1 IN PP ROSCABLE,97.87,DESCRIPCION_SIMILAR_MISMA_UNIDAD,NO_FUSIONAR_AUTOMATICAMENTE,REVISAR_MANUALMENTE
APUCON-411b2aacf2b624a993a8a226,APUCON-f53d6a4aeae05f82067ee65e,u,SUMINISTRO E INSTALACION DE TEE 3/4 A 1/2 IN PP ROSCABLE,SUMINISTRO E INSTALACION DE TEE 2 IN PP ROSCABLE,97.87,DESCRIPCION_SIMILAR_MISMA_UNIDAD,NO_FUSIONAR_AUTOMATICAMENTE,REVISAR_MANUALMENTE
APUCON-5f47620fe2673c4e4c0a7284,APUCON-f53d6a4aeae05f82067ee65e,u,SUMINISTRO E INSTALACION DE TEE 1 1/2 IN PP ROSCABLE,SUMINISTRO E INSTALACION DE TEE 2 IN PP ROSCABLE,97.87,DESCRIPCION_SIMILAR_MISMA_UNIDAD,NO_FUSIONAR_AUTOMATICAMENTE,REVISAR_MANUALMENTE
APUCON-3e2f8cb12d6ead351fbe30df,APUCON-f53d6a4aeae05f82067ee65e,u,SUMINISTRO E INSTALACION DE TEE 3/4 IN PP ROSCABLE,SUMINISTRO E INSTALACION DE TEE 2 IN PP ROSCABLE,97.87,DESCRIPCION_SIMILAR_MISMA_UNIDAD,NO_FUSIONAR_AUTOMATICAMENTE,REVISAR_MANUALMENTE
APUCON-6c818d697e2ceebddda7a5ad,APUCON-7a96a92d60a2c3ed4e58677e,m,CUNETA SIN BORDILLO CON HORMIGON SIMPLE F'C=280 KG/CM2 (INCL. CONSTRUCCION Y SELLADO DE JUNTAS),BORDILLO SIN CUNETA CON HORMIGON SIMPLE F´C= 280 KG/CM2 (INCL. CONSTRUCCION Y SELLADO DE JUNTAS),97.85,DESCRIPCION_SIMILAR_MISMA_UNIDAD,NO_FUSIONAR_AUTOMATICAMENTE,REVISAR_MANUALMENTE
APUCON-71d17d12772887e0b4fab837,APUCON-8aa9e768dca99f05f6ce5133,u,SUMINISTRO E INSTALACION DE BRIDA DE ACERO AL CARBONO ASTM A-105 DN 80mm,SUMINISTRO E INSTALACION DE BRIDA DE ACERO AL CARBONO ASTM A-105 DN 150mm,97.84,DESCRIPCION_SIMILAR_MISMA_UNIDAD,NO_FUSIONAR_AUTOMATICAMENTE,REVISAR_MANUALMENTE
APUCON-48abf190faa66a87e20c5f7a,APUCON-4c76fd84e168e5cc409e5562,u,SUMINISTRO E INSTALACION DE BRIDA DE ACERO AL CARBONO ASTM A-105 DN 200mm,SUMINISTRO E INSTALACION DE BRIDA DE ACERO AL CARBONO ASTM A-105 DN 50mm,97.84,DESCRIPCION_SIMILAR_MISMA_UNIDAD,NO_FUSIONAR_AUTOMATICAMENTE,REVISAR_MANUALMENTE
APUCON-48abf190faa66a87e20c5f7a,APUCON-71d17d12772887e0b4fab837,u,SUMINISTRO E INSTALACION DE BRIDA DE ACERO AL CARBONO ASTM A-105 DN 200mm,SUMINISTRO E INSTALACION DE BRIDA DE ACERO AL CARBONO ASTM A-105 DN 80mm,97.84,DESCRIPCION_SIMILAR_MISMA_UNIDAD,NO_FUSIONAR_AUTOMATICAMENTE,REVISAR_MANUALMENTE
APUCON-01bbf1727d6e9e04f00c6bb5,APUCON-8aa9e768dca99f05f6ce5133,u,SUMINISTRO E INSTALACION DE BRIDA DE ACERO AL CARBONO ASTM A-105 DN 40mm,SUMINISTRO E INSTALACION DE BRIDA DE ACERO AL CARBONO ASTM A-105 DN 150mm,97.84,DESCRIPCION_SIMILAR_MISMA_UNIDAD,NO_FUSIONAR_AUTOMATICAMENTE,REVISAR_MANUALMENTE
APUCON-2a3d7b0648e51fcf22a6de63,APUCON-8aa9e768dca99f05f6ce5133,u,SUMINISTRO E INSTALACION DE BRIDA DE ACERO AL CARBONO ASTM A-105 DN 65mm,SUMINISTRO E INSTALACION DE BRIDA DE ACERO AL CARBONO ASTM A-105 DN 150mm,97.84,DESCRIPCION_SIMILAR_MISMA_UNIDAD,NO_FUSIONAR_AUTOMATICAMENTE,REVISAR_MANUALMENTE
APUCON-01bbf1727d6e9e04f00c6bb5,APUCON-48abf190faa66a87e20c5f7a,u,SUMINISTRO E INSTALACION DE BRIDA DE ACERO AL CARBONO ASTM A-105 DN 40mm,SUMINISTRO E INSTALACION DE BRIDA DE ACERO AL CARBONO ASTM A-105 DN 200mm,97.84,DESCRIPCION_SIMILAR_MISMA_UNIDAD,NO_FUSIONAR_AUTOMATICAMENTE,REVISAR_MANUALMENTE
APUCON-e1a89140d8b2aa0f45587e74,APUCON-fe312dd7f46115b2b5bb0d85,m,ALIMENTADOR AWG-THHN-CU: 3 NO.2 + 1 NO.4 + T NO.6,ALIMENTADOR AWG-THHN-CU: 3 NO.4 + 1 NO.6 + T NO.8,97.83,DESCRIPCION_SIMILAR_MISMA_UNIDAD,NO_FUSIONAR_AUTOMATICAMENTE,REVISAR_MANUALMENTE
APUCON-2e15d856d1356b20657f1625,APUCON-b907b635454219f9ace15b75,u,MEDICION INDIRECTA EN BAJA TENSION 3F TC 600:5,MEDICION INDIRECTA EN BAJA TENSION 3F TC 400:5,97.83,DESCRIPCION_SIMILAR_MISMA_UNIDAD,NO_FUSIONAR_AUTOMATICAMENTE,REVISAR_MANUALMENTE
APUCON-23ef73abc5fcff9e42a5acf6,APUCON-443cbba2e46fbac430ab42a7,u,PROVISION E INSTALACION DE SEÑAL VERTICAL INFORMATIVA O REGLAMENTARIA DE ALUMINIO DE 2mm CON VYNIL REFLECTIVO DE GRADO XI NORMA ASTM D4956 E IMPRESIÓN DIGITAL (INCL. ELEMENTOS DE SUJECCION Y ESTRUCTURA Y SOPORTE 60x60 (ESTACIONAR SOLO MOTO),PROVISION E INSTALACION DE SEÑAL VERTICAL INFORMATIVA O REGLAMENTARIA DE ALUMINIO DE 2mm CON VYNIL REFLECTIVO DE GRADO XI NORMA ASTM D4956 E IMPRESIÓN DIGITAL (INCL. ELEMENTOS DE SUJECCION Y ESTRUCTURA Y SOPORTE 60x60 (NO ENTRE)),97.80,DESCRIPCION_SIMILAR_MISMA_UNIDAD,NO_FUSIONAR_AUTOMATICAMENTE,REVISAR_MANUALMENTE
APUCON-443cbba2e46fbac430ab42a7,APUCON-d9344ab812c86efb6d29fe36,u,PROVISION E INSTALACION DE SEÑAL VERTICAL INFORMATIVA O REGLAMENTARIA DE ALUMINIO DE 2mm CON VYNIL REFLECTIVO DE GRADO XI NORMA ASTM D4956 E IMPRESIÓN DIGITAL (INCL. ELEMENTOS DE SUJECCION Y ESTRUCTURA Y SOPORTE 60x60 (NO ENTRE)),PROVISION E INSTALACION DE SEÑAL VERTICAL INFORMATIVA O REGLAMENTARIA DE ALUMINIO DE 2mm CON VYNIL REFLECTIVO DE GRADO XI NORMA ASTM D4956 E IMPRESIÓN DIGITAL (INCL. ELEMENTOS DE SUJECCION Y ESTRUCTURA Y SOPORTE 60x60 (DISCO PARE),97.80,DESCRIPCION_SIMILAR_MISMA_UNIDAD,NO_FUSIONAR_AUTOMATICAMENTE,REVISAR_MANUALMENTE
APUCON-443cbba2e46fbac430ab42a7,APUCON-6b04e8e6dd6bcedfae30234f,u,PROVISION E INSTALACION DE SEÑAL VERTICAL INFORMATIVA O REGLAMENTARIA DE ALUMINIO DE 2mm CON VYNIL REFLECTIVO DE GRADO XI NORMA ASTM D4956 E IMPRESIÓN DIGITAL (INCL. ELEMENTOS DE SUJECCION Y ESTRUCTURA Y SOPORTE 60x60 (NO ENTRE)),PROVISION E INSTALACION DE SEÑAL VERTICAL INFORMATIVA O REGLAMENTARIA DE ALUMINIO DE 2mm CON VYNIL REFLECTIVO DE GRADO XI NORMA ASTM D4956 E IMPRESIÓN DIGITAL (INCL. ELEMENTOS DE SUJECCION Y ESTRUCTURA Y SOPORTE 60x60 (SOLO BICICLETAS)),97.80,DESCRIPCION_SIMILAR_MISMA_UNIDAD,NO_FUSIONAR_AUTOMATICAMENTE,REVISAR_MANUALMENTE
APUCON-1e7bf01700461deeebcbbda4,APUCON-443cbba2e46fbac430ab42a7,u,PROVISION E INSTALACION DE SEÑAL VERTICAL INFORMATIVA O REGLAMENTARIA DE ALUMINIO DE 2mm CON VYNIL REFLECTIVO DE GRADO XI NORMA ASTM D4956 E IMPRESIÓN DIGITAL (INCL. ELEMENTOS DE SUJECCION Y ESTRUCTURA Y SOPORTE 60x60 (PERMITIDO ESTACIONAR),PROVISION E INSTALACION DE SEÑAL VERTICAL INFORMATIVA O REGLAMENTARIA DE ALUMINIO DE 2mm CON VYNIL REFLECTIVO DE GRADO XI NORMA ASTM D4956 E IMPRESIÓN DIGITAL (INCL. ELEMENTOS DE SUJECCION Y ESTRUCTURA Y SOPORTE 60x60 (NO ENTRE)),97.80,DESCRIPCION_SIMILAR_MISMA_UNIDAD,NO_FUSIONAR_AUTOMATICAMENTE,REVISAR_MANUALMENTE
APUCON-6f1c7a345037eb999e71bc9d,APUCON-d9fbc86c67a5b5d28d046fe1,m,"CANALIZACION 4 x 4"" PVC PESADO + 4x4"" MET. RIGIDO","CANALIZACION 4 x 4"" PVC PESADO + 2x4"" MET. RIGIDO",97.78,DESCRIPCION_SIMILAR_MISMA_UNIDAD,NO_FUSIONAR_AUTOMATICAMENTE,REVISAR_MANUALMENTE
APUCON-4b8c3f807d35d2f9fd9b05a9,APUCON-94f4770fa62c8df49dc73655,u,"SUMINISTRO E INSTALACION DE PASAMURO PARA TUBERIA DE H.F. 75mm, L=0.40m","SUMINISTRO E INSTALACION DE PASAMURO PARA TUBERIA DE H.F. 250mm, L=0.40m",97.78,DESCRIPCION_SIMILAR_MISMA_UNIDAD,NO_FUSIONAR_AUTOMATICAMENTE,REVISAR_MANUALMENTE
APUCON-39077a68437bbf4d3583cc4b,APUCON-4b8c3f807d35d2f9fd9b05a9,u,"SUMINISTRO E INSTALACION DE PASAMURO PARA TUBERIA DE H.F. 150mm, L=0.40m","SUMINISTRO E INSTALACION DE PASAMURO PARA TUBERIA DE H.F. 75mm, L=0.40m",97.78,DESCRIPCION_SIMILAR_MISMA_UNIDAD,NO_FUSIONAR_AUTOMATICAMENTE,REVISAR_MANUALMENTE
APUCON-94f4770fa62c8df49dc73655,APUCON-a6ac924426ec8f06e7351180,u,"SUMINISTRO E INSTALACION DE PASAMURO PARA TUBERIA DE H.F. 250mm, L=0.40m","SUMINISTRO E INSTALACION DE PASAMURO PARA TUBERIA DE H.F. 25mm, L=0.30m",97.78,DESCRIPCION_SIMILAR_MISMA_UNIDAD,NO_FUSIONAR_AUTOMATICAMENTE,REVISAR_MANUALMENTE
APUCON-11f76c8173e3f6d1e616b554,APUCON-50838d66713df5fb626d4e42,u,"SUMINISTRO E INSTALACION DE PASAMURO PARA TUBERIA DE H.F. 50mm, L=0.40m","SUMINISTRO E INSTALACION DE PASAMURO PARA TUBERIA DE H.F. 200mm, L=0.40m",97.78,DESCRIPCION_SIMILAR_MISMA_UNIDAD,NO_FUSIONAR_AUTOMATICAMENTE,REVISAR_MANUALMENTE
APUCON-11f76c8173e3f6d1e616b554,APUCON-afbf2a16545fcf3ad78f583b,u,"SUMINISTRO E INSTALACION DE PASAMURO PARA TUBERIA DE H.F. 50mm, L=0.40m","SUMINISTRO E INSTALACION DE PASAMURO PARA TUBERIA DE H.F. 100mm, L=0.40m",97.78,DESCRIPCION_SIMILAR_MISMA_UNIDAD,NO_FUSIONAR_AUTOMATICAMENTE,REVISAR_MANUALMENTE
APUCON-1e7bf01700461deeebcbbda4,APUCON-23ef73abc5fcff9e42a5acf6,u,PROVISION E INSTALACION DE SEÑAL VERTICAL INFORMATIVA O REGLAMENTARIA DE ALUMINIO DE 2mm CON VYNIL REFLECTIVO DE GRADO XI NORMA ASTM D4956 E IMPRESIÓN DIGITAL (INCL. ELEMENTOS DE SUJECCION Y ESTRUCTURA Y SOPORTE 60x60 (PERMITIDO ESTACIONAR),PROVISION E INSTALACION DE SEÑAL VERTICAL INFORMATIVA O REGLAMENTARIA DE ALUMINIO DE 2mm CON VYNIL REFLECTIVO DE GRADO XI NORMA ASTM D4956 E IMPRESIÓN DIGITAL (INCL. ELEMENTOS DE SUJECCION Y ESTRUCTURA Y SOPORTE 60x60 (ESTACIONAR SOLO MOTO),97.69,DESCRIPCION_SIMILAR_MISMA_UNIDAD,NO_FUSIONAR_AUTOMATICAMENTE,REVISAR_MANUALMENTE
APUCON-35d4c1ef5b8ceff5128d2e06,APUCON-aeb4c4cde12d190ec5958a2b,u,SUMINISTRO E INSTALACION DE EXTINTOR TIPO A,SUMINISTRO E INSTALACION DE EXTINTOR TIPO K,97.67,DESCRIPCION_SIMILAR_MISMA_UNIDAD,NO_FUSIONAR_AUTOMATICAMENTE,REVISAR_MANUALMENTE
APUCON-86308f034ca08117f181e784,APUCON-be4b470083342bbf32e93ae9,km,TENDIDO Y REGULADO CONDUCTOR NO.2/0 AWG ACAR,TENDIDO Y REGULADO CONDUCTOR NO.2 AWG ACAR,97.67,DESCRIPCION_SIMILAR_MISMA_UNIDAD,NO_FUSIONAR_AUTOMATICAMENTE,REVISAR_MANUALMENTE
APUCON-30516fc007ba24ae6be0be6d,APUCON-67e59510b239d1d55e1893e4,u,RED SUBTERRANEA 3F EN BAJA TENSION A TDG-01,RED SUBTERRANEA 3F EN BAJA TENSION A TDG-02,97.67,DESCRIPCION_SIMILAR_MISMA_UNIDAD,NO_FUSIONAR_AUTOMATICAMENTE,REVISAR_MANUALMENTE
APUCON-13f5edd0b57d97bb62292791,APUCON-903e59202ecd79ebad9d98fc,u,SUMINISTRO E INSTALACION TAPA DE GRAFITO ESFEROIDAL DE 70cm DE DIÁMETRO CON RESISTENCIA 400KN PARA CAJA DE 100x100x80cm PARA SISTEMA ELÉCTRICO,SUMINISTRO E INSTALACION TAPA DE GRAFITO ESFEROIDAL DE 70cm DE DIÁMETRO CON RESISTENCIA 125KN PARA CAJA DE 100x100x80cm PARA SISTEMA ELÉCTRICO,97.66,DESCRIPCION_SIMILAR_MISMA_UNIDAD,NO_FUSIONAR_AUTOMATICAMENTE,REVISAR_MANUALMENTE
APUCON-9854b8f410f84087a3ad6542,APUCON-ab49be853fcf05210d1fdeb8,m,"ACOMETIDA DOMICILIARIA CON 2#2, N#4 AWG Cu TTU","ACOMETIDA DOMICILIARIA CON 2#1/0, N#2 AWG Cu TTU",97.62,DESCRIPCION_SIMILAR_MISMA_UNIDAD,NO_FUSIONAR_AUTOMATICAMENTE,REVISAR_MANUALMENTE
APUCON-39b32fb3ab4995fe00f7c52f,APUCON-599b8920c02b8207d35aae38,u,"SUMINISTRO E INSTALACION CODO DE PVC D= 2"" (63mm) / TIPO PESADO - PARA SISTEMA ELECTRICO","SUMINISTRO E INSTALACION CODO DE PVC D=1"" (32mm) / TIPO PESADO - PARA SISTEMA ELECTRICO",97.62,DESCRIPCION_SIMILAR_MISMA_UNIDAD,NO_FUSIONAR_AUTOMATICAMENTE,REVISAR_MANUALMENTE
APUCON-c42872cce3fa6fb9dde77e8e,APUCON-e32039c1f57a5c7aa71a8179,m,"SUMINISTRO E INSTALACION DE TUBERIA METALICA RIGIDA D=4"" (110mm) PARA USO ELECTRICO / BAJANTE DEL SISTEMA ELECTRICO O COMUNICACIONES (INCL. HEBILLA Y ZUNCHO METALICO D=1/2"")","SUMINISTRO E INSTALACION DE TUBERIA METALICA RIGIDA D=3"" (90mm) PARA USO ELECTRICO / BAJANTE DEL SISTEMA ELECTRICO O COMUNICACIONES (INCL. HEBILLA Y ZUNCHO METALICO)",97.61,DESCRIPCION_SIMILAR_MISMA_UNIDAD,NO_FUSIONAR_AUTOMATICAMENTE,REVISAR_MANUALMENTE
APUCON-1501a56d8aff5cfd14ea1bed,APUCON-89adc9cfb588b99b19487ebc,u,"TRANSFORMADOR 3F 100 KVA, TIPO PAD MOUNTED","TRANSFORMADOR 3F 150 KVA, TIPO PAD MOUNTED",97.56,DESCRIPCION_SIMILAR_MISMA_UNIDAD,NO_FUSIONAR_AUTOMATICAMENTE,REVISAR_MANUALMENTE
APUCON-4423be2932c09b6603e39e5a,APUCON-86c9c4aa617b75dfa4de89d0,u,SUMINISTRO E INSTALACION DE CODO ACERO ASTM A36 D= 150mmX90',SUMINISTRO E INSTALACION DE CODO ACERO ASTM A36 D = 40mmX90',97.44,DESCRIPCION_SIMILAR_MISMA_UNIDAD,NO_FUSIONAR_AUTOMATICAMENTE,REVISAR_MANUALMENTE
APUCON-4423be2932c09b6603e39e5a,APUCON-b4a82813afda6bf07f4e82b2,u,SUMINISTRO E INSTALACION DE CODO ACERO ASTM A36 D= 150mmX90',SUMINISTRO E INSTALACION DE CODO ACERO ASTM A36 D= 65mmX90',97.44,DESCRIPCION_SIMILAR_MISMA_UNIDAD,NO_FUSIONAR_AUTOMATICAMENTE,REVISAR_MANUALMENTE
APUCON-56922edc7882648267519ca4,APUCON-cd1100a520ea2a8cfb19d6be,m,SUMINISTRO E INSTALACION DE TUBERIA ACERO ASTM A36 D=150 mm,SUMINISTRO E INSTALACION DE TUBERIA ACERO ASTM A36 D=65 mm,97.44,DESCRIPCION_SIMILAR_MISMA_UNIDAD,NO_FUSIONAR_AUTOMATICAMENTE,REVISAR_MANUALMENTE
APUCON-0b653614b983b29337faf556,APUCON-4c7f0b4069d22ab2f632acf5,m,"SUMINISTRO E INSTALACION DE ALIMENTADOR 3#1/0 CU 15KV XLPE AL 100%, N#2 CU DESNUDO","SUMINISTRO E INSTALACION DE ALIMENTADOR 1#2 CU 15KV XLPE AL 100%, N#4 CU DESNUDO",97.40,DESCRIPCION_SIMILAR_MISMA_UNIDAD,NO_FUSIONAR_AUTOMATICAMENTE,REVISAR_MANUALMENTE
APUCON-23ef73abc5fcff9e42a5acf6,APUCON-6b04e8e6dd6bcedfae30234f,u,PROVISION E INSTALACION DE SEÑAL VERTICAL INFORMATIVA O REGLAMENTARIA DE ALUMINIO DE 2mm CON VYNIL REFLECTIVO DE GRADO XI NORMA ASTM D4956 E IMPRESIÓN DIGITAL (INCL. ELEMENTOS DE SUJECCION Y ESTRUCTURA Y SOPORTE 60x60 (ESTACIONAR SOLO MOTO),PROVISION E INSTALACION DE SEÑAL VERTICAL INFORMATIVA O REGLAMENTARIA DE ALUMINIO DE 2mm CON VYNIL REFLECTIVO DE GRADO XI NORMA ASTM D4956 E IMPRESIÓN DIGITAL (INCL. ELEMENTOS DE SUJECCION Y ESTRUCTURA Y SOPORTE 60x60 (SOLO BICICLETAS)),97.39,DESCRIPCION_SIMILAR_MISMA_UNIDAD,NO_FUSIONAR_AUTOMATICAMENTE,REVISAR_MANUALMENTE
APUCON-309c35f6bf7dbea530388e58,APUCON-74fd0ce5da51ccbe49a40cde,u,PUERTA EN ACERO INOXIDABLE (0.60x1.50) m,PUERTA EN ACERO INOXIDABLE (0.80x1.50)m,97.37,DESCRIPCION_SIMILAR_MISMA_UNIDAD,NO_FUSIONAR_AUTOMATICAMENTE,REVISAR_MANUALMENTE
APUCON-313cc3d8f948d059443ff2bf,APUCON-cd1100a520ea2a8cfb19d6be,m,SUMINISTRO E INSTALACION DE TUBERIA ACERO ASTM A36 D=100 mm,SUMINISTRO E INSTALACION DE TUBERIA ACERO ASTM A36 D=65 mm,97.35,DESCRIPCION_SIMILAR_MISMA_UNIDAD,NO_FUSIONAR_AUTOMATICAMENTE,REVISAR_MANUALMENTE
APUCON-2ebc3de05cc1df52aaafec04,APUCON-6d66e705814fe068a368b5e4,u,SUMINISTRO E INSTALACION DE CODO VENTILACION EC 200mmX90',SUMINISTRO E INSTALACION DE CODO VENTILACION EC 50mmX90',97.35,DESCRIPCION_SIMILAR_MISMA_UNIDAD,NO_FUSIONAR_AUTOMATICAMENTE,REVISAR_MANUALMENTE
APUCON-8f23ae89e7de711853579172,APUCON-cd1100a520ea2a8cfb19d6be,m,SUMINISTRO E INSTALACION DE TUBERIA ACERO PERFORADA ASTM A36 D=150 mm,SUMINISTRO E INSTALACION DE TUBERIA ACERO ASTM A36 D=65 mm,97.35,DESCRIPCION_SIMILAR_MISMA_UNIDAD,NO_FUSIONAR_AUTOMATICAMENTE,REVISAR_MANUALMENTE
APUCON-6503199922f1f06592efcf97,APUCON-ab62087fb377468766550132,u,SUMINISTRO E INSTALACION DE REJILLA DE HD TIPO II 0.70x0.60m,SUMINISTRO E INSTALACION DE REJILLA DE HD TIPO I 0.70x0.40m,97.35,DESCRIPCION_SIMILAR_MISMA_UNIDAD,NO_FUSIONAR_AUTOMATICAMENTE,REVISAR_MANUALMENTE
APUCON-0913926190c80354e5ae990b,APUCON-d6a47070ea4db5b9089adf5f,m,INSTALACION DE TUBERIA PVC ESTRUCTURADA DI=160 mm (DN175) NORMA NTE INEN 2059,INSTALACION DE TUBERIA PVC ESTRUCTURADA DI=110 mm (DN125) NORMA NTE INEN 2059,97.33,DESCRIPCION_SIMILAR_MISMA_UNIDAD,NO_FUSIONAR_AUTOMATICAMENTE,REVISAR_MANUALMENTE
APUCON-6b04e8e6dd6bcedfae30234f,APUCON-d9344ab812c86efb6d29fe36,u,PROVISION E INSTALACION DE SEÑAL VERTICAL INFORMATIVA O REGLAMENTARIA DE ALUMINIO DE 2mm CON VYNIL REFLECTIVO DE GRADO XI NORMA ASTM D4956 E IMPRESIÓN DIGITAL (INCL. ELEMENTOS DE SUJECCION Y ESTRUCTURA Y SOPORTE 60x60 (SOLO BICICLETAS)),PROVISION E INSTALACION DE SEÑAL VERTICAL INFORMATIVA O REGLAMENTARIA DE ALUMINIO DE 2mm CON VYNIL REFLECTIVO DE GRADO XI NORMA ASTM D4956 E IMPRESIÓN DIGITAL (INCL. ELEMENTOS DE SUJECCION Y ESTRUCTURA Y SOPORTE 60x60 (DISCO PARE),97.32,DESCRIPCION_SIMILAR_MISMA_UNIDAD,NO_FUSIONAR_AUTOMATICAMENTE,REVISAR_MANUALMENTE
APUCON-23ef73abc5fcff9e42a5acf6,APUCON-d9344ab812c86efb6d29fe36,u,PROVISION E INSTALACION DE SEÑAL VERTICAL INFORMATIVA O REGLAMENTARIA DE ALUMINIO DE 2mm CON VYNIL REFLECTIVO DE GRADO XI NORMA ASTM D4956 E IMPRESIÓN DIGITAL (INCL. ELEMENTOS DE SUJECCION Y ESTRUCTURA Y SOPORTE 60x60 (ESTACIONAR SOLO MOTO),PROVISION E INSTALACION DE SEÑAL VERTICAL INFORMATIVA O REGLAMENTARIA DE ALUMINIO DE 2mm CON VYNIL REFLECTIVO DE GRADO XI NORMA ASTM D4956 E IMPRESIÓN DIGITAL (INCL. ELEMENTOS DE SUJECCION Y ESTRUCTURA Y SOPORTE 60x60 (DISCO PARE),97.32,DESCRIPCION_SIMILAR_MISMA_UNIDAD,NO_FUSIONAR_AUTOMATICAMENTE,REVISAR_MANUALMENTE
APUCON-1e7bf01700461deeebcbbda4,APUCON-d9344ab812c86efb6d29fe36,u,PROVISION E INSTALACION DE SEÑAL VERTICAL INFORMATIVA O REGLAMENTARIA DE ALUMINIO DE 2mm CON VYNIL REFLECTIVO DE GRADO XI NORMA ASTM D4956 E IMPRESIÓN DIGITAL (INCL. ELEMENTOS DE SUJECCION Y ESTRUCTURA Y SOPORTE 60x60 (PERMITIDO ESTACIONAR),PROVISION E INSTALACION DE SEÑAL VERTICAL INFORMATIVA O REGLAMENTARIA DE ALUMINIO DE 2mm CON VYNIL REFLECTIVO DE GRADO XI NORMA ASTM D4956 E IMPRESIÓN DIGITAL (INCL. ELEMENTOS DE SUJECCION Y ESTRUCTURA Y SOPORTE 60x60 (DISCO PARE),97.32,DESCRIPCION_SIMILAR_MISMA_UNIDAD,NO_FUSIONAR_AUTOMATICAMENTE,REVISAR_MANUALMENTE
APUCON-1c01a8110e2ef17ef3f61727,APUCON-a09b629238f80c719a133c6b,m,SUMINISTRO DE TUBERIA PVC ESTRUCTURADA DI=110 mm (DN125) NORMA NTE INEN 2059,SUMINISTRO DE TUBERIA PVC ESTRUCTURADA DI=160 mm (DN175) NORMA NTE INEN 2059,97.30,DESCRIPCION_SIMILAR_MISMA_UNIDAD,NO_FUSIONAR_AUTOMATICAMENTE,REVISAR_MANUALMENTE
APUCON-3089989abc08c95cff538596,APUCON-98c0c2346cf4f9cfdd551ccd,m,"CANALIZACION BATERIA 2 x 4"" PVC PESADO","CANALIZACION BATERIA 6 X 4"" PVC PESADO",97.30,DESCRIPCION_SIMILAR_MISMA_UNIDAD,NO_FUSIONAR_AUTOMATICAMENTE,REVISAR_MANUALMENTE
APUCON-29bdfabdd227d0904de6b4d4,APUCON-f85713f5f0426891a7bc8e62,u,"TABLERO DE DISTRIBUCIÓN METÁLICO PARA ALIMENTAR A 4 MEDIDORES (INCL. BREAKER PRINCIPAL DE 100 AMP 2 POLOS, BARRAS DE COBRE, AISLADORES, SIN BASES SOCKET, 4 BREAKERS DE 50 AMP 2 POLOS, TOTALMENTE CABLEADO. SE CONECTARÁN LOS MEDIDORES EXISTENTES","TABLERO DE DISTRIBUCION METALICO PARA ALIMENTAR A 8 MEDIDORES (INCL. BREAKER PRINCIPAL DE 200 AMP 2 POLOS, BARRA DE COBRE, AISLADORES, SIN BASES SOCKET - 8 BREAKS DE 50 AMP, 2 POLOS, TOTALMENTE CABLEADO. SE CONECTARA LOS MEDIDORES EXISTENTE)",97.28,DESCRIPCION_SIMILAR_MISMA_UNIDAD,NO_FUSIONAR_AUTOMATICAMENTE,REVISAR_MANUALMENTE
APUCON-48d2df17628075d9c901a5ee,APUCON-85ba853fda37e97aadb96c97,u,PROVISION DE TAPA DE GRAFITO ESFEROIDAL DE 70cm CON RESISTENCIA 125KN PARA LAS CAJA PROYECTADAS PARA SISTEMA DE COMUNICACIÓN,PROVISION DE TAPA DE GRAFITO ESFEROIDAL DE 70cm CON RESISTENCIA 400KN PARA LAS CAJA PROYECTADAS PARA SISTEMA DE COMUNICACIÓN,97.27,DESCRIPCION_SIMILAR_MISMA_UNIDAD,NO_FUSIONAR_AUTOMATICAMENTE,REVISAR_MANUALMENTE
APUCON-3089989abc08c95cff538596,APUCON-4506f70b34dcce31f4c50514,m,"CANALIZACION BATERIA 2 x 4"" PVC PESADO",CANALIZACION DE BATERIA DE 4 x 50mm PVC PESADO,97.22,DESCRIPCION_SIMILAR_MISMA_UNIDAD,NO_FUSIONAR_AUTOMATICAMENTE,REVISAR_MANUALMENTE
APUCON-4506f70b34dcce31f4c50514,APUCON-98c0c2346cf4f9cfdd551ccd,m,CANALIZACION DE BATERIA DE 4 x 50mm PVC PESADO,"CANALIZACION BATERIA 6 X 4"" PVC PESADO",97.22,DESCRIPCION_SIMILAR_MISMA_UNIDAD,NO_FUSIONAR_AUTOMATICAMENTE,REVISAR_MANUALMENTE
APUCON-0d66dc024979b4f7e55eb6cb,APUCON-be782d014d5147aab9fa1c66,m,SUMINISTRO E INSTALACION DE TUBERIA DESAGUE EC D= 50mm,SUMINISTRO E INSTALACION DE TUBERIA DESAGUE EC D= 110mm,97.20,DESCRIPCION_SIMILAR_MISMA_UNIDAD,NO_FUSIONAR_AUTOMATICAMENTE,REVISAR_MANUALMENTE
APUCON-9cb32f6f0d91e0fdbc91c421,APUCON-fe6ca088e0327be13ab2e111,u,SUMINISTRO E INSTALACION DE CODO DESAGUE EC 50mmX90',SUMINISTRO E INSTALACION DE CODO DESAGUE EC 110mmX90',97.14,DESCRIPCION_SIMILAR_MISMA_UNIDAD,NO_FUSIONAR_AUTOMATICAMENTE,REVISAR_MANUALMENTE
APUCON-2e256b662afa9619f642ad05,APUCON-67ae838aec082ae9060f2566,u,SUMINISTRO E INSTALACION DE CODO DESAGUE EC 50mmX45',SUMINISTRO E INSTALACION DE CODO DESAGUE EC 110mmX45',97.14,DESCRIPCION_SIMILAR_MISMA_UNIDAD,NO_FUSIONAR_AUTOMATICAMENTE,REVISAR_MANUALMENTE
APUCON-48abf190faa66a87e20c5f7a,APUCON-8aa9e768dca99f05f6ce5133,u,SUMINISTRO E INSTALACION DE BRIDA DE ACERO AL CARBONO ASTM A-105 DN 200mm,SUMINISTRO E INSTALACION DE BRIDA DE ACERO AL CARBONO ASTM A-105 DN 150mm,97.14,DESCRIPCION_SIMILAR_MISMA_UNIDAD,NO_FUSIONAR_AUTOMATICAMENTE,REVISAR_MANUALMENTE
APUCON-01bbf1727d6e9e04f00c6bb5,APUCON-2a3d7b0648e51fcf22a6de63,u,SUMINISTRO E INSTALACION DE BRIDA DE ACERO AL CARBONO ASTM A-105 DN 40mm,SUMINISTRO E INSTALACION DE BRIDA DE ACERO AL CARBONO ASTM A-105 DN 65mm,97.10,DESCRIPCION_SIMILAR_MISMA_UNIDAD,NO_FUSIONAR_AUTOMATICAMENTE,REVISAR_MANUALMENTE
APUCON-2a3d7b0648e51fcf22a6de63,APUCON-71d17d12772887e0b4fab837,u,SUMINISTRO E INSTALACION DE BRIDA DE ACERO AL CARBONO ASTM A-105 DN 65mm,SUMINISTRO E INSTALACION DE BRIDA DE ACERO AL CARBONO ASTM A-105 DN 80mm,97.10,DESCRIPCION_SIMILAR_MISMA_UNIDAD,NO_FUSIONAR_AUTOMATICAMENTE,REVISAR_MANUALMENTE
APUCON-9a2424c95a8127904ac5c99b,APUCON-9fc21dea5765984f368e2e44,m,"SUMINISTRO DE VIGAS T, SEGUN DISEÑO","SUMINISTRO DE VIGAS L, SEGUN DISEÑO",97.06,DESCRIPCION_SIMILAR_MISMA_UNIDAD,NO_FUSIONAR_AUTOMATICAMENTE,REVISAR_MANUALMENTE
APUCON-94f4770fa62c8df49dc73655,APUCON-afbf2a16545fcf3ad78f583b,u,"SUMINISTRO E INSTALACION DE PASAMURO PARA TUBERIA DE H.F. 250mm, L=0.40m","SUMINISTRO E INSTALACION DE PASAMURO PARA TUBERIA DE H.F. 100mm, L=0.40m",97.06,DESCRIPCION_SIMILAR_MISMA_UNIDAD,NO_FUSIONAR_AUTOMATICAMENTE,REVISAR_MANUALMENTE
APUCON-39077a68437bbf4d3583cc4b,APUCON-50838d66713df5fb626d4e42,u,"SUMINISTRO E INSTALACION DE PASAMURO PARA TUBERIA DE H.F. 150mm, L=0.40m","SUMINISTRO E INSTALACION DE PASAMURO PARA TUBERIA DE H.F. 200mm, L=0.40m",97.06,DESCRIPCION_SIMILAR_MISMA_UNIDAD,NO_FUSIONAR_AUTOMATICAMENTE,REVISAR_MANUALMENTE
APUCON-6afc0ff159505e357696365b,APUCON-e8192d05469acfe5d28e5529,m2,"MALLA ELECTROSOLDADA 15x15 - 4,5mm","MALLA ELECTROSOLDADA 15x15 - 5,5mm",97.06,DESCRIPCION_SIMILAR_MISMA_UNIDAD,NO_FUSIONAR_AUTOMATICAMENTE,REVISAR_MANUALMENTE
APUCON-3722b2b2d611f85d00d71908,APUCON-f85713f5f0426891a7bc8e62,u,"TABLERO DE DISTRIBUCION METALICO PARA ALIMENTAR A 3 MEDIDORES (INCL. BREAKER PRINCIPAL DE 70 AMP 2 POLOS, BARRAS DE COBRE, AISLADORES, SIN BASES SOCKET, 3 BREAKERS DE 50 AMP 2 POLOS, TOTALMENTE CABLEADO. SE CONECTARAN LOS MEDIDORES EXISTENTES)","TABLERO DE DISTRIBUCION METALICO PARA ALIMENTAR A 8 MEDIDORES (INCL. BREAKER PRINCIPAL DE 200 AMP 2 POLOS, BARRA DE COBRE, AISLADORES, SIN BASES SOCKET - 8 BREAKS DE 50 AMP, 2 POLOS, TOTALMENTE CABLEADO. SE CONECTARA LOS MEDIDORES EXISTENTE)",97.03,DESCRIPCION_SIMILAR_MISMA_UNIDAD,NO_FUSIONAR_AUTOMATICAMENTE,REVISAR_MANUALMENTE
APUCON-11f76c8173e3f6d1e616b554,APUCON-a6ac924426ec8f06e7351180,u,"SUMINISTRO E INSTALACION DE PASAMURO PARA TUBERIA DE H.F. 50mm, L=0.40m","SUMINISTRO E INSTALACION DE PASAMURO PARA TUBERIA DE H.F. 25mm, L=0.30m",97.01,DESCRIPCION_SIMILAR_MISMA_UNIDAD,NO_FUSIONAR_AUTOMATICAMENTE,REVISAR_MANUALMENTE
APUCON-ed2ff64481461df0a6cf901d,APUCON-f85713f5f0426891a7bc8e62,u,"TABLERO DE DISTRIBUCION METALICO PARA ALIMENTAR A 2 MEDIDORES (INCL. BREAKER PRINCIPAL DE 70 AMP 2 POLOS, BARRAS DE COBRE, AISLADORES, SIN BASES SOCKET, 2 BREAKERS DE 50 AMP 2 POLOS, TOTALMENTE CABLEADO. SE CONECTARAN LOS MEDIDORES EXISTENTES","TABLERO DE DISTRIBUCION METALICO PARA ALIMENTAR A 8 MEDIDORES (INCL. BREAKER PRINCIPAL DE 200 AMP 2 POLOS, BARRA DE COBRE, AISLADORES, SIN BASES SOCKET - 8 BREAKS DE 50 AMP, 2 POLOS, TOTALMENTE CABLEADO. SE CONECTARA LOS MEDIDORES EXISTENTE)",97.01,DESCRIPCION_SIMILAR_MISMA_UNIDAD,NO_FUSIONAR_AUTOMATICAMENTE,REVISAR_MANUALMENTE
APUCON-4b8c3f807d35d2f9fd9b05a9,APUCON-a6ac924426ec8f06e7351180,u,"SUMINISTRO E INSTALACION DE PASAMURO PARA TUBERIA DE H.F. 75mm, L=0.40m","SUMINISTRO E INSTALACION DE PASAMURO PARA TUBERIA DE H.F. 25mm, L=0.30m",97.01,DESCRIPCION_SIMILAR_MISMA_UNIDAD,NO_FUSIONAR_AUTOMATICAMENTE,REVISAR_MANUALMENTE
APUCON-22a2dcd4d19ca6be4be392fc,APUCON-8de0969e8ac2bd6968eb996c,u,SUMINISTRO Y COLOCACION DE BANCA CIRCULAR DE HORMIGON SEGUN DISEÑO,SUMINISTRO Y COLOCACION DE BANCA SEMICIRCULAR DE HORMIGON SEGUN DISEÑO,96.92,DESCRIPCION_SIMILAR_MISMA_UNIDAD,NO_FUSIONAR_AUTOMATICAMENTE,REVISAR_MANUALMENTE
APUCON-426af37fbd9231b7bd2d543c,APUCON-dae2c10d5599c9d3e3a614fe,u,TABLERO 3F DISTRIBUCION TDB - 01,TABLERO 3F DISTRIBUCION TDB - 03,96.88,DESCRIPCION_SIMILAR_MISMA_UNIDAD,NO_FUSIONAR_AUTOMATICAMENTE,REVISAR_MANUALMENTE
APUCON-a9ab8a0ab52931192dd230fd,APUCON-dae2c10d5599c9d3e3a614fe,u,TABLERO 3F DISTRIBUCION TDB - 04,TABLERO 3F DISTRIBUCION TDB - 03,96.88,DESCRIPCION_SIMILAR_MISMA_UNIDAD,NO_FUSIONAR_AUTOMATICAMENTE,REVISAR_MANUALMENTE
APUCON-9fd4c3e891f049600cac2bf6,APUCON-a9ab8a0ab52931192dd230fd,u,TABLERO 3F DISTRIBUCION TDB - 02,TABLERO 3F DISTRIBUCION TDB - 04,96.88,DESCRIPCION_SIMILAR_MISMA_UNIDAD,NO_FUSIONAR_AUTOMATICAMENTE,REVISAR_MANUALMENTE
APUCON-426af37fbd9231b7bd2d543c,APUCON-ca4d028bb013dee90b13db99,u,TABLERO 3F DISTRIBUCION TDB - 01,TABLERO 3F DISTRIBUCION TDB - 1B,96.88,DESCRIPCION_SIMILAR_MISMA_UNIDAD,NO_FUSIONAR_AUTOMATICAMENTE,REVISAR_MANUALMENTE
APUCON-c523225fc76d00bb3792f1b2,APUCON-e0aead36b0e604ec2bd28ac9,u,TABLERO 3F DISTRIBUCION TCA - 01,TABLERO 3F DISTRIBUCION TCB - 01,96.88,DESCRIPCION_SIMILAR_MISMA_UNIDAD,NO_FUSIONAR_AUTOMATICAMENTE,REVISAR_MANUALMENTE
APUCON-426af37fbd9231b7bd2d543c,APUCON-e0aead36b0e604ec2bd28ac9,u,TABLERO 3F DISTRIBUCION TDB - 01,TABLERO 3F DISTRIBUCION TCB - 01,96.88,DESCRIPCION_SIMILAR_MISMA_UNIDAD,NO_FUSIONAR_AUTOMATICAMENTE,REVISAR_MANUALMENTE
APUCON-426af37fbd9231b7bd2d543c,APUCON-9fd4c3e891f049600cac2bf6,u,TABLERO 3F DISTRIBUCION TDB - 01,TABLERO 3F DISTRIBUCION TDB - 02,96.88,DESCRIPCION_SIMILAR_MISMA_UNIDAD,NO_FUSIONAR_AUTOMATICAMENTE,REVISAR_MANUALMENTE
APUCON-9fd4c3e891f049600cac2bf6,APUCON-dae2c10d5599c9d3e3a614fe,u,TABLERO 3F DISTRIBUCION TDB - 02,TABLERO 3F DISTRIBUCION TDB - 03,96.88,DESCRIPCION_SIMILAR_MISMA_UNIDAD,NO_FUSIONAR_AUTOMATICAMENTE,REVISAR_MANUALMENTE
APUCON-426af37fbd9231b7bd2d543c,APUCON-a9ab8a0ab52931192dd230fd,u,TABLERO 3F DISTRIBUCION TDB - 01,TABLERO 3F DISTRIBUCION TDB - 04,96.88,DESCRIPCION_SIMILAR_MISMA_UNIDAD,NO_FUSIONAR_AUTOMATICAMENTE,REVISAR_MANUALMENTE
APUCON-13fac6d65dadcc16196e4c60,APUCON-fa60a27758224b8ba1eb94a9,u,SUMINISTRO E INSTALACION DE UNION MECANICA 50mm,SUMINISTRO E INSTALACION DE UNION MECANICA 200mm,96.84,DESCRIPCION_SIMILAR_MISMA_UNIDAD,NO_FUSIONAR_AUTOMATICAMENTE,REVISAR_MANUALMENTE
APUCON-64c9b276ae83587c5af02a37,APUCON-ac38a927bd9465ec29162832,m,ALIMENTADOR AWG-THHN-CU: 3 NO.8 + 1 NO.10 + T NO.12,ALIMENTADOR AWG-THHN-CU: 3 NO.6 + 1 NO.8 + T NO.10,96.84,DESCRIPCION_SIMILAR_MISMA_UNIDAD,NO_FUSIONAR_AUTOMATICAMENTE,REVISAR_MANUALMENTE
APUCON-0ae07f56cfcbc938196a2b09,APUCON-43d9a0f3e438b186a5e31bfb,m,ALIMENTADOR AWG-THHN-CU: 2 NO.8 + 1 NO.10 + T NO.12,ALIMENTADOR AWG-THHN-CU: 2 NO.6 + 1 NO.8 + T NO.10,96.84,DESCRIPCION_SIMILAR_MISMA_UNIDAD,NO_FUSIONAR_AUTOMATICAMENTE,REVISAR_MANUALMENTE
APUCON-efc1b3a0c5b96cfb24cfa3b5,APUCON-fd7ffb91bd6cbfd39eadfc7a,u,SUMINISTRO E INSTALACION DE YEE DESAGUE EC 50mm,SUMINISTRO E INSTALACION DE YEE DESAGUE EC 110mm,96.84,DESCRIPCION_SIMILAR_MISMA_UNIDAD,NO_FUSIONAR_AUTOMATICAMENTE,REVISAR_MANUALMENTE
APUCON-4c9bc6e236790cb99b831e60,APUCON-fa60a27758224b8ba1eb94a9,u,SUMINISTRO E INSTALACION DE UNION MECANICA 90mm,SUMINISTRO E INSTALACION DE UNION MECANICA 200mm,96.84,DESCRIPCION_SIMILAR_MISMA_UNIDAD,NO_FUSIONAR_AUTOMATICAMENTE,REVISAR_MANUALMENTE
APUCON-1369820128c62304437e0b7e,APUCON-c609c04b48f7a8a36e60720d,u,"SUMINISTRO E INSTALACION DE CODO METALICO RIGIDO DE D=2"" (63mm) PARA SISTEMA ELECTRICO O COMUNICACIÓN","SUMINISTRO E INSTALACION DE CODO METALICO RIGIDO DE D=3"" (90mm) PARA SISTEMA ELECTRICO O COMUNICACION",96.84,DESCRIPCION_SIMILAR_MISMA_UNIDAD,NO_FUSIONAR_AUTOMATICAMENTE,REVISAR_MANUALMENTE
APUCON-b4ae47ba98d0d9177571ba17,APUCON-f85713f5f0426891a7bc8e62,u,"TABLERO DE DISTRIBUCION METALICO PARA ALIMENTAR A 5 MEDIDORES (INCL. BREAKER PRINCIPAL DE 150 AMP 2 POLOS, BARRAS DE COBRE, AISLADORES, SIN BASES SOCKET, 5 BREAKERS DE 50 AMP 2 POLOS, TOTALMENTE CABLEADO. SE CONECTARÁN LOS MEDIDORES EXISTENTES)","TABLERO DE DISTRIBUCION METALICO PARA ALIMENTAR A 8 MEDIDORES (INCL. BREAKER PRINCIPAL DE 200 AMP 2 POLOS, BARRA DE COBRE, AISLADORES, SIN BASES SOCKET - 8 BREAKS DE 50 AMP, 2 POLOS, TOTALMENTE CABLEADO. SE CONECTARA LOS MEDIDORES EXISTENTE)",96.79,DESCRIPCION_SIMILAR_MISMA_UNIDAD,NO_FUSIONAR_AUTOMATICAMENTE,REVISAR_MANUALMENTE
APUCON-ac38a927bd9465ec29162832,APUCON-fe312dd7f46115b2b5bb0d85,m,ALIMENTADOR AWG-THHN-CU: 3 NO.6 + 1 NO.8 + T NO.10,ALIMENTADOR AWG-THHN-CU: 3 NO.4 + 1 NO.6 + T NO.8,96.77,DESCRIPCION_SIMILAR_MISMA_UNIDAD,NO_FUSIONAR_AUTOMATICAMENTE,REVISAR_MANUALMENTE
APUCON-1772b885f1d4a25cc19238e3,APUCON-ce734993799fb2c5ea8ee140,u,SUMINISTRO E INSTALACION DE TEE PVC/UE D = 90 mm,SUMINISTRO E INSTALACION DE TEE PVC/UE D = 110 mm,96.77,DESCRIPCION_SIMILAR_MISMA_UNIDAD,NO_FUSIONAR_AUTOMATICAMENTE,REVISAR_MANUALMENTE
APUCON-24333dfaef89e53a2b64ed3b,APUCON-925bc7abd8d7bb43709a1529,m,INSTALACION DE TUBERIA PP UNION ROSCABLE DI=3/4 plg 1.25 MPA,INSTALACION DE TUBERIA PP UNION ROSCABLE DI=1 1/4 plg 1.25 MPA,96.72,DESCRIPCION_SIMILAR_MISMA_UNIDAD,NO_FUSIONAR_AUTOMATICAMENTE,REVISAR_MANUALMENTE
APUCON-2d994f5c50ee3ddfb58c3fd6,APUCON-399bfca6264b37595049cdf5,u,SUMINISTRO E INSTALACION DE VALVULA DE BOLA PVC D= 2 1/2 plg ROSCABLE,SUMINISTRO E INSTALACION DE VALVULA DE BOLA PVC D= 3/4 plg ROSCABLE,96.72,DESCRIPCION_SIMILAR_MISMA_UNIDAD,NO_FUSIONAR_AUTOMATICAMENTE,REVISAR_MANUALMENTE
APUCON-399bfca6264b37595049cdf5,APUCON-e6f5a004f52be30746ef6b42,u,SUMINISTRO E INSTALACION DE VALVULA DE BOLA PVC D= 3/4 plg ROSCABLE,SUMINISTRO E INSTALACION DE VALVULA DE BOLA PVC D= 1 1/2 plg ROSCABLE,96.72,DESCRIPCION_SIMILAR_MISMA_UNIDAD,NO_FUSIONAR_AUTOMATICAMENTE,REVISAR_MANUALMENTE
APUCON-3ec790c66776ef43dece6aba,APUCON-925bc7abd8d7bb43709a1529,m,INSTALACION DE TUBERIA PP UNION ROSCABLE DI=1/2 plg 1.25 MPA,INSTALACION DE TUBERIA PP UNION ROSCABLE DI=1 1/4 plg 1.25 MPA,96.72,DESCRIPCION_SIMILAR_MISMA_UNIDAD,NO_FUSIONAR_AUTOMATICAMENTE,REVISAR_MANUALMENTE
APUCON-b38f600dbcc478f8b2109a09,APUCON-e9259f705a8e34b9082a491a,u,SUMINISTRO E INSTALACION DE REDUCTOR ACERO ASTM A36 65 A 50mm,SUMINISTRO E INSTALACION DE REDUCTOR ACERO ASTM A36 50 A 40mm,96.72,DESCRIPCION_SIMILAR_MISMA_UNIDAD,NO_FUSIONAR_AUTOMATICAMENTE,REVISAR_MANUALMENTE
APUCON-6faf72af9166bdebc7fc3228,APUCON-efc1b3a0c5b96cfb24cfa3b5,u,SUMINISTRO E INSTALACION DE YEE REDUCTORA DE DESAGUE DE 110 A 50mm,SUMINISTRO E INSTALACION DE YEE DESAGUE EC 50mm,96.70,DESCRIPCION_SIMILAR_MISMA_UNIDAD,NO_FUSIONAR_AUTOMATICAMENTE,REVISAR_MANUALMENTE
APUCON-2beade4a29606dc1d29d85fa,APUCON-cc1025e114436d8b33f0fd51,m,SUMINISTRO DE TUBERIA PP UNION ROSCABLE DI=1 1/4 plg 1.25 MPA,SUMINISTRO DE TUBERIA PP UNION ROSCABLE DI=1/2 plg 1.25 MPA,96.67,DESCRIPCION_SIMILAR_MISMA_UNIDAD,NO_FUSIONAR_AUTOMATICAMENTE,REVISAR_MANUALMENTE
APUCON-26e53023dccd5972c2eda590,APUCON-448b4c04da2fe0f299767f50,u,TABLERO 3F DISTRIBUCION TPC-M2,TABLERO 3F DISTRIBUCION TPC-M1,96.67,DESCRIPCION_SIMILAR_MISMA_UNIDAD,NO_FUSIONAR_AUTOMATICAMENTE,REVISAR_MANUALMENTE
APUCON-24333dfaef89e53a2b64ed3b,APUCON-3ec790c66776ef43dece6aba,m,INSTALACION DE TUBERIA PP UNION ROSCABLE DI=3/4 plg 1.25 MPA,INSTALACION DE TUBERIA PP UNION ROSCABLE DI=1/2 plg 1.25 MPA,96.67,DESCRIPCION_SIMILAR_MISMA_UNIDAD,NO_FUSIONAR_AUTOMATICAMENTE,REVISAR_MANUALMENTE
APUCON-2041fc5e8a979b56cc23608e,APUCON-a5ed616d51fda41d4bb2ed0e,u,COLGADOR PARA TUBERIA 1 1/2 IN,COLGADOR PARA TUBERIA 2 1/2 IN,96.67,DESCRIPCION_SIMILAR_MISMA_UNIDAD,NO_FUSIONAR_AUTOMATICAMENTE,REVISAR_MANUALMENTE
APUCON-2041fc5e8a979b56cc23608e,APUCON-4878d2a0aeb920d9b93b8c41,u,COLGADOR PARA TUBERIA 1 1/2 IN,COLGADOR PARA TUBERIA 1 1/4 IN,96.67,DESCRIPCION_SIMILAR_MISMA_UNIDAD,NO_FUSIONAR_AUTOMATICAMENTE,REVISAR_MANUALMENTE
APUCON-13b4fe9a249c46fefb7805d5,APUCON-13f8de3d257b717bbad205e7,u,SUMINISTRO E INSTALACION DE VALVULA COMPUERTA VASTAGO FIJO EXTREMOS BRIDADOS D=200mm PN10,SUMINISTRO E INSTALACION DE VALVULA COMPUERTA VASTAGO FIJO EXTREMOS BRIDADOS D=80mm PN10/16,96.67,DESCRIPCION_SIMILAR_MISMA_UNIDAD,NO_FUSIONAR_AUTOMATICAMENTE,REVISAR_MANUALMENTE
APUCON-2beade4a29606dc1d29d85fa,APUCON-695ac0d47bcb63612b181583,m,SUMINISTRO DE TUBERIA PP UNION ROSCABLE DI=1 1/4 plg 1.25 MPA,SUMINISTRO DE TUBERIA PP UNION ROSCABLE DI=3/4 plg 1.25 MPA,96.67,DESCRIPCION_SIMILAR_MISMA_UNIDAD,NO_FUSIONAR_AUTOMATICAMENTE,REVISAR_MANUALMENTE
APUCON-05499195d3a3981178df4bb0,APUCON-13b4fe9a249c46fefb7805d5,u,SUMINISTRO E INSTALACION DE VALVULA COMPUERTA VASTAGO FIJO EXTREMOS BRIDADOS D=50mm PN10/16,SUMINISTRO E INSTALACION DE VALVULA COMPUERTA VASTAGO FIJO EXTREMOS BRIDADOS D=200mm PN10,96.67,DESCRIPCION_SIMILAR_MISMA_UNIDAD,NO_FUSIONAR_AUTOMATICAMENTE,REVISAR_MANUALMENTE
APUCON-09b714fe48add3b8bdfdefdd,APUCON-6f1c7a345037eb999e71bc9d,m,"CANALIZACION 4 x 4"" PVC PESADO + 3x 4"" MET. RIGIDO","CANALIZACION 4 x 4"" PVC PESADO + 4x4"" MET. RIGIDO",96.63,DESCRIPCION_SIMILAR_MISMA_UNIDAD,NO_FUSIONAR_AUTOMATICAMENTE,REVISAR_MANUALMENTE
APUCON-09b714fe48add3b8bdfdefdd,APUCON-d9fbc86c67a5b5d28d046fe1,m,"CANALIZACION 4 x 4"" PVC PESADO + 3x 4"" MET. RIGIDO","CANALIZACION 4 x 4"" PVC PESADO + 2x4"" MET. RIGIDO",96.63,DESCRIPCION_SIMILAR_MISMA_UNIDAD,NO_FUSIONAR_AUTOMATICAMENTE,REVISAR_MANUALMENTE
APUCON-695ac0d47bcb63612b181583,APUCON-cc1025e114436d8b33f0fd51,m,SUMINISTRO DE TUBERIA PP UNION ROSCABLE DI=3/4 plg 1.25 MPA,SUMINISTRO DE TUBERIA PP UNION ROSCABLE DI=1/2 plg 1.25 MPA,96.61,DESCRIPCION_SIMILAR_MISMA_UNIDAD,NO_FUSIONAR_AUTOMATICAMENTE,REVISAR_MANUALMENTE
APUCON-1f312d538ee3dab30dd46e8f,APUCON-23ef73abc5fcff9e42a5acf6,u,PROVISION E INSTALACION DE SEÑAL VERTICAL INFORMATIVA O REGLAMENTARIA DE ALUMINIO DE 2mm CON VYNIL REFLECTIVO DE GRADO XI NORMA ASTM D4956 E IMPRESIÓN DIGITAL (INCL. ELEMENTO DE SUJECCION Y ESTRUCTURA Y SOPORTE 60x60 (PROHIBIDO ESTACIONAR),PROVISION E INSTALACION DE SEÑAL VERTICAL INFORMATIVA O REGLAMENTARIA DE ALUMINIO DE 2mm CON VYNIL REFLECTIVO DE GRADO XI NORMA ASTM D4956 E IMPRESIÓN DIGITAL (INCL. ELEMENTOS DE SUJECCION Y ESTRUCTURA Y SOPORTE 60x60 (ESTACIONAR SOLO MOTO),96.60,DESCRIPCION_SIMILAR_MISMA_UNIDAD,NO_FUSIONAR_AUTOMATICAMENTE,REVISAR_MANUALMENTE
APUCON-86c9c4aa617b75dfa4de89d0,APUCON-b4a82813afda6bf07f4e82b2,u,SUMINISTRO E INSTALACION DE CODO ACERO ASTM A36 D = 40mmX90',SUMINISTRO E INSTALACION DE CODO ACERO ASTM A36 D= 65mmX90',96.55,DESCRIPCION_SIMILAR_MISMA_UNIDAD,NO_FUSIONAR_AUTOMATICAMENTE,REVISAR_MANUALMENTE
APUCON-56922edc7882648267519ca4,APUCON-d17752ee683fc13dd01e640c,m,SUMINISTRO E INSTALACION DE TUBERIA ACERO ASTM A36 D=150 mm,SUMINISTRO E INSTALACION DE TUBERIA ACERO ASTM A36 D=40mm,96.55,DESCRIPCION_SIMILAR_MISMA_UNIDAD,NO_FUSIONAR_AUTOMATICAMENTE,REVISAR_MANUALMENTE
APUCON-09b714fe48add3b8bdfdefdd,APUCON-f696a74540c5fbf61c5347c4,m,"CANALIZACION 4 x 4"" PVC PESADO + 3x 4"" MET. RIGIDO","CANALIZACION 2 x 4"" MET. RIGIDO",96.55,DESCRIPCION_SIMILAR_MISMA_UNIDAD,NO_FUSIONAR_AUTOMATICAMENTE,REVISAR_MANUALMENTE
APUCON-24333dfaef89e53a2b64ed3b,APUCON-6686e211d47a21769f68adf7,m,INSTALACION DE TUBERIA PP UNION ROSCABLE DI=3/4 plg 1.25 MPA,INSTALACION DE TUBERIA PP UNION ROSCABLE DI=2 1/2 plg 1.25 MPA,96.55,DESCRIPCION_SIMILAR_MISMA_UNIDAD,NO_FUSIONAR_AUTOMATICAMENTE,REVISAR_MANUALMENTE
APUCON-24333dfaef89e53a2b64ed3b,APUCON-ae72aa79521a5ccce203be96,m,INSTALACION DE TUBERIA PP UNION ROSCABLE DI=3/4 plg 1.25 MPA,INSTALACION DE TUBERIA PP UNION ROSCABLE DI=1 1/2 plg 1.25 MPA,96.55,DESCRIPCION_SIMILAR_MISMA_UNIDAD,NO_FUSIONAR_AUTOMATICAMENTE,REVISAR_MANUALMENTE
APUCON-d9fbc86c67a5b5d28d046fe1,APUCON-f696a74540c5fbf61c5347c4,m,"CANALIZACION 4 x 4"" PVC PESADO + 2x4"" MET. RIGIDO","CANALIZACION 2 x 4"" MET. RIGIDO",96.55,DESCRIPCION_SIMILAR_MISMA_UNIDAD,NO_FUSIONAR_AUTOMATICAMENTE,REVISAR_MANUALMENTE
APUCON-313cc3d8f948d059443ff2bf,APUCON-d17752ee683fc13dd01e640c,m,SUMINISTRO E INSTALACION DE TUBERIA ACERO ASTM A36 D=100 mm,SUMINISTRO E INSTALACION DE TUBERIA ACERO ASTM A36 D=40mm,96.55,DESCRIPCION_SIMILAR_MISMA_UNIDAD,NO_FUSIONAR_AUTOMATICAMENTE,REVISAR_MANUALMENTE
APUCON-6f1c7a345037eb999e71bc9d,APUCON-f696a74540c5fbf61c5347c4,m,"CANALIZACION 4 x 4"" PVC PESADO + 4x4"" MET. RIGIDO","CANALIZACION 2 x 4"" MET. RIGIDO",96.55,DESCRIPCION_SIMILAR_MISMA_UNIDAD,NO_FUSIONAR_AUTOMATICAMENTE,REVISAR_MANUALMENTE
APUCON-69177fa4859fa35b57c6f113,APUCON-893dd4db0a30303a59b51516,u,PROVISION E INSTALACION DE SEÑAL VERTICAL INFORMATIVA O REGLAMENTARIA DE ALUMINIO DE 2mm CON VYNIL REFLECTIVO DE GRADO XI NORMA ASTM D4956 E IMPRESIÓN DIGITAL (INCL. ELEMENTO DE SUJECCION Y ESTRUCTURA Y SOPORTE 90x30) (DOBLE VIA Y OTROS)),PROVISION E INSTALACION DE SEÑAL VERTICAL INFORMATIVA O REGLAMENTARIA DE ALUMINIO DE 2mm CON VYNIL REFLECTIVO DE GRADO XI NORMA ASTM D4956 E IMPRESIÓN DIGITAL (INCL. ELEMENTOS DE SUJECCION Y ESTRUCTURA Y SOPORTE 90x30 (UNA VIA)),96.52,DESCRIPCION_SIMILAR_MISMA_UNIDAD,NO_FUSIONAR_AUTOMATICAMENTE,REVISAR_MANUALMENTE
APUCON-893dd4db0a30303a59b51516,APUCON-d9344ab812c86efb6d29fe36,u,PROVISION E INSTALACION DE SEÑAL VERTICAL INFORMATIVA O REGLAMENTARIA DE ALUMINIO DE 2mm CON VYNIL REFLECTIVO DE GRADO XI NORMA ASTM D4956 E IMPRESIÓN DIGITAL (INCL. ELEMENTOS DE SUJECCION Y ESTRUCTURA Y SOPORTE 90x30 (UNA VIA)),PROVISION E INSTALACION DE SEÑAL VERTICAL INFORMATIVA O REGLAMENTARIA DE ALUMINIO DE 2mm CON VYNIL REFLECTIVO DE GRADO XI NORMA ASTM D4956 E IMPRESIÓN DIGITAL (INCL. ELEMENTOS DE SUJECCION Y ESTRUCTURA Y SOPORTE 60x60 (DISCO PARE),96.52,DESCRIPCION_SIMILAR_MISMA_UNIDAD,NO_FUSIONAR_AUTOMATICAMENTE,REVISAR_MANUALMENTE
APUCON-1e7bf01700461deeebcbbda4,APUCON-893dd4db0a30303a59b51516,u,PROVISION E INSTALACION DE SEÑAL VERTICAL INFORMATIVA O REGLAMENTARIA DE ALUMINIO DE 2mm CON VYNIL REFLECTIVO DE GRADO XI NORMA ASTM D4956 E IMPRESIÓN DIGITAL (INCL. ELEMENTOS DE SUJECCION Y ESTRUCTURA Y SOPORTE 60x60 (PERMITIDO ESTACIONAR),PROVISION E INSTALACION DE SEÑAL VERTICAL INFORMATIVA O REGLAMENTARIA DE ALUMINIO DE 2mm CON VYNIL REFLECTIVO DE GRADO XI NORMA ASTM D4956 E IMPRESIÓN DIGITAL (INCL. ELEMENTOS DE SUJECCION Y ESTRUCTURA Y SOPORTE 90x30 (UNA VIA)),96.52,DESCRIPCION_SIMILAR_MISMA_UNIDAD,NO_FUSIONAR_AUTOMATICAMENTE,REVISAR_MANUALMENTE
APUCON-893dd4db0a30303a59b51516,APUCON-dcc4d0d373c1c60eea760b0e,u,PROVISION E INSTALACION DE SEÑAL VERTICAL INFORMATIVA O REGLAMENTARIA DE ALUMINIO DE 2mm CON VYNIL REFLECTIVO DE GRADO XI NORMA ASTM D4956 E IMPRESIÓN DIGITAL (INCL. ELEMENTOS DE SUJECCION Y ESTRUCTURA Y SOPORTE 90x30 (UNA VIA)),"PROVISION E INSTALACION DE SEÑAL VERTICAL INFORMATIVA O REGLAMENTARIA DE ALUMINIO DE 2mm CON VYNIL REFLECTIVO DE GRADO XI NORMA ASTM D4956 E IMPRESIÓN DIGITAL (INCL. ELEMENTOS DE SUJECCION, ESTRUCTURA Y SOPORTE (PROXIMIDAD DE CRUCE DE CICLOVIA))",96.52,DESCRIPCION_SIMILAR_MISMA_UNIDAD,NO_FUSIONAR_AUTOMATICAMENTE,REVISAR_MANUALMENTE
APUCON-443cbba2e46fbac430ab42a7,APUCON-893dd4db0a30303a59b51516,u,PROVISION E INSTALACION DE SEÑAL VERTICAL INFORMATIVA O REGLAMENTARIA DE ALUMINIO DE 2mm CON VYNIL REFLECTIVO DE GRADO XI NORMA ASTM D4956 E IMPRESIÓN DIGITAL (INCL. ELEMENTOS DE SUJECCION Y ESTRUCTURA Y SOPORTE 60x60 (NO ENTRE)),PROVISION E INSTALACION DE SEÑAL VERTICAL INFORMATIVA O REGLAMENTARIA DE ALUMINIO DE 2mm CON VYNIL REFLECTIVO DE GRADO XI NORMA ASTM D4956 E IMPRESIÓN DIGITAL (INCL. ELEMENTOS DE SUJECCION Y ESTRUCTURA Y SOPORTE 90x30 (UNA VIA)),96.52,DESCRIPCION_SIMILAR_MISMA_UNIDAD,NO_FUSIONAR_AUTOMATICAMENTE,REVISAR_MANUALMENTE
APUCON-6b04e8e6dd6bcedfae30234f,APUCON-893dd4db0a30303a59b51516,u,PROVISION E INSTALACION DE SEÑAL VERTICAL INFORMATIVA O REGLAMENTARIA DE ALUMINIO DE 2mm CON VYNIL REFLECTIVO DE GRADO XI NORMA ASTM D4956 E IMPRESIÓN DIGITAL (INCL. ELEMENTOS DE SUJECCION Y ESTRUCTURA Y SOPORTE 60x60 (SOLO BICICLETAS)),PROVISION E INSTALACION DE SEÑAL VERTICAL INFORMATIVA O REGLAMENTARIA DE ALUMINIO DE 2mm CON VYNIL REFLECTIVO DE GRADO XI NORMA ASTM D4956 E IMPRESIÓN DIGITAL (INCL. ELEMENTOS DE SUJECCION Y ESTRUCTURA Y SOPORTE 90x30 (UNA VIA)),96.52,DESCRIPCION_SIMILAR_MISMA_UNIDAD,NO_FUSIONAR_AUTOMATICAMENTE,REVISAR_MANUALMENTE
APUCON-5ad93d54a031f35325f9e70e,APUCON-e4e5fd2c0352e7c44b10277a,u,"SUMINISTRO E INSTALACION DE VALVULA CHECK ROSCADA PVC D=3/4""","SUMINISTRO E INSTALACION DE VALVULA CHECK ROSCADA PVC D=1 1/2""",96.49,DESCRIPCION_SIMILAR_MISMA_UNIDAD,NO_FUSIONAR_AUTOMATICAMENTE,REVISAR_MANUALMENTE
APUCON-695ac0d47bcb63612b181583,APUCON-a9e7330ee6c4f153dfb41dca,m,SUMINISTRO DE TUBERIA PP UNION ROSCABLE DI=3/4 plg 1.25 MPA,SUMINISTRO DE TUBERIA PP UNION ROSCABLE DI=1 1/2 plg 1.25 MPA,96.49,DESCRIPCION_SIMILAR_MISMA_UNIDAD,NO_FUSIONAR_AUTOMATICAMENTE,REVISAR_MANUALMENTE
APUCON-313cc3d8f948d059443ff2bf,APUCON-8f23ae89e7de711853579172,m,SUMINISTRO E INSTALACION DE TUBERIA ACERO ASTM A36 D=100 mm,SUMINISTRO E INSTALACION DE TUBERIA ACERO PERFORADA ASTM A36 D=150 mm,96.49,DESCRIPCION_SIMILAR_MISMA_UNIDAD,NO_FUSIONAR_AUTOMATICAMENTE,REVISAR_MANUALMENTE
APUCON-7890affda41d88f521415211,APUCON-8a4067c08d3384c78284dfa9,u,SUMINISTRO E INSTALACION DE CODO 45' PP 2 1/2 IN ROSCABLE,SUMINISTRO E INSTALACION DE CODO 90' PP 2 1/2 IN ROSCABLE,96.49,DESCRIPCION_SIMILAR_MISMA_UNIDAD,NO_FUSIONAR_AUTOMATICAMENTE,REVISAR_MANUALMENTE
APUCON-22601d268d97ff5bf7c81d6c,APUCON-695ac0d47bcb63612b181583,m,SUMINISTRO DE TUBERIA PP UNION ROSCABLE DI=2 1/2 plg 1.25 MPA,SUMINISTRO DE TUBERIA PP UNION ROSCABLE DI=3/4 plg 1.25 MPA,96.49,DESCRIPCION_SIMILAR_MISMA_UNIDAD,NO_FUSIONAR_AUTOMATICAMENTE,REVISAR_MANUALMENTE
APUCON-09b714fe48add3b8bdfdefdd,APUCON-9334bd606fc98b8fb6942bd0,m,"CANALIZACION 4 x 4"" PVC PESADO + 3x 4"" MET. RIGIDO","CANALIZACION 2 x 4"" PVC PESADO + 2x4"" MET. RIGIDO",96.47,DESCRIPCION_SIMILAR_MISMA_UNIDAD,NO_FUSIONAR_AUTOMATICAMENTE,REVISAR_MANUALMENTE
APUCON-8fc2717fef807b68f9239b12,APUCON-d0974d855b616cfe84759e8f,u,PUERTA DE MADERA (0.70x2.20)m,PUERTA DE MADERA (0.80x2.20)m,96.43,DESCRIPCION_SIMILAR_MISMA_UNIDAD,NO_FUSIONAR_AUTOMATICAMENTE,REVISAR_MANUALMENTE
APUCON-69b217dae3e6adb33837e9b1,APUCON-7ce70b3938013af9ae6764af,u,SUMINISTRO E INSTALACION DE CODO 90' PP 1 1/4 IN ROSCABLE,SUMINISTRO E INSTALACION DE CODO 90' PP 3/4 IN ROSCABLE,96.43,DESCRIPCION_SIMILAR_MISMA_UNIDAD,NO_FUSIONAR_AUTOMATICAMENTE,REVISAR_MANUALMENTE
APUCON-69b217dae3e6adb33837e9b1,APUCON-9e3347c533ef6134e4b07710,u,SUMINISTRO E INSTALACION DE CODO 90' PP 1 1/4 IN ROSCABLE,SUMINISTRO E INSTALACION DE CODO 90' PP 1/2 IN ROSCABLE,96.43,DESCRIPCION_SIMILAR_MISMA_UNIDAD,NO_FUSIONAR_AUTOMATICAMENTE,REVISAR_MANUALMENTE
APUCON-34c5c1795bfd1809fef3f24d,APUCON-f96a82bc11e18346a1a29632,u,PANEL 3F DISTRIBUCION PSG-M2,PANEL 3F DISTRIBUCION PSG-M1,96.43,DESCRIPCION_SIMILAR_MISMA_UNIDAD,NO_FUSIONAR_AUTOMATICAMENTE,REVISAR_MANUALMENTE
APUCON-aaf0fbdc301808a09715a834,APUCON-bf4342c752a3d4c03dad693b,u,SUMINISTRO E INSTALACION DE CODO 22.5' PP 3/4 IN ROSCABLE,SUMINISTRO E INSTALACION DE CODO 45' PP 3/4 IN ROSCABLE,96.43,DESCRIPCION_SIMILAR_MISMA_UNIDAD,NO_FUSIONAR_AUTOMATICAMENTE,REVISAR_MANUALMENTE
APUCON-541d40c79c4a9fd19ef22dbb,APUCON-6c9fb49981d4d667865bfaa3,u,PUERTA DE MADERA (0.70x1.00) m,PUERTA DE MADERA (0.80x1.00)m,96.43,DESCRIPCION_SIMILAR_MISMA_UNIDAD,NO_FUSIONAR_AUTOMATICAMENTE,REVISAR_MANUALMENTE
APUCON-6d66e705814fe068a368b5e4,APUCON-ec95f51f37e7350df5adf4dd,u,SUMINISTRO E INSTALACION DE CODO VENTILACION EC 50mmX90',SUMINISTRO E INSTALACION DE CODO VENTILACION EC 50mmX45',96.43,DESCRIPCION_SIMILAR_MISMA_UNIDAD,NO_FUSIONAR_AUTOMATICAMENTE,REVISAR_MANUALMENTE
APUCON-ae752b87c39917f29f3aa691,APUCON-fa19a4bf8fbac1228b8377dc,m3,HORMIGON PREMEZCLADO F´C=180 Kg/cm2PARA REPLANTILLO INCLUYE ENCOFRADO,HORMIGON PREMEZCLADO F'C=180 Kg/cm2 PARA REPLANTILLO INCLUYE ENCOFRADO,96.40,DESCRIPCION_SIMILAR_MISMA_UNIDAD,NO_FUSIONAR_AUTOMATICAMENTE,REVISAR_MANUALMENTE
APUCON-2a3d7b0648e51fcf22a6de63,APUCON-48abf190faa66a87e20c5f7a,u,SUMINISTRO E INSTALACION DE BRIDA DE ACERO AL CARBONO ASTM A-105 DN 65mm,SUMINISTRO E INSTALACION DE BRIDA DE ACERO AL CARBONO ASTM A-105 DN 200mm,96.40,DESCRIPCION_SIMILAR_MISMA_UNIDAD,NO_FUSIONAR_AUTOMATICAMENTE,REVISAR_MANUALMENTE
APUCON-7ce70b3938013af9ae6764af,APUCON-9e3347c533ef6134e4b07710,u,SUMINISTRO E INSTALACION DE CODO 90' PP 3/4 IN ROSCABLE,SUMINISTRO E INSTALACION DE CODO 90' PP 1/2 IN ROSCABLE,96.36,DESCRIPCION_SIMILAR_MISMA_UNIDAD,NO_FUSIONAR_AUTOMATICAMENTE,REVISAR_MANUALMENTE
APUCON-7ce70b3938013af9ae6764af,APUCON-bf4342c752a3d4c03dad693b,u,SUMINISTRO E INSTALACION DE CODO 90' PP 3/4 IN ROSCABLE,SUMINISTRO E INSTALACION DE CODO 45' PP 3/4 IN ROSCABLE,96.36,DESCRIPCION_SIMILAR_MISMA_UNIDAD,NO_FUSIONAR_AUTOMATICAMENTE,REVISAR_MANUALMENTE
APUCON-92dbd80c5f2573b7ebe60d87,APUCON-c609c04b48f7a8a36e60720d,u,"SUMINISTRO E INSTALACION DE CODO METALICO RIGIDO DE D=4"" (110mm) PARA SISTEMA ELECTRICO O COMUNICACION","SUMINISTRO E INSTALACION DE CODO METALICO RIGIDO DE D=3"" (90mm) PARA SISTEMA ELECTRICO O COMUNICACION",96.34,DESCRIPCION_SIMILAR_MISMA_UNIDAD,NO_FUSIONAR_AUTOMATICAMENTE,REVISAR_MANUALMENTE
APUCON-4b8c3f807d35d2f9fd9b05a9,APUCON-afbf2a16545fcf3ad78f583b,u,"SUMINISTRO E INSTALACION DE PASAMURO PARA TUBERIA DE H.F. 75mm, L=0.40m","SUMINISTRO E INSTALACION DE PASAMURO PARA TUBERIA DE H.F. 100mm, L=0.40m",96.30,DESCRIPCION_SIMILAR_MISMA_UNIDAD,NO_FUSIONAR_AUTOMATICAMENTE,REVISAR_MANUALMENTE
APUCON-39077a68437bbf4d3583cc4b,APUCON-a6ac924426ec8f06e7351180,u,"SUMINISTRO E INSTALACION DE PASAMURO PARA TUBERIA DE H.F. 150mm, L=0.40m","SUMINISTRO E INSTALACION DE PASAMURO PARA TUBERIA DE H.F. 25mm, L=0.30m",96.30,DESCRIPCION_SIMILAR_MISMA_UNIDAD,NO_FUSIONAR_AUTOMATICAMENTE,REVISAR_MANUALMENTE
APUCON-50838d66713df5fb626d4e42,APUCON-a6ac924426ec8f06e7351180,u,"SUMINISTRO E INSTALACION DE PASAMURO PARA TUBERIA DE H.F. 200mm, L=0.40m","SUMINISTRO E INSTALACION DE PASAMURO PARA TUBERIA DE H.F. 25mm, L=0.30m",96.30,DESCRIPCION_SIMILAR_MISMA_UNIDAD,NO_FUSIONAR_AUTOMATICAMENTE,REVISAR_MANUALMENTE
APUCON-8d1faf21b93e91aa29908ed4,APUCON-ee4135f438207410a5ef1dc9,u,"ABRAZADERA GALVANIZADA DE 1""","ABRAZADERA GALVANIZADA DE 2""",96.30,DESCRIPCION_SIMILAR_MISMA_UNIDAD,NO_FUSIONAR_AUTOMATICAMENTE,REVISAR_MANUALMENTE
APUCON-602da209ffe7fa9bd4f14b14,APUCON-aa548ccb0dacd672757df992,u,COLGADOR PARA TUBERIA 1/2 IN,COLGADOR PARA TUBERIA 2 IN,96.30,DESCRIPCION_SIMILAR_MISMA_UNIDAD,NO_FUSIONAR_AUTOMATICAMENTE,REVISAR_MANUALMENTE
APUCON-3e3fe58b614dbec61642060c,APUCON-e3b8b84ebc235c872530dfe4,u,COLGADOR PARA TUBERIA 4 IN,COLGADOR PARA TUBERIA 3/4 IN,96.30,DESCRIPCION_SIMILAR_MISMA_UNIDAD,NO_FUSIONAR_AUTOMATICAMENTE,REVISAR_MANUALMENTE
APUCON-6c34de75d2ee5910c6c87661,APUCON-d0bfaec19b4f01d94cee7af6,u,SUMINISTRO E INSTALACION DE CODO 22.5' PP 2 IN ROSCABLE,SUMINISTRO E INSTALACION DE CODO 45' PP 2 IN ROSCABLE,96.30,DESCRIPCION_SIMILAR_MISMA_UNIDAD,NO_FUSIONAR_AUTOMATICAMENTE,REVISAR_MANUALMENTE
APUCON-602da209ffe7fa9bd4f14b14,APUCON-96e0bc2b3fcad4279291fa17,u,COLGADOR PARA TUBERIA 1/2 IN,COLGADOR PARA TUBERIA 1 IN,96.30,DESCRIPCION_SIMILAR_MISMA_UNIDAD,NO_FUSIONAR_AUTOMATICAMENTE,REVISAR_MANUALMENTE
APUCON-57328681645c5853c924247c,APUCON-faf1657bdd7a3c4067932871,u,PUERTA METALICA (0.60x2.20)m,PUERTA METALICA (0.80x2.20)m,96.30,DESCRIPCION_SIMILAR_MISMA_UNIDAD,NO_FUSIONAR_AUTOMATICAMENTE,REVISAR_MANUALMENTE
APUCON-6ea00956b6ba9f896cc34ffc,APUCON-faf1657bdd7a3c4067932871,u,PUERTA METALICA (0.90x2.20)m,PUERTA METALICA (0.80x2.20)m,96.30,DESCRIPCION_SIMILAR_MISMA_UNIDAD,NO_FUSIONAR_AUTOMATICAMENTE,REVISAR_MANUALMENTE
APUCON-4a6d76ac2561697edcdff980,APUCON-cdd36b4bb2916d73c62a534e,u,PUERTA METALICA (0.90x2.10)m,PUERTA METALICA (0.80x2.10) m,96.30,DESCRIPCION_SIMILAR_MISMA_UNIDAD,NO_FUSIONAR_AUTOMATICAMENTE,REVISAR_MANUALMENTE
APUCON-1e5deef68ae6958821909c2d,APUCON-c6edaf19597196adcaad70ae,u,SALIDA DE ILUMINACION 220 V,SALIDA DE ILUMINACION 120 V,96.30,DESCRIPCION_SIMILAR_MISMA_UNIDAD,NO_FUSIONAR_AUTOMATICAMENTE,REVISAR_MANUALMENTE
APUCON-4b8c3f807d35d2f9fd9b05a9,APUCON-50838d66713df5fb626d4e42,u,"SUMINISTRO E INSTALACION DE PASAMURO PARA TUBERIA DE H.F. 75mm, L=0.40m","SUMINISTRO E INSTALACION DE PASAMURO PARA TUBERIA DE H.F. 200mm, L=0.40m",96.30,DESCRIPCION_SIMILAR_MISMA_UNIDAD,NO_FUSIONAR_AUTOMATICAMENTE,REVISAR_MANUALMENTE
APUCON-298a91cf6b5685f477af87bd,APUCON-a8d724fc7193f204c3cfeecc,u,TABLERO 3F DISTRIBUCION TM2,TABLERO 3F DISTRIBUCION TM1,96.30,DESCRIPCION_SIMILAR_MISMA_UNIDAD,NO_FUSIONAR_AUTOMATICAMENTE,REVISAR_MANUALMENTE
APUCON-5285da4e2fc45ed9f8047422,APUCON-d58b9a2262b6d24a76c67c89,m,INSTALACION DE TUBERIA PVC LISA DI=50 mm,INSTALACION DE TUBERIA PVC LISA DI=110 mm,96.30,DESCRIPCION_SIMILAR_MISMA_UNIDAD,NO_FUSIONAR_AUTOMATICAMENTE,REVISAR_MANUALMENTE
APUCON-4a6d76ac2561697edcdff980,APUCON-6ea00956b6ba9f896cc34ffc,u,PUERTA METALICA (0.90x2.10)m,PUERTA METALICA (0.90x2.20)m,96.30,DESCRIPCION_SIMILAR_MISMA_UNIDAD,NO_FUSIONAR_AUTOMATICAMENTE,REVISAR_MANUALMENTE
APUCON-57328681645c5853c924247c,APUCON-6ea00956b6ba9f896cc34ffc,u,PUERTA METALICA (0.60x2.20)m,PUERTA METALICA (0.90x2.20)m,96.30,DESCRIPCION_SIMILAR_MISMA_UNIDAD,NO_FUSIONAR_AUTOMATICAMENTE,REVISAR_MANUALMENTE
APUCON-cdd36b4bb2916d73c62a534e,APUCON-faf1657bdd7a3c4067932871,u,PUERTA METALICA (0.80x2.10) m,PUERTA METALICA (0.80x2.20)m,96.30,DESCRIPCION_SIMILAR_MISMA_UNIDAD,NO_FUSIONAR_AUTOMATICAMENTE,REVISAR_MANUALMENTE
APUCON-443cbba2e46fbac430ab42a7,APUCON-dcc4d0d373c1c60eea760b0e,u,PROVISION E INSTALACION DE SEÑAL VERTICAL INFORMATIVA O REGLAMENTARIA DE ALUMINIO DE 2mm CON VYNIL REFLECTIVO DE GRADO XI NORMA ASTM D4956 E IMPRESIÓN DIGITAL (INCL. ELEMENTOS DE SUJECCION Y ESTRUCTURA Y SOPORTE 60x60 (NO ENTRE)),"PROVISION E INSTALACION DE SEÑAL VERTICAL INFORMATIVA O REGLAMENTARIA DE ALUMINIO DE 2mm CON VYNIL REFLECTIVO DE GRADO XI NORMA ASTM D4956 E IMPRESIÓN DIGITAL (INCL. ELEMENTOS DE SUJECCION, ESTRUCTURA Y SOPORTE (PROXIMIDAD DE CRUCE DE CICLOVIA))",96.28,DESCRIPCION_SIMILAR_MISMA_UNIDAD,NO_FUSIONAR_AUTOMATICAMENTE,REVISAR_MANUALMENTE
APUCON-0cec0dfc1e47499212e51bb8,APUCON-c10254fdbbee8937cff2ddcf,u,"SUMINISTRO E INSTALACION DE CODO PVC D=75mm / TIPO PESADO DE RADIO LARGO PARA SISTEMA ELECTRICO, SEMAFORIZACION O COMUNICACIÓN","SUMINISTRO E INSTALACION CODO DE PVC D= 2"" (63mm) / TIPO PESADO RADIO LARGO PARA SISTEMA DE COMUNICACIÓN",96.26,DESCRIPCION_SIMILAR_MISMA_UNIDAD,NO_FUSIONAR_AUTOMATICAMENTE,REVISAR_MANUALMENTE
APUCON-3e71f731d56477840ac9c5f6,APUCON-e6345e04cbb8f8fd06cba3e3,u,SUMINISTRO E INSTALACION DE CODO DESAGUE CC 160mmX90',SUMINISTRO E INSTALACION DE CODO DESAGUE CC 220mmX90',96.23,DESCRIPCION_SIMILAR_MISMA_UNIDAD,NO_FUSIONAR_AUTOMATICAMENTE,REVISAR_MANUALMENTE
APUCON-14c8ff0490bcb7c0176abd25,APUCON-d0bfaec19b4f01d94cee7af6,u,SUMINISTRO E INSTALACION DE CODO 90' PP 2 IN ROSCABLE,SUMINISTRO E INSTALACION DE CODO 45' PP 2 IN ROSCABLE,96.23,DESCRIPCION_SIMILAR_MISMA_UNIDAD,NO_FUSIONAR_AUTOMATICAMENTE,REVISAR_MANUALMENTE
APUCON-7890affda41d88f521415211,APUCON-bf4342c752a3d4c03dad693b,u,SUMINISTRO E INSTALACION DE CODO 45' PP 2 1/2 IN ROSCABLE,SUMINISTRO E INSTALACION DE CODO 45' PP 3/4 IN ROSCABLE,96.23,DESCRIPCION_SIMILAR_MISMA_UNIDAD,NO_FUSIONAR_AUTOMATICAMENTE,REVISAR_MANUALMENTE
APUCON-7890affda41d88f521415211,APUCON-9e3347c533ef6134e4b07710,u,SUMINISTRO E INSTALACION DE CODO 45' PP 2 1/2 IN ROSCABLE,SUMINISTRO E INSTALACION DE CODO 90' PP 1/2 IN ROSCABLE,96.23,DESCRIPCION_SIMILAR_MISMA_UNIDAD,NO_FUSIONAR_AUTOMATICAMENTE,REVISAR_MANUALMENTE
APUCON-3e71f731d56477840ac9c5f6,APUCON-fe6ca088e0327be13ab2e111,u,SUMINISTRO E INSTALACION DE CODO DESAGUE CC 160mmX90',SUMINISTRO E INSTALACION DE CODO DESAGUE EC 110mmX90',96.23,DESCRIPCION_SIMILAR_MISMA_UNIDAD,NO_FUSIONAR_AUTOMATICAMENTE,REVISAR_MANUALMENTE
APUCON-67ae838aec082ae9060f2566,APUCON-fe6ca088e0327be13ab2e111,u,SUMINISTRO E INSTALACION DE CODO DESAGUE EC 110mmX45',SUMINISTRO E INSTALACION DE CODO DESAGUE EC 110mmX90',96.23,DESCRIPCION_SIMILAR_MISMA_UNIDAD,NO_FUSIONAR_AUTOMATICAMENTE,REVISAR_MANUALMENTE
APUCON-7ce70b3938013af9ae6764af,APUCON-aaf0fbdc301808a09715a834,u,SUMINISTRO E INSTALACION DE CODO 90' PP 3/4 IN ROSCABLE,SUMINISTRO E INSTALACION DE CODO 22.5' PP 3/4 IN ROSCABLE,96.23,DESCRIPCION_SIMILAR_MISMA_UNIDAD,NO_FUSIONAR_AUTOMATICAMENTE,REVISAR_MANUALMENTE
APUCON-d6526a0f2df431826e635032,APUCON-fa226a1adf78bedc7443389c,u,"SUMINISTRO E INSTALACION DE REVERSIBLE RIGIDO D=4"" (110mm) PARA SISTEMA ELECTRICO O COMUNICACIÓN","SUMINISTRO E INSTALACION DE REVERSIBLE RIGIDO D=3"" (90mm) PARA SISTEMA ELECTRICO O COMUNICACIÓN",96.22,DESCRIPCION_SIMILAR_MISMA_UNIDAD,NO_FUSIONAR_AUTOMATICAMENTE,REVISAR_MANUALMENTE
APUCON-a3f52438d03212d31429251c,APUCON-c163b22b4987772b54807125,m,SUMINISTRO DE TUBERIA PVC LISA DI=110 mm,SUMINISTRO DE TUBERIA PVC LISA DI=50 mm,96.20,DESCRIPCION_SIMILAR_MISMA_UNIDAD,NO_FUSIONAR_AUTOMATICAMENTE,REVISAR_MANUALMENTE
APUCON-893dd4db0a30303a59b51516,APUCON-a2a137b89dde1314408281bb,u,PROVISION E INSTALACION DE SEÑAL VERTICAL INFORMATIVA O REGLAMENTARIA DE ALUMINIO DE 2mm CON VYNIL REFLECTIVO DE GRADO XI NORMA ASTM D4956 E IMPRESIÓN DIGITAL (INCL. ELEMENTOS DE SUJECCION Y ESTRUCTURA Y SOPORTE 90x30 (UNA VIA)),PROVISION E INSTALACION DE SEÑAL VERTICAL INFORMATIVA O REGLAMENTARIA DE ALUMINIO DE 2mm CON VYNIL REFLECTIVO DE GRADO XI NORMA ASTM D4956 E IMPRESIÓN DIGITAL (INCL. ELEMENTO DE SUJECCION Y ESTRUCTURA Y SOPORTE 60x30 (GRAFICO DE GRUA),96.19,DESCRIPCION_SIMILAR_MISMA_UNIDAD,NO_FUSIONAR_AUTOMATICAMENTE,REVISAR_MANUALMENTE
APUCON-1369820128c62304437e0b7e,APUCON-92dbd80c5f2573b7ebe60d87,u,"SUMINISTRO E INSTALACION DE CODO METALICO RIGIDO DE D=2"" (63mm) PARA SISTEMA ELECTRICO O COMUNICACIÓN","SUMINISTRO E INSTALACION DE CODO METALICO RIGIDO DE D=4"" (110mm) PARA SISTEMA ELECTRICO O COMUNICACION",96.17,DESCRIPCION_SIMILAR_MISMA_UNIDAD,NO_FUSIONAR_AUTOMATICAMENTE,REVISAR_MANUALMENTE
APUCON-8d1faf21b93e91aa29908ed4,APUCON-d6734dd47344d9740298b653,u,"ABRAZADERA GALVANIZADA DE 1""","SUMINISTRO E INSTALACION DE ABRAZADERA GALVANIZADA DE 4""",96.15,DESCRIPCION_SIMILAR_MISMA_UNIDAD,NO_FUSIONAR_AUTOMATICAMENTE,REVISAR_MANUALMENTE
APUCON-2e256b662afa9619f642ad05,APUCON-9cb32f6f0d91e0fdbc91c421,u,SUMINISTRO E INSTALACION DE CODO DESAGUE EC 50mmX45',SUMINISTRO E INSTALACION DE CODO DESAGUE EC 50mmX90',96.15,DESCRIPCION_SIMILAR_MISMA_UNIDAD,NO_FUSIONAR_AUTOMATICAMENTE,REVISAR_MANUALMENTE
APUCON-3e3fe58b614dbec61642060c,APUCON-96e0bc2b3fcad4279291fa17,u,COLGADOR PARA TUBERIA 4 IN,COLGADOR PARA TUBERIA 1 IN,96.15,DESCRIPCION_SIMILAR_MISMA_UNIDAD,NO_FUSIONAR_AUTOMATICAMENTE,REVISAR_MANUALMENTE
APUCON-d6734dd47344d9740298b653,APUCON-ee4135f438207410a5ef1dc9,u,"SUMINISTRO E INSTALACION DE ABRAZADERA GALVANIZADA DE 4""","ABRAZADERA GALVANIZADA DE 2""",96.15,DESCRIPCION_SIMILAR_MISMA_UNIDAD,NO_FUSIONAR_AUTOMATICAMENTE,REVISAR_MANUALMENTE
APUCON-0cde1913b528460502c71f78,APUCON-aa548ccb0dacd672757df992,u,COLGADOR PARA TUBERIA 6 IN,COLGADOR PARA TUBERIA 2 IN,96.15,DESCRIPCION_SIMILAR_MISMA_UNIDAD,NO_FUSIONAR_AUTOMATICAMENTE,REVISAR_MANUALMENTE
APUCON-96e0bc2b3fcad4279291fa17,APUCON-e62980ada73783a49a42a3da,u,COLGADOR PARA TUBERIA 1 IN,COLGADOR PARA TUBERIA 8 IN,96.15,DESCRIPCION_SIMILAR_MISMA_UNIDAD,NO_FUSIONAR_AUTOMATICAMENTE,REVISAR_MANUALMENTE
APUCON-0cde1913b528460502c71f78,APUCON-e62980ada73783a49a42a3da,u,COLGADOR PARA TUBERIA 6 IN,COLGADOR PARA TUBERIA 8 IN,96.15,DESCRIPCION_SIMILAR_MISMA_UNIDAD,NO_FUSIONAR_AUTOMATICAMENTE,REVISAR_MANUALMENTE
APUCON-3e3fe58b614dbec61642060c,APUCON-aa548ccb0dacd672757df992,u,COLGADOR PARA TUBERIA 4 IN,COLGADOR PARA TUBERIA 2 IN,96.15,DESCRIPCION_SIMILAR_MISMA_UNIDAD,NO_FUSIONAR_AUTOMATICAMENTE,REVISAR_MANUALMENTE
APUCON-0cde1913b528460502c71f78,APUCON-96e0bc2b3fcad4279291fa17,u,COLGADOR PARA TUBERIA 6 IN,COLGADOR PARA TUBERIA 1 IN,96.15,DESCRIPCION_SIMILAR_MISMA_UNIDAD,NO_FUSIONAR_AUTOMATICAMENTE,REVISAR_MANUALMENTE
APUCON-3e3fe58b614dbec61642060c,APUCON-e62980ada73783a49a42a3da,u,COLGADOR PARA TUBERIA 4 IN,COLGADOR PARA TUBERIA 8 IN,96.15,DESCRIPCION_SIMILAR_MISMA_UNIDAD,NO_FUSIONAR_AUTOMATICAMENTE,REVISAR_MANUALMENTE
APUCON-aa548ccb0dacd672757df992,APUCON-e62980ada73783a49a42a3da,u,COLGADOR PARA TUBERIA 2 IN,COLGADOR PARA TUBERIA 8 IN,96.15,DESCRIPCION_SIMILAR_MISMA_UNIDAD,NO_FUSIONAR_AUTOMATICAMENTE,REVISAR_MANUALMENTE
APUCON-9a3f36800c5fa2c2ab7de816,APUCON-f043bef1642b4dcd6fc2a7e2,m2,PARED DE BLOQUE 20x20x40cm,PARED DE BLOQUE 10x20x40cm,96.15,DESCRIPCION_SIMILAR_MISMA_UNIDAD,NO_FUSIONAR_AUTOMATICAMENTE,REVISAR_MANUALMENTE
APUCON-96e0bc2b3fcad4279291fa17,APUCON-aa548ccb0dacd672757df992,u,COLGADOR PARA TUBERIA 1 IN,COLGADOR PARA TUBERIA 2 IN,96.15,DESCRIPCION_SIMILAR_MISMA_UNIDAD,NO_FUSIONAR_AUTOMATICAMENTE,REVISAR_MANUALMENTE
APUCON-0cde1913b528460502c71f78,APUCON-3e3fe58b614dbec61642060c,u,COLGADOR PARA TUBERIA 6 IN,COLGADOR PARA TUBERIA 4 IN,96.15,DESCRIPCION_SIMILAR_MISMA_UNIDAD,NO_FUSIONAR_AUTOMATICAMENTE,REVISAR_MANUALMENTE
APUCON-b9433f6e34d3debd7bcccc50,APUCON-ee4135f438207410a5ef1dc9,u,"SUMINISTRO E INSTALACION DE ABRAZADERA GALVANIZADA DE 3/4""","ABRAZADERA GALVANIZADA DE 2""",96.15,DESCRIPCION_SIMILAR_MISMA_UNIDAD,NO_FUSIONAR_AUTOMATICAMENTE,REVISAR_MANUALMENTE
APUCON-8d1faf21b93e91aa29908ed4,APUCON-b9433f6e34d3debd7bcccc50,u,"ABRAZADERA GALVANIZADA DE 1""","SUMINISTRO E INSTALACION DE ABRAZADERA GALVANIZADA DE 3/4""",96.15,DESCRIPCION_SIMILAR_MISMA_UNIDAD,NO_FUSIONAR_AUTOMATICAMENTE,REVISAR_MANUALMENTE
APUCON-1e7bf01700461deeebcbbda4,APUCON-6b04e8e6dd6bcedfae30234f,u,PROVISION E INSTALACION DE SEÑAL VERTICAL INFORMATIVA O REGLAMENTARIA DE ALUMINIO DE 2mm CON VYNIL REFLECTIVO DE GRADO XI NORMA ASTM D4956 E IMPRESIÓN DIGITAL (INCL. ELEMENTOS DE SUJECCION Y ESTRUCTURA Y SOPORTE 60x60 (PERMITIDO ESTACIONAR),PROVISION E INSTALACION DE SEÑAL VERTICAL INFORMATIVA O REGLAMENTARIA DE ALUMINIO DE 2mm CON VYNIL REFLECTIVO DE GRADO XI NORMA ASTM D4956 E IMPRESIÓN DIGITAL (INCL. ELEMENTOS DE SUJECCION Y ESTRUCTURA Y SOPORTE 60x60 (SOLO BICICLETAS)),96.15,DESCRIPCION_SIMILAR_MISMA_UNIDAD,NO_FUSIONAR_AUTOMATICAMENTE,REVISAR_MANUALMENTE
APUCON-13b4fe9a249c46fefb7805d5,APUCON-753df503ee9dd5a79c21bf7a,u,SUMINISTRO E INSTALACION DE VALVULA COMPUERTA VASTAGO FIJO EXTREMOS BRIDADOS D=200mm PN10,SUMINISTRO E INSTALACION DE VALVULA COMPUERTA VASTAGO FIJO EXTREMOS BRIDADOS D=150mm PN10/16,96.13,DESCRIPCION_SIMILAR_MISMA_UNIDAD,NO_FUSIONAR_AUTOMATICAMENTE,REVISAR_MANUALMENTE
APUCON-5065bebea5b45ae3da72135a,APUCON-5285da4e2fc45ed9f8047422,m,INSTALACION DE TUBERIA PVC LISA DI=75 mm (DESAGUE CISTERNA),INSTALACION DE TUBERIA PVC LISA DI=50 mm,96.10,DESCRIPCION_SIMILAR_MISMA_UNIDAD,NO_FUSIONAR_AUTOMATICAMENTE,REVISAR_MANUALMENTE
APUCON-14c8ff0490bcb7c0176abd25,APUCON-7890affda41d88f521415211,u,SUMINISTRO E INSTALACION DE CODO 90' PP 2 IN ROSCABLE,SUMINISTRO E INSTALACION DE CODO 45' PP 2 1/2 IN ROSCABLE,96.08,DESCRIPCION_SIMILAR_MISMA_UNIDAD,NO_FUSIONAR_AUTOMATICAMENTE,REVISAR_MANUALMENTE
APUCON-a2d102aa60a1009c32ec3be5,APUCON-c3b011505a0ea740a256bbcc,m3,HORMIGON PREMEZCLADO F´C=180 Kg/cm2 INCLUYE ENCOFRADO,HORMIGON PREMEZCLADO F´C=280 Kg/cm2 CON IMPERMEABILIZANTE (INCLUYE ENCOFRADO),96.08,DESCRIPCION_SIMILAR_MISMA_UNIDAD,NO_FUSIONAR_AUTOMATICAMENTE,REVISAR_MANUALMENTE
APUCON-14c8ff0490bcb7c0176abd25,APUCON-6c34de75d2ee5910c6c87661,u,SUMINISTRO E INSTALACION DE CODO 90' PP 2 IN ROSCABLE,SUMINISTRO E INSTALACION DE CODO 22.5' PP 2 IN ROSCABLE,96.08,DESCRIPCION_SIMILAR_MISMA_UNIDAD,NO_FUSIONAR_AUTOMATICAMENTE,REVISAR_MANUALMENTE
APUCON-1c7defe720becd4db6cf28ad,APUCON-c3b011505a0ea740a256bbcc,m3,HORMIGON PREMEZCLADO F´C=210 Kg/cm2 INCLUYE ENCOFRADO,HORMIGON PREMEZCLADO F´C=280 Kg/cm2 CON IMPERMEABILIZANTE (INCLUYE ENCOFRADO),96.08,DESCRIPCION_SIMILAR_MISMA_UNIDAD,NO_FUSIONAR_AUTOMATICAMENTE,REVISAR_MANUALMENTE
APUCON-8a4067c08d3384c78284dfa9,APUCON-d0bfaec19b4f01d94cee7af6,u,SUMINISTRO E INSTALACION DE CODO 90' PP 2 1/2 IN ROSCABLE,SUMINISTRO E INSTALACION DE CODO 45' PP 2 IN ROSCABLE,96.08,DESCRIPCION_SIMILAR_MISMA_UNIDAD,NO_FUSIONAR_AUTOMATICAMENTE,REVISAR_MANUALMENTE
APUCON-a2d102aa60a1009c32ec3be5,APUCON-fa19a4bf8fbac1228b8377dc,m3,HORMIGON PREMEZCLADO F´C=180 Kg/cm2 INCLUYE ENCOFRADO,HORMIGON PREMEZCLADO F'C=180 Kg/cm2 PARA REPLANTILLO INCLUYE ENCOFRADO,96.08,DESCRIPCION_SIMILAR_MISMA_UNIDAD,NO_FUSIONAR_AUTOMATICAMENTE,REVISAR_MANUALMENTE
APUCON-0d037aefb0c9f8a27588850e,APUCON-1c7defe720becd4db6cf28ad,m3,HORMIGON PREMEZCLADO F'C=210 Kg/cm2 PARA RAMPAS (INCLUYE ENCOFRADO),HORMIGON PREMEZCLADO F´C=210 Kg/cm2 INCLUYE ENCOFRADO,96.08,DESCRIPCION_SIMILAR_MISMA_UNIDAD,NO_FUSIONAR_AUTOMATICAMENTE,REVISAR_MANUALMENTE
APUCON-43b4f90cd3533a09a60e0a2b,APUCON-e14fc1adac7824639dd23f12,m,INSTALACION DE TUBERIA PVC ESTRUCTURADA DI= 600 mm (DN650) NORMA NTE INEN 2059,INSTALACION DE TUBERIA PVC ESTRUCTURADA DI = 200 mm (DN220) NORMA NTE INEN 2059,96.00,DESCRIPCION_SIMILAR_MISMA_UNIDAD,NO_FUSIONAR_AUTOMATICAMENTE,REVISAR_MANUALMENTE
APUCON-0cde1913b528460502c71f78,APUCON-4878d2a0aeb920d9b93b8c41,u,COLGADOR PARA TUBERIA 6 IN,COLGADOR PARA TUBERIA 1 1/4 IN,96.00,DESCRIPCION_SIMILAR_MISMA_UNIDAD,NO_FUSIONAR_AUTOMATICAMENTE,REVISAR_MANUALMENTE
APUCON-43b4f90cd3533a09a60e0a2b,APUCON-ebeeb26a48fd548f7de617af,m,INSTALACION DE TUBERIA PVC ESTRUCTURADA DI= 600 mm (DN650) NORMA NTE INEN 2059,INSTALACION DE TUBERIA PVC ESTRUCTURADA DI = 700 mm (DN740) NORMA NTE INEN 2059,96.00,DESCRIPCION_SIMILAR_MISMA_UNIDAD,NO_FUSIONAR_AUTOMATICAMENTE,REVISAR_MANUALMENTE
APUCON-aa548ccb0dacd672757df992,APUCON-e3b8b84ebc235c872530dfe4,u,COLGADOR PARA TUBERIA 2 IN,COLGADOR PARA TUBERIA 3/4 IN,96.00,DESCRIPCION_SIMILAR_MISMA_UNIDAD,NO_FUSIONAR_AUTOMATICAMENTE,REVISAR_MANUALMENTE
APUCON-96e0bc2b3fcad4279291fa17,APUCON-e3b8b84ebc235c872530dfe4,u,COLGADOR PARA TUBERIA 1 IN,COLGADOR PARA TUBERIA 3/4 IN,96.00,DESCRIPCION_SIMILAR_MISMA_UNIDAD,NO_FUSIONAR_AUTOMATICAMENTE,REVISAR_MANUALMENTE
APUCON-e3b8b84ebc235c872530dfe4,APUCON-e62980ada73783a49a42a3da,u,COLGADOR PARA TUBERIA 3/4 IN,COLGADOR PARA TUBERIA 8 IN,96.00,DESCRIPCION_SIMILAR_MISMA_UNIDAD,NO_FUSIONAR_AUTOMATICAMENTE,REVISAR_MANUALMENTE
APUCON-3e3fe58b614dbec61642060c,APUCON-602da209ffe7fa9bd4f14b14,u,COLGADOR PARA TUBERIA 4 IN,COLGADOR PARA TUBERIA 1/2 IN,96.00,DESCRIPCION_SIMILAR_MISMA_UNIDAD,NO_FUSIONAR_AUTOMATICAMENTE,REVISAR_MANUALMENTE
APUCON-4878d2a0aeb920d9b93b8c41,APUCON-aa548ccb0dacd672757df992,u,COLGADOR PARA TUBERIA 1 1/4 IN,COLGADOR PARA TUBERIA 2 IN,96.00,DESCRIPCION_SIMILAR_MISMA_UNIDAD,NO_FUSIONAR_AUTOMATICAMENTE,REVISAR_MANUALMENTE
APUCON-3e3fe58b614dbec61642060c,APUCON-4878d2a0aeb920d9b93b8c41,u,COLGADOR PARA TUBERIA 4 IN,COLGADOR PARA TUBERIA 1 1/4 IN,96.00,DESCRIPCION_SIMILAR_MISMA_UNIDAD,NO_FUSIONAR_AUTOMATICAMENTE,REVISAR_MANUALMENTE
APUCON-96e0bc2b3fcad4279291fa17,APUCON-a5ed616d51fda41d4bb2ed0e,u,COLGADOR PARA TUBERIA 1 IN,COLGADOR PARA TUBERIA 2 1/2 IN,96.00,DESCRIPCION_SIMILAR_MISMA_UNIDAD,NO_FUSIONAR_AUTOMATICAMENTE,REVISAR_MANUALMENTE
APUCON-11676ea6edec58571325a200,APUCON-5c179b43b7d7b903ab054df0,u,SUMINISTRO DE PILOTES F´C=350 Kg/cm2 DE 40x40 L=25.0m,SUMINISTRO DE PILOTES F´C=350 Kg/cm2 DE 45x45 L=25.0m,96.00,DESCRIPCION_SIMILAR_MISMA_UNIDAD,NO_FUSIONAR_AUTOMATICAMENTE,REVISAR_MANUALMENTE
APUCON-3e3fe58b614dbec61642060c,APUCON-a5ed616d51fda41d4bb2ed0e,u,COLGADOR PARA TUBERIA 4 IN,COLGADOR PARA TUBERIA 2 1/2 IN,96.00,DESCRIPCION_SIMILAR_MISMA_UNIDAD,NO_FUSIONAR_AUTOMATICAMENTE,REVISAR_MANUALMENTE
APUCON-2041fc5e8a979b56cc23608e,APUCON-aa548ccb0dacd672757df992,u,COLGADOR PARA TUBERIA 1 1/2 IN,COLGADOR PARA TUBERIA 2 IN,96.00,DESCRIPCION_SIMILAR_MISMA_UNIDAD,NO_FUSIONAR_AUTOMATICAMENTE,REVISAR_MANUALMENTE
APUCON-d6a47070ea4db5b9089adf5f,APUCON-ecab1584b6a236b6d9db601e,m,INSTALACION DE TUBERIA PVC ESTRUCTURADA DI=110 mm (DN125) NORMA NTE INEN 2059,INSTALACION DE TUBERIA PVC ESTRUCTURADA DI=250 mm (DN275) NORMA NTE INEN 2059,96.00,DESCRIPCION_SIMILAR_MISMA_UNIDAD,NO_FUSIONAR_AUTOMATICAMENTE,REVISAR_MANUALMENTE
APUCON-19dce76cfef10019b0c48395,APUCON-4ef066370763fc457245802a,m,INSTALACION DE TUBERIA DE VENTILACION PVC EC DI=110 mm,INSTALACION DE TUBERIA DE VENTILACION PVC EC DI=50mm,96.00,DESCRIPCION_SIMILAR_MISMA_UNIDAD,NO_FUSIONAR_AUTOMATICAMENTE,REVISAR_MANUALMENTE
APUCON-0913926190c80354e5ae990b,APUCON-ecab1584b6a236b6d9db601e,m,INSTALACION DE TUBERIA PVC ESTRUCTURADA DI=160 mm (DN175) NORMA NTE INEN 2059,INSTALACION DE TUBERIA PVC ESTRUCTURADA DI=250 mm (DN275) NORMA NTE INEN 2059,96.00,DESCRIPCION_SIMILAR_MISMA_UNIDAD,NO_FUSIONAR_AUTOMATICAMENTE,REVISAR_MANUALMENTE
APUCON-0913926190c80354e5ae990b,APUCON-43b4f90cd3533a09a60e0a2b,m,INSTALACION DE TUBERIA PVC ESTRUCTURADA DI=160 mm (DN175) NORMA NTE INEN 2059,INSTALACION DE TUBERIA PVC ESTRUCTURADA DI= 600 mm (DN650) NORMA NTE INEN 2059,96.00,DESCRIPCION_SIMILAR_MISMA_UNIDAD,NO_FUSIONAR_AUTOMATICAMENTE,REVISAR_MANUALMENTE
APUCON-0cde1913b528460502c71f78,APUCON-2041fc5e8a979b56cc23608e,u,COLGADOR PARA TUBERIA 6 IN,COLGADOR PARA TUBERIA 1 1/2 IN,96.00,DESCRIPCION_SIMILAR_MISMA_UNIDAD,NO_FUSIONAR_AUTOMATICAMENTE,REVISAR_MANUALMENTE
APUCON-e14fc1adac7824639dd23f12,APUCON-ebeeb26a48fd548f7de617af,m,INSTALACION DE TUBERIA PVC ESTRUCTURADA DI = 200 mm (DN220) NORMA NTE INEN 2059,INSTALACION DE TUBERIA PVC ESTRUCTURADA DI = 700 mm (DN740) NORMA NTE INEN 2059,96.00,DESCRIPCION_SIMILAR_MISMA_UNIDAD,NO_FUSIONAR_AUTOMATICAMENTE,REVISAR_MANUALMENTE
APUCON-e14fc1adac7824639dd23f12,APUCON-ecab1584b6a236b6d9db601e,m,INSTALACION DE TUBERIA PVC ESTRUCTURADA DI = 200 mm (DN220) NORMA NTE INEN 2059,INSTALACION DE TUBERIA PVC ESTRUCTURADA DI=250 mm (DN275) NORMA NTE INEN 2059,96.00,DESCRIPCION_SIMILAR_MISMA_UNIDAD,NO_FUSIONAR_AUTOMATICAMENTE,REVISAR_MANUALMENTE
APUCON-09f2ea0e702cf0a4e2aa965d,APUCON-5f47620fe2673c4e4c0a7284,u,SUMINISTRO E INSTALACION DE REDUCTOR DE 1 1/2 A 1 IN PP ROSCABLE,SUMINISTRO E INSTALACION DE TEE 1 1/2 IN PP ROSCABLE,96.00,DESCRIPCION_SIMILAR_MISMA_UNIDAD,NO_FUSIONAR_AUTOMATICAMENTE,REVISAR_MANUALMENTE
APUCON-62a6a5ed11ec6f360381fe57,APUCON-7890affda41d88f521415211,u,SUMINISTRO E INSTALACION DE TEE 2 1/2 IN PP ROSCABLE,SUMINISTRO E INSTALACION DE CODO 45' PP 2 1/2 IN ROSCABLE,96.00,DESCRIPCION_SIMILAR_MISMA_UNIDAD,NO_FUSIONAR_AUTOMATICAMENTE,REVISAR_MANUALMENTE
APUCON-0cde1913b528460502c71f78,APUCON-e3b8b84ebc235c872530dfe4,u,COLGADOR PARA TUBERIA 6 IN,COLGADOR PARA TUBERIA 3/4 IN,96.00,DESCRIPCION_SIMILAR_MISMA_UNIDAD,NO_FUSIONAR_AUTOMATICAMENTE,REVISAR_MANUALMENTE
APUCON-2041fc5e8a979b56cc23608e,APUCON-e62980ada73783a49a42a3da,u,COLGADOR PARA TUBERIA 1 1/2 IN,COLGADOR PARA TUBERIA 8 IN,96.00,DESCRIPCION_SIMILAR_MISMA_UNIDAD,NO_FUSIONAR_AUTOMATICAMENTE,REVISAR_MANUALMENTE
APUCON-11676ea6edec58571325a200,APUCON-39f15b0e285d46b6387fcef2,u,SUMINISTRO DE PILOTES F´C=350 Kg/cm2 DE 40x40 L=25.0m,SUMINISTRO DE PILOTES F´C=350 Kg/cm2 DE 40x40 L=13.0m,96.00,DESCRIPCION_SIMILAR_MISMA_UNIDAD,NO_FUSIONAR_AUTOMATICAMENTE,REVISAR_MANUALMENTE
APUCON-9edddf054712d4df63d17b35,APUCON-c163b22b4987772b54807125,m,SUMINISTRO DE TUBERIA PVC LISA DI=75 mm (DESAGUE CISTERNA),SUMINISTRO DE TUBERIA PVC LISA DI=50 mm,96.00,DESCRIPCION_SIMILAR_MISMA_UNIDAD,NO_FUSIONAR_AUTOMATICAMENTE,REVISAR_MANUALMENTE
APUCON-11676ea6edec58571325a200,APUCON-3e8320fe70f0ee4a8187b927,u,SUMINISTRO DE PILOTES F´C=350 Kg/cm2 DE 40x40 L=25.0m,SUMINISTRO DE PILOTES F´C=350 Kg/cm2 DE 40x40 L=17.0m,96.00,DESCRIPCION_SIMILAR_MISMA_UNIDAD,NO_FUSIONAR_AUTOMATICAMENTE,REVISAR_MANUALMENTE
APUCON-a09b629238f80c719a133c6b,APUCON-bee02e82ee988e213b58c32b,m,SUMINISTRO DE TUBERIA PVC ESTRUCTURADA DI=160 mm (DN175) NORMA NTE INEN 2059,SUMINISTRO DE TUBERIA PVC ESTRUCTURADA DI= 600 mm (DN650) NORMA NTE INEN 2059,95.95,DESCRIPCION_SIMILAR_MISMA_UNIDAD,NO_FUSIONAR_AUTOMATICAMENTE,REVISAR_MANUALMENTE
APUCON-6c80be91d6b2514a740b0bba,APUCON-bee02e82ee988e213b58c32b,m,SUMINISTRO DE TUBERIA PVC ESTRUCTURADA DI= 700 mm (DN740) NORMA NTE INEN 2059,SUMINISTRO DE TUBERIA PVC ESTRUCTURADA DI= 600 mm (DN650) NORMA NTE INEN 2059,95.95,DESCRIPCION_SIMILAR_MISMA_UNIDAD,NO_FUSIONAR_AUTOMATICAMENTE,REVISAR_MANUALMENTE
APUCON-6c80be91d6b2514a740b0bba,APUCON-dbd2524b4249f47825c4e939,m,SUMINISTRO DE TUBERIA PVC ESTRUCTURADA DI= 700 mm (DN740) NORMA NTE INEN 2059,SUMINISTRO DE TUBERIA PVC ESTRUCTURADA DI = 200 mm (DN220) NORMA NTE INEN 2059,95.95,DESCRIPCION_SIMILAR_MISMA_UNIDAD,NO_FUSIONAR_AUTOMATICAMENTE,REVISAR_MANUALMENTE
APUCON-1c01a8110e2ef17ef3f61727,APUCON-49aff83a215624e94e66aaf2,m,SUMINISTRO DE TUBERIA PVC ESTRUCTURADA DI=110 mm (DN125) NORMA NTE INEN 2059,SUMINISTRO DE TUBERIA PVC ESTRUCTURADA DI=250 mm (DN275) NORMA NTE INEN 2059,95.95,DESCRIPCION_SIMILAR_MISMA_UNIDAD,NO_FUSIONAR_AUTOMATICAMENTE,REVISAR_MANUALMENTE
APUCON-bee02e82ee988e213b58c32b,APUCON-dbd2524b4249f47825c4e939,m,SUMINISTRO DE TUBERIA PVC ESTRUCTURADA DI= 600 mm (DN650) NORMA NTE INEN 2059,SUMINISTRO DE TUBERIA PVC ESTRUCTURADA DI = 200 mm (DN220) NORMA NTE INEN 2059,95.95,DESCRIPCION_SIMILAR_MISMA_UNIDAD,NO_FUSIONAR_AUTOMATICAMENTE,REVISAR_MANUALMENTE
APUCON-49aff83a215624e94e66aaf2,APUCON-a09b629238f80c719a133c6b,m,SUMINISTRO DE TUBERIA PVC ESTRUCTURADA DI=250 mm (DN275) NORMA NTE INEN 2059,SUMINISTRO DE TUBERIA PVC ESTRUCTURADA DI=160 mm (DN175) NORMA NTE INEN 2059,95.95,DESCRIPCION_SIMILAR_MISMA_UNIDAD,NO_FUSIONAR_AUTOMATICAMENTE,REVISAR_MANUALMENTE
APUCON-49aff83a215624e94e66aaf2,APUCON-dbd2524b4249f47825c4e939,m,SUMINISTRO DE TUBERIA PVC ESTRUCTURADA DI=250 mm (DN275) NORMA NTE INEN 2059,SUMINISTRO DE TUBERIA PVC ESTRUCTURADA DI = 200 mm (DN220) NORMA NTE INEN 2059,95.95,DESCRIPCION_SIMILAR_MISMA_UNIDAD,NO_FUSIONAR_AUTOMATICAMENTE,REVISAR_MANUALMENTE
APUCON-6ffd8bfd8b4783e34d000506,APUCON-a7f924b80135a7c171d25ee7,m,SUMINISTRO DE TUBERIA DE VENTILACION PVC EC DI=50mm,SUMINISTRO DE TUBERIA DE VENTILACION PVC EC DI=110 mm,95.92,DESCRIPCION_SIMILAR_MISMA_UNIDAD,NO_FUSIONAR_AUTOMATICAMENTE,REVISAR_MANUALMENTE
APUCON-66d4d08bc6bf827e64f4f709,APUCON-fd7ffb91bd6cbfd39eadfc7a,u,SUMINISTRO E INSTALACION DE TEE DESAGUE EC D=110mm,SUMINISTRO E INSTALACION DE YEE DESAGUE EC 110mm,95.92,DESCRIPCION_SIMILAR_MISMA_UNIDAD,NO_FUSIONAR_AUTOMATICAMENTE,REVISAR_MANUALMENTE
APUCON-a4168bc6848fa0cd80e42b4b,APUCON-b4c0f73fc2af4391df23d22c,m,COLOCACION Y TRANSPORTE DE VIGA R14R,COLOCACION Y TRANSPORTE DE VIGAS R19R,95.89,DESCRIPCION_SIMILAR_MISMA_UNIDAD,NO_FUSIONAR_AUTOMATICAMENTE,REVISAR_MANUALMENTE
APUCON-23d3b610a844937229f75927,APUCON-56a5999bede2eb9b72b92846,u,ESTRUCTURA DE NEUTRO: 1ED,ESTRUCTURA DE NEUTRO: 1ER,95.83,DESCRIPCION_SIMILAR_MISMA_UNIDAD,NO_FUSIONAR_AUTOMATICAMENTE,REVISAR_MANUALMENTE
APUCON-17dd13baecaaae1aadb056b5,APUCON-e47f90a87e1708cff7d87c65,m2,"MARCA DE PAVIMENTO CON TERMOPLASTICO PREFORMADO DE E=2,3mm DISEÑO DE FLECHA RECTA","MARCA DE PAVIMENTO CON TERMOPLASTICO PREFORMADO DE E=2,3mm DISEÑO DE FLECHA COMBINADA",95.83,DESCRIPCION_SIMILAR_MISMA_UNIDAD,NO_FUSIONAR_AUTOMATICAMENTE,REVISAR_MANUALMENTE
APUCON-3e2f8cb12d6ead351fbe30df,APUCON-aaf0fbdc301808a09715a834,u,SUMINISTRO E INSTALACION DE TEE 3/4 IN PP ROSCABLE,SUMINISTRO E INSTALACION DE CODO 22.5' PP 3/4 IN ROSCABLE,95.83,DESCRIPCION_SIMILAR_MISMA_UNIDAD,NO_FUSIONAR_AUTOMATICAMENTE,REVISAR_MANUALMENTE
APUCON-17dd13baecaaae1aadb056b5,APUCON-fa9112ec2068cdf9b017ce28,m2,"MARCA DE PAVIMENTO CON TERMOPLASTICO PREFORMADO DE E=2,3mm DISEÑO DE FLECHA RECTA","MARCA DE PAVIMENTO CON TERMOPLASTICO PREFORMADO DE E=2,3mm DISEÑO DE FLECHA SOLO GIRAR",95.83,DESCRIPCION_SIMILAR_MISMA_UNIDAD,NO_FUSIONAR_AUTOMATICAMENTE,REVISAR_MANUALMENTE
APUCON-23d3b610a844937229f75927,APUCON-57dd634347c2768c0aa4b659,u,ESTRUCTURA DE NEUTRO: 1ED,ESTRUCTURA DE NEUTRO: 1EP,95.83,DESCRIPCION_SIMILAR_MISMA_UNIDAD,NO_FUSIONAR_AUTOMATICAMENTE,REVISAR_MANUALMENTE
APUCON-3e2f8cb12d6ead351fbe30df,APUCON-5f47620fe2673c4e4c0a7284,u,SUMINISTRO E INSTALACION DE TEE 3/4 IN PP ROSCABLE,SUMINISTRO E INSTALACION DE TEE 1 1/2 IN PP ROSCABLE,95.83,DESCRIPCION_SIMILAR_MISMA_UNIDAD,NO_FUSIONAR_AUTOMATICAMENTE,REVISAR_MANUALMENTE
APUCON-56a5999bede2eb9b72b92846,APUCON-57dd634347c2768c0aa4b659,u,ESTRUCTURA DE NEUTRO: 1ER,ESTRUCTURA DE NEUTRO: 1EP,95.83,DESCRIPCION_SIMILAR_MISMA_UNIDAD,NO_FUSIONAR_AUTOMATICAMENTE,REVISAR_MANUALMENTE
APUCON-d9344ab812c86efb6d29fe36,APUCON-dcc4d0d373c1c60eea760b0e,u,PROVISION E INSTALACION DE SEÑAL VERTICAL INFORMATIVA O REGLAMENTARIA DE ALUMINIO DE 2mm CON VYNIL REFLECTIVO DE GRADO XI NORMA ASTM D4956 E IMPRESIÓN DIGITAL (INCL. ELEMENTOS DE SUJECCION Y ESTRUCTURA Y SOPORTE 60x60 (DISCO PARE),"PROVISION E INSTALACION DE SEÑAL VERTICAL INFORMATIVA O REGLAMENTARIA DE ALUMINIO DE 2mm CON VYNIL REFLECTIVO DE GRADO XI NORMA ASTM D4956 E IMPRESIÓN DIGITAL (INCL. ELEMENTOS DE SUJECCION, ESTRUCTURA Y SOPORTE (PROXIMIDAD DE CRUCE DE CICLOVIA))",95.80,DESCRIPCION_SIMILAR_MISMA_UNIDAD,NO_FUSIONAR_AUTOMATICAMENTE,REVISAR_MANUALMENTE
APUCON-245c9a5f8567db1bd82a6b63,APUCON-60a9717b323215f2e23b5d3e,m,HINCADO Y TRANSPORTE DE PILOTES PREFABRICADOS DE HORMIGON EN AGUA,HINCADO Y TRANSPORTE DE PILOTES PREFABRICADOS DE HORMIGON EN TIERRA,95.80,DESCRIPCION_SIMILAR_MISMA_UNIDAD,NO_FUSIONAR_AUTOMATICAMENTE,REVISAR_MANUALMENTE
APUCON-54e36e3ed45b3dae4629433c,APUCON-b1c5a9fb8d8e8f4531ffae00,u,"SUMINISTRO E INSTALACION DE TAPA DE HF 3""","SUMINISTRO E INSTALACION DE HIDRANTES DE 4"" (110mm) CON DOS SALIDAS DE 2 1/2"" (75mm) (INCL. CAJETIN, TAPA METALICA CON MARCO Y CONTRAMARCO Y VISOR, GIBAULT, BRIDA, MEDIDOR DE 3"" (90mm), VALVULA, ACCESORIOS VARIOS, PINTURA Y ACERO DE REFUERZO)",95.77,DESCRIPCION_SIMILAR_MISMA_UNIDAD,NO_FUSIONAR_AUTOMATICAMENTE,REVISAR_MANUALMENTE
APUCON-40e0a8fdb97e580be256e243,APUCON-e9274aece66f3116952e22e1,u,SUMINISTRO E INSTALACION DE ADAPTADOR MACHO 3 IN PVC ROSCABLE,SUMINISTRO E INSTALACION DE TEE 3 IN PVC ROSCABLE,95.74,DESCRIPCION_SIMILAR_MISMA_UNIDAD,NO_FUSIONAR_AUTOMATICAMENTE,REVISAR_MANUALMENTE
APUCON-9f67c6df39c7b3251d3f5ca1,APUCON-e9274aece66f3116952e22e1,u,SUMINISTRO E INSTALACION DE REDUCTOR DE 6 A 3 IN PVC ROSCABLE,SUMINISTRO E INSTALACION DE TEE 3 IN PVC ROSCABLE,95.74,DESCRIPCION_SIMILAR_MISMA_UNIDAD,NO_FUSIONAR_AUTOMATICAMENTE,REVISAR_MANUALMENTE
APUCON-cd1100a520ea2a8cfb19d6be,APUCON-d17752ee683fc13dd01e640c,m,SUMINISTRO E INSTALACION DE TUBERIA ACERO ASTM A36 D=65 mm,SUMINISTRO E INSTALACION DE TUBERIA ACERO ASTM A36 D=40mm,95.65,DESCRIPCION_SIMILAR_MISMA_UNIDAD,NO_FUSIONAR_AUTOMATICAMENTE,REVISAR_MANUALMENTE
APUCON-10faa7367366199bfbc0dee6,APUCON-fd7ffb91bd6cbfd39eadfc7a,u,SUMINISTRO E INSTALACION DE SIFON DESAGUE EC 110mm,SUMINISTRO E INSTALACION DE YEE DESAGUE EC 110mm,95.65,DESCRIPCION_SIMILAR_MISMA_UNIDAD,NO_FUSIONAR_AUTOMATICAMENTE,REVISAR_MANUALMENTE
APUCON-6c34de75d2ee5910c6c87661,APUCON-f53d6a4aeae05f82067ee65e,u,SUMINISTRO E INSTALACION DE CODO 22.5' PP 2 IN ROSCABLE,SUMINISTRO E INSTALACION DE TEE 2 IN PP ROSCABLE,95.65,DESCRIPCION_SIMILAR_MISMA_UNIDAD,NO_FUSIONAR_AUTOMATICAMENTE,REVISAR_MANUALMENTE
APUCON-76f225aa2b4b202b19fa6d4f,APUCON-cce645c0712f69269ef214c6,m,SUMINISTRO DE VIGA R19R,SUMINISTRO DE VIGA R14R,95.65,DESCRIPCION_SIMILAR_MISMA_UNIDAD,NO_FUSIONAR_AUTOMATICAMENTE,REVISAR_MANUALMENTE
APUCON-1bc01507c9892533106d43ba,APUCON-9462bfec634b01abf978cfea,u,SUMINISTRO E INSTALACION DE CAJA DOMICILIARIA ALINEADA D=175mm (INCLUYE TAPA),SUMINISTRO E INSTALACION DE CAJA DOMICILIARIA CIEGA D=175mm (INCLUYE TAPA),95.65,DESCRIPCION_SIMILAR_MISMA_UNIDAD,NO_FUSIONAR_AUTOMATICAMENTE,REVISAR_MANUALMENTE
APUCON-4528204bd459af8f737d3f65,APUCON-9462bfec634b01abf978cfea,u,SUMINISTRO E INSTALACION DE CAJA DOMICILIARIA RED INTERNA MALECON D=175mm (INCLUYE TAPA) H=0.6m 0.7x0.7x0.6m,SUMINISTRO E INSTALACION DE CAJA DOMICILIARIA CIEGA D=175mm (INCLUYE TAPA),95.65,DESCRIPCION_SIMILAR_MISMA_UNIDAD,NO_FUSIONAR_AUTOMATICAMENTE,REVISAR_MANUALMENTE
APUCON-6f1c7a345037eb999e71bc9d,APUCON-9334bd606fc98b8fb6942bd0,m,"CANALIZACION 4 x 4"" PVC PESADO + 4x4"" MET. RIGIDO","CANALIZACION 2 x 4"" PVC PESADO + 2x4"" MET. RIGIDO",95.65,DESCRIPCION_SIMILAR_MISMA_UNIDAD,NO_FUSIONAR_AUTOMATICAMENTE,REVISAR_MANUALMENTE
APUCON-5aad76b90112f69a82cdb553,APUCON-aa9d36e44a76c55b39c986f5,u,"CAJA DE PASO DE HORMIGON ARMADO DE 80x80x80cm, F'C=280 KG/CM2 EN CALZADA (INCL. INSTALACION DE TAPA PARA SISTEMA DE COMUNICACIÓN)","CAJA DE PASO DE HORMIGON ARMADO DE 80x80x80cm, F'C=210 KG/CM2 EN ARENA (INCL. INSTALACION DE TAPA PARA SISTEMA DE COMUNICACIÓN)",95.58,DESCRIPCION_SIMILAR_MISMA_UNIDAD,NO_FUSIONAR_AUTOMATICAMENTE,REVISAR_MANUALMENTE
APUCON-1f312d538ee3dab30dd46e8f,APUCON-443cbba2e46fbac430ab42a7,u,PROVISION E INSTALACION DE SEÑAL VERTICAL INFORMATIVA O REGLAMENTARIA DE ALUMINIO DE 2mm CON VYNIL REFLECTIVO DE GRADO XI NORMA ASTM D4956 E IMPRESIÓN DIGITAL (INCL. ELEMENTO DE SUJECCION Y ESTRUCTURA Y SOPORTE 60x60 (PROHIBIDO ESTACIONAR),PROVISION E INSTALACION DE SEÑAL VERTICAL INFORMATIVA O REGLAMENTARIA DE ALUMINIO DE 2mm CON VYNIL REFLECTIVO DE GRADO XI NORMA ASTM D4956 E IMPRESIÓN DIGITAL (INCL. ELEMENTOS DE SUJECCION Y ESTRUCTURA Y SOPORTE 60x60 (NO ENTRE)),95.57,DESCRIPCION_SIMILAR_MISMA_UNIDAD,NO_FUSIONAR_AUTOMATICAMENTE,REVISAR_MANUALMENTE
APUCON-164b2c31f37e04b7f36ae856,APUCON-7b8978319cc15c8c0b501206,m,SECUNDARIO SUBTERRANEO 2#250 MCM + N#4/0 AWG CU TTU,SECUNDARIO SUBTERRANEO 2#350 MCM + N#250 MCM CU TTU,95.56,DESCRIPCION_SIMILAR_MISMA_UNIDAD,NO_FUSIONAR_AUTOMATICAMENTE,REVISAR_MANUALMENTE
APUCON-68f2560e2a3eb036aeb8cc03,APUCON-efc1b3a0c5b96cfb24cfa3b5,u,SUMINISTRO E INSTALACION DE REDUCTOR DESAGUE EC 110 A 50mm,SUMINISTRO E INSTALACION DE YEE DESAGUE EC 50mm,95.56,DESCRIPCION_SIMILAR_MISMA_UNIDAD,NO_FUSIONAR_AUTOMATICAMENTE,REVISAR_MANUALMENTE
APUCON-443cbba2e46fbac430ab42a7,APUCON-a2a137b89dde1314408281bb,u,PROVISION E INSTALACION DE SEÑAL VERTICAL INFORMATIVA O REGLAMENTARIA DE ALUMINIO DE 2mm CON VYNIL REFLECTIVO DE GRADO XI NORMA ASTM D4956 E IMPRESIÓN DIGITAL (INCL. ELEMENTOS DE SUJECCION Y ESTRUCTURA Y SOPORTE 60x60 (NO ENTRE)),PROVISION E INSTALACION DE SEÑAL VERTICAL INFORMATIVA O REGLAMENTARIA DE ALUMINIO DE 2mm CON VYNIL REFLECTIVO DE GRADO XI NORMA ASTM D4956 E IMPRESIÓN DIGITAL (INCL. ELEMENTO DE SUJECCION Y ESTRUCTURA Y SOPORTE 60x30 (GRAFICO DE GRUA),95.49,DESCRIPCION_SIMILAR_MISMA_UNIDAD,NO_FUSIONAR_AUTOMATICAMENTE,REVISAR_MANUALMENTE
APUCON-43cf13ff22a0a9f7e54186d1,APUCON-61648c5e45d81ada0b356313,u,SUMINISTRO E INSTALACION DE POSTE METALICO CIRCULAR DE H=8m CON DOBLE CARTERA (DOBLE BRAZO) PM8-VP,SUMINISTRO E INSTALACION DE POSTE METALICO CIRCULAR DE H=12m CON DOBLE CARTERA (DOBLE BRAZO) PM12-VV,95.45,DESCRIPCION_SIMILAR_MISMA_UNIDAD,NO_FUSIONAR_AUTOMATICAMENTE,REVISAR_MANUALMENTE
APUCON-43b7ea742aa561f1e2086f2a,APUCON-65988f183863af40a04cfd5d,m,ALIMENTADOR AWG-THHN-CU: 3 NO. 4/0 + 1 NO. 2/0 + T NO. 2,ALIMENTADOR AWG-THHN-CU: 3 NO. 1/0 + 1 NO. 2 + T NO. 4,95.45,DESCRIPCION_SIMILAR_MISMA_UNIDAD,NO_FUSIONAR_AUTOMATICAMENTE,REVISAR_MANUALMENTE
APUCON-038a76241eaf3f56858c2749,APUCON-b70bf408e634660076db74f4,u,"LETRAS CORPOREAS AUTOILUMINADAS ""MALECON AURORA"" SOBRE PILARES DE INGRESO PRINCIPAL","LETRAS CORPOREAS AUTOILUMINADAS ""MALECON AURORA"" SOBRE TOTEM DE INGRESO",95.45,DESCRIPCION_SIMILAR_MISMA_UNIDAD,NO_FUSIONAR_AUTOMATICAMENTE,REVISAR_MANUALMENTE
APUCON-978b7daa156478e9f4e1c8c3,APUCON-cbe7af2ff220d371b1fb0391,m,"PILOTE TUBULAR METALICO HINCADO D=0.60m, PERFORADO EN AGUA","PILOTE TUBULAR METALICO HINCADO D=0.60m, PERFORADO EN TIERRA",95.41,DESCRIPCION_SIMILAR_MISMA_UNIDAD,NO_FUSIONAR_AUTOMATICAMENTE,REVISAR_MANUALMENTE
APUCON-8f23ae89e7de711853579172,APUCON-d17752ee683fc13dd01e640c,m,SUMINISTRO E INSTALACION DE TUBERIA ACERO PERFORADA ASTM A36 D=150 mm,SUMINISTRO E INSTALACION DE TUBERIA ACERO ASTM A36 D=40mm,95.41,DESCRIPCION_SIMILAR_MISMA_UNIDAD,NO_FUSIONAR_AUTOMATICAMENTE,REVISAR_MANUALMENTE
APUCON-45d72dfba6154ea2134ce8e4,APUCON-6063d5255e5946f0d88c3791,m3,SUMINISTRO Y COLOCACION DE GRAVA PARA FILTRO (18 - 25 mm),SUMINISTRO Y COLOCACION DE GRAVA PARA FILTRO (6 - 12 mm),95.41,DESCRIPCION_SIMILAR_MISMA_UNIDAD,NO_FUSIONAR_AUTOMATICAMENTE,REVISAR_MANUALMENTE
APUCON-438b7edec794dc9de43b016b,APUCON-ab49be853fcf05210d1fdeb8,m,"ACOMETIDA DOMICILIARIA CON 2#4, N#6 AWG Cu TTU","ACOMETIDA DOMICILIARIA CON 2#1/0, N#2 AWG Cu TTU",95.35,DESCRIPCION_SIMILAR_MISMA_UNIDAD,NO_FUSIONAR_AUTOMATICAMENTE,REVISAR_MANUALMENTE
APUCON-623b51b1df0fcffd7eaa3249,APUCON-65ca474cf640f44de6b7ef2c,u,TABLERO DISTRIBUCION GENERAL FASE 1A (TDG-01),TABLERO DISTRIBUCION GENERAL FASE 1B (TDG-02),95.35,DESCRIPCION_SIMILAR_MISMA_UNIDAD,NO_FUSIONAR_AUTOMATICAMENTE,REVISAR_MANUALMENTE
APUCON-69177fa4859fa35b57c6f113,APUCON-a2a137b89dde1314408281bb,u,PROVISION E INSTALACION DE SEÑAL VERTICAL INFORMATIVA O REGLAMENTARIA DE ALUMINIO DE 2mm CON VYNIL REFLECTIVO DE GRADO XI NORMA ASTM D4956 E IMPRESIÓN DIGITAL (INCL. ELEMENTO DE SUJECCION Y ESTRUCTURA Y SOPORTE 90x30) (DOBLE VIA Y OTROS)),PROVISION E INSTALACION DE SEÑAL VERTICAL INFORMATIVA O REGLAMENTARIA DE ALUMINIO DE 2mm CON VYNIL REFLECTIVO DE GRADO XI NORMA ASTM D4956 E IMPRESIÓN DIGITAL (INCL. ELEMENTO DE SUJECCION Y ESTRUCTURA Y SOPORTE 60x30 (GRAFICO DE GRUA),95.31,DESCRIPCION_SIMILAR_MISMA_UNIDAD,NO_FUSIONAR_AUTOMATICAMENTE,REVISAR_MANUALMENTE
APUCON-69177fa4859fa35b57c6f113,APUCON-d9344ab812c86efb6d29fe36,u,PROVISION E INSTALACION DE SEÑAL VERTICAL INFORMATIVA O REGLAMENTARIA DE ALUMINIO DE 2mm CON VYNIL REFLECTIVO DE GRADO XI NORMA ASTM D4956 E IMPRESIÓN DIGITAL (INCL. ELEMENTO DE SUJECCION Y ESTRUCTURA Y SOPORTE 90x30) (DOBLE VIA Y OTROS)),PROVISION E INSTALACION DE SEÑAL VERTICAL INFORMATIVA O REGLAMENTARIA DE ALUMINIO DE 2mm CON VYNIL REFLECTIVO DE GRADO XI NORMA ASTM D4956 E IMPRESIÓN DIGITAL (INCL. ELEMENTOS DE SUJECCION Y ESTRUCTURA Y SOPORTE 60x60 (DISCO PARE),95.31,DESCRIPCION_SIMILAR_MISMA_UNIDAD,NO_FUSIONAR_AUTOMATICAMENTE,REVISAR_MANUALMENTE
APUCON-1f312d538ee3dab30dd46e8f,APUCON-a2a137b89dde1314408281bb,u,PROVISION E INSTALACION DE SEÑAL VERTICAL INFORMATIVA O REGLAMENTARIA DE ALUMINIO DE 2mm CON VYNIL REFLECTIVO DE GRADO XI NORMA ASTM D4956 E IMPRESIÓN DIGITAL (INCL. ELEMENTO DE SUJECCION Y ESTRUCTURA Y SOPORTE 60x60 (PROHIBIDO ESTACIONAR),PROVISION E INSTALACION DE SEÑAL VERTICAL INFORMATIVA O REGLAMENTARIA DE ALUMINIO DE 2mm CON VYNIL REFLECTIVO DE GRADO XI NORMA ASTM D4956 E IMPRESIÓN DIGITAL (INCL. ELEMENTO DE SUJECCION Y ESTRUCTURA Y SOPORTE 60x30 (GRAFICO DE GRUA),95.31,DESCRIPCION_SIMILAR_MISMA_UNIDAD,NO_FUSIONAR_AUTOMATICAMENTE,REVISAR_MANUALMENTE
APUCON-f0897cafc07923183b237cf5,APUCON-f299f75284c01b60b71beb04,m,"CANALIZACION CON 1 TUBO DE PVC D=2"" (63mm) / TIPO PESADO - PARA SISTEMA ELECTRICO","CANALIZACION CON 1 TUBO DE PVC D=2 1/2"" (75mm) / TIPO PESADO PARA SISTEMA ELECTRICO, SEMAFORIZACION O COMUNICACIÓN",95.30,DESCRIPCION_SIMILAR_MISMA_UNIDAD,NO_FUSIONAR_AUTOMATICAMENTE,REVISAR_MANUALMENTE
APUCON-a3175bdff4c9cb31b2d7f0e2,APUCON-f80e49af94d532989d192b64,u,CAJA DE REVISION ELECTRICA 1.60x0.90x0.90m,CAJA DE REVISION ELECTRICA 0.90x0.90x0.90m,95.24,DESCRIPCION_SIMILAR_MISMA_UNIDAD,NO_FUSIONAR_AUTOMATICAMENTE,REVISAR_MANUALMENTE
APUCON-2e256b662afa9619f642ad05,APUCON-83cd8642a9639a4898df0a27,u,SUMINISTRO E INSTALACION DE CODO DESAGUE EC 50mmX45',SUMINISTRO E INSTALACION DE CODO DESAGUE CC 125mmX45',95.24,DESCRIPCION_SIMILAR_MISMA_UNIDAD,NO_FUSIONAR_AUTOMATICAMENTE,REVISAR_MANUALMENTE
APUCON-07436f12062611119646ebf8,APUCON-08d55dd93b370327594d955a,u,SUMINISTRO E INSTALACION DE TEE VENTILACION EC D=50mm,SUMINISTRO E INSTALACION DE TEE VENTILACION EC 200mm,95.24,DESCRIPCION_SIMILAR_MISMA_UNIDAD,NO_FUSIONAR_AUTOMATICAMENTE,REVISAR_MANUALMENTE
APUCON-9cb32f6f0d91e0fdbc91c421,APUCON-e6345e04cbb8f8fd06cba3e3,u,SUMINISTRO E INSTALACION DE CODO DESAGUE EC 50mmX90',SUMINISTRO E INSTALACION DE CODO DESAGUE CC 220mmX90',95.24,DESCRIPCION_SIMILAR_MISMA_UNIDAD,NO_FUSIONAR_AUTOMATICAMENTE,REVISAR_MANUALMENTE
APUCON-3e71f731d56477840ac9c5f6,APUCON-9cb32f6f0d91e0fdbc91c421,u,SUMINISTRO E INSTALACION DE CODO DESAGUE CC 160mmX90',SUMINISTRO E INSTALACION DE CODO DESAGUE EC 50mmX90',95.24,DESCRIPCION_SIMILAR_MISMA_UNIDAD,NO_FUSIONAR_AUTOMATICAMENTE,REVISAR_MANUALMENTE
APUCON-7890affda41d88f521415211,APUCON-91dc355c4fbf173dfe381c6f,u,SUMINISTRO E INSTALACION DE CODO 45' PP 2 1/2 IN ROSCABLE,SUMINISTRO E INSTALACION DE CODO 45' PP 3/4,95.12,DESCRIPCION_SIMILAR_MISMA_UNIDAD,NO_FUSIONAR_AUTOMATICAMENTE,REVISAR_MANUALMENTE
APUCON-91dc355c4fbf173dfe381c6f,APUCON-aaf0fbdc301808a09715a834,u,SUMINISTRO E INSTALACION DE CODO 45' PP 3/4,SUMINISTRO E INSTALACION DE CODO 22.5' PP 3/4 IN ROSCABLE,95.12,DESCRIPCION_SIMILAR_MISMA_UNIDAD,NO_FUSIONAR_AUTOMATICAMENTE,REVISAR_MANUALMENTE
APUCON-7ce70b3938013af9ae6764af,APUCON-91dc355c4fbf173dfe381c6f,u,SUMINISTRO E INSTALACION DE CODO 90' PP 3/4 IN ROSCABLE,SUMINISTRO E INSTALACION DE CODO 45' PP 3/4,95.12,DESCRIPCION_SIMILAR_MISMA_UNIDAD,NO_FUSIONAR_AUTOMATICAMENTE,REVISAR_MANUALMENTE
APUCON-91dc355c4fbf173dfe381c6f,APUCON-d0bfaec19b4f01d94cee7af6,u,SUMINISTRO E INSTALACION DE CODO 45' PP 3/4,SUMINISTRO E INSTALACION DE CODO 45' PP 2 IN ROSCABLE,95.12,DESCRIPCION_SIMILAR_MISMA_UNIDAD,NO_FUSIONAR_AUTOMATICAMENTE,REVISAR_MANUALMENTE
APUCON-0a7b9052e2d85b1470df65f2,APUCON-27e6c8e1e5bf9cdf09ff34ca,u,LUMINARIA LED SELLADA 220 V 20W O SIMILAR,LUMINARIA LED SELLADA 220 V 55W O SIMILAR,95.12,DESCRIPCION_SIMILAR_MISMA_UNIDAD,NO_FUSIONAR_AUTOMATICAMENTE,REVISAR_MANUALMENTE
APUCON-9fd4c3e891f049600cac2bf6,APUCON-ca4d028bb013dee90b13db99,u,TABLERO 3F DISTRIBUCION TDB - 02,TABLERO 3F DISTRIBUCION TDB - 1B,95.08,DESCRIPCION_SIMILAR_MISMA_UNIDAD,NO_FUSIONAR_AUTOMATICAMENTE,REVISAR_MANUALMENTE
APUCON-a9ab8a0ab52931192dd230fd,APUCON-ca4d028bb013dee90b13db99,u,TABLERO 3F DISTRIBUCION TDB - 04,TABLERO 3F DISTRIBUCION TDB - 1B,95.08,DESCRIPCION_SIMILAR_MISMA_UNIDAD,NO_FUSIONAR_AUTOMATICAMENTE,REVISAR_MANUALMENTE
APUCON-ca4d028bb013dee90b13db99,APUCON-dae2c10d5599c9d3e3a614fe,u,TABLERO 3F DISTRIBUCION TDB - 1B,TABLERO 3F DISTRIBUCION TDB - 03,95.08,DESCRIPCION_SIMILAR_MISMA_UNIDAD,NO_FUSIONAR_AUTOMATICAMENTE,REVISAR_MANUALMENTE
APUCON-a2a137b89dde1314408281bb,APUCON-d9344ab812c86efb6d29fe36,u,PROVISION E INSTALACION DE SEÑAL VERTICAL INFORMATIVA O REGLAMENTARIA DE ALUMINIO DE 2mm CON VYNIL REFLECTIVO DE GRADO XI NORMA ASTM D4956 E IMPRESIÓN DIGITAL (INCL. ELEMENTO DE SUJECCION Y ESTRUCTURA Y SOPORTE 60x30 (GRAFICO DE GRUA),PROVISION E INSTALACION DE SEÑAL VERTICAL INFORMATIVA O REGLAMENTARIA DE ALUMINIO DE 2mm CON VYNIL REFLECTIVO DE GRADO XI NORMA ASTM D4956 E IMPRESIÓN DIGITAL (INCL. ELEMENTOS DE SUJECCION Y ESTRUCTURA Y SOPORTE 60x60 (DISCO PARE),95.04,DESCRIPCION_SIMILAR_MISMA_UNIDAD,NO_FUSIONAR_AUTOMATICAMENTE,REVISAR_MANUALMENTE
APUCON-4eb79262067e08367349810a,APUCON-7185bd4bda65c8d8c5f0eaf8,u,"SUMINISTRO E INSTALACION DE SEÑALETICA VERTICAL ""ESTACIONAMIENTO RESERVADO PARA DISCAPACITADOS""","SUMINISTRO E INSTALACION DE SEÑALETICA VERTICAL ""PARE""",94.95,DESCRIPCION_SIMILAR_MISMA_UNIDAD,NO_FUSIONAR_AUTOMATICAMENTE,REVISAR_MANUALMENTE
APUCON-3e2f8cb12d6ead351fbe30df,APUCON-e9274aece66f3116952e22e1,u,SUMINISTRO E INSTALACION DE TEE 3/4 IN PP ROSCABLE,SUMINISTRO E INSTALACION DE TEE 3 IN PVC ROSCABLE,94.95,DESCRIPCION_SIMILAR_MISMA_UNIDAD,NO_FUSIONAR_AUTOMATICAMENTE,REVISAR_MANUALMENTE
APUCON-7185bd4bda65c8d8c5f0eaf8,APUCON-83bbbc1c4c5469b049793a85,u,"SUMINISTRO E INSTALACION DE SEÑALETICA VERTICAL ""PARE""","SUMINISTRO E INSTALACION DE SEÑALETICA VERTICAL ""LIMITE DE VELOCIDAD""",94.95,DESCRIPCION_SIMILAR_MISMA_UNIDAD,NO_FUSIONAR_AUTOMATICAMENTE,REVISAR_MANUALMENTE
APUCON-50e5867fd92d2bb15e91f55f,APUCON-7185bd4bda65c8d8c5f0eaf8,u,"SUMINISTRO E INSTALACION DE SEÑALETICA VERTICAL ""NO DETENER/NO ESTACIONAR""","SUMINISTRO E INSTALACION DE SEÑALETICA VERTICAL ""PARE""",94.95,DESCRIPCION_SIMILAR_MISMA_UNIDAD,NO_FUSIONAR_AUTOMATICAMENTE,REVISAR_MANUALMENTE
APUCON-7185bd4bda65c8d8c5f0eaf8,APUCON-85184bf707405c1ed3c70e38,u,"SUMINISTRO E INSTALACION DE SEÑALETICA VERTICAL ""PARE""","SUMINISTRO E INSTALACION DE SEÑALETICA VERTICAL ""PEATON""",94.95,DESCRIPCION_SIMILAR_MISMA_UNIDAD,NO_FUSIONAR_AUTOMATICAMENTE,REVISAR_MANUALMENTE
APUCON-56406ae4b57061d7fce4c3c6,APUCON-7185bd4bda65c8d8c5f0eaf8,u,SUMINISTRO E INSTALACION DE SEÑALETICA VERTICAL DE SENTIDO VIAL,"SUMINISTRO E INSTALACION DE SEÑALETICA VERTICAL ""PARE""",94.95,DESCRIPCION_SIMILAR_MISMA_UNIDAD,NO_FUSIONAR_AUTOMATICAMENTE,REVISAR_MANUALMENTE
APUCON-7185bd4bda65c8d8c5f0eaf8,APUCON-79f7b24b60543af4d147b51d,u,"SUMINISTRO E INSTALACION DE SEÑALETICA VERTICAL ""PARE""","SUMINISTRO E INSTALACION DE SEÑALETICA VERTICAL ""BIFURCACION IZQUIERDA""",94.95,DESCRIPCION_SIMILAR_MISMA_UNIDAD,NO_FUSIONAR_AUTOMATICAMENTE,REVISAR_MANUALMENTE
APUCON-7185bd4bda65c8d8c5f0eaf8,APUCON-e45e6d21e3d8d41193f905c2,u,"SUMINISTRO E INSTALACION DE SEÑALETICA VERTICAL ""PARE""","SUMINISTRO E INSTALACION DE SEÑALETICA VERTICAL ""CICLISTAS EN LA VIA""",94.95,DESCRIPCION_SIMILAR_MISMA_UNIDAD,NO_FUSIONAR_AUTOMATICAMENTE,REVISAR_MANUALMENTE
APUCON-4452a626616556f5e6cd41bb,APUCON-7185bd4bda65c8d8c5f0eaf8,u,"SUMINISTRO E INSTALACION DE SEÑALETICA VERTICAL ""GIRO EN U""","SUMINISTRO E INSTALACION DE SEÑALETICA VERTICAL ""PARE""",94.95,DESCRIPCION_SIMILAR_MISMA_UNIDAD,NO_FUSIONAR_AUTOMATICAMENTE,REVISAR_MANUALMENTE
APUCON-7185bd4bda65c8d8c5f0eaf8,APUCON-e7148fc4b4635689b195f986,u,"SUMINISTRO E INSTALACION DE SEÑALETICA VERTICAL ""PARE""","SUMINISTRO E INSTALACION DE SEÑALETICA VERTICAL ""APROXIMACION A REDONDEL""",94.95,DESCRIPCION_SIMILAR_MISMA_UNIDAD,NO_FUSIONAR_AUTOMATICAMENTE,REVISAR_MANUALMENTE
APUCON-beaddc1fe5692589c76072f2,APUCON-e406060a189a798d4ea7169b,u,"SUMINISTRO E INSTALACION DE VALVULA DE AIRE 1"" TRIPLE ACCION (INCLUYE ACCESORIOS)","SUMINISTRO E INSTALACION DE VALVULA DE CORTE 1"" (INCLUYE ACCESORIOS)",94.92,DESCRIPCION_SIMILAR_MISMA_UNIDAD,NO_FUSIONAR_AUTOMATICAMENTE,REVISAR_MANUALMENTE
APUCON-5065bebea5b45ae3da72135a,APUCON-d58b9a2262b6d24a76c67c89,m,INSTALACION DE TUBERIA PVC LISA DI=75 mm (DESAGUE CISTERNA),INSTALACION DE TUBERIA PVC LISA DI=110 mm,94.87,DESCRIPCION_SIMILAR_MISMA_UNIDAD,NO_FUSIONAR_AUTOMATICAMENTE,REVISAR_MANUALMENTE
APUCON-d29700b321cdcd3047148d88,APUCON-e9274aece66f3116952e22e1,u,SUMINISTRO E INSTALACION DE TEE 1 IN PP ROSCABLE,SUMINISTRO E INSTALACION DE TEE 3 IN PVC ROSCABLE,94.85,DESCRIPCION_SIMILAR_MISMA_UNIDAD,NO_FUSIONAR_AUTOMATICAMENTE,REVISAR_MANUALMENTE
APUCON-e9274aece66f3116952e22e1,APUCON-f53d6a4aeae05f82067ee65e,u,SUMINISTRO E INSTALACION DE TEE 3 IN PVC ROSCABLE,SUMINISTRO E INSTALACION DE TEE 2 IN PP ROSCABLE,94.85,DESCRIPCION_SIMILAR_MISMA_UNIDAD,NO_FUSIONAR_AUTOMATICAMENTE,REVISAR_MANUALMENTE
APUCON-443cbba2e46fbac430ab42a7,APUCON-69177fa4859fa35b57c6f113,u,PROVISION E INSTALACION DE SEÑAL VERTICAL INFORMATIVA O REGLAMENTARIA DE ALUMINIO DE 2mm CON VYNIL REFLECTIVO DE GRADO XI NORMA ASTM D4956 E IMPRESIÓN DIGITAL (INCL. ELEMENTOS DE SUJECCION Y ESTRUCTURA Y SOPORTE 60x60 (NO ENTRE)),PROVISION E INSTALACION DE SEÑAL VERTICAL INFORMATIVA O REGLAMENTARIA DE ALUMINIO DE 2mm CON VYNIL REFLECTIVO DE GRADO XI NORMA ASTM D4956 E IMPRESIÓN DIGITAL (INCL. ELEMENTO DE SUJECCION Y ESTRUCTURA Y SOPORTE 90x30) (DOBLE VIA Y OTROS)),94.81,DESCRIPCION_SIMILAR_MISMA_UNIDAD,NO_FUSIONAR_AUTOMATICAMENTE,REVISAR_MANUALMENTE
APUCON-1f312d538ee3dab30dd46e8f,APUCON-d9344ab812c86efb6d29fe36,u,PROVISION E INSTALACION DE SEÑAL VERTICAL INFORMATIVA O REGLAMENTARIA DE ALUMINIO DE 2mm CON VYNIL REFLECTIVO DE GRADO XI NORMA ASTM D4956 E IMPRESIÓN DIGITAL (INCL. ELEMENTO DE SUJECCION Y ESTRUCTURA Y SOPORTE 60x60 (PROHIBIDO ESTACIONAR),PROVISION E INSTALACION DE SEÑAL VERTICAL INFORMATIVA O REGLAMENTARIA DE ALUMINIO DE 2mm CON VYNIL REFLECTIVO DE GRADO XI NORMA ASTM D4956 E IMPRESIÓN DIGITAL (INCL. ELEMENTOS DE SUJECCION Y ESTRUCTURA Y SOPORTE 60x60 (DISCO PARE),94.76,DESCRIPCION_SIMILAR_MISMA_UNIDAD,NO_FUSIONAR_AUTOMATICAMENTE,REVISAR_MANUALMENTE
APUCON-448b4c04da2fe0f299767f50,APUCON-a8d724fc7193f204c3cfeecc,u,TABLERO 3F DISTRIBUCION TPC-M1,TABLERO 3F DISTRIBUCION TM1,94.74,DESCRIPCION_SIMILAR_MISMA_UNIDAD,NO_FUSIONAR_AUTOMATICAMENTE,REVISAR_MANUALMENTE
APUCON-26e53023dccd5972c2eda590,APUCON-298a91cf6b5685f477af87bd,u,TABLERO 3F DISTRIBUCION TPC-M2,TABLERO 3F DISTRIBUCION TM2,94.74,DESCRIPCION_SIMILAR_MISMA_UNIDAD,NO_FUSIONAR_AUTOMATICAMENTE,REVISAR_MANUALMENTE
APUCON-0ae07f56cfcbc938196a2b09,APUCON-ac38a927bd9465ec29162832,m,ALIMENTADOR AWG-THHN-CU: 2 NO.8 + 1 NO.10 + T NO.12,ALIMENTADOR AWG-THHN-CU: 3 NO.6 + 1 NO.8 + T NO.10,94.74,DESCRIPCION_SIMILAR_MISMA_UNIDAD,NO_FUSIONAR_AUTOMATICAMENTE,REVISAR_MANUALMENTE
APUCON-9edddf054712d4df63d17b35,APUCON-a3f52438d03212d31429251c,m,SUMINISTRO DE TUBERIA PVC LISA DI=75 mm (DESAGUE CISTERNA),SUMINISTRO DE TUBERIA PVC LISA DI=110 mm,94.74,DESCRIPCION_SIMILAR_MISMA_UNIDAD,NO_FUSIONAR_AUTOMATICAMENTE,REVISAR_MANUALMENTE
APUCON-43d9a0f3e438b186a5e31bfb,APUCON-64c9b276ae83587c5af02a37,m,ALIMENTADOR AWG-THHN-CU: 2 NO.6 + 1 NO.8 + T NO.10,ALIMENTADOR AWG-THHN-CU: 3 NO.8 + 1 NO.10 + T NO.12,94.74,DESCRIPCION_SIMILAR_MISMA_UNIDAD,NO_FUSIONAR_AUTOMATICAMENTE,REVISAR_MANUALMENTE
APUCON-17d081a648c60cfd1b54f883,APUCON-631a1f3ae82490062c8eccd5,m2,PORCELANATO 60x60cm,PORCELANATO 30x60cm,94.74,DESCRIPCION_SIMILAR_MISMA_UNIDAD,NO_FUSIONAR_AUTOMATICAMENTE,REVISAR_MANUALMENTE
APUCON-7c32707892258b04438e1e7e,APUCON-f2397cb6a49d1621d7fee089,m3,"SUMINISTRO E INSTALACION DE MATERIAL BASE CLASE 1A (INCLUYE TENDIDO, CONFORMACION, COMPACTACION Y TRANSPORTE)",SUMINISTRO E INSTALACION DE MATERIAL GRANULAR (INCLUYE TENDIDO CONFORMACION Y COMPACTACION),94.67,DESCRIPCION_SIMILAR_MISMA_UNIDAD,NO_FUSIONAR_AUTOMATICAMENTE,REVISAR_MANUALMENTE
APUCON-43b4f90cd3533a09a60e0a2b,APUCON-d6a47070ea4db5b9089adf5f,m,INSTALACION DE TUBERIA PVC ESTRUCTURADA DI= 600 mm (DN650) NORMA NTE INEN 2059,INSTALACION DE TUBERIA PVC ESTRUCTURADA DI=110 mm (DN125) NORMA NTE INEN 2059,94.67,DESCRIPCION_SIMILAR_MISMA_UNIDAD,NO_FUSIONAR_AUTOMATICAMENTE,REVISAR_MANUALMENTE
APUCON-1a8b79caa9359003c1500b2f,APUCON-f2397cb6a49d1621d7fee089,m3,"SUMINISTRO E INSTALACION DE MATERIAL SUB-BASE CLASE 1A (INCLUYE TENDIDO CONFORMACION, COMPACTACION Y TRANSPORTE)",SUMINISTRO E INSTALACION DE MATERIAL GRANULAR (INCLUYE TENDIDO CONFORMACION Y COMPACTACION),94.67,DESCRIPCION_SIMILAR_MISMA_UNIDAD,NO_FUSIONAR_AUTOMATICAMENTE,REVISAR_MANUALMENTE
APUCON-ebeeb26a48fd548f7de617af,APUCON-ecab1584b6a236b6d9db601e,m,INSTALACION DE TUBERIA PVC ESTRUCTURADA DI = 700 mm (DN740) NORMA NTE INEN 2059,INSTALACION DE TUBERIA PVC ESTRUCTURADA DI=250 mm (DN275) NORMA NTE INEN 2059,94.67,DESCRIPCION_SIMILAR_MISMA_UNIDAD,NO_FUSIONAR_AUTOMATICAMENTE,REVISAR_MANUALMENTE
APUCON-d6a47070ea4db5b9089adf5f,APUCON-e14fc1adac7824639dd23f12,m,INSTALACION DE TUBERIA PVC ESTRUCTURADA DI=110 mm (DN125) NORMA NTE INEN 2059,INSTALACION DE TUBERIA PVC ESTRUCTURADA DI = 200 mm (DN220) NORMA NTE INEN 2059,94.67,DESCRIPCION_SIMILAR_MISMA_UNIDAD,NO_FUSIONAR_AUTOMATICAMENTE,REVISAR_MANUALMENTE
APUCON-0913926190c80354e5ae990b,APUCON-ebeeb26a48fd548f7de617af,m,INSTALACION DE TUBERIA PVC ESTRUCTURADA DI=160 mm (DN175) NORMA NTE INEN 2059,INSTALACION DE TUBERIA PVC ESTRUCTURADA DI = 700 mm (DN740) NORMA NTE INEN 2059,94.67,DESCRIPCION_SIMILAR_MISMA_UNIDAD,NO_FUSIONAR_AUTOMATICAMENTE,REVISAR_MANUALMENTE
APUCON-43b4f90cd3533a09a60e0a2b,APUCON-ecab1584b6a236b6d9db601e,m,INSTALACION DE TUBERIA PVC ESTRUCTURADA DI= 600 mm (DN650) NORMA NTE INEN 2059,INSTALACION DE TUBERIA PVC ESTRUCTURADA DI=250 mm (DN275) NORMA NTE INEN 2059,94.67,DESCRIPCION_SIMILAR_MISMA_UNIDAD,NO_FUSIONAR_AUTOMATICAMENTE,REVISAR_MANUALMENTE
APUCON-69177fa4859fa35b57c6f113,APUCON-6b04e8e6dd6bcedfae30234f,u,PROVISION E INSTALACION DE SEÑAL VERTICAL INFORMATIVA O REGLAMENTARIA DE ALUMINIO DE 2mm CON VYNIL REFLECTIVO DE GRADO XI NORMA ASTM D4956 E IMPRESIÓN DIGITAL (INCL. ELEMENTO DE SUJECCION Y ESTRUCTURA Y SOPORTE 90x30) (DOBLE VIA Y OTROS)),PROVISION E INSTALACION DE SEÑAL VERTICAL INFORMATIVA O REGLAMENTARIA DE ALUMINIO DE 2mm CON VYNIL REFLECTIVO DE GRADO XI NORMA ASTM D4956 E IMPRESIÓN DIGITAL (INCL. ELEMENTOS DE SUJECCION Y ESTRUCTURA Y SOPORTE 60x60 (SOLO BICICLETAS)),94.66,DESCRIPCION_SIMILAR_MISMA_UNIDAD,NO_FUSIONAR_AUTOMATICAMENTE,REVISAR_MANUALMENTE
APUCON-6c34de75d2ee5910c6c87661,APUCON-7890affda41d88f521415211,u,SUMINISTRO E INSTALACION DE CODO 22.5' PP 2 IN ROSCABLE,SUMINISTRO E INSTALACION DE CODO 45' PP 2 1/2 IN ROSCABLE,94.64,DESCRIPCION_SIMILAR_MISMA_UNIDAD,NO_FUSIONAR_AUTOMATICAMENTE,REVISAR_MANUALMENTE
APUCON-6b04e8e6dd6bcedfae30234f,APUCON-dcc4d0d373c1c60eea760b0e,u,PROVISION E INSTALACION DE SEÑAL VERTICAL INFORMATIVA O REGLAMENTARIA DE ALUMINIO DE 2mm CON VYNIL REFLECTIVO DE GRADO XI NORMA ASTM D4956 E IMPRESIÓN DIGITAL (INCL. ELEMENTOS DE SUJECCION Y ESTRUCTURA Y SOPORTE 60x60 (SOLO BICICLETAS)),"PROVISION E INSTALACION DE SEÑAL VERTICAL INFORMATIVA O REGLAMENTARIA DE ALUMINIO DE 2mm CON VYNIL REFLECTIVO DE GRADO XI NORMA ASTM D4956 E IMPRESIÓN DIGITAL (INCL. ELEMENTOS DE SUJECCION, ESTRUCTURA Y SOPORTE (PROXIMIDAD DE CRUCE DE CICLOVIA))",94.63,DESCRIPCION_SIMILAR_MISMA_UNIDAD,NO_FUSIONAR_AUTOMATICAMENTE,REVISAR_MANUALMENTE
APUCON-43d9a0f3e438b186a5e31bfb,APUCON-fe312dd7f46115b2b5bb0d85,m,ALIMENTADOR AWG-THHN-CU: 2 NO.6 + 1 NO.8 + T NO.10,ALIMENTADOR AWG-THHN-CU: 3 NO.4 + 1 NO.6 + T NO.8,94.62,DESCRIPCION_SIMILAR_MISMA_UNIDAD,NO_FUSIONAR_AUTOMATICAMENTE,REVISAR_MANUALMENTE
APUCON-52ef314a9b79520f7308bfa0,APUCON-6b861a237a2a882dad94de20,u,SUMINISTRO E INSTALACION DE BOMBA CENTRIFUGA 5 HP,"SUMINISTRO E INSTALACION DE BOMBA CENTRIFUGA TDH=21.5m, Q=4.58 L/S (INCLUYE ACCESORIOS)",94.62,DESCRIPCION_SIMILAR_MISMA_UNIDAD,NO_FUSIONAR_AUTOMATICAMENTE,REVISAR_MANUALMENTE
APUCON-381df63825a2f9ffcff09b6d,APUCON-89333569c129a862f79373c9,u,SUMINISTRO E INSTALACION DE BOMBA CENTRIFUGA 1 HP,"SUMINISTRO E INSTALACION DE BOMBA CENTRIFUGA TDH=37.1m, Q=8.61 L/S (INCLUYE ACCESORIOS)",94.62,DESCRIPCION_SIMILAR_MISMA_UNIDAD,NO_FUSIONAR_AUTOMATICAMENTE,REVISAR_MANUALMENTE
APUCON-ac38a927bd9465ec29162832,APUCON-e1a89140d8b2aa0f45587e74,m,ALIMENTADOR AWG-THHN-CU: 3 NO.6 + 1 NO.8 + T NO.10,ALIMENTADOR AWG-THHN-CU: 3 NO.2 + 1 NO.4 + T NO.6,94.62,DESCRIPCION_SIMILAR_MISMA_UNIDAD,NO_FUSIONAR_AUTOMATICAMENTE,REVISAR_MANUALMENTE
APUCON-381df63825a2f9ffcff09b6d,APUCON-6b861a237a2a882dad94de20,u,SUMINISTRO E INSTALACION DE BOMBA CENTRIFUGA 1 HP,"SUMINISTRO E INSTALACION DE BOMBA CENTRIFUGA TDH=21.5m, Q=4.58 L/S (INCLUYE ACCESORIOS)",94.62,DESCRIPCION_SIMILAR_MISMA_UNIDAD,NO_FUSIONAR_AUTOMATICAMENTE,REVISAR_MANUALMENTE
APUCON-1fab344a27dc96ce3274891d,APUCON-89333569c129a862f79373c9,u,SUMINISTRO E INSTALACION DE BOMBA CENTRIFUGA 2 HP,"SUMINISTRO E INSTALACION DE BOMBA CENTRIFUGA TDH=37.1m, Q=8.61 L/S (INCLUYE ACCESORIOS)",94.62,DESCRIPCION_SIMILAR_MISMA_UNIDAD,NO_FUSIONAR_AUTOMATICAMENTE,REVISAR_MANUALMENTE
APUCON-1fab344a27dc96ce3274891d,APUCON-6b861a237a2a882dad94de20,u,SUMINISTRO E INSTALACION DE BOMBA CENTRIFUGA 2 HP,"SUMINISTRO E INSTALACION DE BOMBA CENTRIFUGA TDH=21.5m, Q=4.58 L/S (INCLUYE ACCESORIOS)",94.62,DESCRIPCION_SIMILAR_MISMA_UNIDAD,NO_FUSIONAR_AUTOMATICAMENTE,REVISAR_MANUALMENTE
APUCON-52ef314a9b79520f7308bfa0,APUCON-89333569c129a862f79373c9,u,SUMINISTRO E INSTALACION DE BOMBA CENTRIFUGA 5 HP,"SUMINISTRO E INSTALACION DE BOMBA CENTRIFUGA TDH=37.1m, Q=8.61 L/S (INCLUYE ACCESORIOS)",94.62,DESCRIPCION_SIMILAR_MISMA_UNIDAD,NO_FUSIONAR_AUTOMATICAMENTE,REVISAR_MANUALMENTE
APUCON-6c80be91d6b2514a740b0bba,APUCON-a09b629238f80c719a133c6b,m,SUMINISTRO DE TUBERIA PVC ESTRUCTURADA DI= 700 mm (DN740) NORMA NTE INEN 2059,SUMINISTRO DE TUBERIA PVC ESTRUCTURADA DI=160 mm (DN175) NORMA NTE INEN 2059,94.59,DESCRIPCION_SIMILAR_MISMA_UNIDAD,NO_FUSIONAR_AUTOMATICAMENTE,REVISAR_MANUALMENTE
APUCON-1c01a8110e2ef17ef3f61727,APUCON-dbd2524b4249f47825c4e939,m,SUMINISTRO DE TUBERIA PVC ESTRUCTURADA DI=110 mm (DN125) NORMA NTE INEN 2059,SUMINISTRO DE TUBERIA PVC ESTRUCTURADA DI = 200 mm (DN220) NORMA NTE INEN 2059,94.59,DESCRIPCION_SIMILAR_MISMA_UNIDAD,NO_FUSIONAR_AUTOMATICAMENTE,REVISAR_MANUALMENTE
APUCON-49aff83a215624e94e66aaf2,APUCON-6c80be91d6b2514a740b0bba,m,SUMINISTRO DE TUBERIA PVC ESTRUCTURADA DI=250 mm (DN275) NORMA NTE INEN 2059,SUMINISTRO DE TUBERIA PVC ESTRUCTURADA DI= 700 mm (DN740) NORMA NTE INEN 2059,94.59,DESCRIPCION_SIMILAR_MISMA_UNIDAD,NO_FUSIONAR_AUTOMATICAMENTE,REVISAR_MANUALMENTE
APUCON-49aff83a215624e94e66aaf2,APUCON-bee02e82ee988e213b58c32b,m,SUMINISTRO DE TUBERIA PVC ESTRUCTURADA DI=250 mm (DN275) NORMA NTE INEN 2059,SUMINISTRO DE TUBERIA PVC ESTRUCTURADA DI= 600 mm (DN650) NORMA NTE INEN 2059,94.59,DESCRIPCION_SIMILAR_MISMA_UNIDAD,NO_FUSIONAR_AUTOMATICAMENTE,REVISAR_MANUALMENTE
APUCON-1c01a8110e2ef17ef3f61727,APUCON-bee02e82ee988e213b58c32b,m,SUMINISTRO DE TUBERIA PVC ESTRUCTURADA DI=110 mm (DN125) NORMA NTE INEN 2059,SUMINISTRO DE TUBERIA PVC ESTRUCTURADA DI= 600 mm (DN650) NORMA NTE INEN 2059,94.59,DESCRIPCION_SIMILAR_MISMA_UNIDAD,NO_FUSIONAR_AUTOMATICAMENTE,REVISAR_MANUALMENTE
APUCON-154bc66efa9589c542172f6b,APUCON-52d9e8e8ec1b6beb1650105d,m3,DESALOJO DEL MATERIAL SOBRANTE (BOTADERO MUNICIPAL),DESALOJO DE MATERIAL SOBRANTE,94.55,DESCRIPCION_SIMILAR_MISMA_UNIDAD,NO_FUSIONAR_AUTOMATICAMENTE,REVISAR_MANUALMENTE
APUCON-6962cbd2089116b18abb1b67,APUCON-b3f978f99970ae335a59f44d,u,SUMINISTRO E INSTALACION DE TAPA DE ACERO (0.90x1.40m) (E=10mm),SUMINISTRO E INSTALACION DE TAPA DE ACERO (0.30x0.30m) (E=10mm),94.44,DESCRIPCION_SIMILAR_MISMA_UNIDAD,NO_FUSIONAR_AUTOMATICAMENTE,REVISAR_MANUALMENTE
APUCON-3eaa5a2210ce73e245dd8aef,APUCON-3ec63d5607c7cc09122f6c65,u,SUMINISTRO E INSTALACION DE TAPA DE ACERO (1.13X1.13m) (E=6mm),SUMINISTRO E INSTALACION DE TAPA DE ACERO (1.33X0.93m) (E=6mm),94.34,DESCRIPCION_SIMILAR_MISMA_UNIDAD,NO_FUSIONAR_AUTOMATICAMENTE,REVISAR_MANUALMENTE
APUCON-0cec0dfc1e47499212e51bb8,APUCON-599b8920c02b8207d35aae38,u,"SUMINISTRO E INSTALACION DE CODO PVC D=75mm / TIPO PESADO DE RADIO LARGO PARA SISTEMA ELECTRICO, SEMAFORIZACION O COMUNICACIÓN","SUMINISTRO E INSTALACION CODO DE PVC D=1"" (32mm) / TIPO PESADO - PARA SISTEMA ELECTRICO",94.34,DESCRIPCION_SIMILAR_MISMA_UNIDAD,NO_FUSIONAR_AUTOMATICAMENTE,REVISAR_MANUALMENTE
APUCON-0cec0dfc1e47499212e51bb8,APUCON-39b32fb3ab4995fe00f7c52f,u,"SUMINISTRO E INSTALACION DE CODO PVC D=75mm / TIPO PESADO DE RADIO LARGO PARA SISTEMA ELECTRICO, SEMAFORIZACION O COMUNICACIÓN","SUMINISTRO E INSTALACION CODO DE PVC D= 2"" (63mm) / TIPO PESADO - PARA SISTEMA ELECTRICO",94.34,DESCRIPCION_SIMILAR_MISMA_UNIDAD,NO_FUSIONAR_AUTOMATICAMENTE,REVISAR_MANUALMENTE
APUCON-19d961aba558a9f69cc491a9,APUCON-c62e495939f1dcfc0caf6ccd,u,SUMINISTRO E INSTALACION DE TAPA DE ACERO (1.80X2.03m) (E=6mm),SUMINISTRO E INSTALACION DE TAPA DE ACERO (2.02X2.02m) (E=6mm),94.34,DESCRIPCION_SIMILAR_MISMA_UNIDAD,NO_FUSIONAR_AUTOMATICAMENTE,REVISAR_MANUALMENTE
APUCON-69fa2527db93ec8ec7584025,APUCON-dc21e92a5c42057318ed1374,u,SUMINISTRO E INSTALACION DE REDUCTOR PVC EC 50 A 40mm,SUMINISTRO E INSTALACION DE REDUCTOR PVC EC 40 A 25mm,94.34,DESCRIPCION_SIMILAR_MISMA_UNIDAD,NO_FUSIONAR_AUTOMATICAMENTE,REVISAR_MANUALMENTE
APUCON-67ae838aec082ae9060f2566,APUCON-83cd8642a9639a4898df0a27,u,SUMINISTRO E INSTALACION DE CODO DESAGUE EC 110mmX45',SUMINISTRO E INSTALACION DE CODO DESAGUE CC 125mmX45',94.34,DESCRIPCION_SIMILAR_MISMA_UNIDAD,NO_FUSIONAR_AUTOMATICAMENTE,REVISAR_MANUALMENTE
APUCON-e6345e04cbb8f8fd06cba3e3,APUCON-fe6ca088e0327be13ab2e111,u,SUMINISTRO E INSTALACION DE CODO DESAGUE CC 220mmX90',SUMINISTRO E INSTALACION DE CODO DESAGUE EC 110mmX90',94.34,DESCRIPCION_SIMILAR_MISMA_UNIDAD,NO_FUSIONAR_AUTOMATICAMENTE,REVISAR_MANUALMENTE
APUCON-73f0e99a16978c5df411a0eb,APUCON-a88294e2263cd254550a5617,m3,RELLENO COMPACTADO CON COMPACTADOR MANUAL DE MATERIAL IMPORTADO (INCLUYE TRANSPORTE),RELLENO COMPACTADO CON RODILLO DE MATERIAL IMPORTADO (INCLUYE TRANSPORTE),94.03,DESCRIPCION_SIMILAR_MISMA_UNIDAD,NO_FUSIONAR_AUTOMATICAMENTE,REVISAR_MANUALMENTE
APUCON-5c179b43b7d7b903ab054df0,APUCON-74c28954157a82a89f0047d3,u,SUMINISTRO DE PILOTES F´C=350 Kg/cm2 DE 45x45 L=25.0m,SUMINISTRO DE PILOTES F´C=350 Kg/cm2 DE 40x40 L=21.0m,94.00,DESCRIPCION_SIMILAR_MISMA_UNIDAD,NO_FUSIONAR_AUTOMATICAMENTE,REVISAR_MANUALMENTE
APUCON-126278f4831b2a77d966d8a8,APUCON-edfe5a4e260755764a3e3e1f,m,BORDILLO TIPO ESCALÓN SIN CUNETA DE HORMIGÓN SIMPLE F´C=210 KG/CM2 (DOBLE ESCALÓN),BORDILLO CUNETA F´C= 210 Kg/cm2,100.00,DESCRIPCION_SIMILAR_MISMA_UNIDAD,NO_FUSIONAR_AUTOMATICAMENTE,REVISAR_MANUALMENTE
APUCON-3722b2b2d611f85d00d71908,APUCON-ed2ff64481461df0a6cf901d,u,"TABLERO DE DISTRIBUCION METALICO PARA ALIMENTAR A 3 MEDIDORES (INCL. BREAKER PRINCIPAL DE 70 AMP 2 POLOS, BARRAS DE COBRE, AISLADORES, SIN BASES SOCKET, 3 BREAKERS DE 50 AMP 2 POLOS, TOTALMENTE CABLEADO. SE CONECTARAN LOS MEDIDORES EXISTENTES)","TABLERO DE DISTRIBUCION METALICO PARA ALIMENTAR A 2 MEDIDORES (INCL. BREAKER PRINCIPAL DE 70 AMP 2 POLOS, BARRAS DE COBRE, AISLADORES, SIN BASES SOCKET, 2 BREAKERS DE 50 AMP 2 POLOS, TOTALMENTE CABLEADO. SE CONECTARAN LOS MEDIDORES EXISTENTES",100.00,DESCRIPCION_SIMILAR_MISMA_UNIDAD,NO_FUSIONAR_AUTOMATICAMENTE,REVISAR_MANUALMENTE
APUCON-22601d268d97ff5bf7c81d6c,APUCON-3509b2a2f8ff6658bc82f6cd,m,SUMINISTRO DE TUBERIA PP UNION ROSCABLE DI=2 1/2 plg 1.25 MPA,SUMINISTRO DE TUBERIA PP UNION ROSCABLE DI=2 plg 1.25 MPA,100.00,DESCRIPCION_SIMILAR_MISMA_UNIDAD,NO_FUSIONAR_AUTOMATICAMENTE,REVISAR_MANUALMENTE
APUV1-84c5504c297f5648ec0420df,APUV1-eaf7f264d364924aba935bf4,m,INSTALACION DE TUBERIA PP UNION ROSCABLE DI=1/2 plg 1.25 MPA,INSTALACION DE TUBERIA PP UNION ROSCABLE DI=1/2 plg 1.25 MPA,100.00,MISMO_NOMBRE_UNIDAD_ESTRUCTURA_DIFERENTE,CONSERVAR_VARIANTES,REVISAR_SI_SE_DESEA_UNIFICAR_CONCEPTO
APUCON-22601d268d97ff5bf7c81d6c,APUCON-cc1025e114436d8b33f0fd51,m,SUMINISTRO DE TUBERIA PP UNION ROSCABLE DI=2 1/2 plg 1.25 MPA,SUMINISTRO DE TUBERIA PP UNION ROSCABLE DI=1/2 plg 1.25 MPA,100.00,DESCRIPCION_SIMILAR_MISMA_UNIDAD,NO_FUSIONAR_AUTOMATICAMENTE,REVISAR_MANUALMENTE
APUCON-1931858cd99c7170bf9e3aca,APUCON-4506f70b34dcce31f4c50514,m,"CANALIZACION BATERIA 4 x 4"" PVC PESADO",CANALIZACION DE BATERIA DE 4 x 50mm PVC PESADO,100.00,DESCRIPCION_SIMILAR_MISMA_UNIDAD,NO_FUSIONAR_AUTOMATICAMENTE,REVISAR_MANUALMENTE
APUCON-9334bd606fc98b8fb6942bd0,APUCON-f696a74540c5fbf61c5347c4,m,"CANALIZACION 2 x 4"" PVC PESADO + 2x4"" MET. RIGIDO","CANALIZACION 2 x 4"" MET. RIGIDO",100.00,DESCRIPCION_SIMILAR_MISMA_UNIDAD,NO_FUSIONAR_AUTOMATICAMENTE,REVISAR_MANUALMENTE
APUCON-2beade4a29606dc1d29d85fa,APUCON-3db727d5610f7dcb110e825b,m,SUMINISTRO DE TUBERIA PP UNION ROSCABLE DI=1 1/4 plg 1.25 MPA,SUMINISTRO DE TUBERIA PP UNION ROSCABLE DI=1 plg 1.25 MPA,100.00,DESCRIPCION_SIMILAR_MISMA_UNIDAD,NO_FUSIONAR_AUTOMATICAMENTE,REVISAR_MANUALMENTE
APUCON-3ec790c66776ef43dece6aba,APUCON-6686e211d47a21769f68adf7,m,INSTALACION DE TUBERIA PP UNION ROSCABLE DI=1/2 plg 1.25 MPA,INSTALACION DE TUBERIA PP UNION ROSCABLE DI=2 1/2 plg 1.25 MPA,100.00,DESCRIPCION_SIMILAR_MISMA_UNIDAD,NO_FUSIONAR_AUTOMATICAMENTE,REVISAR_MANUALMENTE
APUCON-3ec790c66776ef43dece6aba,APUCON-ae72aa79521a5ccce203be96,m,INSTALACION DE TUBERIA PP UNION ROSCABLE DI=1/2 plg 1.25 MPA,INSTALACION DE TUBERIA PP UNION ROSCABLE DI=1 1/2 plg 1.25 MPA,100.00,DESCRIPCION_SIMILAR_MISMA_UNIDAD,NO_FUSIONAR_AUTOMATICAMENTE,REVISAR_MANUALMENTE
APUCON-a9e7330ee6c4f153dfb41dca,APUCON-cc1025e114436d8b33f0fd51,m,SUMINISTRO DE TUBERIA PP UNION ROSCABLE DI=1 1/2 plg 1.25 MPA,SUMINISTRO DE TUBERIA PP UNION ROSCABLE DI=1/2 plg 1.25 MPA,100.00,DESCRIPCION_SIMILAR_MISMA_UNIDAD,NO_FUSIONAR_AUTOMATICAMENTE,REVISAR_MANUALMENTE
APUCON-925bc7abd8d7bb43709a1529,APUCON-d2a9bec8b283b7cce831d4cb,m,INSTALACION DE TUBERIA PP UNION ROSCABLE DI=1 1/4 plg 1.25 MPA,INSTALACION DE TUBERIA PP UNION ROSCABLE DI=1 plg 1.25 MPA,100.00,DESCRIPCION_SIMILAR_MISMA_UNIDAD,NO_FUSIONAR_AUTOMATICAMENTE,REVISAR_MANUALMENTE
APUCON-d70e6933606779aa21865c83,APUCON-f9a8052e663317e22dd892c8,u,MONITOREO Y CONTROL DE RUIDO (MENSUAL),MONITOREO DE RUIDO,100.00,DESCRIPCION_SIMILAR_MISMA_UNIDAD,NO_FUSIONAR_AUTOMATICAMENTE,REVISAR_MANUALMENTE
APUCON-ae72aa79521a5ccce203be96,APUCON-d2a9bec8b283b7cce831d4cb,m,INSTALACION DE TUBERIA PP UNION ROSCABLE DI=1 1/2 plg 1.25 MPA,INSTALACION DE TUBERIA PP UNION ROSCABLE DI=1 plg 1.25 MPA,100.00,DESCRIPCION_SIMILAR_MISMA_UNIDAD,NO_FUSIONAR_AUTOMATICAMENTE,REVISAR_MANUALMENTE
APUCON-3db727d5610f7dcb110e825b,APUCON-a9e7330ee6c4f153dfb41dca,m,SUMINISTRO DE TUBERIA PP UNION ROSCABLE DI=1 plg 1.25 MPA,SUMINISTRO DE TUBERIA PP UNION ROSCABLE DI=1 1/2 plg 1.25 MPA,100.00,DESCRIPCION_SIMILAR_MISMA_UNIDAD,NO_FUSIONAR_AUTOMATICAMENTE,REVISAR_MANUALMENTE
APUCON-9334bd606fc98b8fb6942bd0,APUCON-d9fbc86c67a5b5d28d046fe1,m,"CANALIZACION 2 x 4"" PVC PESADO + 2x4"" MET. RIGIDO","CANALIZACION 4 x 4"" PVC PESADO + 2x4"" MET. RIGIDO",100.00,DESCRIPCION_SIMILAR_MISMA_UNIDAD,NO_FUSIONAR_AUTOMATICAMENTE,REVISAR_MANUALMENTE
APUCON-56922edc7882648267519ca4,APUCON-8f23ae89e7de711853579172,m,SUMINISTRO E INSTALACION DE TUBERIA ACERO ASTM A36 D=150 mm,SUMINISTRO E INSTALACION DE TUBERIA ACERO PERFORADA ASTM A36 D=150 mm,100.00,DESCRIPCION_SIMILAR_MISMA_UNIDAD,NO_FUSIONAR_AUTOMATICAMENTE,REVISAR_MANUALMENTE
APUCON-9761c157d857a599467b20a3,APUCON-9c80404225b5f0f4e33b0ad8,m,SUMINISTRO E INSTALACION DE TUBERIA PEAD D= 20mm,"SUMINISTRO E INSTALACION DE TUBERIA PEAD D=1/2"" (Ø20mm),PE - 100PN/10BARS (INCL. CAMA DE ARENA Y ACCESORIOS VARIOS)",100.00,DESCRIPCION_SIMILAR_MISMA_UNIDAD,NO_FUSIONAR_AUTOMATICAMENTE,REVISAR_MANUALMENTE
APUCON-1931858cd99c7170bf9e3aca,APUCON-98c0c2346cf4f9cfdd551ccd,m,"CANALIZACION BATERIA 4 x 4"" PVC PESADO","CANALIZACION BATERIA 6 X 4"" PVC PESADO",100.00,DESCRIPCION_SIMILAR_MISMA_UNIDAD,NO_FUSIONAR_AUTOMATICAMENTE,REVISAR_MANUALMENTE
APUCON-1931858cd99c7170bf9e3aca,APUCON-3089989abc08c95cff538596,m,"CANALIZACION BATERIA 4 x 4"" PVC PESADO","CANALIZACION BATERIA 2 x 4"" PVC PESADO",100.00,DESCRIPCION_SIMILAR_MISMA_UNIDAD,NO_FUSIONAR_AUTOMATICAMENTE,REVISAR_MANUALMENTE
APUCON-82723a87dde28c85a25c8e05,APUCON-f4588a20f0bdab6f85c3eeb8,m,ENLUCIDO DE FILOS,ENLUCIDO Y RESANE DE FILOS APLICANDO MORTERO PREDOSIFICADO,100.00,DESCRIPCION_SIMILAR_MISMA_UNIDAD,NO_FUSIONAR_AUTOMATICAMENTE,REVISAR_MANUALMENTE
APUCON-6686e211d47a21769f68adf7,APUCON-fe4e5d274daf8d5d8dddf065,m,INSTALACION DE TUBERIA PP UNION ROSCABLE DI=2 1/2 plg 1.25 MPA,INSTALACION DE TUBERIA PP UNION ROSCABLE DI=2 plg 1.25 MPA,100.00,DESCRIPCION_SIMILAR_MISMA_UNIDAD,NO_FUSIONAR_AUTOMATICAMENTE,REVISAR_MANUALMENTE
APUCON-c65d1cd2617f9ff61a9c4d16,APUCON-cb0a27ba7678a7c18a8529d7,u,SUMINISTRO E INSTALACION DE REDUCTOR DE 2 A 1 1/2 IN PP ROSCABLE,SUMINISTRO E INSTALACION DE REDUCTOR DE 2 A 1/2 IN PP ROSCABLE,100.00,DESCRIPCION_SIMILAR_MISMA_UNIDAD,NO_FUSIONAR_AUTOMATICAMENTE,REVISAR_MANUALMENTE
APUCON-1f3f6788c7e7308532c034b0,APUCON-dc7c35fb266946e6ae8c738d,m3,SUSTRATO ORGANICO (TIERRA VEGETAL) 40%,SUSTRATO ORGANICO (TIERRA VEGETAL 60% CON LIMO O ARCILLA FINA 40%),100.00,DESCRIPCION_SIMILAR_MISMA_UNIDAD,NO_FUSIONAR_AUTOMATICAMENTE,REVISAR_MANUALMENTE
APUCON-126278f4831b2a77d966d8a8,APUCON-e6c327dcf5ac341aa5738240,m,BORDILLO TIPO ESCALÓN SIN CUNETA DE HORMIGÓN SIMPLE F´C=210 KG/CM2 (DOBLE ESCALÓN),BORDILLO TIPO ESCALON DE HORMIGON SIMPLE F´C=210 KG/CM2 (DOBLE ESCALON),100.00,DESCRIPCION_SIMILAR_MISMA_UNIDAD,NO_FUSIONAR_AUTOMATICAMENTE,REVISAR_MANUALMENTE
APUCON-4410c196bc3e80dd08d9ef91,APUCON-f669751684cb4787a39346c4,u,INODORO (INCLUYE ACCESORIOS),INODORO PARA DISCAPACITADOS (INCLUYE ACCESORIOS),100.00,DESCRIPCION_SIMILAR_MISMA_UNIDAD,NO_FUSIONAR_AUTOMATICAMENTE,REVISAR_MANUALMENTE
APUCON-06ca65dc935c8bb10a948565,APUCON-d32f29513ec4ebf1377b1f6e,u,SUMINISTRO E INSTALACION DE REDUCTOR DE 2 1/2 A 1/2 IN PP ROSCABLE,SUMINISTRO E INSTALACION DE REDUCTOR DE 2 1/2 A 1 IN PP ROSCABLE,100.00,DESCRIPCION_SIMILAR_MISMA_UNIDAD,NO_FUSIONAR_AUTOMATICAMENTE,REVISAR_MANUALMENTE
APUCON-06ca65dc935c8bb10a948565,APUCON-33e9c77d208b697c0428d690,u,SUMINISTRO E INSTALACION DE REDUCTOR DE 2 1/2 A 1/2 IN PP ROSCABLE,SUMINISTRO E INSTALACION DE REDUCTOR DE 2 1/2 A 1 1/2 IN PP ROSCABLE,100.00,DESCRIPCION_SIMILAR_MISMA_UNIDAD,NO_FUSIONAR_AUTOMATICAMENTE,REVISAR_MANUALMENTE
APUCON-57d8569cfe3d8fc4c4ee7714,APUCON-cb0a27ba7678a7c18a8529d7,u,SUMINISTRO E INSTALACION DE REDUCTOR DE 2 1/2 A 3/4 IN PP ROSCABLE,SUMINISTRO E INSTALACION DE REDUCTOR DE 2 A 1/2 IN PP ROSCABLE,100.00,DESCRIPCION_SIMILAR_MISMA_UNIDAD,NO_FUSIONAR_AUTOMATICAMENTE,REVISAR_MANUALMENTE
APUCON-545b94510c056c60ebc7e462,APUCON-57d8569cfe3d8fc4c4ee7714,u,SUMINISTRO E INSTALACION DE REDUCTOR DE 2 1/2 A 2 IN PP ROSCABLE,SUMINISTRO E INSTALACION DE REDUCTOR DE 2 1/2 A 3/4 IN PP ROSCABLE,100.00,DESCRIPCION_SIMILAR_MISMA_UNIDAD,NO_FUSIONAR_AUTOMATICAMENTE,REVISAR_MANUALMENTE
APUCON-06ca65dc935c8bb10a948565,APUCON-57d8569cfe3d8fc4c4ee7714,u,SUMINISTRO E INSTALACION DE REDUCTOR DE 2 1/2 A 1/2 IN PP ROSCABLE,SUMINISTRO E INSTALACION DE REDUCTOR DE 2 1/2 A 3/4 IN PP ROSCABLE,100.00,DESCRIPCION_SIMILAR_MISMA_UNIDAD,NO_FUSIONAR_AUTOMATICAMENTE,REVISAR_MANUALMENTE
APUCON-4f06b832ac7e40a6728fd9d6,APUCON-57d8569cfe3d8fc4c4ee7714,u,SUMINISTRO E INSTALACION DE REDUCTOR DE 3/4 A 1/2 IN PP ROSCABLE,SUMINISTRO E INSTALACION DE REDUCTOR DE 2 1/2 A 3/4 IN PP ROSCABLE,100.00,DESCRIPCION_SIMILAR_MISMA_UNIDAD,NO_FUSIONAR_AUTOMATICAMENTE,REVISAR_MANUALMENTE
APUCON-22f3372a4967d601866b5851,APUCON-4f06b832ac7e40a6728fd9d6,u,SUMINISTRO E INSTALACION DE REDUCTOR DE 1 1/2 A 3/4 IN PP ROSCABLE,SUMINISTRO E INSTALACION DE REDUCTOR DE 3/4 A 1/2 IN PP ROSCABLE,100.00,DESCRIPCION_SIMILAR_MISMA_UNIDAD,NO_FUSIONAR_AUTOMATICAMENTE,REVISAR_MANUALMENTE
APUCON-0b8a564a68b5e13df06af92d,APUCON-d32f29513ec4ebf1377b1f6e,u,SUMINISTRO E INSTALACION DE REDUCTOR DE 1 A 1/2 IN PP ROSCABLE,SUMINISTRO E INSTALACION DE REDUCTOR DE 2 1/2 A 1 IN PP ROSCABLE,100.00,DESCRIPCION_SIMILAR_MISMA_UNIDAD,NO_FUSIONAR_AUTOMATICAMENTE,REVISAR_MANUALMENTE
APUCON-0b8a564a68b5e13df06af92d,APUCON-c65d1cd2617f9ff61a9c4d16,u,SUMINISTRO E INSTALACION DE REDUCTOR DE 1 A 1/2 IN PP ROSCABLE,SUMINISTRO E INSTALACION DE REDUCTOR DE 2 A 1 1/2 IN PP ROSCABLE,100.00,DESCRIPCION_SIMILAR_MISMA_UNIDAD,NO_FUSIONAR_AUTOMATICAMENTE,REVISAR_MANUALMENTE
APUCON-3e2f8cb12d6ead351fbe30df,APUCON-411b2aacf2b624a993a8a226,u,SUMINISTRO E INSTALACION DE TEE 3/4 IN PP ROSCABLE,SUMINISTRO E INSTALACION DE TEE 3/4 A 1/2 IN PP ROSCABLE,100.00,DESCRIPCION_SIMILAR_MISMA_UNIDAD,NO_FUSIONAR_AUTOMATICAMENTE,REVISAR_MANUALMENTE
APUCON-0b8a564a68b5e13df06af92d,APUCON-f8e29bab67485084b0c89f95,u,SUMINISTRO E INSTALACION DE REDUCTOR DE 1 A 1/2 IN PP ROSCABLE,SUMINISTRO E INSTALACION DE REDUCTOR DE 1 1/4 A 1/2 IN PP ROSCABLE,100.00,DESCRIPCION_SIMILAR_MISMA_UNIDAD,NO_FUSIONAR_AUTOMATICAMENTE,REVISAR_MANUALMENTE
APUCON-602da209ffe7fa9bd4f14b14,APUCON-a5ed616d51fda41d4bb2ed0e,u,COLGADOR PARA TUBERIA 1/2 IN,COLGADOR PARA TUBERIA 2 1/2 IN,100.00,DESCRIPCION_SIMILAR_MISMA_UNIDAD,NO_FUSIONAR_AUTOMATICAMENTE,REVISAR_MANUALMENTE
APUCON-0b8a564a68b5e13df06af92d,APUCON-10348fbb68ab8b1fd5c738dc,u,SUMINISTRO E INSTALACION DE REDUCTOR DE 1 A 1/2 IN PP ROSCABLE,SUMINISTRO E INSTALACION DE REDUCTOR DE 1 1/2 A 1/2 IN PP ROSCABLE,100.00,DESCRIPCION_SIMILAR_MISMA_UNIDAD,NO_FUSIONAR_AUTOMATICAMENTE,REVISAR_MANUALMENTE
APUCON-8a4067c08d3384c78284dfa9,APUCON-9e3347c533ef6134e4b07710,u,SUMINISTRO E INSTALACION DE CODO 90' PP 2 1/2 IN ROSCABLE,SUMINISTRO E INSTALACION DE CODO 90' PP 1/2 IN ROSCABLE,100.00,DESCRIPCION_SIMILAR_MISMA_UNIDAD,NO_FUSIONAR_AUTOMATICAMENTE,REVISAR_MANUALMENTE
APUCON-2d994f5c50ee3ddfb58c3fd6,APUCON-a00e607d93c81fb61fe2380e,u,SUMINISTRO E INSTALACION DE VALVULA DE BOLA PVC D= 2 1/2 plg ROSCABLE,SUMINISTRO E INSTALACION DE VALVULA DE BOLA PVC D= 2 plg ROSCABLE,100.00,DESCRIPCION_SIMILAR_MISMA_UNIDAD,NO_FUSIONAR_AUTOMATICAMENTE,REVISAR_MANUALMENTE
APUCON-91dc355c4fbf173dfe381c6f,APUCON-bf4342c752a3d4c03dad693b,u,SUMINISTRO E INSTALACION DE CODO 45' PP 3/4,SUMINISTRO E INSTALACION DE CODO 45' PP 3/4 IN ROSCABLE,100.00,DESCRIPCION_SIMILAR_MISMA_UNIDAD,NO_FUSIONAR_AUTOMATICAMENTE,REVISAR_MANUALMENTE
APUV1-f4dfd9d20fff45d730d7828c,APUV1-c92c0b02feca7a20c8832ac1,m,INSTALACION DE TUBERIA PP UNION ROSCABLE DI=2 plg 1.25 MPA,INSTALACION DE TUBERIA PP UNION ROSCABLE DI=2 plg 1.25 MPA,100.00,MISMO_NOMBRE_UNIDAD_ESTRUCTURA_DIFERENTE,CONSERVAR_VARIANTES,REVISAR_SI_SE_DESEA_UNIFICAR_CONCEPTO
APUCON-06ca65dc935c8bb10a948565,APUCON-c65d1cd2617f9ff61a9c4d16,u,SUMINISTRO E INSTALACION DE REDUCTOR DE 2 1/2 A 1/2 IN PP ROSCABLE,SUMINISTRO E INSTALACION DE REDUCTOR DE 2 A 1 1/2 IN PP ROSCABLE,100.00,DESCRIPCION_SIMILAR_MISMA_UNIDAD,NO_FUSIONAR_AUTOMATICAMENTE,REVISAR_MANUALMENTE
APUCON-06ca65dc935c8bb10a948565,APUCON-545b94510c056c60ebc7e462,u,SUMINISTRO E INSTALACION DE REDUCTOR DE 2 1/2 A 1/2 IN PP ROSCABLE,SUMINISTRO E INSTALACION DE REDUCTOR DE 2 1/2 A 2 IN PP ROSCABLE,100.00,DESCRIPCION_SIMILAR_MISMA_UNIDAD,NO_FUSIONAR_AUTOMATICAMENTE,REVISAR_MANUALMENTE
APUCON-33e9c77d208b697c0428d690,APUCON-545b94510c056c60ebc7e462,u,SUMINISTRO E INSTALACION DE REDUCTOR DE 2 1/2 A 1 1/2 IN PP ROSCABLE,SUMINISTRO E INSTALACION DE REDUCTOR DE 2 1/2 A 2 IN PP ROSCABLE,100.00,DESCRIPCION_SIMILAR_MISMA_UNIDAD,NO_FUSIONAR_AUTOMATICAMENTE,REVISAR_MANUALMENTE
APUCON-10348fbb68ab8b1fd5c738dc,APUCON-c65d1cd2617f9ff61a9c4d16,u,SUMINISTRO E INSTALACION DE REDUCTOR DE 1 1/2 A 1/2 IN PP ROSCABLE,SUMINISTRO E INSTALACION DE REDUCTOR DE 2 A 1 1/2 IN PP ROSCABLE,100.00,DESCRIPCION_SIMILAR_MISMA_UNIDAD,NO_FUSIONAR_AUTOMATICAMENTE,REVISAR_MANUALMENTE
APUCON-3fef5598440219acaa4c06f9,APUCON-f8e29bab67485084b0c89f95,u,SUMINISTRO E INSTALACION DE REDUCTOR DE 1 1/4 A 1 IN PP ROSCABLE,SUMINISTRO E INSTALACION DE REDUCTOR DE 1 1/4 A 1/2 IN PP ROSCABLE,100.00,DESCRIPCION_SIMILAR_MISMA_UNIDAD,NO_FUSIONAR_AUTOMATICAMENTE,REVISAR_MANUALMENTE
APUCON-10348fbb68ab8b1fd5c738dc,APUCON-d32f29513ec4ebf1377b1f6e,u,SUMINISTRO E INSTALACION DE REDUCTOR DE 1 1/2 A 1/2 IN PP ROSCABLE,SUMINISTRO E INSTALACION DE REDUCTOR DE 2 1/2 A 1 IN PP ROSCABLE,100.00,DESCRIPCION_SIMILAR_MISMA_UNIDAD,NO_FUSIONAR_AUTOMATICAMENTE,REVISAR_MANUALMENTE
APUCON-cb0a27ba7678a7c18a8529d7,APUCON-d32f29513ec4ebf1377b1f6e,u,SUMINISTRO E INSTALACION DE REDUCTOR DE 2 A 1/2 IN PP ROSCABLE,SUMINISTRO E INSTALACION DE REDUCTOR DE 2 1/2 A 1 IN PP ROSCABLE,100.00,DESCRIPCION_SIMILAR_MISMA_UNIDAD,NO_FUSIONAR_AUTOMATICAMENTE,REVISAR_MANUALMENTE
APUCON-33e9c77d208b697c0428d690,APUCON-cb0a27ba7678a7c18a8529d7,u,SUMINISTRO E INSTALACION DE REDUCTOR DE 2 1/2 A 1 1/2 IN PP ROSCABLE,SUMINISTRO E INSTALACION DE REDUCTOR DE 2 A 1/2 IN PP ROSCABLE,100.00,DESCRIPCION_SIMILAR_MISMA_UNIDAD,NO_FUSIONAR_AUTOMATICAMENTE,REVISAR_MANUALMENTE
APUCON-545b94510c056c60ebc7e462,APUCON-cb0a27ba7678a7c18a8529d7,u,SUMINISTRO E INSTALACION DE REDUCTOR DE 2 1/2 A 2 IN PP ROSCABLE,SUMINISTRO E INSTALACION DE REDUCTOR DE 2 A 1/2 IN PP ROSCABLE,100.00,DESCRIPCION_SIMILAR_MISMA_UNIDAD,NO_FUSIONAR_AUTOMATICAMENTE,REVISAR_MANUALMENTE
APUCON-06ca65dc935c8bb10a948565,APUCON-cb0a27ba7678a7c18a8529d7,u,SUMINISTRO E INSTALACION DE REDUCTOR DE 2 1/2 A 1/2 IN PP ROSCABLE,SUMINISTRO E INSTALACION DE REDUCTOR DE 2 A 1/2 IN PP ROSCABLE,100.00,DESCRIPCION_SIMILAR_MISMA_UNIDAD,NO_FUSIONAR_AUTOMATICAMENTE,REVISAR_MANUALMENTE
APUCON-57d8569cfe3d8fc4c4ee7714,APUCON-a08b8e3dac29504a0e3a7136,u,SUMINISTRO E INSTALACION DE REDUCTOR DE 2 1/2 A 3/4 IN PP ROSCABLE,SUMINISTRO E INSTALACION DE REDUCTOR DE 2 A 3/4 IN PP ROSCABLE,100.00,DESCRIPCION_SIMILAR_MISMA_UNIDAD,NO_FUSIONAR_AUTOMATICAMENTE,REVISAR_MANUALMENTE
APUCON-10348fbb68ab8b1fd5c738dc,APUCON-f8e29bab67485084b0c89f95,u,SUMINISTRO E INSTALACION DE REDUCTOR DE 1 1/2 A 1/2 IN PP ROSCABLE,SUMINISTRO E INSTALACION DE REDUCTOR DE 1 1/4 A 1/2 IN PP ROSCABLE,100.00,DESCRIPCION_SIMILAR_MISMA_UNIDAD,NO_FUSIONAR_AUTOMATICAMENTE,REVISAR_MANUALMENTE
APUCON-545b94510c056c60ebc7e462,APUCON-d32f29513ec4ebf1377b1f6e,u,SUMINISTRO E INSTALACION DE REDUCTOR DE 2 1/2 A 2 IN PP ROSCABLE,SUMINISTRO E INSTALACION DE REDUCTOR DE 2 1/2 A 1 IN PP ROSCABLE,100.00,DESCRIPCION_SIMILAR_MISMA_UNIDAD,NO_FUSIONAR_AUTOMATICAMENTE,REVISAR_MANUALMENTE
APUCON-1c34e62e8f1c327b698e5916,APUCON-22f3372a4967d601866b5851,u,SUMINISTRO E INSTALACION DE REDUCTOR DE 1 A 3/4 IN PP ROSCABLE,SUMINISTRO E INSTALACION DE REDUCTOR DE 1 1/2 A 3/4 IN PP ROSCABLE,100.00,DESCRIPCION_SIMILAR_MISMA_UNIDAD,NO_FUSIONAR_AUTOMATICAMENTE,REVISAR_MANUALMENTE
APUCON-c65d1cd2617f9ff61a9c4d16,APUCON-d32f29513ec4ebf1377b1f6e,u,SUMINISTRO E INSTALACION DE REDUCTOR DE 2 A 1 1/2 IN PP ROSCABLE,SUMINISTRO E INSTALACION DE REDUCTOR DE 2 1/2 A 1 IN PP ROSCABLE,100.00,DESCRIPCION_SIMILAR_MISMA_UNIDAD,NO_FUSIONAR_AUTOMATICAMENTE,REVISAR_MANUALMENTE
APUCON-09f2ea0e702cf0a4e2aa965d,APUCON-33e9c77d208b697c0428d690,u,SUMINISTRO E INSTALACION DE REDUCTOR DE 1 1/2 A 1 IN PP ROSCABLE,SUMINISTRO E INSTALACION DE REDUCTOR DE 2 1/2 A 1 1/2 IN PP ROSCABLE,100.00,DESCRIPCION_SIMILAR_MISMA_UNIDAD,NO_FUSIONAR_AUTOMATICAMENTE,REVISAR_MANUALMENTE
APUCON-0b8a564a68b5e13df06af92d,APUCON-33e9c77d208b697c0428d690,u,SUMINISTRO E INSTALACION DE REDUCTOR DE 1 A 1/2 IN PP ROSCABLE,SUMINISTRO E INSTALACION DE REDUCTOR DE 2 1/2 A 1 1/2 IN PP ROSCABLE,100.00,DESCRIPCION_SIMILAR_MISMA_UNIDAD,NO_FUSIONAR_AUTOMATICAMENTE,REVISAR_MANUALMENTE
APUCON-10348fbb68ab8b1fd5c738dc,APUCON-33e9c77d208b697c0428d690,u,SUMINISTRO E INSTALACION DE REDUCTOR DE 1 1/2 A 1/2 IN PP ROSCABLE,SUMINISTRO E INSTALACION DE REDUCTOR DE 2 1/2 A 1 1/2 IN PP ROSCABLE,100.00,DESCRIPCION_SIMILAR_MISMA_UNIDAD,NO_FUSIONAR_AUTOMATICAMENTE,REVISAR_MANUALMENTE
APUCON-33e9c77d208b697c0428d690,APUCON-c65d1cd2617f9ff61a9c4d16,u,SUMINISTRO E INSTALACION DE REDUCTOR DE 2 1/2 A 1 1/2 IN PP ROSCABLE,SUMINISTRO E INSTALACION DE REDUCTOR DE 2 A 1 1/2 IN PP ROSCABLE,100.00,DESCRIPCION_SIMILAR_MISMA_UNIDAD,NO_FUSIONAR_AUTOMATICAMENTE,REVISAR_MANUALMENTE
APUCON-545b94510c056c60ebc7e462,APUCON-c65d1cd2617f9ff61a9c4d16,u,SUMINISTRO E INSTALACION DE REDUCTOR DE 2 1/2 A 2 IN PP ROSCABLE,SUMINISTRO E INSTALACION DE REDUCTOR DE 2 A 1 1/2 IN PP ROSCABLE,100.00,DESCRIPCION_SIMILAR_MISMA_UNIDAD,NO_FUSIONAR_AUTOMATICAMENTE,REVISAR_MANUALMENTE
APUCON-7890affda41d88f521415211,APUCON-d0bfaec19b4f01d94cee7af6,u,SUMINISTRO E INSTALACION DE CODO 45' PP 2 1/2 IN ROSCABLE,SUMINISTRO E INSTALACION DE CODO 45' PP 2 IN ROSCABLE,100.00,DESCRIPCION_SIMILAR_MISMA_UNIDAD,NO_FUSIONAR_AUTOMATICAMENTE,REVISAR_MANUALMENTE
APUCON-62a6a5ed11ec6f360381fe57,APUCON-f53d6a4aeae05f82067ee65e,u,SUMINISTRO E INSTALACION DE TEE 2 1/2 IN PP ROSCABLE,SUMINISTRO E INSTALACION DE TEE 2 IN PP ROSCABLE,100.00,DESCRIPCION_SIMILAR_MISMA_UNIDAD,NO_FUSIONAR_AUTOMATICAMENTE,REVISAR_MANUALMENTE
APUCON-438b7edec794dc9de43b016b,APUCON-9854b8f410f84087a3ad6542,m,"ACOMETIDA DOMICILIARIA CON 2#4, N#6 AWG Cu TTU","ACOMETIDA DOMICILIARIA CON 2#2, N#4 AWG Cu TTU",100.00,DESCRIPCION_SIMILAR_MISMA_UNIDAD,NO_FUSIONAR_AUTOMATICAMENTE,REVISAR_MANUALMENTE
APUCON-334ce13eb70119d61c852273,APUCON-c0893ad0979a560de93a871b,u,TAPA DRENAJE DE FONDO,DRENAJE DE FONDO,100.00,DESCRIPCION_SIMILAR_MISMA_UNIDAD,NO_FUSIONAR_AUTOMATICAMENTE,REVISAR_MANUALMENTE
APUCON-a5ed616d51fda41d4bb2ed0e,APUCON-aa548ccb0dacd672757df992,u,COLGADOR PARA TUBERIA 2 1/2 IN,COLGADOR PARA TUBERIA 2 IN,100.00,DESCRIPCION_SIMILAR_MISMA_UNIDAD,NO_FUSIONAR_AUTOMATICAMENTE,REVISAR_MANUALMENTE
APUCON-14c8ff0490bcb7c0176abd25,APUCON-8a4067c08d3384c78284dfa9,u,SUMINISTRO E INSTALACION DE CODO 90' PP 2 IN ROSCABLE,SUMINISTRO E INSTALACION DE CODO 90' PP 2 1/2 IN ROSCABLE,100.00,DESCRIPCION_SIMILAR_MISMA_UNIDAD,NO_FUSIONAR_AUTOMATICAMENTE,REVISAR_MANUALMENTE
APUCON-52ef314a9b79520f7308bfa0,APUCON-d2c5be67ac7a46cc3f6d62ce,u,SUMINISTRO E INSTALACION DE BOMBA CENTRIFUGA 5 HP,SUMINISTRO E INSTALACION DE BOMBA CENTRIFUGA 5 HP TRIFASICA,100.00,DESCRIPCION_SIMILAR_MISMA_UNIDAD,NO_FUSIONAR_AUTOMATICAMENTE,REVISAR_MANUALMENTE
APUCON-2412d1084b58a5f5e94efae3,APUCON-3fef5598440219acaa4c06f9,u,SUMINISTRO E INSTALACION DE REDUCTOR DE 2 A 1 1/4 IN PP ROSCABLE,SUMINISTRO E INSTALACION DE REDUCTOR DE 1 1/4 A 1 IN PP ROSCABLE,100.00,DESCRIPCION_SIMILAR_MISMA_UNIDAD,NO_FUSIONAR_AUTOMATICAMENTE,REVISAR_MANUALMENTE
APUCON-0cbcdc18c2f1c4b1bd08d810,APUCON-d7c599ee0c19bfb629aaac4d,m3,EXCAVACION A MANO,"EXCAVACION A MANO EN SUELO SIN CLASIFICAR, PROFUNDIDAD DE (0 A 2.00m) (INCL. DESALOJO)",100.00,DESCRIPCION_SIMILAR_MISMA_UNIDAD,NO_FUSIONAR_AUTOMATICAMENTE,REVISAR_MANUALMENTE
APUCON-14f8b49d40ccc852fea34b6c,APUCON-c3b011505a0ea740a256bbcc,m3,HORMIGON PREMEZCLADO F´C=280 Kg/cm2 INCLUYE ENCOFRADO,HORMIGON PREMEZCLADO F´C=280 Kg/cm2 CON IMPERMEABILIZANTE (INCLUYE ENCOFRADO),100.00,DESCRIPCION_SIMILAR_MISMA_UNIDAD,NO_FUSIONAR_AUTOMATICAMENTE,REVISAR_MANUALMENTE
APUCON-6d79b30dff2ef174368cf408,APUCON-e406060a189a798d4ea7169b,u,"SUMINISTRO E INSTALACION DE VALVULA DE CORTE 1 1/2"" (INCLUYE ACCESORIOS)","SUMINISTRO E INSTALACION DE VALVULA DE CORTE 1"" (INCLUYE ACCESORIOS)",100.00,DESCRIPCION_SIMILAR_MISMA_UNIDAD,NO_FUSIONAR_AUTOMATICAMENTE,REVISAR_MANUALMENTE
APUCON-09f2ea0e702cf0a4e2aa965d,APUCON-22f3372a4967d601866b5851,u,SUMINISTRO E INSTALACION DE REDUCTOR DE 1 1/2 A 1 IN PP ROSCABLE,SUMINISTRO E INSTALACION DE REDUCTOR DE 1 1/2 A 3/4 IN PP ROSCABLE,100.00,DESCRIPCION_SIMILAR_MISMA_UNIDAD,NO_FUSIONAR_AUTOMATICAMENTE,REVISAR_MANUALMENTE
APUCON-0b8a564a68b5e13df06af92d,APUCON-22f3372a4967d601866b5851,u,SUMINISTRO E INSTALACION DE REDUCTOR DE 1 A 1/2 IN PP ROSCABLE,SUMINISTRO E INSTALACION DE REDUCTOR DE 1 1/2 A 3/4 IN PP ROSCABLE,100.00,DESCRIPCION_SIMILAR_MISMA_UNIDAD,NO_FUSIONAR_AUTOMATICAMENTE,REVISAR_MANUALMENTE
APUCON-10348fbb68ab8b1fd5c738dc,APUCON-22f3372a4967d601866b5851,u,SUMINISTRO E INSTALACION DE REDUCTOR DE 1 1/2 A 1/2 IN PP ROSCABLE,SUMINISTRO E INSTALACION DE REDUCTOR DE 1 1/2 A 3/4 IN PP ROSCABLE,100.00,DESCRIPCION_SIMILAR_MISMA_UNIDAD,NO_FUSIONAR_AUTOMATICAMENTE,REVISAR_MANUALMENTE
APUCON-66e64331beb7f0234e081a0f,APUCON-fb268ad232ee7360933ae180,m2,SUMINISTRO E INSTALACION DE CUBIERTA,"SUMINISTRO E INSTALACION DE CUBIERTA DE PLANCHA METALICA, REVESTIMIENTO DE ALUMINIO Y ZINC E=0,35mm (INCL. CUMBREROS)",100.00,DESCRIPCION_SIMILAR_MISMA_UNIDAD,NO_FUSIONAR_AUTOMATICAMENTE,REVISAR_MANUALMENTE
APUCON-0cd46e2a2da7d83157777314,APUCON-66e64331beb7f0234e081a0f,m2,SUMINISTRO E INSTALACION DE CUBIERTA DE TEJA DE FIBROCEMENTO 8mm,SUMINISTRO E INSTALACION DE CUBIERTA,100.00,DESCRIPCION_SIMILAR_MISMA_UNIDAD,NO_FUSIONAR_AUTOMATICAMENTE,REVISAR_MANUALMENTE
APUCON-353d59bf3a6b96782f58f997,APUCON-6e22aef3aeec5466f9f6fd97,m2,CERAMICA DE PARED DE BAÑO 30x60cm,CERAMICA 30x60cm,100.00,DESCRIPCION_SIMILAR_MISMA_UNIDAD,NO_FUSIONAR_AUTOMATICAMENTE,REVISAR_MANUALMENTE
APUCON-5e4dcdebc263ee504d6c19b0,APUCON-ddb287fad9d3b28370eb19e8,m2,CERAMICA 30x30cm,"SUMINISTRO E INSTALACION CON PISO DE PORCELANATO NACIONAL DE 30x30cm BALDOSA, CERAMICA, ETC/ (PISO A REPARAR, IGUAL O MEJOR AL EXISTENTE) ANTIDESLIZANTE (INCL. MORTERO, PEGAMENTO Y MATERIAL DE EMPORE PARA JUNTA)",100.00,DESCRIPCION_SIMILAR_MISMA_UNIDAD,NO_FUSIONAR_AUTOMATICAMENTE,REVISAR_MANUALMENTE
APUCON-4eae20cc37846a2bd0bbbb56,APUCON-66e64331beb7f0234e081a0f,m2,SUMINISTRO E INSTALACION DE CUBIERTA METALICA CON AISLAMIENTO DE POLIURETANO E=30mm,SUMINISTRO E INSTALACION DE CUBIERTA,100.00,DESCRIPCION_SIMILAR_MISMA_UNIDAD,NO_FUSIONAR_AUTOMATICAMENTE,REVISAR_MANUALMENTE
APUCON-66e64331beb7f0234e081a0f,APUCON-783273ebc043a8aa86d9d9a4,m2,SUMINISTRO E INSTALACION DE CUBIERTA,SUMINISTRO E INSTALACION DE CUBIERTA VERDE,100.00,DESCRIPCION_SIMILAR_MISMA_UNIDAD,NO_FUSIONAR_AUTOMATICAMENTE,REVISAR_MANUALMENTE
APUCON-af1947d385687e3b27882aa3,APUCON-f82a743ac442cb15edfaa872,m2,REPLANTEO Y TRAZADO PARA ESTRUCTURA CIVIL,REPLANTEO Y TRAZADO,100.00,DESCRIPCION_SIMILAR_MISMA_UNIDAD,NO_FUSIONAR_AUTOMATICAMENTE,REVISAR_MANUALMENTE
APUCON-0ae3a6c1d8a9ebe70298efd1,APUCON-d574394f8ad36f1a3d52655b,u,SUMINISTRO E INSTALACION DE CODO 90' PP 1 1/2 IN ROSCABLE,SUMINISTRO E INSTALACION DE CODO 90' PP 1 IN ROSCABLE,100.00,DESCRIPCION_SIMILAR_MISMA_UNIDAD,NO_FUSIONAR_AUTOMATICAMENTE,REVISAR_MANUALMENTE
APUCON-69b217dae3e6adb33837e9b1,APUCON-d574394f8ad36f1a3d52655b,u,SUMINISTRO E INSTALACION DE CODO 90' PP 1 1/4 IN ROSCABLE,SUMINISTRO E INSTALACION DE CODO 90' PP 1 IN ROSCABLE,100.00,DESCRIPCION_SIMILAR_MISMA_UNIDAD,NO_FUSIONAR_AUTOMATICAMENTE,REVISAR_MANUALMENTE
APUCON-2041fc5e8a979b56cc23608e,APUCON-96e0bc2b3fcad4279291fa17,u,COLGADOR PARA TUBERIA 1 1/2 IN,COLGADOR PARA TUBERIA 1 IN,100.00,DESCRIPCION_SIMILAR_MISMA_UNIDAD,NO_FUSIONAR_AUTOMATICAMENTE,REVISAR_MANUALMENTE
APUCON-09f2ea0e702cf0a4e2aa965d,APUCON-0b8a564a68b5e13df06af92d,u,SUMINISTRO E INSTALACION DE REDUCTOR DE 1 1/2 A 1 IN PP ROSCABLE,SUMINISTRO E INSTALACION DE REDUCTOR DE 1 A 1/2 IN PP ROSCABLE,100.00,DESCRIPCION_SIMILAR_MISMA_UNIDAD,NO_FUSIONAR_AUTOMATICAMENTE,REVISAR_MANUALMENTE
APUCON-0ae3a6c1d8a9ebe70298efd1,APUCON-9e3347c533ef6134e4b07710,u,SUMINISTRO E INSTALACION DE CODO 90' PP 1 1/2 IN ROSCABLE,SUMINISTRO E INSTALACION DE CODO 90' PP 1/2 IN ROSCABLE,100.00,DESCRIPCION_SIMILAR_MISMA_UNIDAD,NO_FUSIONAR_AUTOMATICAMENTE,REVISAR_MANUALMENTE
APUCON-09f2ea0e702cf0a4e2aa965d,APUCON-d32f29513ec4ebf1377b1f6e,u,SUMINISTRO E INSTALACION DE REDUCTOR DE 1 1/2 A 1 IN PP ROSCABLE,SUMINISTRO E INSTALACION DE REDUCTOR DE 2 1/2 A 1 IN PP ROSCABLE,100.00,DESCRIPCION_SIMILAR_MISMA_UNIDAD,NO_FUSIONAR_AUTOMATICAMENTE,REVISAR_MANUALMENTE
APUCON-09f2ea0e702cf0a4e2aa965d,APUCON-c65d1cd2617f9ff61a9c4d16,u,SUMINISTRO E INSTALACION DE REDUCTOR DE 1 1/2 A 1 IN PP ROSCABLE,SUMINISTRO E INSTALACION DE REDUCTOR DE 2 A 1 1/2 IN PP ROSCABLE,100.00,DESCRIPCION_SIMILAR_MISMA_UNIDAD,NO_FUSIONAR_AUTOMATICAMENTE,REVISAR_MANUALMENTE
APUCON-26a2612900588a6a0ee344a4,APUCON-538fdc079d9c31f32c4a2755,u,SUMINISTRO E INSTALACION DE LETRERO SALIDA,SUMINISTRO E INSTALACION DE LETRERO SALIDA ESCALERA DERECHA ABAJO,100.00,DESCRIPCION_SIMILAR_MISMA_UNIDAD,NO_FUSIONAR_AUTOMATICAMENTE,REVISAR_MANUALMENTE
APUCON-2c40858ed57fcc9a1fc3fcb1,APUCON-c5a356189346df3de9cb94c2,u,BOTIQUIN DE PRIMEROS AUXILIOS,SUMINISTRO E INSTALACION DE BOTIQUIN DE PRIMEROS AUXILIOS,100.00,DESCRIPCION_SIMILAR_MISMA_UNIDAD,NO_FUSIONAR_AUTOMATICAMENTE,REVISAR_MANUALMENTE
APUCON-09f2ea0e702cf0a4e2aa965d,APUCON-f8e29bab67485084b0c89f95,u,SUMINISTRO E INSTALACION DE REDUCTOR DE 1 1/2 A 1 IN PP ROSCABLE,SUMINISTRO E INSTALACION DE REDUCTOR DE 1 1/4 A 1/2 IN PP ROSCABLE,100.00,DESCRIPCION_SIMILAR_MISMA_UNIDAD,NO_FUSIONAR_AUTOMATICAMENTE,REVISAR_MANUALMENTE
APUCON-09f2ea0e702cf0a4e2aa965d,APUCON-10348fbb68ab8b1fd5c738dc,u,SUMINISTRO E INSTALACION DE REDUCTOR DE 1 1/2 A 1 IN PP ROSCABLE,SUMINISTRO E INSTALACION DE REDUCTOR DE 1 1/2 A 1/2 IN PP ROSCABLE,100.00,DESCRIPCION_SIMILAR_MISMA_UNIDAD,NO_FUSIONAR_AUTOMATICAMENTE,REVISAR_MANUALMENTE
APUCON-6c3859eeea18bdfdd6b2e34d,APUCON-e6f5a004f52be30746ef6b42,u,SUMINISTRO E INSTALACION DE VALVULA DE BOLA PVC D= 1 plg ROSCABLE,SUMINISTRO E INSTALACION DE VALVULA DE BOLA PVC D= 1 1/2 plg ROSCABLE,100.00,DESCRIPCION_SIMILAR_MISMA_UNIDAD,NO_FUSIONAR_AUTOMATICAMENTE,REVISAR_MANUALMENTE
APUCON-4878d2a0aeb920d9b93b8c41,APUCON-96e0bc2b3fcad4279291fa17,u,COLGADOR PARA TUBERIA 1 1/4 IN,COLGADOR PARA TUBERIA 1 IN,100.00,DESCRIPCION_SIMILAR_MISMA_UNIDAD,NO_FUSIONAR_AUTOMATICAMENTE,REVISAR_MANUALMENTE
APUCON-8ce8e54002e50192edccb088,APUCON-e4e5fd2c0352e7c44b10277a,u,"SUMINISTRO E INSTALACION DE VALVULA CHECK ROSCADA PVC D=1""","SUMINISTRO E INSTALACION DE VALVULA CHECK ROSCADA PVC D=1 1/2""",100.00,DESCRIPCION_SIMILAR_MISMA_UNIDAD,NO_FUSIONAR_AUTOMATICAMENTE,REVISAR_MANUALMENTE
APUCON-33e9c77d208b697c0428d690,APUCON-c8fc6f2b9a1bd71ad13665c8,u,SUMINISTRO E INSTALACION DE REDUCTOR DE 2 1/2 A 1 1/2 IN PP ROSCABLE,SUMINISTRO E INSTALACION DE REDUCTOR DE 2 A 1 IN PP ROSCABLE,100.00,DESCRIPCION_SIMILAR_MISMA_UNIDAD,NO_FUSIONAR_AUTOMATICAMENTE,REVISAR_MANUALMENTE
APUCON-c8fc6f2b9a1bd71ad13665c8,APUCON-d32f29513ec4ebf1377b1f6e,u,SUMINISTRO E INSTALACION DE REDUCTOR DE 2 A 1 IN PP ROSCABLE,SUMINISTRO E INSTALACION DE REDUCTOR DE 2 1/2 A 1 IN PP ROSCABLE,100.00,DESCRIPCION_SIMILAR_MISMA_UNIDAD,NO_FUSIONAR_AUTOMATICAMENTE,REVISAR_MANUALMENTE
APUCON-2412d1084b58a5f5e94efae3,APUCON-c8fc6f2b9a1bd71ad13665c8,u,SUMINISTRO E INSTALACION DE REDUCTOR DE 2 A 1 1/4 IN PP ROSCABLE,SUMINISTRO E INSTALACION DE REDUCTOR DE 2 A 1 IN PP ROSCABLE,100.00,DESCRIPCION_SIMILAR_MISMA_UNIDAD,NO_FUSIONAR_AUTOMATICAMENTE,REVISAR_MANUALMENTE
APUCON-c65d1cd2617f9ff61a9c4d16,APUCON-c8fc6f2b9a1bd71ad13665c8,u,SUMINISTRO E INSTALACION DE REDUCTOR DE 2 A 1 1/2 IN PP ROSCABLE,SUMINISTRO E INSTALACION DE REDUCTOR DE 2 A 1 IN PP ROSCABLE,100.00,DESCRIPCION_SIMILAR_MISMA_UNIDAD,NO_FUSIONAR_AUTOMATICAMENTE,REVISAR_MANUALMENTE
APUCON-2041fc5e8a979b56cc23608e,APUCON-602da209ffe7fa9bd4f14b14,u,COLGADOR PARA TUBERIA 1 1/2 IN,COLGADOR PARA TUBERIA 1/2 IN,100.00,DESCRIPCION_SIMILAR_MISMA_UNIDAD,NO_FUSIONAR_AUTOMATICAMENTE,REVISAR_MANUALMENTE
APUCON-5f47620fe2673c4e4c0a7284,APUCON-d29700b321cdcd3047148d88,u,SUMINISTRO E INSTALACION DE TEE 1 1/2 IN PP ROSCABLE,SUMINISTRO E INSTALACION DE TEE 1 IN PP ROSCABLE,100.00,DESCRIPCION_SIMILAR_MISMA_UNIDAD,NO_FUSIONAR_AUTOMATICAMENTE,REVISAR_MANUALMENTE
APUV1-03e1287f0d767e1547be17c7,APUV1-ab017a35a44ed6c47130860b,kg,ACERO DE REFUERZO EN BARRAS FY= 4200 KG/CM2,ACERO DE REFUERZO EN BARRAS FY= 4200 KG/CM2,100.00,MISMO_NOMBRE_UNIDAD_ESTRUCTURA_DIFERENTE,CONSERVAR_VARIANTES,REVISAR_SI_SE_DESEA_UNIFICAR_CONCEPTO
