insumo_v1_id,tipo,nombre_canonico,nombre_busqueda,unidad,es_herramienta_menor,numero_aliases_origen,numero_fuentes,numero_proyectos,apariciones_en_apus,codigos_originales_distintos,precio_referencia_v1,precio_modal_observado,precio_min_observado,precio_max_observado,precios_distintos,observaciones_precio_ponderadas
INSV1-56dad810329b2f5ddaa64171,EQUIPO,HERRAMIENTA MENOR (5% MO),HERRAMIENTA MENOR 5% MO,%MO,1,1,1,1,1053,1,,,,,,
INSV1-878c8509815469520379932a,EQUIPO,EQUIPO DE TOPOGRAFIA,EQUIPO DE TOPOGRAFIA,h,0,1,1,1,4,1,5.000000,5.000000,5.000000,5.000000,1,4
INSV1-b452dd0c62bbed4f4f30ef1f,MANO_OBRA,MAESTRO MAYOR EN EJECUCION DE OBRAS CIVILES,MAESTRO MAYOR EN EJECUCION DE OBRAS CIVILES,h,0,2,2,2,1098,1,4.750000,4.750000,4.750000,4.750000,1,1098
INSV1-ec56478868187928c4ffba6d,MANO_OBRA,PEON,PEON,h,0,2,2,2,1314,1,4.230000,4.230000,4.230000,4.230000,1,1314
INSV1-9c8a472d3a8040573826c6c0,MANO_OBRA,TOPOGRAFO (EN CONSTRUCCION- ESTR.OC.C1),TOPOGRAFO EN CONSTRUCCION- ESTR.OC.C1,h,0,1,1,1,53,1,4.750000,4.750000,4.750000,4.750000,1,53
INSV1-e41681f035ba8d1efceb4e60,MANO_OBRA,CADENERO,CADENERO,h,0,2,2,2,41,1,4.280000,4.280000,4.280000,4.280000,1,41
INSV1-982e0fc188c143ee39aa9cb9,MATERIAL,"TIRA DE ENCOFRADO 1""X3""X4m",TIRA DE ENCOFRADO 1 X3 X4M,u,0,1,1,1,15,1,3.920000,3.920000,3.920000,3.920000,1,15
INSV1-4427f38bbe54cc1b3f125e8e,MATERIAL,"CLAVOS DE 2 1/2"" X 25 Kg",CLAVOS DE 2 1/2 X 25 KG,kg,0,1,1,1,17,1,1.800000,1.800000,1.800000,1.800000,1,17
INSV1-3efb67febf0f5d1e1acf1c91,MATERIAL,ESTACAS DE MADERA,ESTACAS DE MADERA,u,0,1,1,1,1,1,0.800000,0.800000,0.800000,0.800000,1,1
INSV1-7fcd18bd2df02f6ba3f354b5,EQUIPO,RETROEXCAVADORA,RETROEXCAVADORA,h,0,2,2,2,51,1,25.000000,25.000000,25.000000,30.000000,2,51
INSV1-f0aef0d30137bc31b082d1a6,EQUIPO,VOLQUETA 8 m3,VOLQUETA 8 M3,h,0,2,2,2,89,1,25.000000,25.000000,25.000000,30.000000,2,89
INSV1-c641d4cd371ec56ae0a47614,MANO_OBRA,CHOFER: VOLQUETAS (ESTR. OC. C1),CHOFER VOLQUETAS ESTR. OC. C1,h,0,1,1,1,46,1,6.220000,6.220000,6.220000,6.220000,1,46
INSV1-7f008b17c1e265aca46e25f7,MANO_OBRA,OPERADOR DE RETROEXCAVADORA,OPERADOR DE RETROEXCAVADORA,h,0,2,2,2,47,1,4.750000,4.750000,4.750000,4.750000,1,47
INSV1-73711b0e5d7917c10e34b22e,MATERIAL,LONA BRANDEADA,LONA BRANDEADA,m2,0,1,1,1,1,1,10.000000,10.000000,10.000000,10.000000,1,1
INSV1-300a09b9094021abe03a21c7,MATERIAL,"CUARTONES DE ENCOFRADO 2""X3""4m",CUARTONES DE ENCOFRADO 2 X3 4M,u,0,1,1,1,11,1,4.280000,4.280000,4.280000,4.280000,1,11
INSV1-7ffadf1c200305f25b0b9ba3,MATERIAL,LETRERO INFORMATIVO DE OBRA 3X2.5 m (INCLUYE ESTRUCTURA METALICA Y LONA REFLECTIVA),LETRERO INFORMATIVO DE OBRA 3X2.5 M INCLUYE ESTRUCTURA METALICA Y LONA REFLECTIVA,u,0,1,1,1,1,1,1100.000000,1100.000000,1100.000000,1100.000000,1,1
INSV1-79f6df37c83ed745c7befca0,MANO_OBRA,CARPINTERO,CARPINTERO,h,0,2,2,2,93,1,4.280000,4.280000,4.280000,4.280000,1,93
INSV1-42bbb2783dfc12a28e2ef7f7,MANO_OBRA,AYUDANTE DE ALBAÑIL,AYUDANTE DE ALBANIL,h,0,2,2,2,6,1,4.230000,4.230000,4.230000,4.230000,1,6
INSV1-cd10a7a5f491eb4d3e9612d2,MATERIAL,"BISAGRA CROMADA DE 3.5""X3.5"" (INCLUYE TORNILLOS) (PAR)",BISAGRA CROMADA DE 3.5 X3.5 INCLUYE TORNILLOS PAR,u,0,1,1,1,6,1,3.570000,3.570000,3.570000,3.570000,1,6
INSV1-f4d1adce116d818fe9a1477a,MATERIAL,ALAMBRE DE AMARRE NEGRO #18 (20Kg),ALAMBRE DE AMARRE NEGRO 18 20KG,kg,0,1,1,1,32,1,1.850000,1.850000,1.850000,1.850000,1,32
INSV1-586692e003a8f9a68764ce96,MATERIAL,CAÑA ROLLIZA,CANA ROLLIZA,u,0,1,1,1,1,1,2.450000,2.450000,2.450000,2.450000,1,1
INSV1-d7dd616ef657bd73b9c60bde,MATERIAL,CAÑAS PICADAS,CANAS PICADAS,u,0,1,1,1,1,1,3.000000,3.000000,3.000000,3.000000,1,1
INSV1-e46c0760d6d3ef82c57cfa35,MATERIAL,"TABLONES DE ENCOFRADO DE 1""X8""X4m",TABLONES DE ENCOFRADO DE 1 X8 X4M,u,0,1,1,1,1,1,4.900000,4.900000,4.900000,4.900000,1,1
INSV1-654eb85eaa80f82e0e3b15cd,MATERIAL,"PLANCHA DE ZINC DE 8""",PLANCHA DE ZINC DE 8,u,0,1,1,1,1,1,9.380000,9.380000,9.380000,9.380000,1,1
INSV1-2892cf7dfb06f497b71387fb,MATERIAL,ARGOLLAS 12mm CROM.,ARGOLLAS 12MM CROM,u,0,1,1,1,1,1,0.610000,0.610000,0.610000,0.610000,1,1
INSV1-ae943c2fd2d3e361ef117438,MATERIAL,CANDADO RECT 30mm BRONCE,CANDADO RECT 30MM BRONCE,u,0,1,1,1,1,1,6.630000,6.630000,6.630000,6.630000,1,1
INSV1-fce8616639286680f4e652e9,EQUIPO,TANQUERO DE AGUA,TANQUERO DE AGUA,h,0,1,1,1,12,1,25.000000,25.000000,25.000000,25.000000,1,12
INSV1-544f110943acdd2e84dd3502,EQUIPO,RODILLO LISO VIBRATORIO,RODILLO LISO VIBRATORIO,h,0,2,2,2,16,1,30.000000,30.000000,30.000000,35.000000,2,16
INSV1-b2316903008f4aae4b8df8f6,EQUIPO,NIVEL TOPOGRAFICO,NIVEL TOPOGRAFICO,h,0,1,1,1,20,1,2.500000,2.500000,2.500000,2.500000,1,20
INSV1-64932b074144128fecc8b550,EQUIPO,ESTACION TOTAL,ESTACION TOTAL,h,0,1,1,1,49,1,6.250000,6.250000,6.250000,6.250000,1,49
INSV1-b2ff46ef30de446498b895e0,EQUIPO,MOTONIVELADORA,MOTONIVELADORA,h,0,2,2,2,10,1,50.000000,50.000000,45.000000,50.000000,2,10
INSV1-9d84af793bf5a52cab06287a,MANO_OBRA,CHOFER: TANQUEROS (ESTR. OC. C1),CHOFER TANQUEROS ESTR. OC. C1,h,0,1,1,1,13,1,6.220000,6.220000,6.220000,6.220000,1,13
INSV1-613f64f80f871911497f386d,MANO_OBRA,OPERADOR DE RODILLO AUTOPROPULSADO,OPERADOR DE RODILLO AUTOPROPULSADO,h,0,2,2,2,16,1,4.520000,4.520000,4.520000,4.520000,1,16
INSV1-9ba172e0b247189dc0b01ac2,MANO_OBRA,OPERADOR DE MOTONIVELADORA,OPERADOR DE MOTONIVELADORA,h,0,2,2,2,10,1,4.750000,4.750000,4.750000,4.750000,1,10
INSV1-106deb07d202f0494bb5e902,MATERIAL,AGUA,AGUA,m3,0,2,2,2,278,1,1.500000,1.500000,1.500000,1.750000,2,278
INSV1-9e940d3c8774cd1996a77a94,MATERIAL,CASCAJO DE MEJORAMIENTO IMPORTADO (INCLUYE TRANSPORTE),CASCAJO DE MEJORAMIENTO IMPORTADO INCLUYE TRANSPORTE,m3,0,1,1,1,15,1,7.500000,7.500000,7.500000,7.500000,1,15
INSV1-de83312ef633d73f3ca08c90,MATERIAL,PILOTE DE HORMIGON ARMADO PRETENSADO F´C=350Kg/cm2 40X40 L=25.0m,PILOTE DE HORMIGON ARMADO PRETENSADO F C 350KG/CM2 40X40 L 25.0M,u,0,1,1,1,1,1,2450.000000,2450.000000,2450.000000,2450.000000,1,1
INSV1-4e02a14eb907a3237ad89291,MATERIAL,PILOTE DE HORMIGON ARMADO PRETENSADO F´C=350Kg/cm2 40X40 L=21.0m,PILOTE DE HORMIGON ARMADO PRETENSADO F C 350KG/CM2 40X40 L 21.0M,u,0,1,1,1,1,1,2058.000000,2058.000000,2058.000000,2058.000000,1,1
INSV1-5d725059bfb1c7cb7180e70c,MATERIAL,PILOTE DE HORMIGON ARMADO PRETENSADO F´C=350Kg/cm2 40X40 L=17.0m,PILOTE DE HORMIGON ARMADO PRETENSADO F C 350KG/CM2 40X40 L 17.0M,u,0,1,1,1,1,1,1666.000000,1666.000000,1666.000000,1666.000000,1,1
INSV1-5c8d43b53ed9b9e55defce4a,MATERIAL,PILOTE DE HORMIGON ARMADO PRETENSADO F´C=350Kg/cm2 40X40 L=13.0m,PILOTE DE HORMIGON ARMADO PRETENSADO F C 350KG/CM2 40X40 L 13.0M,u,0,1,1,1,1,1,1274.000000,1274.000000,1274.000000,1274.000000,1,1
INSV1-fb625e7e6e28ff6b8dc5f5b6,MATERIAL,PILOTE DE HORMIGON ARMADO PRETENSADO F´C=350Kg/cm2 45X45 L=25.0m,PILOTE DE HORMIGON ARMADO PRETENSADO F C 350KG/CM2 45X45 L 25.0M,u,0,1,1,1,1,1,2722.220000,2722.220000,2722.220000,2722.220000,1,1
INSV1-cdc7ee72077345a0a2dc15f5,EQUIPO,MARTILLO PARA HINCADO,MARTILLO PARA HINCADO,h,0,1,1,1,2,1,100.000000,100.000000,100.000000,100.000000,1,2
INSV1-64d252a22f905cb77aa9d5ef,EQUIPO,GRUA DE 120 Tn,GRUA DE 120 TN,h,0,1,1,1,8,1,170.000000,170.000000,170.000000,170.000000,1,8
INSV1-92b1554ed6ce2b80797b2b33,EQUIPO,"BOMBA DE AGUA 4""",BOMBA DE AGUA 4,h,0,1,1,1,2,1,5.000000,5.000000,5.000000,5.000000,1,2
INSV1-3aafb0d3fb39354724fd1708,EQUIPO,COMPRESOR,COMPRESOR,h,0,2,1,1,8,2,15.000000,15.000000,0.500000,15.000000,2,8
INSV1-46f04db693df544f7615ff68,MANO_OBRA,OPERADOR DE GRUA PUENTE DE ELEVACION,OPERADOR DE GRUA PUENTE DE ELEVACION,h,0,1,1,1,36,1,4.750000,4.750000,4.750000,4.750000,1,36
INSV1-58cf155b4c30b6041c57df64,EQUIPO,PLATAFORMA METALICA (INCLUYE REMOLCADOR),PLATAFORMA METALICA INCLUYE REMOLCADOR,h,0,1,1,1,2,1,150.000000,150.000000,150.000000,150.000000,1,2
INSV1-1c63dd0c157889304c651cdd,EQUIPO,EQUIPO DE IZAJE,EQUIPO DE IZAJE,h,0,1,1,1,3,1,15.000000,15.000000,15.000000,15.000000,1,3
INSV1-f95566efd6911d37efb95501,EQUIPO,MAESTRA DE ACOPLE,MAESTRA DE ACOPLE,h,0,1,1,1,3,1,25.000000,25.000000,25.000000,25.000000,1,3
INSV1-1863875e0834bfb8cd2c25fb,MATERIAL,PRUEBA DE CARGA DINAMICA PDA EN PILOTE D=0.60m,PRUEBA DE CARGA DINAMICA PDA EN PILOTE D 0.60M,u,0,1,1,1,2,1,3200.000000,3200.000000,3200.000000,3200.000000,1,2
INSV1-6206be68150f1c8c7ff90b7d,EQUIPO,ROTOMARTILLO,ROTOMARTILLO,h,0,2,1,1,4,2,12.500000,12.500000,0.300000,12.500000,2,4
INSV1-d8082defdb8f16416e3753b1,EQUIPO,ESTRUCTURA METALICA TEMPORAL AUTOSOPORTANTE,ESTRUCTURA METALICA TEMPORAL AUTOSOPORTANTE,h,0,1,1,1,1,1,30.000000,30.000000,30.000000,30.000000,1,1
INSV1-37b8af6f88857339e200cb4e,EQUIPO,MARTILLO NEUMATICO PARA PILOTES,MARTILLO NEUMATICO PARA PILOTES,h,0,1,1,1,2,1,125.000000,125.000000,125.000000,125.000000,1,2
INSV1-49b9feec03a6ef52bf6ea6a2,EQUIPO,EQUIPO DE OXICORTE,EQUIPO DE OXICORTE,h,0,1,1,1,17,1,16.000000,16.000000,16.000000,16.000000,1,17
INSV1-78e332f7cdb942a8d19d5dfd,EQUIPO,SOLDADORA,SOLDADORA,h,0,2,2,2,127,1,5.000000,5.000000,3.150000,5.000000,2,127
INSV1-ae64c7e507ee716b3349a2f1,MANO_OBRA,OPERADOR DE PERFORADOR (EN CONSTRUCCION),OPERADOR DE PERFORADOR EN CONSTRUCCION,h,0,1,1,1,2,1,4.520000,4.520000,4.520000,4.520000,1,2
INSV1-2f2624a08958fe1391e338e7,MANO_OBRA,MAESTRO SOLDADOR ESPECIALIZADO (EN CONSTRUCCION- ESTR. OC.C1),MAESTRO SOLDADOR ESPECIALIZADO EN CONSTRUCCION- ESTR. OC.C1,h,0,1,1,1,3,1,4.750000,4.750000,4.750000,4.750000,1,3
INSV1-af3bec3239b74cf8b2c96dae,MATERIAL,ALAMBRE RECOCIDO #18,ALAMBRE RECOCIDO 18,kg,0,1,1,1,8,1,1.100000,1.100000,1.100000,1.100000,1,8
INSV1-3b4795e9fe668dfd88e65740,MATERIAL,TUBERIA PP UNION ROSCABLE DI=1 plg 1.25 MPA,TUBERIA PP UNION ROSCABLE DI 1 PLG 1.25 MPA,m,0,1,1,1,5,1,4.640000,4.640000,4.640000,4.640000,1,5
INSV1-1f1e8bc7aeb3b6824f2c1ba3,MATERIAL,CONECTORES PARA VARILLAS DE REF. PARA D= 25 mm,CONECTORES PARA VARILLAS DE REF. PARA D 25 MM,u,0,1,1,1,2,1,20.440000,20.440000,20.440000,20.440000,1,2
INSV1-47cc737fc2c9c5e593b29343,MATERIAL,CAMISA METALICA DE ACERO A-588 PARA PILOTE D=0.60m E=15mm,CAMISA METALICA DE ACERO A-588 PARA PILOTE D 0.60M E 15MM,m,0,1,1,1,2,1,520.590000,520.590000,520.590000,520.590000,1,2
INSV1-665db03eddee8eb5942222ba,MATERIAL,ACETILENO,ACETILENO,kg,0,1,1,1,2,1,20.150000,20.150000,20.150000,20.150000,1,2
INSV1-5ed064e29e618f8a94e493ce,MATERIAL,OXIGENO,OXIGENO,m3,0,1,1,1,2,1,6.120000,6.120000,6.120000,6.120000,1,2
INSV1-3e6e72469e98f50a4b294b19,MATERIAL,SOLDADURA,SOLDADURA,kg,0,1,1,1,12,1,7.000000,7.000000,7.000000,7.000000,1,12
INSV1-a80442e7e6489c0a0e09d542,EQUIPO,CORTADORA DE HIERRO,CORTADORA DE HIERRO,h,0,1,1,1,53,1,1.750000,1.750000,1.750000,1.750000,1,53
INSV1-7e529640382bd270a9533695,MANO_OBRA,FIERRERO,FIERRERO,h,0,2,2,2,77,1,4.280000,4.280000,4.280000,4.280000,1,77
INSV1-dfd9503543b700e0993a7692,MATERIAL,ACERO DE REFUERZO EN BARRAS FY=4200 Kg/cm2,ACERO DE REFUERZO EN BARRAS FY 4200 KG/CM2,kg,0,1,1,1,63,1,1.310000,1.310000,1.310000,1.310000,1,63
INSV1-cf8fea534f1bbba59fbc0738,EQUIPO,ESTRUCTURA TEMPORAL PARA FUNDICION EN ELEMENTOS EN AGUA,ESTRUCTURA TEMPORAL PARA FUNDICION EN ELEMENTOS EN AGUA,h,0,1,1,1,1,1,50.000000,50.000000,50.000000,50.000000,1,1
INSV1-4dd2512ac04066974006ccdf,MANO_OBRA,ALBAÑIL,ALBANIL,h,0,2,2,2,289,1,4.280000,4.280000,4.280000,4.280000,1,289
INSV1-0db8625bf787b7ef61edff42,MATERIAL,HORMIGON PREMEZCLADO BOMBEABLE AUTOCOMPACTANTE F´C=350 Kg/cm2 CON INHIBIDOR DE CORROSION DE ALTA RESISTENCIA INICIAL,HORMIGON PREMEZCLADO BOMBEABLE AUTOCOMPACTANTE F C 350 KG/CM2 CON INHIBIDOR DE CORROSION DE ALTA RESISTENCIA INICIAL,m3,0,1,1,1,1,1,168.690000,168.690000,168.690000,168.690000,1,1
INSV1-6e8a9ec7511393ad8452f66a,EQUIPO,ENCOFRADO,ENCOFRADO,h,0,1,1,1,72,1,4.000000,4.000000,4.000000,4.000000,1,72
INSV1-14b3cddcffbfe8c1f95d9333,MANO_OBRA,ENCOFRADOR O CARPINTERO DE RIBERA,ENCOFRADOR O CARPINTERO DE RIBERA,h,0,1,1,1,6,1,4.280000,4.280000,4.280000,4.280000,1,6
INSV1-f9ec6f80214f44d52f622b32,MATERIAL,HORMIGON PREMEZCLADO F´C= 350 Kg/cm2 BOMBEABLE,HORMIGON PREMEZCLADO F C 350 KG/CM2 BOMBEABLE,m3,0,1,1,1,6,1,136.650000,136.650000,136.650000,136.650000,1,6
INSV1-39a9aecf6e82be943d453c5c,MATERIAL,CURADOR PARA HORMIGON Y MORTERO,CURADOR PARA HORMIGON Y MORTERO,kg,0,1,1,1,12,1,1.500000,1.500000,1.500000,1.500000,1,12
INSV1-5dbdad09bae882a0c4c68aac,MATERIAL,FABRICACION DE VIGA T SEGUN DISEÑO,FABRICACION DE VIGA T SEGUN DISENO,m,0,1,1,1,1,1,117.590000,117.590000,117.590000,117.590000,1,1
INSV1-59ef98e735101c174291ec31,MATERIAL,"FABRICACION DE VIGA DOBLE T ANCHO= 1,40m A 1,70m",FABRICACION DE VIGA DOBLE T ANCHO 1 40M A 1 70M,u,0,1,1,1,1,1,108.880000,108.880000,108.880000,108.880000,1,1
INSV1-bc641b77505934568e903e9a,MATERIAL,"FABRICACION DE VIGA DOBLE T TIPO X, ANCHO= 1,71m A 2,11 m",FABRICACION DE VIGA DOBLE T TIPO X ANCHO 1 71M A 2 11 M,u,0,1,1,1,1,1,122.210000,122.210000,122.210000,122.210000,1,1
INSV1-2d6e69bfe126b634119f1232,MATERIAL,FABRICACION DE VIGA L SEGUN DISEÑO,FABRICACION DE VIGA L SEGUN DISENO,u,0,1,1,1,1,1,144.530000,144.530000,144.530000,144.530000,1,1
INSV1-b82635ff8666c942d924708d,MATERIAL,FABRICACION DE VIGA RECTANGULAR 250 X 470,FABRICACION DE VIGA RECTANGULAR 250 X 470,m,0,1,1,1,1,1,109.030000,109.030000,109.030000,109.030000,1,1
INSV1-5a9c825abaa71eb4a638f171,MATERIAL,FABRICACION DE VIGA R19R,FABRICACION DE VIGA R19R,m,0,1,1,1,1,1,64.960000,64.960000,64.960000,64.960000,1,1
INSV1-d8feae23aef2cc3f444b83f7,EQUIPO,GRUA PLUMA MOVIL,GRUA PLUMA MOVIL,h,0,1,1,1,2,1,145.000000,145.000000,145.000000,145.000000,1,2
INSV1-2d28c1e58b2d40ccef7096f7,TRANSPORTE,TRANSPORTE DE VIGAS,TRANSPORTE DE VIGAS,1,0,1,1,1,1,1,40.000000,40.000000,40.000000,40.000000,1,1
INSV1-c1d83e5e831252249b9bccac,MATERIAL,FABRICACION DE VIGA R14R,FABRICACION DE VIGA R14R,m,0,1,1,1,1,1,17.630000,17.630000,17.630000,17.630000,1,1
INSV1-44ef89f469c1dcfa47e5c9ee,MATERIAL,JUNTA DILATACION DE NEOPRENO JCV-300 (432X54X1830) mm,JUNTA DILATACION DE NEOPRENO JCV-300 432X54X1830 MM,m,0,1,1,1,1,1,472.100000,472.100000,472.100000,472.100000,1,1
INSV1-7c6ea3c042958c72a92da750,EQUIPO,VIBRADOR,VIBRADOR,h,0,1,1,1,66,1,4.200000,4.200000,4.200000,4.200000,1,66
INSV1-640ace25bc39930b9fcb9da8,MANO_OBRA,OPERADOR DE EQUIPO LIVIANO,OPERADOR DE EQUIPO LIVIANO,h,0,2,2,2,62,1,4.280000,4.280000,4.280000,4.280000,1,62
INSV1-f4a1b37ca8e856db26be8dfa,MATERIAL,HORMIGON PREMEZCLADO F´C= 180 Kg/cm2 BOMBEABLE,HORMIGON PREMEZCLADO F C 180 KG/CM2 BOMBEABLE,m3,0,1,1,1,38,1,116.630000,116.630000,116.630000,116.630000,1,38
INSV1-f36760bc9f1a1e29a0ab8fcf,MATERIAL,DESMOLDANTE,DESMOLDANTE,kg,0,1,1,1,56,1,2.930000,2.930000,2.930000,2.930000,1,56
INSV1-66950b862d63406d4c228052,MANO_OBRA,ELECTRICISTA O INSTALADOR DE REVESTIMIENTO EN GENERAL,ELECTRICISTA O INSTALADOR DE REVESTIMIENTO EN GENERAL,h,0,2,2,2,363,1,4.280000,4.280000,4.280000,4.280000,1,363
INSV1-b6cc111202ee6c433f8fcf3f,MANO_OBRA,SOLDADOR EN CONSTRUCCION,SOLDADOR EN CONSTRUCCION,h,0,2,2,2,98,1,4.350000,4.350000,4.350000,4.350000,1,98
INSV1-019b26b9ea115e3362542b0d,MATERIAL,ELECTRODOS E-6011,ELECTRODOS E-6011,kg,0,1,1,1,48,1,3.160000,3.160000,3.160000,3.160000,1,48
INSV1-ef48368e3e77fdd0f178c9b6,MATERIAL,"MALLA ELECTROSOLDADA 15x15 - 5,5mm",MALLA ELECTROSOLDADA 15X15 - 5 5MM,m2,0,1,1,1,16,1,3.570000,3.570000,3.570000,3.570000,1,16
INSV1-65b6eeebd85f6081949edaa9,EQUIPO,WINCHE,WINCHE,h,0,1,1,1,2,1,3.500000,3.500000,3.500000,3.500000,1,2
INSV1-991cd6d35201ee2635459b2e,EQUIPO,ESMERIL,ESMERIL,h,0,1,1,1,15,1,1.250000,1.250000,1.250000,1.250000,1,15
INSV1-42ae88b7db8484ef106773c5,MANO_OBRA,TECNICO ELECTROMECANICO DE CONSTRUCCION,TECNICO ELECTROMECANICO DE CONSTRUCCION,h,0,1,1,1,52,1,4.280000,4.280000,4.280000,4.280000,1,52
INSV1-94cb93d16a8b6592d390d8fb,MATERIAL,SOLDADURA E 7018,SOLDADURA E 7018,kg,0,1,1,1,2,1,3.580000,3.580000,3.580000,3.580000,1,2
INSV1-10d2e0991dc99e6ba0706146,MATERIAL,DILUYENTE,DILUYENTE,galón (us),0,1,1,1,16,1,6.300000,6.300000,6.300000,6.300000,1,16
INSV1-b75db1bdd03f3d7fc6b41c2e,MATERIAL,WYPE BLANCO,WYPE BLANCO,lb,0,1,1,1,2,1,0.600000,0.600000,0.600000,0.600000,1,2
INSV1-21196fd0bd660f993bd0abd8,MATERIAL,ANTICORROSIVO GRIS 507 4 LITROS,ANTICORROSIVO GRIS 507 4 LITROS,galón (us),0,1,1,1,16,1,15.330000,15.330000,15.330000,15.330000,1,16
INSV1-f8a9867228c0de7e109f13b9,MATERIAL,ACERO ESTRUCTURAL ASTM A-588,ACERO ESTRUCTURAL ASTM A-588,kg,0,1,1,1,2,1,1.360000,1.360000,1.360000,1.360000,1,2
INSV1-34a0b53903044dd07da8a3e2,MANO_OBRA,ENGRASADOR O ABASTECEDOR RESPONSABLE EN CONSTRUCCION (EN CONSTRUCCION - ESTR. OC. D2),ENGRASADOR O ABASTECEDOR RESPONSABLE EN CONSTRUCCION EN CONSTRUCCION - ESTR. OC. D2,h,0,1,1,1,2,1,4.280000,4.280000,4.280000,4.280000,1,2
INSV1-0395ca91e2501c400f2c3d35,MANO_OBRA,INSPECTOR DE OBRA,INSPECTOR DE OBRA,h,0,1,1,1,21,1,4.760000,4.760000,4.760000,4.760000,1,21
INSV1-6e7fd35de2492210365a1afb,MATERIAL,CORNAMUSAS GALVANIZADAS,CORNAMUSAS GALVANIZADAS,u,0,1,1,1,1,1,423.940000,423.940000,423.940000,423.940000,1,1
INSV1-fac014a7129b7233a8ef32e7,MATERIAL,ELEMENTOS DE FIJACION,ELEMENTOS DE FIJACION,u,0,1,1,1,1,1,2.000000,2.000000,2.000000,2.000000,1,1
INSV1-ad47868907a4348489e813e1,MATERIAL,DECK DE MADERA PLASTICA PARA PISO,DECK DE MADERA PLASTICA PARA PISO,m2,0,1,1,1,3,1,105.000000,105.000000,105.000000,105.000000,1,3
INSV1-56db915a08387177b46e28e0,EQUIPO,AMOLADORA,AMOLADORA,h,0,2,2,2,92,1,2.500000,2.500000,1.500000,2.500000,2,92
INSV1-fbdb6f4a9a2426c31001fb07,MATERIAL,MORTERO DE PORCELANATO,MORTERO DE PORCELANATO,kg,0,1,1,1,27,1,0.720000,0.720000,0.720000,0.720000,1,27
INSV1-fea047f0f909ca24cddfe470,MATERIAL,POLVO PARA SELLAR JUNTAS DE CERAMICA O PORCELANATO,POLVO PARA SELLAR JUNTAS DE CERAMICA O PORCELANATO,kg,0,1,1,1,24,1,2.200000,2.200000,2.200000,2.200000,1,24
INSV1-b2ab8ae8521c58fdd343086d,MATERIAL,PORCELANATO 18.5X150X9mm,PORCELANATO 18.5X150X9MM,m2,0,1,1,1,3,1,41.150000,41.150000,41.150000,41.150000,1,3
INSV1-713d4393807e38aa3dbf0374,MATERIAL,"TUBERIA GALVANIZADA 2"" X 2.0mm X 6m",TUBERIA GALVANIZADA 2 X 2.0MM X 6M,m,0,1,1,1,11,1,7.710000,7.710000,7.710000,7.710000,1,11
INSV1-d1ac427576b48ec123d5b4fd,MATERIAL,"TUBERIA GALVANIZADA 3"" X 2.0mm X 6m",TUBERIA GALVANIZADA 3 X 2.0MM X 6M,m,0,1,1,1,6,1,34.600000,34.600000,34.600000,34.600000,1,6
INSV1-87415f085eaddc67da4f88f5,MATERIAL,"PERNOS GRADO 8 DE ANCLAJE 5/8"" DE 4 1/4"" DE LARGO",PERNOS GRADO 8 DE ANCLAJE 5/8 DE 4 1/4 DE LARGO,u,0,1,1,1,6,1,1.090000,1.090000,1.090000,1.090000,1,6
INSV1-01b7a6c72ef8ff8ec00a5097,MATERIAL,ELECTRODOS E-7018,ELECTRODOS E-7018,kg,0,1,1,1,47,1,3.470000,3.470000,3.470000,3.470000,1,47
INSV1-5fc0676ab38ab7d76ea6e289,MATERIAL,PINTURA ANTICORROSIVA DE METALES FERROSOS,PINTURA ANTICORROSIVA DE METALES FERROSOS,galón (us),0,1,1,1,16,1,27.230000,27.230000,27.230000,27.230000,1,16
INSV1-5af02a7ee76fcc6a64686e24,EQUIPO,GRUA DE 20 Tn,GRUA DE 20 TN,h,0,1,1,1,21,1,45.000000,45.000000,45.000000,45.000000,1,21
INSV1-c597fb1e3ec638c1276c2b14,MANO_OBRA,PINTOR,PINTOR,h,0,2,2,2,70,1,4.280000,4.280000,4.280000,4.280000,1,70
INSV1-91c3c39c04cfbe44f5181478,MATERIAL,LIJA DE AGUA # 240,LIJA DE AGUA 240,u,0,1,1,1,14,1,0.280000,0.280000,0.280000,0.280000,1,14
INSV1-8b9dd7ff95cca22704f31d4e,MATERIAL,LIJA DE AGUA # 500,LIJA DE AGUA 500,u,0,1,1,1,14,1,0.280000,0.280000,0.280000,0.280000,1,14
INSV1-b6020d5b3f735229c4e1c017,MATERIAL,ACERO ESTRUCTURAL (A36),ACERO ESTRUCTURAL A36,kg,0,1,1,1,24,1,1.900000,1.900000,1.900000,1.900000,1,24
INSV1-b31a936441887422285fff03,EQUIPO,MINICARGADOR CON MARTILLO ROMPEDOR,MINICARGADOR CON MARTILLO ROMPEDOR,h,0,1,1,1,4,1,30.000000,30.000000,30.000000,30.000000,1,4
INSV1-6905b98eb5e7f82e542d88b9,MANO_OBRA,OPERADOR MINI EXCAVADORA/MINI CARGADORA CON SUS ADITAMENTOS,OPERADOR MINI EXCAVADORA/MINI CARGADORA CON SUS ADITAMENTOS,h,0,1,1,1,7,1,4.520000,4.520000,4.520000,4.520000,1,7
INSV1-96bd0c9f6c2874f39885f971,MATERIAL,MATERIAL SUB BASE CLASE 1A PUESTO EN SITIO,MATERIAL SUB BASE CLASE 1A PUESTO EN SITIO,m3,0,1,1,1,3,1,9.250000,9.250000,9.250000,9.250000,1,3
INSV1-da1350265cc0d2aea5ca04ed,MATERIAL,MATERIAL BASE CLASE 1A PUESTO EN SITIO,MATERIAL BASE CLASE 1A PUESTO EN SITIO,m3,0,1,1,1,3,1,16.600000,16.600000,16.600000,16.600000,1,3
INSV1-e5709b7b6db9b99743108a4c,MATERIAL,ADITIVO ENDURECIDO QUARZO,ADITIVO ENDURECIDO QUARZO,kg,0,1,1,1,4,1,2.500000,2.500000,2.500000,2.500000,1,4
INSV1-b95e439967a54a26a7980e3c,MATERIAL,HORMIGON 4.5 MPA,HORMIGON 4.5 MPA,m3,0,1,1,1,4,1,126.240000,126.240000,126.240000,126.240000,1,4
INSV1-a5fd7f1fa7d5296ea676af03,MATERIAL,ASFALTO RC-250,ASFALTO RC-250,galón (us),0,1,1,1,4,1,1.180000,1.180000,1.180000,1.180000,1,4
INSV1-863cf63e3a4faf60cc2f7e10,MATERIAL,HORMIGON PREMEZCLADO F´C= 210 Kg/cm2 BOMBEABLE,HORMIGON PREMEZCLADO F C 210 KG/CM2 BOMBEABLE,m3,0,1,1,1,34,1,119.650000,119.650000,119.650000,119.650000,1,34
INSV1-8767b7f7d9d2309a4b2394a3,EQUIPO,EQUIPO MEZCLA BITUMINOSA (TACHA),EQUIPO MEZCLA BITUMINOSA TACHA,h,0,1,1,1,1,1,8.000000,8.000000,8.000000,8.000000,1,1
INSV1-c91dc0b6cda0ea72148e3452,EQUIPO,CAMIONETA,CAMIONETA,h,0,1,1,1,3,1,12.000000,12.000000,12.000000,12.000000,1,3
INSV1-c738c96bfd055c5dbdd1a5e1,MANO_OBRA,CHOFER OTROS CAMIONES (ESTR. OC. C1),CHOFER OTROS CAMIONES ESTR. OC. C1,h,0,2,2,2,82,1,6.220000,6.220000,6.220000,6.220000,1,82
INSV1-7baa5244fb51fc34d80d2a3f,MATERIAL,ADHESIVO BITUMINOSO,ADHESIVO BITUMINOSO,lb,0,1,1,1,1,1,1.900000,1.900000,1.900000,1.900000,1,1
INSV1-9e178590794f4a93128d39d8,MATERIAL,TACHA RETROREFLECTIVA,TACHA RETROREFLECTIVA,u,0,1,1,1,1,1,3.700000,3.700000,3.700000,3.700000,1,1
INSV1-63a9c5bd449400d326941157,MATERIAL,DELINEADOR VERTICAL (INCLUYE ACCESORIOS DE FIJACION),DELINEADOR VERTICAL INCLUYE ACCESORIOS DE FIJACION,u,0,1,1,1,1,1,25.000000,25.000000,25.000000,25.000000,1,1
INSV1-47bd5241ede3bb26a3b2b7a5,EQUIPO,CARRO CALDERO,CARRO CALDERO,h,0,1,1,1,2,1,30.000000,30.000000,30.000000,30.000000,1,2
INSV1-c9f78f31b9d518588308596f,EQUIPO,FRANJADORA PARA SEÑALIZACION,FRANJADORA PARA SENALIZACION,h,0,1,1,1,4,1,25.000000,25.000000,25.000000,25.000000,1,4
INSV1-7468a2ed29ec321f4ba051c9,EQUIPO,HIDROLAVADORA,HIDROLAVADORA,h,0,1,1,1,2,1,3.500000,3.500000,3.500000,3.500000,1,2
INSV1-e9a8fe709865612fcdfe0134,EQUIPO,SOPLADORA DE ALTO DESEMPEÑO,SOPLADORA DE ALTO DESEMPENO,h,0,1,1,1,4,1,0.500000,0.500000,0.500000,0.500000,1,4
INSV1-47995b0cceb55d9a5a06e168,MANO_OBRA,OPERADOR DE CALDERO PLANTA ASFÁLTICA,OPERADOR DE CALDERO PLANTA ASFALTICA,h,0,1,1,1,2,1,4.520000,4.520000,4.520000,4.520000,1,2
INSV1-1484905914c9ebb1d72318e4,MANO_OBRA,"OPERADOR DE TRACTOR DE RUEDAS (BARREDORA, CEGADORA, RODILLO REMOLCADO, FRANJEADORA)",OPERADOR DE TRACTOR DE RUEDAS BARREDORA CEGADORA RODILLO REMOLCADO FRANJEADORA,h,0,2,2,2,17,1,4.520000,4.520000,4.520000,4.520000,1,17
INSV1-96699735a1ce236e190c4f6d,MATERIAL,PINTURA TERMOPLASTICA AASHTO M249,PINTURA TERMOPLASTICA AASHTO M249,kg,0,1,1,1,4,1,3.900000,3.900000,3.900000,3.900000,1,4
INSV1-f7ced7def770b9e44363e924,MATERIAL,MICROESFERA TIPO I,MICROESFERA TIPO I,kg,0,2,2,2,13,1,1.710000,1.710000,1.700000,1.710000,2,13
INSV1-f08462b01b798bdf283cd4e6,MATERIAL,MICROESFERA TIPO III,MICROESFERA TIPO III,kg,0,1,1,1,2,1,3.000000,3.000000,3.000000,3.000000,1,2
INSV1-548bc2ec6a0aef0f763fd742,MATERIAL,IMPRIMANTE,IMPRIMANTE,m3,0,1,1,1,2,1,2.660000,2.660000,2.660000,2.660000,1,2
INSV1-91237982d3b34743eca66720,EQUIPO,CAMION,CAMION,h,0,2,2,2,26,1,10.000000,10.000000,10.000000,45.000000,2,26
INSV1-bcf16c5b8a6e9177df695316,EQUIPO,ESCALERA TELESCOPICA CON CINTURON DE SEGURIDAD,ESCALERA TELESCOPICA CON CINTURON DE SEGURIDAD,h,0,1,1,1,4,1,1.250000,1.250000,1.250000,1.250000,1,4
INSV1-5c5eafca1aae4f4f8945cf95,MATERIAL,ACCESORIOS DE FIJACION,ACCESORIOS DE FIJACION,u,0,1,1,1,13,1,1.800000,1.800000,1.800000,1.800000,1,13
INSV1-12150d683dcf5dd4a1dd3dcf,MATERIAL,PERFIL ESTRUCTURAL L 40X6mm,PERFIL ESTRUCTURAL L 40X6MM,m,0,1,1,1,2,1,2.530000,2.530000,2.530000,2.530000,1,2
INSV1-c3ccd4678192b5134e39697d,MATERIAL,RECUBRIMIENTO PARA METALES,RECUBRIMIENTO PARA METALES,galón (us),0,1,1,1,4,1,18.000000,18.000000,18.000000,18.000000,1,4
INSV1-26bc4be30a20b37f6016bfa1,EQUIPO,ANDAMIO METALICO,ANDAMIO METALICO,h,0,1,1,1,51,1,3.750000,3.750000,3.750000,3.750000,1,51
INSV1-d5c91fed6e9245bbf548c7bb,MATERIAL,"LETRAS CORPOREAS AUTOILUMINADAS ""MALECON AURORA"" SOBRE PILARES DE INGRESO PRINCIPAL (INCLUYE ACCESORIOS DE FIJACION)",LETRAS CORPOREAS AUTOILUMINADAS MALECON AURORA SOBRE PILARES DE INGRESO PRINCIPAL INCLUYE ACCESORIOS DE FIJACION,u,0,1,1,1,1,1,2700.000000,2700.000000,2700.000000,2700.000000,1,1
INSV1-6a9d29baf42688332c29fa83,MATERIAL,"BISAGRA EN ACERO INOXIDABLE 2""(PAR)",BISAGRA EN ACERO INOXIDABLE 2 PAR,u,0,1,1,1,5,1,2.050000,2.050000,2.050000,2.050000,1,5
INSV1-e20d34fabe88dc478efc6643,MATERIAL,"TUBO RECTANGULAR GALVANIZADO 100x50mm, E=3mm",TUBO RECTANGULAR GALVANIZADO 100X50MM E 3MM,m,0,1,1,1,3,1,19.550000,19.550000,19.550000,19.550000,1,3
INSV1-3a13d23dd34caa2a10811226,MATERIAL,"TUBO RECTANGULAR GALVANIZADO 40x20mm, E=3mm",TUBO RECTANGULAR GALVANIZADO 40X20MM E 3MM,m,0,1,1,1,3,1,4.960000,4.960000,4.960000,4.960000,1,3
INSV1-9106f681456f57ba5dc3c7b1,MATERIAL,CERRADURA DE PUERTA METALICA,CERRADURA DE PUERTA METALICA,u,0,1,1,1,11,1,33.320000,33.320000,33.320000,33.320000,1,11
INSV1-6106dbb7e08dd4d749846302,MATERIAL,RUEDA 78 mm,RUEDA 78 MM,u,0,1,1,1,1,1,13.080000,13.080000,13.080000,13.080000,1,1
INSV1-1c1195fb85b62c6d97b8d97b,MATERIAL,"SEÑALETICA VERTICAL ""LIMITE DE VELOCIDAD"" (INCLUYE POSTE Y ACCESORIOS DE FIJACION)",SENALETICA VERTICAL LIMITE DE VELOCIDAD INCLUYE POSTE Y ACCESORIOS DE FIJACION,u,0,1,1,1,1,1,170.380000,170.380000,170.380000,170.380000,1,1
INSV1-ad3d846947acc436c5b0a82f,MATERIAL,"SEÑALETICA VERTICAL ""NO DETENER/NO ESTACIONAR"" (INCLUYE POSTE Y ACCESORIOS DE FIJACION)",SENALETICA VERTICAL NO DETENER/NO ESTACIONAR INCLUYE POSTE Y ACCESORIOS DE FIJACION,u,0,1,1,1,1,1,170.380000,170.380000,170.380000,170.380000,1,1
INSV1-7c7fc245b55265a611447800,MATERIAL,"SEÑALETICA VERTICAL ""PEATON"" (INCLUYE POSTE Y ACCESORIOS DE FIJACION)",SENALETICA VERTICAL PEATON INCLUYE POSTE Y ACCESORIOS DE FIJACION,u,0,1,1,1,1,1,170.380000,170.380000,170.380000,170.380000,1,1
INSV1-40e767dd453e2328f6b45661,MATERIAL,"SEÑALETICA VERTICAL ""PARE"" (INCLUYE POSTE Y ACCESORIOS DE FIJACION)",SENALETICA VERTICAL PARE INCLUYE POSTE Y ACCESORIOS DE FIJACION,u,0,1,1,1,1,1,170.380000,170.380000,170.380000,170.380000,1,1
INSV1-597dd9ff18fc99711f511846,MATERIAL,SEÑALETICA VERTICAL DE SENTIDO VIAL (INCLUYE POSTE Y ACCESORIOS DE FIJACION),SENALETICA VERTICAL DE SENTIDO VIAL INCLUYE POSTE Y ACCESORIOS DE FIJACION,u,0,1,1,1,1,1,170.380000,170.380000,170.380000,170.380000,1,1
INSV1-0a2186a371d58ecaa7b804c1,MATERIAL,"SEÑALETICA VERTICAL ""BIFURCACION IZQUIERDA"" (INCLUYE POSTE Y ACCESORIOS DE FIJACION)",SENALETICA VERTICAL BIFURCACION IZQUIERDA INCLUYE POSTE Y ACCESORIOS DE FIJACION,u,0,1,1,1,1,1,170.380000,170.380000,170.380000,170.380000,1,1
INSV1-9b2ed9c39a8961d283044fd8,MATERIAL,"SEÑALETICA VERTICAL ""CICLISTAS EN LA VIA"" (INCLUYE POSTE Y ACCESORIOS DE FIJACION)",SENALETICA VERTICAL CICLISTAS EN LA VIA INCLUYE POSTE Y ACCESORIOS DE FIJACION,u,0,1,1,1,1,1,170.380000,170.380000,170.380000,170.380000,1,1
INSV1-5e2982bfb31f2d6e1f9b3f6e,MATERIAL,"SEÑALETICA VERTICAL ""GIRO EN U"" (INCLUYE POSTE Y ACCESORIOS DE FIJACION)",SENALETICA VERTICAL GIRO EN U INCLUYE POSTE Y ACCESORIOS DE FIJACION,u,0,1,1,1,1,1,170.380000,170.380000,170.380000,170.380000,1,1
INSV1-552aff17b8f06de18dd5863a,MATERIAL,"SEÑALETICA VERTICAL ""APROXIMACION A REDONDEL"" (INCLUYE POSTE Y ACCESORIOS DE FIJACION)",SENALETICA VERTICAL APROXIMACION A REDONDEL INCLUYE POSTE Y ACCESORIOS DE FIJACION,u,0,1,1,1,1,1,170.380000,170.380000,170.380000,170.380000,1,1
INSV1-f3bd02245b8e4ed675e21a35,MATERIAL,"SEÑALETICA VERTICAL ""ESTACIONAMIENTO RESERVADO PARA DISCAPACITADOS"" (INCLUYE POSTE Y ACCESORIOS DE FIJACION)",SENALETICA VERTICAL ESTACIONAMIENTO RESERVADO PARA DISCAPACITADOS INCLUYE POSTE Y ACCESORIOS DE FIJACION,u,0,1,1,1,1,1,170.380000,170.380000,170.380000,170.380000,1,1
INSV1-35bd0bbe241791d141abd01a,MATERIAL,TIERRA VEGETAL,TIERRA VEGETAL,m3,0,1,1,1,1,1,12.200000,12.200000,12.200000,12.200000,1,1
INSV1-deab94b19da43d9add843807,MATERIAL,ARBOL DE LEUCAENA H=2m,ARBOL DE LEUCAENA H 2M,u,0,1,1,1,1,1,15.000000,15.000000,15.000000,15.000000,1,1
INSV1-c895b116bc5805f72898eaff,MATERIAL,PIOLA DE 250 m,PIOLA DE 250 M,rl,0,1,1,1,6,1,33.000000,33.000000,33.000000,33.000000,1,6
INSV1-c86adde4b5543ecd8fb22959,MATERIAL,TUTOR DE MADERA,TUTOR DE MADERA,u,0,1,1,1,6,1,2.600000,2.600000,2.600000,2.600000,1,6
INSV1-f1eee6d6dc575f3f234ca233,MATERIAL,HUMUS DE LOMBRIZ DE 40 Kg,HUMUS DE LOMBRIZ DE 40 KG,sc,0,1,1,1,6,1,10.000000,10.000000,10.000000,10.000000,1,6
INSV1-e289f74cb8d75f7170773af7,MATERIAL,FERTILIZANTE (10-30-10) 50 Kg,FERTILIZANTE 10-30-10 50 KG,sc,0,1,1,1,23,1,40.000000,40.000000,40.000000,40.000000,1,23
INSV1-f8d27d486f761cbd010c2372,MATERIAL,ARBOL TABEBUIA CHRYSANTHA H=2m,ARBOL TABEBUIA CHRYSANTHA H 2M,u,0,1,1,1,1,1,15.000000,15.000000,15.000000,15.000000,1,1
INSV1-0f020cec4cbfff658d524c5e,MATERIAL,ARBOL TABEBUIA ROSEA H=2m,ARBOL TABEBUIA ROSEA H 2M,u,0,1,1,1,1,1,15.000000,15.000000,15.000000,15.000000,1,1
INSV1-1752d92185b0fb9124287d6e,MATERIAL,ARBOL CENTROLOBIUM OCHROXYLUM H=2m,ARBOL CENTROLOBIUM OCHROXYLUM H 2M,u,0,1,1,1,1,1,15.000000,15.000000,15.000000,15.000000,1,1
INSV1-4a993c5a4d93298ce364f82e,MATERIAL,ARBOL TRIPLARIS CUMINGIANA H=2m,ARBOL TRIPLARIS CUMINGIANA H 2M,u,0,1,1,1,1,1,15.000000,15.000000,15.000000,15.000000,1,1
INSV1-64c71625d26ffe4d2d60e42f,MATERIAL,ARBOL ALBIZIA PISTACIIFOLIA H=2m,ARBOL ALBIZIA PISTACIIFOLIA H 2M,u,0,1,1,1,1,1,15.000000,15.000000,15.000000,15.000000,1,1
INSV1-2e5f88c88fe19c4a19ecb8e3,MATERIAL,"PLANTA FITTONIA ALBIVENSIS H= 0,15m; PUESTA EN SITIO",PLANTA FITTONIA ALBIVENSIS H 0 15M PUESTA EN SITIO,u,0,1,1,1,1,1,0.600000,0.600000,0.600000,0.600000,1,1
INSV1-3f9c2cfcef8d9c677c0d1151,MATERIAL,TIERRA DE SEMBRADO DE 10 Kg,TIERRA DE SEMBRADO DE 10 KG,sc,0,1,1,1,17,1,1.500000,1.500000,1.500000,1.500000,1,17
INSV1-534dcad304a38edf3a4a51ba,MATERIAL,"PLANTA AJUGA REPTANS PURPUREA H=0,20m; PUESTA EN SITIO",PLANTA AJUGA REPTANS PURPUREA H 0 20M PUESTA EN SITIO,u,0,1,1,1,1,1,0.600000,0.600000,0.600000,0.600000,1,1
INSV1-8622216f2b5ff7771c39d702,MATERIAL,CESPED SAN AGUSTIN; PUESTA EN SITIO,CESPED SAN AGUSTIN PUESTA EN SITIO,m2,0,1,1,1,1,1,4.000000,4.000000,4.000000,4.000000,1,1
INSV1-43e7c429e5b3dd5af6d92997,MATERIAL,ARENA PUESTA EN SITIO,ARENA PUESTA EN SITIO,m3,0,1,1,1,36,1,19.900000,19.900000,19.900000,19.900000,1,36
INSV1-280d61a70e03157e7b83c108,MATERIAL,"PLANTA SOLEIROLIA SOLEIROLII H=0,10m; PUESTA EN SITIO",PLANTA SOLEIROLIA SOLEIROLII H 0 10M PUESTA EN SITIO,u,0,1,1,1,1,1,0.600000,0.600000,0.600000,0.600000,1,1
INSV1-a2920020ef31190c95f9b85b,MATERIAL,"PLANTA PLECTRANTHRUS AUSTRALIS H=0,15m; PUESTA EN SITIO",PLANTA PLECTRANTHRUS AUSTRALIS H 0 15M PUESTA EN SITIO,u,0,1,1,1,1,1,0.600000,0.600000,0.600000,0.600000,1,1
INSV1-faa985f1599adff7aa505fdf,MATERIAL,"PLANTA PILEA CADIEREI H=0,20m; PUESTA EN SITIO",PLANTA PILEA CADIEREI H 0 20M PUESTA EN SITIO,u,0,1,1,1,1,1,1.500000,1.500000,1.500000,1.500000,1,1
INSV1-f8f67947443b9d388dd528b1,MATERIAL,"PLANTA PILEA PEPEROMIOIDES H=0,20m; PUESTA EN SITIO",PLANTA PILEA PEPEROMIOIDES H 0 20M PUESTA EN SITIO,u,0,1,1,1,1,1,1.500000,1.500000,1.500000,1.500000,1,1
INSV1-d0ce46e4051716e33939be2f,MATERIAL,"PLANTA OXALIS REGNELLI ATROPURPUREA H=0,30m; PUESTA EN SITIO",PLANTA OXALIS REGNELLI ATROPURPUREA H 0 30M PUESTA EN SITIO,u,0,1,1,1,1,1,1.000000,1.000000,1.000000,1.000000,1,1
INSV1-0ed4133e2381cc4fc80d18c2,MATERIAL,"PLANTA THULBALGIA VIOLACEA H=0,40m; PUESTA EN SITIO",PLANTA THULBALGIA VIOLACEA H 0 40M PUESTA EN SITIO,u,0,1,1,1,1,1,0.700000,0.700000,0.700000,0.700000,1,1
INSV1-eb655cb9083c43c1ef04de43,MATERIAL,"PLANTA RUELLIA BRITTONIANA H=0,10m; PUESTA EN SITIO",PLANTA RUELLIA BRITTONIANA H 0 10M PUESTA EN SITIO,u,0,1,1,1,1,1,0.600000,0.600000,0.600000,0.600000,1,1
INSV1-aadea2c14615919480f6ff2c,MATERIAL,"PLANTA CRINUM XANTHOPHYLLUM H=0,10m; PUESTA EN SITIO",PLANTA CRINUM XANTHOPHYLLUM H 0 10M PUESTA EN SITIO,u,0,1,1,1,1,1,1.000000,1.000000,1.000000,1.000000,1,1
INSV1-450a6949ea35be741dc409b1,MATERIAL,"PLANTA HYMENOCALLIS LITTORALIS H=0,30m; PUESTA EN SITIO",PLANTA HYMENOCALLIS LITTORALIS H 0 30M PUESTA EN SITIO,u,0,1,1,1,1,1,1.250000,1.250000,1.250000,1.250000,1,1
INSV1-091382ece1f6ec8f8c4220d8,MATERIAL,"PLANTA RUSSELIA EQUISETIFORMIS H=1,00m; PUESTA EN SITIO",PLANTA RUSSELIA EQUISETIFORMIS H 1 00M PUESTA EN SITIO,u,0,1,1,1,1,1,1.000000,1.000000,1.000000,1.000000,1,1
INSV1-4794634c9609aa64c8a05b5e,MATERIAL,"PLANTA HELICONIA ROSTRATA H=1,00m; PUESTA EN SITIO",PLANTA HELICONIA ROSTRATA H 1 00M PUESTA EN SITIO,u,0,1,1,1,1,1,1.000000,1.000000,1.000000,1.000000,1,1
INSV1-c7a80f5bd604aa543270841f,MATERIAL,"PLANTA TILLANDSIA CLAVIGERA H=0,70m; PUESTA EN SITIO",PLANTA TILLANDSIA CLAVIGERA H 0 70M PUESTA EN SITIO,u,0,1,1,1,1,1,15.000000,15.000000,15.000000,15.000000,1,1
INSV1-f4584713ea2b2d541e68ca21,MATERIAL,"PLANTA GUZMANIA SP. H=0,25m; PUESTA EN SITIO",PLANTA GUZMANIA SP. H 0 25M PUESTA EN SITIO,u,0,1,1,1,1,1,1.500000,1.500000,1.500000,1.500000,1,1
INSV1-dfdd75b739f00b7c7a50d3f4,MATERIAL,"PLANTA RAPHIS EXCELSA H=1,70m; PUESTA EN SITIO",PLANTA RAPHIS EXCELSA H 1 70M PUESTA EN SITIO,u,0,1,1,1,1,1,10.000000,10.000000,10.000000,10.000000,1,1
INSV1-543fca077698caef5e8781e2,MATERIAL,"PLANTA CALATHEA LUTEA H=0,80m; PUESTA EN SITIO",PLANTA CALATHEA LUTEA H 0 80M PUESTA EN SITIO,u,0,1,1,1,1,1,5.000000,5.000000,5.000000,5.000000,1,1
INSV1-7e96b2841c2b63d88784c50b,MATERIAL,"INSECTICIDA CON DOS INGREDIENTES ACTIVOS, CON 2 MODOS DE ACCION, DE INGESTION Y CONTACTO 500cc",INSECTICIDA CON DOS INGREDIENTES ACTIVOS CON 2 MODOS DE ACCION DE INGESTION Y CONTACTO 500CC,u,0,1,1,1,1,1,27.560000,27.560000,27.560000,27.560000,1,1
INSV1-0f862c75b675bb4cfff3fd1f,MATERIAL,"FERTILIZANTE FOLIAR NPK 30-10-10, 800 gr",FERTILIZANTE FOLIAR NPK 30-10-10 800 GR,u,0,1,1,1,1,1,4.200000,4.200000,4.200000,4.200000,1,1
INSV1-fee6ef142cb959fc0502ab95,MATERIAL,ACEITE 2 TIEMPOS,ACEITE 2 TIEMPOS,l,0,1,1,1,1,1,7.000000,7.000000,7.000000,7.000000,1,1
INSV1-2ef3b061a971e2cd838dc10c,MATERIAL,GASOLINA,GASOLINA,l,0,1,1,1,1,1,1.160000,1.160000,1.160000,1.160000,1,1
INSV1-4eabc2169c5d971606950527,EQUIPO,CARRETILLA,CARRETILLA,h,0,1,1,1,4,1,0.050000,0.050000,0.050000,0.050000,1,4
INSV1-ebfed926ff94463183313651,EQUIPO,MASCARILLAS DE CARBON ACTIVADO,MASCARILLAS DE CARBON ACTIVADO,h,0,1,1,1,4,1,0.020000,0.020000,0.020000,0.020000,1,4
INSV1-4d9fdd33cf57395505ec0522,EQUIPO,GUANTES DE NITRILO,GUANTES DE NITRILO,h,0,1,1,1,4,1,0.050000,0.050000,0.050000,0.050000,1,4
INSV1-9ab3dfbbb0980958e18b513c,EQUIPO,LENTES DE SEGURIDAD,LENTES DE SEGURIDAD,h,0,1,1,1,3,1,0.030000,0.030000,0.030000,0.030000,1,3
INSV1-37b31679fa66ef5cb5eeaf66,MATERIAL,TIERRA LIMO,TIERRA LIMO,m3,0,1,1,1,2,1,22.080000,22.080000,22.080000,22.080000,1,2
INSV1-bd6538db1baa3d5411ea7192,MATERIAL,MEMBRANA DE POLIESTIRENO RECICLADO REFORZADO Y PERFORACIONES EN LA PARTE SUPERIOR,MEMBRANA DE POLIESTIRENO RECICLADO REFORZADO Y PERFORACIONES EN LA PARTE SUPERIOR,m2,0,1,1,1,3,1,29.080000,29.080000,29.080000,29.080000,1,3
INSV1-cb26788bc72b94bf21acd43f,MATERIAL,SISTEMA MODULAR CON BOLSILLOS INDEPENDIENTES PARA JARDINES VERTICALES,SISTEMA MODULAR CON BOLSILLOS INDEPENDIENTES PARA JARDINES VERTICALES,m2,0,1,1,1,2,1,50.000000,50.000000,50.000000,50.000000,1,2
INSV1-4d8b9f2f5b81bbd1220810d1,MATERIAL,TUBO CUADRADO 25mm E=1.5mm,TUBO CUADRADO 25MM E 1.5MM,m,0,1,1,1,2,1,2.400000,2.400000,2.400000,2.400000,1,2
INSV1-66de0ca604f87a658e54a143,MATERIAL,TORNILLO AUTORROSCANTE CON CABEZA HEXAGONAL 5.5mmX25mm DE LONG.,TORNILLO AUTORROSCANTE CON CABEZA HEXAGONAL 5.5MMX25MM DE LONG,u,0,1,1,1,2,1,0.090000,0.090000,0.090000,0.090000,1,2
INSV1-48c596bed92f63fb274bfe6b,MATERIAL,"ANCLAJE MECANICO CON TACO DE NYLON Y TORNILLO D=5mm, L=50mm",ANCLAJE MECANICO CON TACO DE NYLON Y TORNILLO D 5MM L 50MM,u,0,1,1,1,2,1,0.020000,0.020000,0.020000,0.020000,1,2
INSV1-8b5113c478da1a74b72e0a4c,MATERIAL,SYNGONIUM PODOPHYLLUM 20 cm,SYNGONIUM PODOPHYLLUM 20 CM,u,0,1,1,1,2,1,0.500000,0.500000,0.500000,0.500000,1,2
INSV1-ceb32c9f79d38d27be8797f9,MATERIAL,HORMONAS DE ENRAIZAMIENTO,HORMONAS DE ENRAIZAMIENTO,l,0,1,1,1,3,1,40.250000,40.250000,40.250000,40.250000,1,3
INSV1-72fe441cb0105ec0df2cdb65,MATERIAL,MEMBRANA ANTIRRAICES DE POLIETILENO DE BAJA DENSIDAD,MEMBRANA ANTIRRAICES DE POLIETILENO DE BAJA DENSIDAD,m2,0,1,1,1,1,1,6.590000,6.590000,6.590000,6.590000,1,1
INSV1-95a133814bc449d4b1bdf8ef,MATERIAL,SUSTRATO DE LANA MINERAL 40 mm DE ESPESOR,SUSTRATO DE LANA MINERAL 40 MM DE ESPESOR,m2,0,1,1,1,1,1,19.630000,19.630000,19.630000,19.630000,1,1
INSV1-1725b9588a162aaf1a40bb86,MATERIAL,TEPE BIODEGRADABLE (VEGETACION),TEPE BIODEGRADABLE VEGETACION,m2,0,1,1,1,1,1,68.050000,68.050000,68.050000,68.050000,1,1
INSV1-4e68dfb648aa3d5ab8c4b423,MATERIAL,PORCELANATO 30x60cm GRIS/ANTRACITA/ARENA,PORCELANATO 30X60CM GRIS/ANTRACITA/ARENA,m2,0,1,1,1,2,1,20.000000,20.000000,20.000000,20.000000,1,2
INSV1-b0941219c40aa5c18f86b431,MATERIAL,PORCELANATO 60x120cm GRIS/ANTRACITA/ARENA,PORCELANATO 60X120CM GRIS/ANTRACITA/ARENA,m2,0,1,1,1,2,1,32.700000,32.700000,32.700000,32.700000,1,2
INSV1-b2e6eb221c2ca5eb9e589978,EQUIPO,PARIHUELAS,PARIHUELAS,h,0,1,1,1,2,1,0.250000,0.250000,0.250000,0.250000,1,2
INSV1-5ddbb8abcf94bc340e3849a3,EQUIPO,CONCRETERA DE 1 SACO,CONCRETERA DE 1 SACO,h,0,1,1,1,6,1,5.000000,5.000000,5.000000,5.000000,1,6
INSV1-a8253a8a27049716daa16a2d,MATERIAL,CEMENTO PORTLAND TIPO IP,CEMENTO PORTLAND TIPO IP,sc,0,1,1,1,33,1,7.900000,7.900000,7.900000,7.900000,1,33
INSV1-8ce05f3bcedc28ff37019dc8,MATERIAL,PIEDRA MARTELINADA 30x30cm E=6mm,PIEDRA MARTELINADA 30X30CM E 6MM,m2,0,1,1,1,1,1,33.580000,33.580000,33.580000,33.580000,1,1
INSV1-8affe226d29d23f164bd2707,MATERIAL,ADHESIVO ACRILICO PARA MORTEROS,ADHESIVO ACRILICO PARA MORTEROS,kg,0,1,1,1,2,1,7.000000,7.000000,7.000000,7.000000,1,2
INSV1-30a42b72d82d97ef1dfee3e7,MATERIAL,HORMIGON PREMEZCLADO F´C= 280 Kg/cm2 BOMBEABLE,HORMIGON PREMEZCLADO F C 280 KG/CM2 BOMBEABLE,m3,0,1,1,1,12,1,127.370000,127.370000,127.370000,127.370000,1,12
INSV1-30d99541a76d1dd859a6bf47,MATERIAL,"PERNO ASTM A325 D=1/2"" L=30cm FU=105KSI",PERNO ASTM A325 D 1/2 L 30CM FU 105KSI,u,0,1,1,1,1,1,6.760000,6.760000,6.760000,6.760000,1,1
INSV1-3a465a7a0009a96871dda3f5,MATERIAL,ESCULTURA METALICA EN ACERO INOXIDABLE H=8.50m,ESCULTURA METALICA EN ACERO INOXIDABLE H 8.50M,u,0,1,1,1,1,1,3772.280000,3772.280000,3772.280000,3772.280000,1,1
INSV1-f8309d320b0175f0806b191a,MATERIAL,"LETRAS CORPOREAS AUTOILUMINADAS ""MALECON AURORA"" SOBRE TOTEM DE INGRESO (INCLUYE ACCESORIOS DE FIJACION)",LETRAS CORPOREAS AUTOILUMINADAS MALECON AURORA SOBRE TOTEM DE INGRESO INCLUYE ACCESORIOS DE FIJACION,u,0,1,1,1,1,1,3600.000000,3600.000000,3600.000000,3600.000000,1,1
INSV1-41b3a5408c9dda215923891e,MATERIAL,STENOTAPHRUM SECUNDATUM (CESPED SAN AGUSTIN),STENOTAPHRUM SECUNDATUM CESPED SAN AGUSTIN,m2,0,1,1,1,1,1,4.000000,4.000000,4.000000,4.000000,1,1
INSV1-acd9a3fbd5ab9f3a5f3085d5,EQUIPO,CORTADORA/DOBLADORA,CORTADORA/DOBLADORA,h,0,1,1,1,5,1,1.500000,1.500000,1.500000,1.500000,1,5
INSV1-05afe3c67a71d219cd80920a,MATERIAL,SOLDADURA INOXIDABLE,SOLDADURA INOXIDABLE,kg,0,1,1,1,12,1,2.000000,2.000000,2.000000,2.000000,1,12
INSV1-f59d2176cdd6dc4ad60d1696,MATERIAL,PLANCHA EN ACERO INOXIDABLE E=4mm,PLANCHA EN ACERO INOXIDABLE E 4MM,m2,0,1,1,1,2,1,127.810000,127.810000,127.810000,127.810000,1,2
INSV1-94012b2737ef16e999a55d0f,MATERIAL,"JUEGO DE ARANDELAS, TUERCA Y CONTRATUERCA, PARA PERNOS DE ANCLAJE DE ACERO INOXIDABLE 1/2""",JUEGO DE ARANDELAS TUERCA Y CONTRATUERCA PARA PERNOS DE ANCLAJE DE ACERO INOXIDABLE 1/2,u,0,1,1,1,4,1,1.840000,1.840000,1.840000,1.840000,1,4
INSV1-1003de3ed50da8e018cfa7fe,MATERIAL,PIEDRA ANDESITA BUSARDEADA GRIS 30X30X3cm,PIEDRA ANDESITA BUSARDEADA GRIS 30X30X3CM,m2,0,1,1,1,1,1,31.630000,31.630000,31.630000,31.630000,1,1
INSV1-8133110f73884c685adcb5b7,MATERIAL,BANCA CIRCULAR DE HORMIGON SEGUN DISEÑO,BANCA CIRCULAR DE HORMIGON SEGUN DISENO,u,0,1,1,1,1,1,829.000000,829.000000,829.000000,829.000000,1,1
INSV1-4608be4753a0ad8112a876cc,MATERIAL,TACHO DE BASURA DE HORMIGON SEGUN DISEÑO,TACHO DE BASURA DE HORMIGON SEGUN DISENO,u,0,1,1,1,1,1,563.000000,563.000000,563.000000,563.000000,1,1
INSV1-ce964ae09bc481e811d485ef,MATERIAL,MACETA TIPO ASIENTO DE HORMIGON SEGUN DISEÑO,MACETA TIPO ASIENTO DE HORMIGON SEGUN DISENO,u,0,1,1,1,1,1,413.000000,413.000000,413.000000,413.000000,1,1
INSV1-7f84210068ce0a06d13171e8,MATERIAL,BANCA TIPO SERPENTINA DE HORMIGON SEGUN DISEÑO,BANCA TIPO SERPENTINA DE HORMIGON SEGUN DISENO,u,0,1,1,1,1,1,421.000000,421.000000,421.000000,421.000000,1,1
INSV1-a99406a3873259c64638af73,MATERIAL,BANCA SEMICIRCULAR DE HORMIGON SEGUN DISEÑO,BANCA SEMICIRCULAR DE HORMIGON SEGUN DISENO,u,0,1,1,1,1,1,430.000000,430.000000,430.000000,430.000000,1,1
INSV1-3201e1792fa8f42ff43a89a1,EQUIPO,CAMION GRUA,CAMION GRUA,h,0,2,2,2,23,1,25.000000,25.000000,25.000000,50.000000,2,23
INSV1-26126bdfb81df65dba9b52ae,MATERIAL,JUEGO MULTIPLE INFANTIL (MODELO 1: 1000x630x460cm),JUEGO MULTIPLE INFANTIL MODELO 1 1000X630X460CM,u,0,1,1,1,1,1,19600.000000,19600.000000,19600.000000,19600.000000,1,1
INSV1-466d1d3f2823ab268162ac7c,EQUIPO,GRUA DE 10 Tn,GRUA DE 10 TN,h,0,1,1,1,4,1,50.000000,50.000000,50.000000,50.000000,1,4
INSV1-30c69462d56940de309dbe22,MATERIAL,JUEGO MULTIPLE INFANTIL (MODELO 2: 800x600cm),JUEGO MULTIPLE INFANTIL MODELO 2 800X600CM,u,0,1,1,1,1,1,11100.000000,11100.000000,11100.000000,11100.000000,1,1
INSV1-89869597787a414d3f82a68e,MATERIAL,"FIJACION COMPUESTA POR TACOS, ARANDELAS Y TORNILLO DE ACERO",FIJACION COMPUESTA POR TACOS ARANDELAS Y TORNILLO DE ACERO,u,0,1,1,1,4,1,4.240000,4.240000,4.240000,4.240000,1,4
INSV1-869a1a962171030b681e73d8,MATERIAL,JUEGO INFANTIL COLUMPIO DE TRES ASIENTOS,JUEGO INFANTIL COLUMPIO DE TRES ASIENTOS,u,0,1,1,1,1,1,990.000000,990.000000,990.000000,990.000000,1,1
INSV1-31467c0106a7c4dbe985f493,MATERIAL,MOSAICO VITREO 20x20 mm,MOSAICO VITREO 20X20 MM,u,0,1,1,1,2,1,2.100000,2.100000,2.100000,2.100000,1,2
INSV1-22d43160c1e800a137ac44e6,MATERIAL,GRANITO LAVADO PARA PISCINA,GRANITO LAVADO PARA PISCINA,m2,0,1,1,1,1,1,13.000000,13.000000,13.000000,13.000000,1,1
INSV1-93515fe5f95e62445c9748b5,MATERIAL,LITOPON,LITOPON,kg,0,1,1,1,1,1,0.870000,0.870000,0.870000,0.870000,1,1
INSV1-aac0d355ae0134d1f6ad8751,MANO_OBRA,PLOMERO,PLOMERO,h,0,2,2,2,299,1,4.280000,4.280000,4.280000,4.280000,1,299
INSV1-75b07072b3a32841169926c8,MANO_OBRA,SUPERVISOR ELECTRICO GENERAL / SUPERVISOR SANITARIO GENERAL,SUPERVISOR ELECTRICO GENERAL / SUPERVISOR SANITARIO GENERAL,h,0,2,2,2,166,1,4.760000,4.760000,4.760000,4.760000,1,166
INSV1-e769af67d6024d0ca0566c6b,MATERIAL,BOMBA CENTRIFUGA 2 HP,BOMBA CENTRIFUGA 2 HP,u,0,1,1,1,1,1,1152.730000,1152.730000,1152.730000,1152.730000,1,1
INSV1-25d046dbfa2f6d3b4788f1f5,EQUIPO,GRUA MOVIL,GRUA MOVIL,h,0,1,1,1,5,1,45.000000,45.000000,45.000000,45.000000,1,5
INSV1-13ae176a451d8aa746acf913,MATERIAL,BOMBA CENTRIFUGA 5 HP TRIFASICA,BOMBA CENTRIFUGA 5 HP TRIFASICA,u,0,1,1,1,2,1,1230.730000,1230.730000,1230.730000,1230.730000,1,2
INSV1-086b987b6bdbeaa73c32772c,MATERIAL,CODO 90' PP 2 IN ROSCABLE,CODO 90' PP 2 IN ROSCABLE,u,0,1,1,1,3,1,7.180000,7.180000,7.180000,7.180000,1,3
INSV1-d31f39739052d50f5581250e,MATERIAL,TUBERIA PP UNION ROSCABLE DI=2 plg 1.25 MPA,TUBERIA PP UNION ROSCABLE DI 2 PLG 1.25 MPA,m,0,1,1,1,2,1,10.540000,10.540000,10.540000,10.540000,1,2
INSV1-ee555a884ab973b8d4009e8d,TRANSPORTE,TRANSPORTE DE TUBERIA,TRANSPORTE DE TUBERIA,m/km,0,1,1,1,29,1,0.200000,0.200000,0.200000,0.200000,1,29
INSV1-64cd3d064ce933c4227f2523,MANO_OBRA,TUBERO (EN CONSTRUCCION),TUBERO EN CONSTRUCCION,h,0,2,2,2,55,1,4.280000,4.280000,4.280000,4.280000,1,55
INSV1-e4a4f0c44f884e216829887c,MATERIAL,COLGADOR PARA TUBERIA 2 IN,COLGADOR PARA TUBERIA 2 IN,u,0,1,1,1,5,1,0.750000,0.750000,0.750000,0.750000,1,5
INSV1-77aba549a9f095cecb3b2e65,MATERIAL,"MANOMETRO 1/2"" Ø80 70BAR (EN GLICERINA)",MANOMETRO 1/2 DIAM 80 70BAR EN GLICERINA,u,0,1,1,1,5,1,51.630000,51.630000,51.630000,51.630000,1,5
INSV1-85bb32faa7ed66ccc9ef6414,MATERIAL,CODO 90' PP 1 IN ROSCABLE,CODO 90' PP 1 IN ROSCABLE,u,0,1,1,1,4,1,1.930000,1.930000,1.930000,1.930000,1,4
INSV1-c94da45dea68d43c808cc023,MATERIAL,COLGADOR PARA TUBERIA 1 IN,COLGADOR PARA TUBERIA 1 IN,u,0,1,1,1,3,1,0.650000,0.650000,0.650000,0.650000,1,3
INSV1-5df11067e253c0410da944f1,MATERIAL,TEE 1 IN PP ROSCABLE,TEE 1 IN PP ROSCABLE,u,0,1,1,1,3,1,2.370000,2.370000,2.370000,2.370000,1,3
INSV1-01796dcd3095a5bb388c1a46,MATERIAL,"VALVULA DE AIRE 1/2"" DOBLE ACCION DE PVC",VALVULA DE AIRE 1/2 DOBLE ACCION DE PVC,u,0,1,1,1,1,1,16.000000,16.000000,16.000000,16.000000,1,1
INSV1-1221813d59a79e6fa171bca4,MATERIAL,"TUBERIA PVC ROSCABLE 1/2"" (420PSI)",TUBERIA PVC ROSCABLE 1/2 420PSI,m,0,1,1,1,2,1,1.540000,1.540000,1.540000,1.540000,1,2
INSV1-1476145cbc90a0b2ce5df8da,MATERIAL,"CODO PVC ROSCABLE 1/2"" x 90'",CODO PVC ROSCABLE 1/2 X 90',u,0,1,1,1,1,1,0.520000,0.520000,0.520000,0.520000,1,1
INSV1-ac942737a85126b8aba4f47f,MATERIAL,TUBERIA PP UNION ROSCABLE DI=1 1/2 plg 1.25 MPA,TUBERIA PP UNION ROSCABLE DI 1 1/2 PLG 1.25 MPA,m,0,1,1,1,4,1,7.890000,7.890000,7.890000,7.890000,1,4
INSV1-76c1a5e5c1bdb50673f2f969,MATERIAL,COLGADOR PARA TUBERIA 1 1/2 IN,COLGADOR PARA TUBERIA 1 1/2 IN,u,0,1,1,1,3,1,0.700000,0.700000,0.700000,0.700000,1,3
INSV1-32bd73df37eb97e122a2512e,MATERIAL,REDUCTOR DE 2 A 1 IN PP ROSCABLE,REDUCTOR DE 2 A 1 IN PP ROSCABLE,u,0,1,1,1,3,1,2.370000,2.370000,2.370000,2.370000,1,3
INSV1-d651721fd30ac2423b0d99ae,MATERIAL,"VALVULA CHECK ROSCADA PVC D=1""",VALVULA CHECK ROSCADA PVC D 1,u,0,1,1,1,2,1,17.650000,17.650000,17.650000,17.650000,1,2
INSV1-4f3ae1f3225118052a41c92a,MATERIAL,VALVULA DE BOLA PVC D= 1 plg ROSCABLE,VALVULA DE BOLA PVC D 1 PLG ROSCABLE,u,0,1,1,1,2,1,1.380000,1.380000,1.380000,1.380000,1,2
INSV1-dc5b2bff89a2d50cf3be0e1f,MATERIAL,UNION UNIVERSAL PP ROSCABLE H 1 IN,UNION UNIVERSAL PP ROSCABLE H 1 IN,u,0,1,1,1,2,1,5.270000,5.270000,5.270000,5.270000,1,2
INSV1-23642ca9aff54d32696789df,MATERIAL,REDUCTOR DE 1 1/2 A 1 IN PP ROSCABLE,REDUCTOR DE 1 1/2 A 1 IN PP ROSCABLE,u,0,1,1,1,2,1,1.510000,1.510000,1.510000,1.510000,1,2
INSV1-79ef23d37bbf7244052cc3b6,MATERIAL,CODO 90' PP 1 1/2 IN ROSCABLE,CODO 90' PP 1 1/2 IN ROSCABLE,u,0,1,1,1,6,1,4.810000,4.810000,4.810000,4.810000,1,6
INSV1-519a3e6a95b1da6aa7d0426d,MATERIAL,"FILTRO 16""",FILTRO 16,u,0,1,1,1,1,1,163.750000,163.750000,163.750000,163.750000,1,1
INSV1-a4c47972564c08225ff97e12,MATERIAL,"FILTRO 12""",FILTRO 12,u,0,1,1,1,2,1,97.070000,97.070000,97.070000,97.070000,1,2
INSV1-9919214d91339519683769e3,MATERIAL,ARENA DE CUARZO PARA FILTRO (0.5 - 1 mm),ARENA DE CUARZO PARA FILTRO 0.5 - 1 MM,kg,0,1,1,1,3,1,0.170000,0.170000,0.170000,0.170000,1,3
INSV1-7682859800a67ff487f0b173,MATERIAL,GRAVA PARA FILTRO (6-12mm),GRAVA PARA FILTRO 6-12MM,kg,0,1,1,1,3,1,0.220000,0.220000,0.220000,0.220000,1,3
INSV1-9dc4e8c0259419d8c98a3b54,MATERIAL,GRAVA PARA FILTRO (12-18mm),GRAVA PARA FILTRO 12-18MM,kg,0,1,1,1,2,1,0.220000,0.220000,0.220000,0.220000,1,2
INSV1-3a71b95d5d4e165971bfd188,MATERIAL,BOQUILLA TIPO CHORRO DE PISO 1x1/2,BOQUILLA TIPO CHORRO DE PISO 1X1/2,u,0,1,1,1,2,1,36.250000,36.250000,36.250000,36.250000,1,2
INSV1-d08432f7057c1f7394a29c6a,MATERIAL,SKIMMER PEQUEÑO,SKIMMER PEQUENO,u,0,1,1,1,2,1,25.000000,25.000000,25.000000,25.000000,1,2
INSV1-97a4414fb0f84f741d3ef599,MATERIAL,DRENAJE DE FONDO,DRENAJE DE FONDO,u,0,1,1,1,2,1,17.500000,17.500000,17.500000,17.500000,1,2
INSV1-13a26e56ee499f95b8ba4eca,MATERIAL,TEE 2 IN PP ROSCABLE,TEE 2 IN PP ROSCABLE,u,0,1,1,1,2,1,7.670000,7.670000,7.670000,7.670000,1,2
INSV1-af3691c12244c6e150639508,MATERIAL,TEE 1 1/2 IN PP ROSCABLE,TEE 1 1/2 IN PP ROSCABLE,u,0,1,1,1,3,1,5.020000,5.020000,5.020000,5.020000,1,3
INSV1-acceaa326761cddfa56962ee,MANO_OBRA,LABORATORISTA (EN CONSTRUCCION- ESTR. OC. C1),LABORATORISTA EN CONSTRUCCION- ESTR. OC. C1,h,0,1,1,1,2,1,4.750000,4.750000,4.750000,4.750000,1,2
INSV1-ad99cd89de1d3534de53eafc,MATERIAL,KIT DE PRUEBA DE AGUA PARA PISCINA,KIT DE PRUEBA DE AGUA PARA PISCINA,u,0,1,1,1,2,1,3.640000,3.640000,3.640000,3.640000,1,2
INSV1-467be0765720494fc0fde8bc,MANO_OBRA,RESIDENTE DE OBRA,RESIDENTE DE OBRA,h,0,2,2,2,22,1,4.770000,4.770000,4.770000,4.770000,1,22
INSV1-800388ff3d1edc780bf513b8,MATERIAL,"DOMOS O SOMBRILLAS DE AGUA DE 2,00m DE DIAMETRO",DOMOS O SOMBRILLAS DE AGUA DE 2 00M DE DIAMETRO,u,0,1,1,1,1,1,1200.000000,1200.000000,1200.000000,1200.000000,1,1
INSV1-eeffb648d736838265d25e70,MATERIAL,"ABRAZADERA GALVANIZADA DE 1""",ABRAZADERA GALVANIZADA DE 1,u,0,1,1,1,1,1,1.390000,1.390000,1.390000,1.390000,1,1
INSV1-54da5fbf741b1ed11eaac603,MATERIAL,"ABRAZADERA GALVANIZADA DE 2""",ABRAZADERA GALVANIZADA DE 2,u,0,1,1,1,1,1,2.430000,2.430000,2.430000,2.430000,1,1
INSV1-c6175a6474cdb875a533f1bf,EQUIPO,SOLDADORA ELECTRICA 300 A,SOLDADORA ELECTRICA 300 A,h,0,1,1,1,7,1,39.600000,39.600000,39.600000,39.600000,1,7
INSV1-609889537a94ae348f6c4ff4,MATERIAL,CUBIERTA METALICA CON AISLAMIENTO DE POLIURETANO E=30mm,CUBIERTA METALICA CON AISLAMIENTO DE POLIURETANO E 30MM,m2,0,1,1,1,5,1,31.000000,31.000000,31.000000,31.000000,1,5
INSV1-5b10d17847c73ece00657e86,MATERIAL,SOLDADURA E 6011,SOLDADURA E 6011,kg,0,1,1,1,13,1,3.000000,3.000000,3.000000,3.000000,1,13
INSV1-2771b03697f79ee2d73aecbb,MATERIAL,FLASHING DE 61cm,FLASHING DE 61CM,m,0,1,1,1,4,1,6.000000,6.000000,6.000000,6.000000,1,4
INSV1-c16094ad65235b9a4d0c9ba4,MATERIAL,"MALLA ELECTROSOLDADA 15x15 - 4,5mm",MALLA ELECTROSOLDADA 15X15 - 4 5MM,m2,0,1,1,1,1,1,2.430000,2.430000,2.430000,2.430000,1,1
INSV1-0faaf003a63bd6405523317d,MATERIAL,ACCESORIOS Y VARIOS,ACCESORIOS Y VARIOS,m,0,1,1,1,1,1,0.400000,0.400000,0.400000,0.400000,1,1
INSV1-ad1c4558d38ef3f7ea866480,MATERIAL,PLACA-ACERO COLABORANTE GALVAN. G90 E=0.65mm,PLACA-ACERO COLABORANTE GALVAN. G90 E 0.65MM,m2,0,1,1,1,1,1,8.650000,8.650000,8.650000,8.650000,1,1
INSV1-764733a23362fe94fc0a068d,MATERIAL,CONECTOR DE CORTE STUD 1/2 x 3 1/2,CONECTOR DE CORTE STUD 1/2 X 3 1/2,u,0,1,1,1,1,1,1.500000,1.500000,1.500000,1.500000,1,1
INSV1-b6424b677392dbc036838c3c,MATERIAL,"PERNO ASTM A325 D=5/8"" L=25 cm",PERNO ASTM A325 D 5/8 L 25 CM,u,0,1,1,1,1,1,5.010000,5.010000,5.010000,5.010000,1,1
INSV1-31c69791409f97ac5f9325cf,MATERIAL,PLANCHA DE ALUCOBOND 4mm PARA EXTERIOR,PLANCHA DE ALUCOBOND 4MM PARA EXTERIOR,m2,0,1,1,1,1,1,22.410000,22.410000,22.410000,22.410000,1,1
INSV1-3879fc0d0e569a78d5ec35bf,MATERIAL,"ESTRUCTURA DE ALUMINIO, CINTAS, PEGANTES Y TORNILLERIA",ESTRUCTURA DE ALUMINIO CINTAS PEGANTES Y TORNILLERIA,u,0,1,1,1,1,1,28.000000,28.000000,28.000000,28.000000,1,1
INSV1-f07b65a5021b13a77665ecc9,MATERIAL,CERAMICA 30x30cm,CERAMICA 30X30CM,m2,0,1,1,1,4,1,8.010000,8.010000,8.010000,8.010000,1,4
INSV1-527e3d90735a6e3f25aedf4d,MATERIAL,PORCELANATO 60x60cm,PORCELANATO 60X60CM,m2,0,1,1,1,2,1,17.000000,17.000000,17.000000,17.000000,1,2
INSV1-81e4f97f16a02324f606e429,MATERIAL,GRANITO PULIDO,GRANITO PULIDO,m2,0,1,1,1,1,1,190.000000,190.000000,190.000000,190.000000,1,1
INSV1-101010cfe135fa4b0e8ac6ca,MATERIAL,PORCELANATO 100x300mm,PORCELANATO 100X300MM,m2,0,1,1,1,1,1,115.000000,115.000000,115.000000,115.000000,1,1
INSV1-7b46d9aab759653cdbe827b0,MATERIAL,BLOQUE LIVIANO DE 10x20x40cm,BLOQUE LIVIANO DE 10X20X40CM,u,0,1,1,1,5,1,0.390000,0.390000,0.390000,0.390000,1,5
INSV1-656f2707875ba3be07dbabc0,MATERIAL,BLOQUE LIVIANO DE 20x20x40cm,BLOQUE LIVIANO DE 20X20X40CM,u,0,1,1,1,2,1,0.560000,0.560000,0.560000,0.560000,1,2
INSV1-7fb140223efe796836d49882,MATERIAL,MORTERO PARA ENLUCIDO,MORTERO PARA ENLUCIDO,kg,0,1,1,1,16,1,0.120000,0.120000,0.120000,0.120000,1,16
INSV1-492caebc9b5eed5b39f5cce1,MATERIAL,HORMIGON SIMPLE F´C= 210 Kg/cm2 (INCLUYE ENCOFRADO),HORMIGON SIMPLE F C 210 KG/CM2 INCLUYE ENCOFRADO,m3,0,1,1,1,4,1,194.030000,194.030000,194.030000,194.030000,1,4
INSV1-212beb8dabb880fbeb8d18e9,MATERIAL,PINTURA PARA EXTERIOR,PINTURA PARA EXTERIOR,galón (us),0,1,1,1,7,1,22.760000,22.760000,22.760000,22.760000,1,7
INSV1-a0a8ba5fd361c60d68bda0b7,MATERIAL,EMPASTE EXTERIOR,EMPASTE EXTERIOR,kg,0,1,1,1,16,1,1.120000,1.120000,1.120000,1.120000,1,16
INSV1-2cae10b2de447be55ae1885f,MATERIAL,PINTURA PARA INTERIOR,PINTURA PARA INTERIOR,galón (us),0,1,1,1,7,1,18.200000,18.200000,18.200000,18.200000,1,7
INSV1-3af42f79f985ff25a6de282f,MATERIAL,DUELA DE MADERA SEIQUE MACHIMBRADA 0.10x2.40m,DUELA DE MADERA SEIQUE MACHIMBRADA 0.10X2.40M,u,0,1,1,1,2,1,6.700000,6.700000,6.700000,6.700000,1,2
INSV1-409ed96dde5a7207739ef872,MATERIAL,"ACCESORIOS: TACOS DE NYLON PARA ANCLAJE, TORNILLOS, ETC",ACCESORIOS TACOS DE NYLON PARA ANCLAJE TORNILLOS ETC,u,0,1,1,1,2,1,1.600000,1.600000,1.600000,1.600000,1,2
INSV1-aa6bff46be88b9210b0de77e,MATERIAL,LACA PARA MADERA BRILLANTE,LACA PARA MADERA BRILLANTE,galón (us),0,1,1,1,2,1,47.480000,47.480000,47.480000,47.480000,1,2
INSV1-4ffa1272d9a972fcebd9e7e5,MATERIAL,SELLADOR PARA MADERA,SELLADOR PARA MADERA,galón (us),0,1,1,1,2,1,45.000000,45.000000,45.000000,45.000000,1,2
INSV1-f1eb6b80e839427bc26c57e1,MATERIAL,LIJA DE MADERA,LIJA DE MADERA,u,0,1,1,1,2,1,0.500000,0.500000,0.500000,0.500000,1,2
INSV1-72cd4e2a1bd551d15ba323de,MATERIAL,PEGAMENTO PARA MADERA,PEGAMENTO PARA MADERA,l,0,1,1,1,2,1,4.000000,4.000000,4.000000,4.000000,1,2
INSV1-1f79b505cd784a0e8a562c8e,MATERIAL,PORCELANATO 30x60cm,PORCELANATO 30X60CM,m2,0,1,1,1,1,1,20.000000,20.000000,20.000000,20.000000,1,1
INSV1-8e74c14d3156c60fa0d094b9,MATERIAL,TUMBADO DE PVC MADERADO LAMINADO 8mm,TUMBADO DE PVC MADERADO LAMINADO 8MM,m2,0,1,1,1,3,1,12.800000,12.800000,12.800000,12.800000,1,3
INSV1-b5a76b204f9934ce0810cdf1,MATERIAL,PERFILERIA METALICA PARA TUMBADOS,PERFILERIA METALICA PARA TUMBADOS,m2,0,1,1,1,5,1,2.000000,2.000000,2.000000,2.000000,1,5
INSV1-5af769723bc903a3ba2818ff,MATERIAL,TORNILLO AUTORROSCANTE REDONDO Nº 6,TORNILLO AUTORROSCANTE REDONDO N 6,u,0,1,1,1,3,1,0.040000,0.040000,0.040000,0.040000,1,3
INSV1-2ce15b021b2e2445d4d57e89,MATERIAL,TORNILLO T1 PUNTA AGUJA,TORNILLO T1 PUNTA AGUJA,u,0,1,1,1,3,1,0.030000,0.030000,0.030000,0.030000,1,3
INSV1-2c020759880fa5d567cfc831,MATERIAL,LAVAMANOS DE EMPOTRAR,LAVAMANOS DE EMPOTRAR,u,0,1,1,1,5,1,47.550000,47.550000,47.550000,47.550000,1,5
INSV1-e43624d886a66925f44126a9,MATERIAL,KIT DE INSTALACION DE CIERRE AUTOMATICO PARA LAVABO,KIT DE INSTALACION DE CIERRE AUTOMATICO PARA LAVABO,u,0,1,1,1,5,1,33.150000,33.150000,33.150000,33.150000,1,5
INSV1-6e8116c12116ea8fe58a68d6,MATERIAL,LLAVE DE CIERRE AUTOMATICO PARA LAVABO,LLAVE DE CIERRE AUTOMATICO PARA LAVABO,u,0,1,1,1,5,1,67.410000,67.410000,67.410000,67.410000,1,5
INSV1-430cdf9f9bf8a5cee6a0992f,MATERIAL,LAVACOPA DE EMPOTRAR (INCLUYE ACCESORIOS),LAVACOPA DE EMPOTRAR INCLUYE ACCESORIOS,u,0,1,1,1,3,1,149.990000,149.990000,149.990000,149.990000,1,3
INSV1-f80d7cecf2c788c6d0860d9c,MATERIAL,TEFLON,TEFLON,rl,0,1,1,1,16,1,0.550000,0.550000,0.550000,0.550000,1,16
INSV1-cb6b2da10cb4349def219523,MATERIAL,INODORO COLOR BLANCO,INODORO COLOR BLANCO,u,0,1,1,1,6,1,126.540000,126.540000,126.540000,126.540000,1,6
INSV1-5114b70a7383e9d66989793a,MATERIAL,LLAVE ANGULAR PARA INODORO,LLAVE ANGULAR PARA INODORO,u,0,1,1,1,5,1,11.200000,11.200000,11.200000,11.200000,1,5
INSV1-6a37bcbe3d655ce3e794b76c,MATERIAL,FLUXOMETRO PARA INODORO,FLUXOMETRO PARA INODORO,u,0,1,1,1,5,1,155.740000,155.740000,155.740000,155.740000,1,5
INSV1-31d1a0c09ec2657a531d7c72,MATERIAL,BARRA DE APOYO RECTO,BARRA DE APOYO RECTO,u,0,1,1,1,1,1,41.000000,41.000000,41.000000,41.000000,1,1
INSV1-9559be7b619ac49721020e3d,MATERIAL,"LLAVE DE PASO 1/2""",LLAVE DE PASO 1/2,u,0,1,1,1,4,1,9.180000,9.180000,9.180000,9.180000,1,4
INSV1-cf3fa49110c2bfede7d4dd68,MATERIAL,URINARIO,URINARIO,u,0,1,1,1,3,1,68.540000,68.540000,68.540000,68.540000,1,3
INSV1-f59f948ca41a438485b56fd0,MATERIAL,FLUXOMETRO PARA URINARIO,FLUXOMETRO PARA URINARIO,u,0,1,1,1,3,1,174.050000,174.050000,174.050000,174.050000,1,3
INSV1-bc71f872286d7ce879f2ac9b,MATERIAL,DISPENSADOR DE JABON LIQUIDO,DISPENSADOR DE JABON LIQUIDO,u,0,1,1,1,3,1,48.670000,48.670000,48.670000,48.670000,1,3
INSV1-4b0d2759cf8c9dbc211dbbd5,MATERIAL,DISPENSADOR DE PAPEL HIGIENICO,DISPENSADOR DE PAPEL HIGIENICO,u,0,1,1,1,3,1,58.380000,58.380000,58.380000,58.380000,1,3
INSV1-ef753e89849e78c33fbe95fc,MATERIAL,ESPEJOS,ESPEJOS,m2,0,1,1,1,3,1,52.300000,52.300000,52.300000,52.300000,1,3
INSV1-37e62b4c8fbca53e61aa8099,MATERIAL,SECADOR DE AIRE,SECADOR DE AIRE,u,0,1,1,1,3,1,75.000000,75.000000,75.000000,75.000000,1,3
INSV1-8655067ae21977c2940873f2,MATERIAL,PLANCHA DE GRANITO,PLANCHA DE GRANITO,m2,0,1,1,1,3,1,125.600000,125.600000,125.600000,125.600000,1,3
INSV1-7707381252364439d48bb516,MATERIAL,SILICON,SILICON,tubo,0,1,1,1,3,1,4.000000,4.000000,4.000000,4.000000,1,3
INSV1-93473c892710d3e71f55299a,MATERIAL,"PIEDRA 3/4"" PUESTA EN SITIO",PIEDRA 3/4 PUESTA EN SITIO,m3,0,1,1,1,8,1,17.500000,17.500000,17.500000,17.500000,1,8
INSV1-f3e8575d2d18a29755ef7c25,MATERIAL,LOUVER METALICO ELIPTICO,LOUVER METALICO ELIPTICO,m2,0,1,1,1,3,1,167.000000,167.000000,167.000000,167.000000,1,3
INSV1-2f78553e4c31f75da9fd44bd,MATERIAL,VENTANA DE ALUMINIO Y VIDRIO (VIDRIO 5mm),VENTANA DE ALUMINIO Y VIDRIO VIDRIO 5MM,m2,0,1,1,1,4,1,85.000000,85.000000,85.000000,85.000000,1,4
INSV1-91aea9036aa16ff085f70827,MANO_OBRA,PERFILERO (EN CONSTRUCCION),PERFILERO EN CONSTRUCCION,h,0,1,1,1,13,1,4.520000,4.520000,4.520000,4.520000,1,13
INSV1-2cdf7a271efddf8f095ad3e8,MATERIAL,BISAGRA PARA PUERTA METALICA (PAR),BISAGRA PARA PUERTA METALICA PAR,u,0,1,1,1,10,1,3.580000,3.580000,3.580000,3.580000,1,10
INSV1-8d04b710fa326a19f6e7d1f9,MATERIAL,PLANCHA DE ACERO A36 E=3mm,PLANCHA DE ACERO A36 E 3MM,m2,0,1,1,1,6,1,31.500000,31.500000,31.500000,31.500000,1,6
INSV1-6d577ae091266d7c47fac4e0,MATERIAL,PUERTA DE ALUMINIO NATURAL Y VIDRIO CLARO DE 6mm,PUERTA DE ALUMINIO NATURAL Y VIDRIO CLARO DE 6MM,m2,0,1,1,1,1,1,135.000000,135.000000,135.000000,135.000000,1,1
INSV1-98d810f0fda33f3927998157,MATERIAL,DIVISION EN ACERO INOXIDABLE E=12mm,DIVISION EN ACERO INOXIDABLE E 12MM,m2,0,1,1,1,3,1,422.820000,422.820000,422.820000,422.820000,1,3
INSV1-4447dddb6d00cef90c3d41cf,MATERIAL,CERRADURA EN ACERO INOXIDABLE,CERRADURA EN ACERO INOXIDABLE,u,0,1,1,1,2,1,59.000000,59.000000,59.000000,59.000000,1,2
INSV1-a3b8512452b7dafd87732636,MATERIAL,"LETRAS CORPOREAS AUTOILUMINADAS ""LA AURORA"" EN CENTRO COMERCIAL (INCLUYE ACCESORIOS DE FIJACION)",LETRAS CORPOREAS AUTOILUMINADAS LA AURORA EN CENTRO COMERCIAL INCLUYE ACCESORIOS DE FIJACION,u,0,1,1,1,1,1,2800.000000,2800.000000,2800.000000,2800.000000,1,1
INSV1-45eced97316fd9647ba3299b,MATERIAL,CERRADURA PARA PUERTA DE MADERA,CERRADURA PARA PUERTA DE MADERA,u,0,1,1,1,5,1,30.090000,30.090000,30.090000,30.090000,1,5
INSV1-6dfe73154861d9147debb3ac,MATERIAL,PUERTA DE MADERA 0.70x1.00m (INCLUYE BATIENTE),PUERTA DE MADERA 0.70X1.00M INCLUYE BATIENTE,u,0,1,1,1,1,1,28.000000,28.000000,28.000000,28.000000,1,1
INSV1-dc86156b8f05ebef88737e89,MATERIAL,PORCELANATO 298x2398x9 mm,PORCELANATO 298X2398X9 MM,m2,0,1,1,1,1,1,20.000000,20.000000,20.000000,20.000000,1,1
INSV1-04aa841d48e96a3b6e2a32ea,MATERIAL,FACHALETAS TIPO LADRILLO,FACHALETAS TIPO LADRILLO,m2,0,1,1,1,1,1,30.710000,30.710000,30.710000,30.710000,1,1
INSV1-fa567e6c731c5d222c825a64,MATERIAL,"LADRILLO VISTO 27,5x12x8,5cm",LADRILLO VISTO 27 5X12X8 5CM,u,0,1,1,1,1,1,0.640000,0.640000,0.640000,0.640000,1,1
INSV1-0c0f31070f8ec0335fd8e5da,MATERIAL,CERAMICA DE PARED COLOR CAFE 30x60cm,CERAMICA DE PARED COLOR CAFE 30X60CM,m2,0,1,1,1,1,1,10.020000,10.020000,10.020000,10.020000,1,1
INSV1-47c8fbd276f102b3b95bdbce,MATERIAL,ARENA FINA; PUESTA EN SITIO,ARENA FINA PUESTA EN SITIO,m3,0,1,1,1,2,1,16.000000,16.000000,16.000000,16.000000,1,2
INSV1-76d29c60f3c29b682690341d,MATERIAL,PUERTA DE MADERA 0.80x1.00m (INCLUYE BATIENTE),PUERTA DE MADERA 0.80X1.00M INCLUYE BATIENTE,u,0,1,1,1,1,1,28.000000,28.000000,28.000000,28.000000,1,1
INSV1-53179c120fa92445dec734e1,MATERIAL,PERFIL U 300x50x3,PERFIL U 300X50X3,m,0,1,1,1,1,1,12.870000,12.870000,12.870000,12.870000,1,1
INSV1-a08df580ab45921517ae849b,MATERIAL,"MALLA ELECTROSOLDADA 15x15 - 8,00mm",MALLA ELECTROSOLDADA 15X15 - 8 00MM,m2,0,1,1,1,1,1,7.420000,7.420000,7.420000,7.420000,1,1
INSV1-95a1c94d8a5302f5c1879cc3,MATERIAL,"TABLAS DE ENCOFRADO 1""x4m",TABLAS DE ENCOFRADO 1 X4M,u,0,1,1,1,4,1,4.500000,4.500000,4.500000,4.500000,1,4
INSV1-d2456b0371798858cafebdb9,MATERIAL,LISTONES DE MADERA 2x2cm X 1.5m,LISTONES DE MADERA 2X2CM X 1.5M,u,0,1,1,1,1,1,1.500000,1.500000,1.500000,1.500000,1,1
INSV1-0acf5c80aebb315e5fd32d2d,MATERIAL,CERAMICA DE PARED 8x30cm,CERAMICA DE PARED 8X30CM,u,0,1,1,1,1,1,1.000000,1.000000,1.000000,1.000000,1,1
INSV1-4f1c060a98b4712a4b099a1c,MATERIAL,PANEL PVC PARA PARED E=2mm,PANEL PVC PARA PARED E 2MM,m2,0,1,1,1,2,1,7.600000,7.600000,7.600000,7.600000,1,2
INSV1-6e32846a4977a6e76cea719d,MATERIAL,CERAMICA DE PARED 30x60cm,CERAMICA DE PARED 30X60CM,m2,0,1,1,1,1,1,10.020000,10.020000,10.020000,10.020000,1,1
INSV1-45b71f73c272bcd7d7b264d8,MATERIAL,PLANCHA YESO GYPSUM E=12 cm,PLANCHA YESO GYPSUM E 12 CM,m2,0,1,1,1,2,1,3.140000,3.140000,3.140000,3.140000,1,2
INSV1-ca2d7e22265d10890808fab9,MATERIAL,ACCESORIOS DE FIJACION TUMBADO,ACCESORIOS DE FIJACION TUMBADO,u,0,1,1,1,2,1,0.700000,0.700000,0.700000,0.700000,1,2
INSV1-6be95f120042e01f1ef7e0f9,MATERIAL,MASILLA DE SECADO RAPIDO,MASILLA DE SECADO RAPIDO,kg,0,1,1,1,2,1,0.720000,0.720000,0.720000,0.720000,1,2
INSV1-966339a0fd3db42aa68f735b,MATERIAL,EMPASTE ACABADO LISO,EMPASTE ACABADO LISO,kg,0,1,1,1,2,1,0.500000,0.500000,0.500000,0.500000,1,2
INSV1-feeb1fd489bb0471af4473ea,MATERIAL,PINTURA MATE LISA INTERIOR,PINTURA MATE LISA INTERIOR,galón (us),0,1,1,1,2,1,9.500000,9.500000,9.500000,9.500000,1,2
INSV1-807cab9d5f281a8a10816e91,MATERIAL,PUERTA DE MADERA 0.70x2.20m (INCLUYE BATIENTE),PUERTA DE MADERA 0.70X2.20M INCLUYE BATIENTE,u,0,1,1,1,1,1,42.580000,42.580000,42.580000,42.580000,1,1
INSV1-390249674975d8d45b2996f7,MATERIAL,PUERTA DE MADERA 0.80x2.20m (INCLUYE BATIENTE),PUERTA DE MADERA 0.80X2.20M INCLUYE BATIENTE,u,0,1,1,1,1,1,43.600000,43.600000,43.600000,43.600000,1,1
INSV1-c1df6cd0d55ab50d18ced03b,EQUIPO,COMPRESOR (INC. SOPLETE),COMPRESOR INC. SOPLETE,h,0,1,1,1,1,1,11.100000,11.100000,11.100000,11.100000,1,1
INSV1-51c632db81ec5bdba316337e,MATERIAL,PUERTA ENROLLABLE METALICA CON APERTURA MANUAL,PUERTA ENROLLABLE METALICA CON APERTURA MANUAL,m2,0,1,1,1,1,1,70.000000,70.000000,70.000000,70.000000,1,1
INSV1-654cd65d244f3c13a1bd6878,MATERIAL,CANDADO PARA PUERTA METALICA ENROLLABLE,CANDADO PARA PUERTA METALICA ENROLLABLE,u,0,1,1,1,1,1,25.000000,25.000000,25.000000,25.000000,1,1
INSV1-8a565e284b8eb2f35a92e796,MATERIAL,SILLON PARA TRES PERSONAS,SILLON PARA TRES PERSONAS,u,0,1,1,1,1,1,299.620000,299.620000,299.620000,299.620000,1,1
INSV1-0404acc97cfd1b280a71c5c9,MATERIAL,ESCRITORIO DE RECEPCION EN L 1.80x1.80m,ESCRITORIO DE RECEPCION EN L 1.80X1.80M,u,0,1,1,1,1,1,982.100000,982.100000,982.100000,982.100000,1,1
INSV1-1e0c41385adcfb94979a94dc,MATERIAL,ESCRITORIO PARA OFICINA 1.50x0.60m,ESCRITORIO PARA OFICINA 1.50X0.60M,u,0,1,1,1,1,1,489.800000,489.800000,489.800000,489.800000,1,1
INSV1-9da143b2b5d84d23678350b7,MATERIAL,ESCRITORIO EN L 2.20x2.10m,ESCRITORIO EN L 2.20X2.10M,u,0,1,1,1,1,1,754.950000,754.950000,754.950000,754.950000,1,1
INSV1-04bfef75809a52c6d4cd9dab,MATERIAL,SILLA GIRATORIA,SILLA GIRATORIA,u,0,1,1,1,1,1,260.640000,260.640000,260.640000,260.640000,1,1
INSV1-d8fdb80224f2f5b6b706c102,MATERIAL,ESTANTERIA,ESTANTERIA,u,0,1,1,1,1,1,207.550000,207.550000,207.550000,207.550000,1,1
INSV1-8f7a015e7a588bdab7b95a3d,MATERIAL,PANEL METALICO 0.4 mm,PANEL METALICO 0.4 MM,m2,0,1,1,1,1,1,28.500000,28.500000,28.500000,28.500000,1,1
INSV1-e1c82ed97e05c85d69c03a10,MATERIAL,"BISAGRA PARA VENTANA PROYECTABLE 8""",BISAGRA PARA VENTANA PROYECTABLE 8,u,0,1,1,1,1,1,0.770000,0.770000,0.770000,0.770000,1,1
INSV1-7fa09034913f36e403bc83ae,MATERIAL,RIEL 6.40m,RIEL 6.40M,m,0,1,1,1,1,1,3.100000,3.100000,3.100000,3.100000,1,1
INSV1-14990cd7e0c8c663ac837152,MATERIAL,OPERADOR DE VENTANA DE CELOSIA,OPERADOR DE VENTANA DE CELOSIA,u,0,1,1,1,1,1,3.500000,3.500000,3.500000,3.500000,1,1
INSV1-7af8dd686abd7e4a5be84707,MATERIAL,BASE LATERAL,BASE LATERAL,m,0,1,1,1,1,1,2.100000,2.100000,2.100000,2.100000,1,1
INSV1-10e36f199ea60ba6e1518f87,MATERIAL,TUBO CUADRADO 40x60mm E=1.5mm,TUBO CUADRADO 40X60MM E 1.5MM,m,0,1,1,1,1,1,3.140000,3.140000,3.140000,3.140000,1,1
INSV1-bd0f29ec0eb6d7c3842c87c1,MATERIAL,GRANITO NATURAL,GRANITO NATURAL,m,0,1,1,1,1,1,135.000000,135.000000,135.000000,135.000000,1,1
INSV1-68d49e2a987bbec25b4a7a58,MATERIAL,RESINA,RESINA,m2,0,1,1,1,1,1,2.500000,2.500000,2.500000,2.500000,1,1
INSV1-dea51e17e9babfa2e0035199,MATERIAL,DISCO DE CORTE PARA HORMIGON,DISCO DE CORTE PARA HORMIGON,u,0,2,2,2,3,1,129.460000,129.460000,5.000000,129.460000,2,3
INSV1-b46e140bd5699d1bc4c2608a,MATERIAL,CERAMICA DE PARED TIPO MADERA 15x60cm,CERAMICA DE PARED TIPO MADERA 15X60CM,m2,0,1,1,1,1,1,19.000000,19.000000,19.000000,19.000000,1,1
INSV1-9957136929915558d2da262f,MATERIAL,PUERTA DE MADERA 0.56x1.00m (INCLUYE BATIENTE),PUERTA DE MADERA 0.56X1.00M INCLUYE BATIENTE,u,0,1,1,1,1,1,22.400000,22.400000,22.400000,22.400000,1,1
INSV1-9cf0e8757d82eebd37a56c10,MATERIAL,PUERTA DE ALUMINIO TIPO LOUVER,PUERTA DE ALUMINIO TIPO LOUVER,m2,0,1,1,1,3,1,100.000000,100.000000,100.000000,100.000000,1,3
INSV1-da6a41f7b647c6d464afaf18,MATERIAL,CERRADURA PARA PUERTA DE ALUMINIO,CERRADURA PARA PUERTA DE ALUMINIO,u,0,1,1,1,3,1,13.880000,13.880000,13.880000,13.880000,1,3
INSV1-6ef7fc40e8d6773fb7463354,MATERIAL,VENTANAS DE PVC COLOR GRIS,VENTANAS DE PVC COLOR GRIS,m2,0,1,1,1,1,1,80.860000,80.860000,80.860000,80.860000,1,1
INSV1-614b6d74616e0fe42db99251,EQUIPO,HERRAMIENTA ESPECIAL,HERRAMIENTA ESPECIAL,h,0,1,1,1,67,1,0.300000,0.300000,0.300000,0.300000,1,67
INSV1-86c80b0578ef10412983b4f3,EQUIPO,EQUIPO DE PROTECCION PERSONAL,EQUIPO DE PROTECCION PERSONAL,h,0,1,1,1,67,1,0.500000,0.500000,0.500000,0.500000,1,67
INSV1-68f4fd5f634f748e1ad070b6,EQUIPO,CARRO CANASTA,CARRO CANASTA,h,0,2,2,2,33,1,30.000000,30.000000,20.000000,30.000000,2,33
INSV1-adf1d82e1a81a874bb5d1985,MATERIAL,ESTRIBO CU-SN PARA DERIVACION,ESTRIBO CU-SN PARA DERIVACION,u,0,1,1,1,4,1,8.400000,8.400000,8.400000,8.400000,1,4
INSV1-820d2f96d074cb02c32f66ca,MATERIAL,GRAPA LINEA VIVA # 2/0,GRAPA LINEA VIVA 2/0,u,0,1,1,1,4,1,11.200000,11.200000,11.200000,11.200000,1,4
INSV1-c7af6ede8c3de6dbd2be7ac7,MATERIAL,TIRAFUSIBLE,TIRAFUSIBLE,u,0,1,1,1,3,1,3.920000,3.920000,3.920000,3.920000,1,3
INSV1-eed476ab2fe2bd9aceaaa746,MATERIAL,SECCIONADOR PORTAFUSIBLE 100A - 27KV,SECCIONADOR PORTAFUSIBLE 100A - 27KV,u,0,1,1,1,3,1,122.960000,122.960000,122.960000,122.960000,1,3
INSV1-f9a5ce3f34cfe48cfd39ecb7,MATERIAL,CHORRO DE PUNTA DE LANZA DE 1 1/2” ENTRADA Y 16 mm DE SALIDA,CHORRO DE PUNTA DE LANZA DE 1 1/2 ENTRADA Y 16 MM DE SALIDA,u,0,1,1,1,1,1,90.000000,90.000000,90.000000,90.000000,1,1
INSV1-b35eccac24cd5b4c487948c8,MATERIAL,"BOMBA SUMERGIBLE 7.5 KW DE ACERO INOXIDABLE (INCLUYE TABLERO, BASE AUTOACOPLABLE Y BRIDA DE DESCARGA)",BOMBA SUMERGIBLE 7.5 KW DE ACERO INOXIDABLE INCLUYE TABLERO BASE AUTOACOPLABLE Y BRIDA DE DESCARGA,u,0,1,1,1,1,1,17800.000000,17800.000000,17800.000000,17800.000000,1,1
INSV1-d36c052d7ae8b9e2ac8afabb,MATERIAL,"BOMBA SUMERGIBLE 6 KW DE ACERO INOXIDABLE (INCLUYE TABLERO, BASE AUTOACOPLABLE Y BRIDA DE DESCARGA)",BOMBA SUMERGIBLE 6 KW DE ACERO INOXIDABLE INCLUYE TABLERO BASE AUTOACOPLABLE Y BRIDA DE DESCARGA,u,0,1,1,1,1,1,14500.000000,14500.000000,14500.000000,14500.000000,1,1
INSV1-1b522aff9526534f952c9036,MATERIAL,TUBO EN ACERO INOXIDABLE DE 6” DE 20 METROS DE LONGITUD CON 36 SALIDAS DE 1 1/2” Y 6 ENTRADAS DE 4”,TUBO EN ACERO INOXIDABLE DE 6 DE 20 METROS DE LONGITUD CON 36 SALIDAS DE 1 1/2 Y 6 ENTRADAS DE 4,m,0,1,1,1,1,1,228.900000,228.900000,228.900000,228.900000,1,1
INSV1-651d28caea354378725fb2d9,MATERIAL,PANTALLA DE AGUA PULVERIZADA,PANTALLA DE AGUA PULVERIZADA,u,0,1,1,1,1,1,1500.000000,1500.000000,1500.000000,1500.000000,1,1
INSV1-0147d7530367c10735e423b5,MATERIAL,ACCESORIOS DE INSTALACION,ACCESORIOS DE INSTALACION,u,0,1,1,1,1,1,15.000000,15.000000,15.000000,15.000000,1,1
INSV1-8ae4cc1438044abbd0449d14,EQUIPO,EQUIPO PARA INSTALACION ELECTRICA,EQUIPO PARA INSTALACION ELECTRICA,h,0,1,1,1,11,1,7.000000,7.000000,7.000000,7.000000,1,11
INSV1-20cefc34e5a3731489bff2b9,MANO_OBRA,MAESTRO ELECTRICO/LINIERO/SUBESTACIONES,MAESTRO ELECTRICO/LINIERO/SUBESTACIONES,h,0,1,1,1,141,1,4.750000,4.750000,4.750000,4.750000,1,141
INSV1-498ae781c588122689603c61,MATERIAL,FAROS DE 108 WATTS DE 24 V,FAROS DE 108 WATTS DE 24 V,u,0,1,1,1,1,1,650.000000,650.000000,650.000000,650.000000,1,1
INSV1-851c68421f9019e28cf4d1d6,MATERIAL,INTERFAX DMX PARA CONTROLAR LOS TONOS DE LOS FAROS,INTERFAX DMX PARA CONTROLAR LOS TONOS DE LOS FAROS,u,0,1,1,1,1,1,800.000000,800.000000,800.000000,800.000000,1,1
INSV1-1c9b1aed2edc6eccda5cee4a,MATERIAL,DECODIFICADOR DE 8 SALIDAS,DECODIFICADOR DE 8 SALIDAS,u,0,1,1,1,1,1,380.000000,380.000000,380.000000,380.000000,1,1
INSV1-e69413e28e302954c18b10ca,MATERIAL,FUENTES DE PODER DE 1200W PARA TRANSFORMAR DE 220 O 110V A 24V,FUENTES DE PODER DE 1200W PARA TRANSFORMAR DE 220 O 110V A 24V,u,0,1,1,1,1,1,250.000000,250.000000,250.000000,250.000000,1,1
INSV1-1212047f0c4132a05205f73b,MATERIAL,TUBO DE PVC 3” x 6m. CED.40,TUBO DE PVC 3 X 6M. CED.40,m,0,1,1,1,1,1,10.330000,10.330000,10.330000,10.330000,1,1
INSV1-dc6f101cc47e59ee9c2f25f6,MATERIAL,PEGAMENTO DE SECADO RAPIDO,PEGAMENTO DE SECADO RAPIDO,l,0,1,1,1,2,1,29.000000,29.000000,29.000000,29.000000,1,2
INSV1-dbedcb01e91c310d439a5264,MATERIAL,"NUDOS UNIVERSALES PVC 3""",NUDOS UNIVERSALES PVC 3,u,0,1,1,1,1,1,20.000000,20.000000,20.000000,20.000000,1,1
INSV1-71ef05584d4b3efc726d752d,MATERIAL,TEE DE 3” PVC,TEE DE 3 PVC,u,0,1,1,1,1,1,8.000000,8.000000,8.000000,8.000000,1,1
INSV1-81ca5961787ca9b05cb7c436,MATERIAL,REDUCTOR DE 6 A 3 IN PVC ROSCABLE,REDUCTOR DE 6 A 3 IN PVC ROSCABLE,u,0,1,1,1,1,1,7.800000,7.800000,7.800000,7.800000,1,1
INSV1-dec3cd8d1cb02ba579141947,MATERIAL,"CODO PVC ROSCABLE 3"" x 90'",CODO PVC ROSCABLE 3 X 90',u,0,1,1,1,1,1,7.000000,7.000000,7.000000,7.000000,1,1
INSV1-1154b21c029f91a74c92dea1,MANO_OBRA,AYUDANTE DE FIERRERO,AYUDANTE DE FIERRERO,h,0,2,2,2,3,1,4.230000,4.230000,4.230000,4.230000,1,3
INSV1-791529a1968313cc892b5996,MATERIAL,SELLADOR ADHESIVO (290),SELLADOR ADHESIVO 290,g,0,1,1,1,2,1,5.700000,5.700000,5.700000,5.700000,1,2
INSV1-87230b16e8a4910d3c440d12,MATERIAL,ADAPTADOR MACHO 3 IN PVC ROSCABLE,ADAPTADOR MACHO 3 IN PVC ROSCABLE,u,0,1,1,1,1,1,7.000000,7.000000,7.000000,7.000000,1,1
INSV1-f2a67e6b07cf302b9946008f,MATERIAL,ADAPTADOR MACHO 6 IN PVC ROSCABLE,ADAPTADOR MACHO 6 IN PVC ROSCABLE,u,0,1,1,1,1,1,9.500000,9.500000,9.500000,9.500000,1,1
INSV1-99a5f6605ec5cd0d7b159185,MATERIAL,"LLAVE NUDO 3"" PVC ROSCABLE",LLAVE NUDO 3 PVC ROSCABLE,u,0,1,1,1,1,1,43.000000,43.000000,43.000000,43.000000,1,1
INSV1-5267e34e8bc3be78866fa53d,MATERIAL,"PROYECTOR DE LASER PARA PANTALLA, CON ALCANCE A UNA DISTANCIA DE 40m, PROYECCION DE 15m",PROYECTOR DE LASER PARA PANTALLA CON ALCANCE A UNA DISTANCIA DE 40M PROYECCION DE 15M,u,0,1,1,1,1,1,15000.000000,15000.000000,15000.000000,15000.000000,1,1
INSV1-3d1e215e7eae3472dc431de8,MANO_OBRA,AYUDANTE DE ELECTRICISTA,AYUDANTE DE ELECTRICISTA,h,0,2,2,2,133,1,4.230000,4.230000,4.230000,4.230000,1,133
INSV1-ec7ccfa298e80784a9f25487,MATERIAL,CABLES PARA CONEXIONADO INTERNO,CABLES PARA CONEXIONADO INTERNO,u,0,1,1,1,22,1,180.000000,180.000000,180.000000,180.000000,1,22
INSV1-857b160b1aa1e104052ad0b2,MATERIAL,GABINETE METALICO CON BARRAS,GABINETE METALICO CON BARRAS,u,0,1,1,1,12,1,600.000000,600.000000,600.000000,600.000000,1,12
INSV1-d4c508a99b6615aabaf3f065,MATERIAL,"DISYUNTOR 100 A - 3 POLOS, CAJA MOLDEADA",DISYUNTOR 100 A - 3 POLOS CAJA MOLDEADA,u,0,1,1,1,4,1,150.000000,150.000000,150.000000,150.000000,1,4
INSV1-efe55a5f94e87dc073b8325a,MATERIAL,"DISYUNTOR 40 A - 3 POLOS, CAJA MOLDEADA",DISYUNTOR 40 A - 3 POLOS CAJA MOLDEADA,u,0,1,1,1,13,1,106.400000,106.400000,106.400000,106.400000,1,13
INSV1-b40caf00f08656435d9368ba,MATERIAL,TABLERO DE CONTROL Y AUTOMATIZACION DE LUCES ACUATICAS (INCLUYE PLC Y VARIADORES DE FRECUENCIA),TABLERO DE CONTROL Y AUTOMATIZACION DE LUCES ACUATICAS INCLUYE PLC Y VARIADORES DE FRECUENCIA,u,0,1,1,1,1,1,4767.000000,4767.000000,4767.000000,4767.000000,1,1
INSV1-fa87f821220a8a8d824b1da1,MATERIAL,"TABLERO PARA BOMBAS (INCLUYE EL CABLE DESDE EL CUARTO DE MAQUINAS HASTA LA UBICACION DE LAS BOMBAS SUMERGIBLES Y LOS FAROS LED, CONTROLADORES DE AUTOMATIZACION Y VARIADORES DE FRECUENCIA PARA CADA BOMBA)",TABLERO PARA BOMBAS INCLUYE EL CABLE DESDE EL CUARTO DE MAQUINAS HASTA LA UBICACION DE LAS BOMBAS SUMERGIBLES Y LOS FAROS LED CONTROLADORES DE AUTOMATIZACION Y VARIADORES DE FRECUENCIA PARA CADA BOMBA,u,0,1,1,1,1,1,11123.000000,11123.000000,11123.000000,11123.000000,1,1
INSV1-a7c3450d052406b11f47510a,EQUIPO,PERFILADORA,PERFILADORA,h,0,1,1,1,4,1,45.000000,45.000000,45.000000,45.000000,1,4
INSV1-be328aca53bb9bc5b44e3aa9,EQUIPO,CARGADORA FRONTAL,CARGADORA FRONTAL,h,0,1,1,1,4,1,45.000000,45.000000,45.000000,45.000000,1,4
INSV1-50109d7a0e604778fab0ef3e,MANO_OBRA,OPERADOR DE CARGADORA FRONTAL (PAYLOADER SOBRE RUEDAS U ORUGAS),OPERADOR DE CARGADORA FRONTAL PAYLOADER SOBRE RUEDAS U ORUGAS,h,0,1,1,1,4,1,4.750000,4.750000,4.750000,4.750000,1,4
INSV1-4fa2c6f9df6f2fa85f0e8144,MATERIAL,PINTURA ESMALTE E.18 AMARILLO,PINTURA ESMALTE E.18 AMARILLO,l,0,1,1,1,4,1,3.570000,3.570000,3.570000,3.570000,1,4
INSV1-49406da118920131b982102f,MATERIAL,TUBERIA PP UNION ROSCABLE DI=3/4 plg 1.25 MPA,TUBERIA PP UNION ROSCABLE DI 3/4 PLG 1.25 MPA,m,0,1,1,1,3,1,2.940000,2.940000,2.940000,2.940000,1,3
INSV1-5c39998864a5646442cfb616,MATERIAL,TUBERIA PP UNION ROSCABLE DI=1/2 plg 1.25 MPA,TUBERIA PP UNION ROSCABLE DI 1/2 PLG 1.25 MPA,m,0,1,1,1,3,1,1.980000,1.980000,1.980000,1.980000,1,3
INSV1-2ef93473625a0fb55a2bf1e3,MATERIAL,TUBERIA PP UNION ROSCABLE DI=1 1/4 plg 1.25 MPA,TUBERIA PP UNION ROSCABLE DI 1 1/4 PLG 1.25 MPA,m,0,1,1,1,1,1,6.490000,6.490000,6.490000,6.490000,1,1
INSV1-7de9ac4f51cb827e407b26d3,MATERIAL,TUBERIA PP UNION ROSCABLE DI=2 1/2 plg 1.25 MPA,TUBERIA PP UNION ROSCABLE DI 2 1/2 PLG 1.25 MPA,m,0,1,1,1,2,1,16.960000,16.960000,16.960000,16.960000,1,2
INSV1-66860ef9ae2fc1e605071e3e,MATERIAL,CLORO,CLORO,cc,0,1,1,1,1,1,0.030000,0.030000,0.030000,0.030000,1,1
INSV1-7682d41e46b75c83933b0532,MATERIAL,CODO 22.5' PP 3/4 IN ROSCABLE,CODO 22.5' PP 3/4 IN ROSCABLE,u,0,1,1,1,1,1,1.730000,1.730000,1.730000,1.730000,1,1
INSV1-6e7a4fac98395a8c69a766b1,MATERIAL,CODO 22.5' PP 2 IN ROSCABLE,CODO 22.5' PP 2 IN ROSCABLE,u,0,1,1,1,1,1,4.600000,4.600000,4.600000,4.600000,1,1
INSV1-7befb8d849a2ac5d85eccf7c,MATERIAL,CODO 45' PP 2 1/2 IN ROSCABLE,CODO 45' PP 2 1/2 IN ROSCABLE,u,0,1,1,1,1,1,8.050000,8.050000,8.050000,8.050000,1,1
INSV1-49dfc0aa4069ed5d6a1234e3,MATERIAL,CODO 45' PP 2 IN ROSCABLE,CODO 45' PP 2 IN ROSCABLE,u,0,1,1,1,1,1,8.370000,8.370000,8.370000,8.370000,1,1
INSV1-2d9cc6ac80356facc875465b,MATERIAL,CODO 45' PP 3/4,CODO 45' PP 3/4,u,0,1,1,1,1,1,1.930000,1.930000,1.930000,1.930000,1,1
INSV1-d24cbe0d5b797285e8463ae6,MATERIAL,CODO 90' PP 1 1/4 IN ROSCABLE,CODO 90' PP 1 1/4 IN ROSCABLE,u,0,1,1,1,1,1,3.760000,3.760000,3.760000,3.760000,1,1
INSV1-5e150d1fde4658cbeae623dc,MATERIAL,CODO 90' PP 1/2 IN ROSCABLE,CODO 90' PP 1/2 IN ROSCABLE,u,0,1,1,1,2,1,0.520000,0.520000,0.520000,0.520000,1,2
INSV1-b54eae860684e44646605487,MATERIAL,CODO 90' PP 2 1/2 IN ROSCABLE,CODO 90' PP 2 1/2 IN ROSCABLE,u,0,1,1,1,2,1,15.170000,15.170000,15.170000,15.170000,1,2
INSV1-41eedf53065f238237ec510b,MATERIAL,CODO 90' PP 3/4 IN ROSCABLE,CODO 90' PP 3/4 IN ROSCABLE,u,0,1,1,1,2,1,0.850000,0.850000,0.850000,0.850000,1,2
INSV1-b41f86e9ef80ffe26c9665b4,MATERIAL,REDUCTOR DE 1 A 1/2 IN PP ROSCABLE,REDUCTOR DE 1 A 1/2 IN PP ROSCABLE,u,0,1,1,1,1,1,1.400000,1.400000,1.400000,1.400000,1,1
INSV1-177ca35280d216becf4e0d64,MATERIAL,REDUCTOR DE 1 A 3/4 IN PP ROSCABLE,REDUCTOR DE 1 A 3/4 IN PP ROSCABLE,u,0,1,1,1,2,1,1.460000,1.460000,1.460000,1.460000,1,2
INSV1-32bfd1ce72e25bd2bae9be09,MATERIAL,REDUCTOR DE 1 1/2 A 1/2 IN PP ROSCABLE,REDUCTOR DE 1 1/2 A 1/2 IN PP ROSCABLE,u,0,1,1,1,1,1,1.620000,1.620000,1.620000,1.620000,1,1
INSV1-d87252e3c4efb681d8610266,MATERIAL,REDUCTOR DE 1 1/4 A 1 IN PP ROSCABLE,REDUCTOR DE 1 1/4 A 1 IN PP ROSCABLE,u,0,1,1,1,1,1,1.170000,1.170000,1.170000,1.170000,1,1
INSV1-69067d601de54c6183238e29,MATERIAL,REDUCTOR DE 1 1/4 A 1/2 IN PP ROSCABLE,REDUCTOR DE 1 1/4 A 1/2 IN PP ROSCABLE,u,0,1,1,1,1,1,1.710000,1.710000,1.710000,1.710000,1,1
INSV1-a34a9ab399365e43d92d0a52,MATERIAL,REDUCTOR DE 2 A 1 1/2 IN PP ROSCABLE,REDUCTOR DE 2 A 1 1/2 IN PP ROSCABLE,u,0,1,1,1,2,1,5.630000,5.630000,5.630000,5.630000,1,2
INSV1-a97fd3b1ab56884bd7be4962,MATERIAL,REDUCTOR DE 2 A 1 1/4 IN PP ROSCABLE,REDUCTOR DE 2 A 1 1/4 IN PP ROSCABLE,u,0,1,1,1,1,1,4.400000,4.400000,4.400000,4.400000,1,1
INSV1-bad40d48f206fda4326bed93,MATERIAL,REDUCTOR DE 2 A 1/2 IN PP ROSCABLE,REDUCTOR DE 2 A 1/2 IN PP ROSCABLE,u,0,1,1,1,2,1,3.840000,3.840000,3.840000,3.840000,1,2
INSV1-9043579c1fa05a089e67e34d,MATERIAL,REDUCTOR DE 2 A 3/4 IN PP ROSCABLE,REDUCTOR DE 2 A 3/4 IN PP ROSCABLE,u,0,1,1,1,2,1,5.480000,5.480000,5.480000,5.480000,1,2
INSV1-31b10c294cca475b227a1f17,MATERIAL,REDUCTOR DE 2 1/2 A 2 IN PP ROSCABLE,REDUCTOR DE 2 1/2 A 2 IN PP ROSCABLE,u,0,1,1,1,5,1,6.120000,6.120000,6.120000,6.120000,1,5
INSV1-4001524d6b8df28c6202f48a,MATERIAL,REDUCTOR DE 3/4 A 1/2 IN PP ROSCABLE,REDUCTOR DE 3/4 A 1/2 IN PP ROSCABLE,u,0,1,1,1,2,1,0.290000,0.290000,0.290000,0.290000,1,2
INSV1-26f234a4635a00e5ae48cbd5,MATERIAL,TEE 2 1/2 IN PP ROSCABLE,TEE 2 1/2 IN PP ROSCABLE,u,0,1,1,1,2,1,1.000000,1.000000,1.000000,1.000000,1,2
INSV1-dd7c82b5dae9b7b230b855d9,MATERIAL,TEE 3/4 IN PP ROSCABLE,TEE 3/4 IN PP ROSCABLE,u,0,1,1,1,2,1,1.290000,1.290000,1.290000,1.290000,1,2
INSV1-a18fcc2482e7b6d40dee88db,MATERIAL,COLGADOR PARA TUBERIA 3/4 IN,COLGADOR PARA TUBERIA 3/4 IN,u,0,1,1,1,2,1,0.550000,0.550000,0.550000,0.550000,1,2
INSV1-cde674df0067fd26ef480cef,MATERIAL,COLGADOR PARA TUBERIA 1/2 IN,COLGADOR PARA TUBERIA 1/2 IN,u,0,1,1,1,1,1,0.550000,0.550000,0.550000,0.550000,1,1
INSV1-5781c4c2d37dac0afb7270ee,MATERIAL,COLGADOR PARA TUBERIA 1 1/4 IN,COLGADOR PARA TUBERIA 1 1/4 IN,u,0,1,1,1,1,1,0.680000,0.680000,0.680000,0.680000,1,1
INSV1-a1f23bbaf9faf2aa95dff037,MATERIAL,COLGADOR PARA TUBERIA 2 1/2 IN,COLGADOR PARA TUBERIA 2 1/2 IN,u,0,1,1,1,2,1,1.350000,1.350000,1.350000,1.350000,1,2
INSV1-a8b247fea4444e8d5e3ad94b,MATERIAL,VALVULA DE BOLA PVC D= 3/4 plg ROSCABLE,VALVULA DE BOLA PVC D 3/4 PLG ROSCABLE,u,0,1,1,1,2,1,0.910000,0.910000,0.910000,0.910000,1,2
INSV1-35c735bfb6d98e21937d3a3a,MATERIAL,UNION UNIVERSAL PP ROSCABLE H 3/4 IN,UNION UNIVERSAL PP ROSCABLE H 3/4 IN,u,0,1,1,1,2,1,2.370000,2.370000,2.370000,2.370000,1,2
INSV1-a05ff3c9e6d3e5b6b7c2e8dd,MATERIAL,VALVULA DE BOLA PVC D= 1 1/2 plg ROSCABLE,VALVULA DE BOLA PVC D 1 1/2 PLG ROSCABLE,u,0,1,1,1,1,1,3.810000,3.810000,3.810000,3.810000,1,1
INSV1-f84ef90ddd0b2c6fc53685ff,MATERIAL,UNION UNIVERSAL PP ROSCABLE H 1 1/2 IN,UNION UNIVERSAL PP ROSCABLE H 1 1/2 IN,u,0,1,1,1,1,1,10.220000,10.220000,10.220000,10.220000,1,1
INSV1-70258af84cdfbb080f9a0aba,MATERIAL,VALVULA DE BOLA PVC D= 2 plg ROSCABLE,VALVULA DE BOLA PVC D 2 PLG ROSCABLE,u,0,1,1,1,1,1,5.920000,5.920000,5.920000,5.920000,1,1
INSV1-f56d2a4a9dfc73f96e8f1659,MATERIAL,UNION UNIVERSAL PP ROSCABLE 2 IN,UNION UNIVERSAL PP ROSCABLE 2 IN,u,0,1,1,1,1,1,12.500000,12.500000,12.500000,12.500000,1,1
INSV1-fabd5602240cca5b5e2d2468,MATERIAL,VALVULA DE BOLA PVC D= 2 1/2 plg ROSCABLE,VALVULA DE BOLA PVC D 2 1/2 PLG ROSCABLE,u,0,1,1,1,2,1,10.600000,10.600000,10.600000,10.600000,1,2
INSV1-d0d141828c2b2c5b018a78d5,MATERIAL,UNION UNIVERSAL PP ROSCABLE H 2 1/2 IN,UNION UNIVERSAL PP ROSCABLE H 2 1/2 IN,u,0,1,1,1,2,1,14.600000,14.600000,14.600000,14.600000,1,2
INSV1-5fd2b64a0328ab27cdb8f7f2,MATERIAL,IMPERMEABILIZANTE PARA HORMIGON (IN SITU),IMPERMEABILIZANTE PARA HORMIGON IN SITU,kg,0,1,1,1,12,1,1.550000,1.550000,1.550000,1.550000,1,12
INSV1-9249d2647973e1bca2779817,EQUIPO,VIBROAPISONADOR,VIBROAPISONADOR,h,0,1,1,1,6,1,7.500000,7.500000,7.500000,7.500000,1,6
INSV1-047e6339438e17d56b2eed3c,EQUIPO,CORTADORA DE ASFALTO,CORTADORA DE ASFALTO,h,0,1,1,1,1,1,3.840000,3.840000,3.840000,3.840000,1,1
INSV1-1d5e21c4106779af04936551,MATERIAL,ENCOFRADO,ENCOFRADO,m2,0,1,1,1,2,1,9.000000,9.000000,9.000000,9.000000,1,2
INSV1-19ff274435ad42c54f9d6cc5,MATERIAL,PLATINA 50X3mm,PLATINA 50X3MM,m,0,1,1,1,1,1,1.530000,1.530000,1.530000,1.530000,1,1
INSV1-4ef720e2ef7cdb4c521ae59a,MATERIAL,PERFIL L 40X4mm,PERFIL L 40X4MM,kg,0,1,1,1,1,1,1.140000,1.140000,1.140000,1.140000,1,1
INSV1-4875810312d718f30e6a2d7b,MATERIAL,PERFIL L 50X4mm,PERFIL L 50X4MM,kg,0,1,1,1,1,1,1.130000,1.130000,1.130000,1.130000,1,1
INSV1-860b9a3ab1adb0d1e14e4d8c,MATERIAL,HIDRANTE TIPO TRÁFICO D=110 mm (INCLUYE ACCESORIOS),HIDRANTE TIPO TRAFICO D 110 MM INCLUYE ACCESORIOS,u,0,1,1,1,1,1,1000.000000,1000.000000,1000.000000,1000.000000,1,1
INSV1-dec5f95938d3adef68bbeaa4,MATERIAL,"ADAPTADOR BRIDA PVC 110mm/4""",ADAPTADOR BRIDA PVC 110MM/4,u,0,1,1,1,1,1,29.000000,29.000000,29.000000,29.000000,1,1
INSV1-880c7a55cb0d99a5875d197c,MATERIAL,CODO LR PVC E-UZ 45° X 110mm PN10,CODO LR PVC E-UZ 45 X 110MM PN10,u,0,1,1,1,1,1,12.900000,12.900000,12.900000,12.900000,1,1
INSV1-e5729e9cf68baa73a7671704,MATERIAL,TUBERIA PVC/UE 110mm 0.80 MPA (INCLUYE UNION ELASTOMERICA),TUBERIA PVC/UE 110MM 0.80 MPA INCLUYE UNION ELASTOMERICA,m,0,1,1,1,2,1,7.840000,7.840000,7.840000,7.840000,1,2
INSV1-339cc0397d5a23a71ed72304,MATERIAL,REDUCTOR DE PVC INY UZ DE 110 A 90mm,REDUCTOR DE PVC INY UZ DE 110 A 90MM,u,0,1,1,1,1,1,12.240000,12.240000,12.240000,12.240000,1,1
INSV1-4d09cb3eee5de9fdf0377eec,MATERIAL,UNION MECANICA 90mm,UNION MECANICA 90MM,u,0,1,1,1,1,1,50.980000,50.980000,50.980000,50.980000,1,1
INSV1-9bd62a4f022ad2ab098ff0c2,MATERIAL,"TAPA DE FUNDICION 8""",TAPA DE FUNDICION 8,u,0,1,1,1,2,1,22.090000,22.090000,22.090000,22.090000,1,2
INSV1-2ed3cce1adb013cb1bad12a1,MATERIAL,UNION UNIVERSAL DE HD RANGO (108-128) DN100mm,UNION UNIVERSAL DE HD RANGO 108-128 DN100MM,u,0,1,1,1,1,1,78.830000,78.830000,78.830000,78.830000,1,1
INSV1-ed7eb23b9d2a99bb5256ac24,MATERIAL,TUBERIA PVC/UE 200mm 0.80 MPA (INCLUYE UNION ELASTOMERICA),TUBERIA PVC/UE 200MM 0.80 MPA INCLUYE UNION ELASTOMERICA,m,0,1,1,1,1,1,26.810000,26.810000,26.810000,26.810000,1,1
INSV1-ec1df010f7a6d7d48c0dc51a,MATERIAL,VALVULA DE COMPUERTA VASTAGO FIJO EXTREMO LISO PVC 110mm,VALVULA DE COMPUERTA VASTAGO FIJO EXTREMO LISO PVC 110MM,u,0,1,1,1,1,1,313.060000,313.060000,313.060000,313.060000,1,1
INSV1-146be2257c19b86890bad41c,MATERIAL,"TAPA DE H.F. 3""",TAPA DE H.F. 3,u,0,1,1,1,1,1,22.090000,22.090000,22.090000,22.090000,1,1
INSV1-d40385078e05574fe9177130,MATERIAL,HORMIGON SIMPLE F´C=180 Kg/cm2,HORMIGON SIMPLE F C 180 KG/CM2,m3,0,1,1,1,1,1,122.160000,122.160000,122.160000,122.160000,1,1
INSV1-b4253f448d3a30ad2df87da5,MATERIAL,CODO 45' PVC 110 mm UZ,CODO 45' PVC 110 MM UZ,u,0,1,1,1,1,1,12.900000,12.900000,12.900000,12.900000,1,1
INSV1-d8440c683de1994e6444e4df,MATERIAL,TEE PVC INY UZ 90mm PN10 PG,TEE PVC INY UZ 90MM PN10 PG,u,0,1,1,1,1,1,21.690000,21.690000,21.690000,21.690000,1,1
INSV1-f83f4f21e20c24a4327e0d14,MATERIAL,TEE PVC INY UZ 110mm PN10 PG,TEE PVC INY UZ 110MM PN10 PG,u,0,1,1,1,1,1,26.800000,26.800000,26.800000,26.800000,1,1
INSV1-2bc624c705a1ac3b17ae092d,MATERIAL,TUBERIA PVC/UE 200mm 1MPA (INCLUYE UNION ELASTOMERICA),TUBERIA PVC/UE 200MM 1MPA INCLUYE UNION ELASTOMERICA,m,0,1,1,1,1,1,32.570000,32.570000,32.570000,32.570000,1,1
INSV1-1c40b115b9aa32d8adef74b8,MATERIAL,"ADAPTADOR 1/2"" PEAD",ADAPTADOR 1/2 PEAD,u,0,1,1,1,1,1,2.980000,2.980000,2.980000,2.980000,1,1
INSV1-eb7f7c67b6090399aa6c4f54,MATERIAL,"LLAVE DE CORTE INVIOLABLE D= 1/2"" H-H TIPO BOLA LATÓN/CROMADO",LLAVE DE CORTE INVIOLABLE D 1/2 H-H TIPO BOLA LATON/CROMADO,u,0,1,1,1,1,1,6.950000,6.950000,6.950000,6.950000,1,1
INSV1-686f51639650787090beaac0,MATERIAL,"CAJA PORTAMEDIDOR DE POLIPROPILENO, CON VISOR",CAJA PORTAMEDIDOR DE POLIPROPILENO CON VISOR,u,0,1,1,1,2,1,15.000000,15.000000,15.000000,15.000000,1,2
INSV1-e9becdb0041f7bd5f1639d83,MATERIAL,"MEDIDOR 1/2"" DN15/115 R100 CHORRO UNICO - COMPOSITE VIDRIO-METAL",MEDIDOR 1/2 DN15/115 R100 CHORRO UNICO - COMPOSITE VIDRIO-METAL,u,0,1,1,1,1,1,25.500000,25.500000,25.500000,25.500000,1,1
INSV1-d126f6e0f07f62d4d0712864,MATERIAL,"KIT DE CONEXION COMPOSITE PARA MEDIDOR DE 1/2"" (SE CONSIDERA EL PAR)",KIT DE CONEXION COMPOSITE PARA MEDIDOR DE 1/2 SE CONSIDERA EL PAR,u,0,1,1,1,1,1,3.000000,3.000000,3.000000,3.000000,1,1
INSV1-4bc1192aa439f1f066d5687b,MATERIAL,"UNION PVC ROSCABLE 1/2""",UNION PVC ROSCABLE 1/2,u,0,1,1,1,1,1,0.700000,0.700000,0.700000,0.700000,1,1
INSV1-18c4eb75787b3a1ee5a994a4,MATERIAL,"TAPON PP ROSCABLE H 1/2""",TAPON PP ROSCABLE H 1/2,u,0,1,1,1,1,1,0.480000,0.480000,0.480000,0.480000,1,1
INSV1-e48f75cc0419e651f0d3dc00,MATERIAL,"ADAPTADOR 1"" PEAD",ADAPTADOR 1 PEAD,u,0,1,1,1,1,1,6.950000,6.950000,6.950000,6.950000,1,1
INSV1-884bbad122d0b83a75f07b94,MATERIAL,"LLAVE DE CORTE INVIOLABLE D=1"" H-H TIPO BOLA LATÓN/CROMADO",LLAVE DE CORTE INVIOLABLE D 1 H-H TIPO BOLA LATON/CROMADO,u,0,1,1,1,1,1,20.000000,20.000000,20.000000,20.000000,1,1
INSV1-8733b0ada3dbece7a0811456,MATERIAL,"MEDIDOR 1"" R160 VOLUMETRICO REGISTRO COBRE VIDRIO",MEDIDOR 1 R160 VOLUMETRICO REGISTRO COBRE VIDRIO,u,0,1,1,1,1,1,295.000000,295.000000,295.000000,295.000000,1,1
INSV1-9301a2ac3542c76516408d7f,MATERIAL,"KIT DE CONEXION COMPOSITE PARA MEDIDOR DE 1"" (SE CONSIDERA EL PAR)",KIT DE CONEXION COMPOSITE PARA MEDIDOR DE 1 SE CONSIDERA EL PAR,u,0,1,1,1,1,1,9.000000,9.000000,9.000000,9.000000,1,1
INSV1-8dc21316ec88ac1b3ef6ee44,MATERIAL,"TUBERIA PVC ROSCABLE 1"" (320PSI)",TUBERIA PVC ROSCABLE 1 320PSI,m,0,1,1,1,4,1,4.520000,4.520000,4.520000,4.520000,1,4
INSV1-6867265544951e8a1168a510,MATERIAL,"UNION PVC ROSCABLE 1""",UNION PVC ROSCABLE 1,u,0,1,1,1,1,1,7.300000,7.300000,7.300000,7.300000,1,1
INSV1-7df95cc57188d686d17d9cc3,MATERIAL,"TAPON ROSCABLE H 1""",TAPON ROSCABLE H 1,u,0,1,1,1,1,1,1.040000,1.040000,1.040000,1.040000,1,1
INSV1-ecaf735172cc35a085004631,EQUIPO,MINICARGADOR,MINICARGADOR,h,0,1,1,1,2,1,25.000000,25.000000,25.000000,25.000000,1,2
INSV1-590b35cd0cccad0020a1bd20,EQUIPO,RODILLO DOBLE TAMBOR MANUAL,RODILLO DOBLE TAMBOR MANUAL,h,0,1,1,1,3,1,15.000000,15.000000,15.000000,15.000000,1,3
INSV1-684fc896f109a6966da03ecc,MATERIAL,PIEDRA BOLA (100-250mm) PUESTA EN SITIO,PIEDRA BOLA 100-250MM PUESTA EN SITIO,m3,0,1,1,1,2,1,18.000000,18.000000,18.000000,18.000000,1,2
INSV1-379100625b69dc0116b554dc,EQUIPO,BOBCAT- CON MARTILLO ROMPEPAVIMENTO,BOBCAT- CON MARTILLO ROMPEPAVIMENTO,h,0,1,1,1,1,1,19.000000,19.000000,19.000000,19.000000,1,1
INSV1-ade8a717eb590e474eec377b,MATERIAL,ADITIVO ANTISOL,ADITIVO ANTISOL,kg,0,1,1,1,2,1,4.230000,4.230000,4.230000,4.230000,1,2
INSV1-5cbfa168cca045112a884a80,MATERIAL,TUBERIA PVC LISA DESAGUE DI=50 mm,TUBERIA PVC LISA DESAGUE DI 50 MM,m,0,1,1,1,3,1,1.900000,1.900000,1.900000,1.900000,1,3
INSV1-57150ac429dbd986cc37b6e2,MATERIAL,TUBERIA PVC LISA DESAGUE DI=110 mm,TUBERIA PVC LISA DESAGUE DI 110 MM,m,0,1,1,1,2,1,4.690000,4.690000,4.690000,4.690000,1,2
INSV1-abaed161e9fb1fb56af49198,MATERIAL,TUBERIA PVC ESTRUCTURADA DI=160mm,TUBERIA PVC ESTRUCTURADA DI 160MM,m,0,1,1,1,3,1,9.180000,9.180000,9.180000,9.180000,1,3
INSV1-21ea431d6761b5fe1f6073a7,MATERIAL,TUBERIA PVC ESTRUCTURADA DI=200mm,TUBERIA PVC ESTRUCTURADA DI 200MM,m,0,1,1,1,2,1,15.970000,15.970000,15.970000,15.970000,1,2
INSV1-798c3fe604e2c661fc42ad38,MATERIAL,TAPON INFLABLE D<800mm,TAPON INFLABLE D 800MM,u,0,1,1,1,2,1,37.500000,37.500000,37.500000,37.500000,1,2
INSV1-9d5829a7cbfc8405adc0d81d,MATERIAL,COLGADOR PARA TUBERIA 4 IN,COLGADOR PARA TUBERIA 4 IN,u,0,1,1,1,3,1,1.940000,1.940000,1.940000,1.940000,1,3
INSV1-07273db6e3bd4bf35545f282,MATERIAL,COLGADOR PARA TUBERIA 6 IN,COLGADOR PARA TUBERIA 6 IN,u,0,1,1,1,1,1,3.400000,3.400000,3.400000,3.400000,1,1
INSV1-e4650279540c65e0f10e7eaa,MATERIAL,CAJA ACERA SIMPLE ALINEADA 175mm CB,CAJA ACERA SIMPLE ALINEADA 175MM CB,u,0,1,1,1,2,1,54.080000,54.080000,54.080000,54.080000,1,2
INSV1-468c5de2eb8ebd6ffcef12b6,MATERIAL,NEPLO DE PVC DI=400 mm,NEPLO DE PVC DI 400 MM,u,0,1,1,1,2,1,38.940000,38.940000,38.940000,38.940000,1,2
INSV1-4a8176110e221b4ba70fc90f,MATERIAL,"MALLA ELECTROSOLDADA 10x10 - 8,00mm",MALLA ELECTROSOLDADA 10X10 - 8 00MM,m2,0,1,1,1,2,1,12.600000,12.600000,12.600000,12.600000,1,2
INSV1-1afb04610a76c737fa730750,MATERIAL,YEE DESAGUE PVC EC 110mm,YEE DESAGUE PVC EC 110MM,u,0,1,1,1,1,1,6.580000,6.580000,6.580000,6.580000,1,1
INSV1-331af8923971cccfba2dfb36,MATERIAL,CODO DESAGUE PVC INY 110mm X 45' EC,CODO DESAGUE PVC INY 110MM X 45' EC,u,0,1,1,1,2,1,6.040000,6.040000,6.040000,6.040000,1,2
INSV1-a964662ba7e491fdd43c0b16,MATERIAL,YEE REDUCTORA DE DESAGUE DE 110 A 50mm,YEE REDUCTORA DE DESAGUE DE 110 A 50MM,u,0,1,1,1,3,1,5.790000,5.790000,5.790000,5.790000,1,3
INSV1-e43f012367bca13eada2bf14,MATERIAL,CODO DESAGUE PVC INY 110mm X 90' EC,CODO DESAGUE PVC INY 110MM X 90' EC,u,0,1,1,1,1,1,4.450000,4.450000,4.450000,4.450000,1,1
INSV1-34b849675bccde9fe2d83797,MATERIAL,LIMPIADOR PVC,LIMPIADOR PVC,l,0,1,1,1,10,1,10.330000,10.330000,10.330000,10.330000,1,10
INSV1-2956231e12aa00f47b383920,MATERIAL,SOLDADURA PVC,SOLDADURA PVC,galón (us),0,1,1,1,10,1,54.490000,54.490000,54.490000,54.490000,1,10
INSV1-c84c903beb5da53fa9fcfee7,MATERIAL,TEE DESAGÜE EC D=110mm,TEE DESAGUE EC D 110MM,u,0,1,1,1,1,1,5.780000,5.780000,5.780000,5.780000,1,1
INSV1-723c8791d60380fa8111df40,MATERIAL,REDUCTOR DE DESAGUE DE PVC INY DE 110 A 50mm,REDUCTOR DE DESAGUE DE PVC INY DE 110 A 50MM,u,0,1,1,1,1,1,4.250000,4.250000,4.250000,4.250000,1,1
INSV1-a59bb7f9e6c743392c9be666,MATERIAL,YEE DESAGUE PVC EC 50mm,YEE DESAGUE PVC EC 50MM,u,0,1,1,1,1,1,2.410000,2.410000,2.410000,2.410000,1,1
INSV1-3fca933a1e18ed49055e29b0,MATERIAL,CODO DESAGUE PVC INY 50mm X 45' EC,CODO DESAGUE PVC INY 50MM X 45' EC,u,0,1,1,1,2,1,1.620000,1.620000,1.620000,1.620000,1,2
INSV1-e4c96246e93a48d14c54c7f7,MATERIAL,CODO DESAGUE PVC INY 90' X 50mm EC,CODO DESAGUE PVC INY 90' X 50MM EC,u,0,1,1,1,3,1,1.560000,1.560000,1.560000,1.560000,1,3
INSV1-3525705d7d0363d3e863abc7,MATERIAL,SIFON DESAGUE PVC 110mm,SIFON DESAGUE PVC 110MM,u,0,1,1,1,1,1,12.480000,12.480000,12.480000,12.480000,1,1
INSV1-b655fe95390d8c5abce87bc5,MATERIAL,"REJILLA CROMADA DE 2"" PARA PISO",REJILLA CROMADA DE 2 PARA PISO,u,0,1,1,1,1,1,1.410000,1.410000,1.410000,1.410000,1,1
INSV1-ca416f59125c0945d66d093b,MATERIAL,LAVAPLATOS DE DOS POZOS PROFUNDOS (INCLUYE ACCESORIOS),LAVAPLATOS DE DOS POZOS PROFUNDOS INCLUYE ACCESORIOS,u,0,1,1,1,1,1,117.180000,117.180000,117.180000,117.180000,1,1
INSV1-aef9668609035b5622a7be29,MATERIAL,TEE DESAGUE EC D=50mm,TEE DESAGUE EC D 50MM,u,0,1,1,1,1,1,1.710000,1.710000,1.710000,1.710000,1,1
INSV1-ed62fded4bc43a9d311fc41a,MATERIAL,TUBERIA DE VENTILACION PVC EC DI=50mm,TUBERIA DE VENTILACION PVC EC DI 50MM,m,0,1,1,1,2,1,1.200000,1.200000,1.200000,1.200000,1,2
INSV1-144dadc79825acfa9ee05308,EQUIPO,COMPACTADORA REVERSIBLE,COMPACTADORA REVERSIBLE,h,0,1,1,1,14,1,7.000000,7.000000,7.000000,7.000000,1,14
INSV1-fdc1d92f317edf12158626d9,MATERIAL,"TUBERIA PVC RIGIDA 1""",TUBERIA PVC RIGIDA 1,m,0,1,1,1,2,1,3.500000,3.500000,3.500000,3.500000,1,2
INSV1-99742b4f7f2c77c429451669,MATERIAL,ADHESIVO EPOXICO,ADHESIVO EPOXICO,kg,0,1,1,1,2,1,16.930000,16.930000,16.930000,16.930000,1,2
INSV1-623cda020243488075e2be04,MATERIAL,CINTA IMPERMEABILIZANTE PVC V-18,CINTA IMPERMEABILIZANTE PVC V-18,m,0,1,1,1,2,1,10.580000,10.580000,10.580000,10.580000,1,2
INSV1-383fe1c1bd8fdb3dc459a554,MATERIAL,PROTECCION IMPERMEABLE PARA ESTRUCTURAS + IMPRIMANTE,PROTECCION IMPERMEABLE PARA ESTRUCTURAS + IMPRIMANTE,m2,0,1,1,1,2,1,5.880000,5.880000,5.880000,5.880000,1,2
INSV1-25340c3c6a1cf07c5aa5aa6f,MATERIAL,TAPA DE HD REDONDA DE 600 C400 KN,TAPA DE HD REDONDA DE 600 C400 KN,u,0,1,1,1,2,1,218.000000,218.000000,218.000000,218.000000,1,2
INSV1-e80f02ce93fc5edea5b8ecba,MATERIAL,TUBERIA PVC ESTRUCTURADA DI=250mm,TUBERIA PVC ESTRUCTURADA DI 250MM,m,0,1,1,1,2,1,12.820000,12.820000,12.820000,12.820000,1,2
INSV1-29e00a9064a7f97dd56e0a8e,MATERIAL,TUBERIA PVC ESTRUCTURADA DI=500mm,TUBERIA PVC ESTRUCTURADA DI 500MM,m,0,1,1,1,1,1,80.920000,80.920000,80.920000,80.920000,1,1
INSV1-f794e33c757f8d043996ae13,MATERIAL,TUBERIA PVC ESTRUCTURADA DI=600mm,TUBERIA PVC ESTRUCTURADA DI 600MM,m,0,1,1,1,1,1,111.520000,111.520000,111.520000,111.520000,1,1
INSV1-6ad77539f2193a077eec52ca,MATERIAL,TUBERIA PVC ESTRUCTURADA DI=700mm,TUBERIA PVC ESTRUCTURADA DI 700MM,m,0,1,1,1,1,1,147.480000,147.480000,147.480000,147.480000,1,1
INSV1-b714c5b287e05cec99e7eb2b,MATERIAL,REJILLA DE HD TIPO II 0.70x0.60m,REJILLA DE HD TIPO II 0.70X0.60M,u,0,1,1,1,1,1,160.000000,160.000000,160.000000,160.000000,1,1
INSV1-efd9fbdad1067fb0dd7eaaa4,EQUIPO,BOMBA PARA COLOCAR ADITIVO,BOMBA PARA COLOCAR ADITIVO,h,0,2,2,2,8,1,0.500000,0.500000,0.500000,0.500000,1,8
INSV1-4201dcf8e83af6f501b56c16,MATERIAL,VALVULA DE CLAPETA DE DESCARGA D=600mm,VALVULA DE CLAPETA DE DESCARGA D 600MM,u,0,1,1,1,1,1,2684.100000,2684.100000,2684.100000,2684.100000,1,1
INSV1-75e98cbf13936b0e11186cea,MATERIAL,VALVULA DE CLAPETA DE DESCARGA D=700mm,VALVULA DE CLAPETA DE DESCARGA D 700MM,u,0,1,1,1,1,1,3131.450000,3131.450000,3131.450000,3131.450000,1,1
INSV1-66bc5ab239a5b9957edd855d,MATERIAL,VALVULA DE CLAPETA DE DESCARGA D=1200mm,VALVULA DE CLAPETA DE DESCARGA D 1200MM,u,0,1,1,1,1,1,7246.150000,7246.150000,7246.150000,7246.150000,1,1
INSV1-44d38c9575e94397a7c82ffc,MATERIAL,REJILLA DE HD TIPO I 0.70x0.40m,REJILLA DE HD TIPO I 0.70X0.40M,u,0,1,1,1,1,1,120.000000,120.000000,120.000000,120.000000,1,1
INSV1-ae61f8dfd20878c5eda4dde4,MATERIAL,PERFIL ESTRUCTURAL L 50x3mm,PERFIL ESTRUCTURAL L 50X3MM,m,0,1,1,1,1,1,2.950000,2.950000,2.950000,2.950000,1,1
INSV1-77c3493c766a86385c72f5c0,MATERIAL,EXTINTOR TIPO A,EXTINTOR TIPO A,u,0,1,1,1,1,1,188.660000,188.660000,188.660000,188.660000,1,1
INSV1-93674c023debbc9a145ef5be,MATERIAL,LETRERO PROHIBIDO FUMAR,LETRERO PROHIBIDO FUMAR,u,0,1,1,1,1,1,6.000000,6.000000,6.000000,6.000000,1,1
INSV1-690271d1b9febd0a7cc980c2,MATERIAL,ALARMA CONTRAINCENDIO,ALARMA CONTRAINCENDIO,u,0,1,1,1,1,1,250.000000,250.000000,250.000000,250.000000,1,1
INSV1-5588c455b6d6571f7c77b381,MATERIAL,LETRERO PROHIBIDO HACER FUEGO,LETRERO PROHIBIDO HACER FUEGO,u,0,1,1,1,1,1,6.000000,6.000000,6.000000,6.000000,1,1
INSV1-6a11fb55a866815275dc6050,MATERIAL,DETECTOR DE HUMO,DETECTOR DE HUMO,u,0,1,1,1,1,1,28.600000,28.600000,28.600000,28.600000,1,1
INSV1-ed6151a0843a4cdaf83399f0,MATERIAL,LETRERO SALIDA ESCALERA DERECHA ABAJO,LETRERO SALIDA ESCALERA DERECHA ABAJO,u,0,1,1,1,1,1,6.000000,6.000000,6.000000,6.000000,1,1
INSV1-306db6dad99a554c7212a988,MATERIAL,BOTIQUIN DE PRIMEROS AUXILIOS,BOTIQUIN DE PRIMEROS AUXILIOS,u,0,1,1,1,1,1,43.480000,43.480000,43.480000,43.480000,1,1
INSV1-c98b969d1c4fb64a71a17234,MATERIAL,LETRERO PUNTO DE ENCUENTRO,LETRERO PUNTO DE ENCUENTRO,u,0,1,1,1,1,1,6.000000,6.000000,6.000000,6.000000,1,1
INSV1-87076f9a81d11519bbcceb9e,MATERIAL,LETRERO SALIDA,LETRERO SALIDA,u,0,1,1,1,1,1,6.000000,6.000000,6.000000,6.000000,1,1
INSV1-0354c43c3053c85da35a9725,MATERIAL,LUZ DE EMERGENCIA,LUZ DE EMERGENCIA,u,0,1,1,1,1,1,43.500000,43.500000,43.500000,43.500000,1,1
INSV1-1cf4e45327201a09425dbc60,MATERIAL,EXTINTOR TIPO K,EXTINTOR TIPO K,u,0,1,1,1,1,1,425.000000,425.000000,425.000000,425.000000,1,1
INSV1-693b1ec238c394c6864d9964,MATERIAL,TUBERIA ACERO ASTM A36 DI= 40mm,TUBERIA ACERO ASTM A36 DI 40MM,m,0,1,1,1,1,1,5.850000,5.850000,5.850000,5.850000,1,1
INSV1-a86544bde2fe0881f778b478,MATERIAL,CODO DE ACERO ASTM A36 40mm X 90',CODO DE ACERO ASTM A36 40MM X 90',u,0,1,1,1,1,1,5.630000,5.630000,5.630000,5.630000,1,1
INSV1-a643180dba4e75e24281e1e7,MATERIAL,ESPARRAGOS Y TUERCAS,ESPARRAGOS Y TUERCAS,u,0,1,1,1,20,1,5.000000,5.000000,5.000000,5.000000,1,20
INSV1-16b47ff913c706acf98c862c,MATERIAL,BRIDA DE ACERO AL CARBONO ASTM A-105 DN 40mm (INCLUYE PERNOS Y EMPAQUES),BRIDA DE ACERO AL CARBONO ASTM A-105 DN 40MM INCLUYE PERNOS Y EMPAQUES,u,0,1,1,1,5,1,25.000000,25.000000,25.000000,25.000000,1,5
INSV1-ce472addcfc35954a6be0487,MATERIAL,"BOMBA CENTRIFUGA TDH=37.1m, Q=8.61 L/S (INCLUYE ACCESORIOS)",BOMBA CENTRIFUGA TDH 37.1M Q 8.61 L/S INCLUYE ACCESORIOS,u,0,1,1,1,1,1,1774.490000,1774.490000,1774.490000,1774.490000,1,1
INSV1-130cd89e7a45af0253123460,MATERIAL,REDUCTOR DE ACERO ASTM A36 DE 50 A 40mm,REDUCTOR DE ACERO ASTM A36 DE 50 A 40MM,u,0,1,1,1,3,1,10.910000,10.910000,10.910000,10.910000,1,3
INSV1-90f63e38a39059a5d36a166b,MATERIAL,BRIDA DE ACERO AL CARBONO ASTM A-105 DN 50mm (INCLUYE PERNOS Y EMPAQUES),BRIDA DE ACERO AL CARBONO ASTM A-105 DN 50MM INCLUYE PERNOS Y EMPAQUES,u,0,1,1,1,8,1,33.000000,33.000000,33.000000,33.000000,1,8
INSV1-0346c6f041aa6b4c103b8c57,MATERIAL,VALVULA DE COMPUERTA VASTAGO FIJO EXTREMO BRIDADOS PN10/16 DN 80mm,VALVULA DE COMPUERTA VASTAGO FIJO EXTREMO BRIDADOS PN10/16 DN 80MM,u,0,1,1,1,1,1,269.240000,269.240000,269.240000,269.240000,1,1
INSV1-640c5d43e83b34146264431d,MATERIAL,VALVULA DE RETENCION BRIDADA CHECK TIPO SWING DN80mm PN10/16,VALVULA DE RETENCION BRIDADA CHECK TIPO SWING DN80MM PN10/16,u,0,1,1,1,1,1,230.000000,230.000000,230.000000,230.000000,1,1
INSV1-fcf664053048188b45134b36,MATERIAL,BRIDA DE ACERO AL CARBONO ASTM A-105 DN 80mm (INCLUYE PERNOS Y EMPAQUES),BRIDA DE ACERO AL CARBONO ASTM A-105 DN 80MM INCLUYE PERNOS Y EMPAQUES,u,0,1,1,1,2,1,72.000000,72.000000,72.000000,72.000000,1,2
INSV1-d5a9411d43f5efea61ab6765,MATERIAL,UNION UNIVERSAL DE HD RANGO (88-103) DN80mm,UNION UNIVERSAL DE HD RANGO 88-103 DN80MM,u,0,1,1,1,1,1,68.850000,68.850000,68.850000,68.850000,1,1
INSV1-9a879f03c9be49b4e9a170ef,MATERIAL,"VALVULA DE AIRE 3"" TRIPLE ACCION",VALVULA DE AIRE 3 TRIPLE ACCION,u,0,1,1,1,1,1,686.000000,686.000000,686.000000,686.000000,1,1
INSV1-b8ea0f88d3ce8afb056290fb,MATERIAL,TUBERIA PVC/UE 75mm 1.00 MPA (INCLUYE UNION ELASTOMERICA),TUBERIA PVC/UE 75MM 1.00 MPA INCLUYE UNION ELASTOMERICA,m,0,1,1,1,1,1,4.830000,4.830000,4.830000,4.830000,1,1
INSV1-618760c47af7dc5fa4756dcb,MATERIAL,CODO LR PVC E-UZ 90' x 75mm PN10,CODO LR PVC E-UZ 90' X 75MM PN10,u,0,1,1,1,1,1,7.000000,7.000000,7.000000,7.000000,1,1
INSV1-09fef02c1b81eb9db2ed3b28,MATERIAL,"ADAPTADOR BRIDA PVC 3""",ADAPTADOR BRIDA PVC 3,u,0,1,1,1,1,1,7.150000,7.150000,7.150000,7.150000,1,1
INSV1-9b4f5bf4014fc28b3ee2b1f2,MATERIAL,TUBERIA PVC LISA DESAGUE DI=75 mm,TUBERIA PVC LISA DESAGUE DI 75 MM,m,0,1,1,1,1,1,4.560000,4.560000,4.560000,4.560000,1,1
INSV1-3cd370621f4ea3f7494cf88c,MATERIAL,VARILLA DE ACERO INOXIDABLE D=20mm,VARILLA DE ACERO INOXIDABLE D 20MM,m,0,1,1,1,3,1,3.000000,3.000000,3.000000,3.000000,1,3
INSV1-1d9d04f4a4624e1da6a1cd9e,MATERIAL,PLACA DE ACERO INOXIDABLE E=6mm,PLACA DE ACERO INOXIDABLE E 6MM,m2,0,1,1,1,4,1,224.390000,224.390000,224.390000,224.390000,1,4
INSV1-0e983686295d811c7eef8c7e,MATERIAL,"TUBO EN ACERO INOXIDABLE 2""",TUBO EN ACERO INOXIDABLE 2,m,0,1,1,1,3,1,5.170000,5.170000,5.170000,5.170000,1,3
INSV1-dedce4ffb968e6439dcf2479,MATERIAL,FLOTADOR DE NIVEL CISTERNA (ELECTRONIVEL),FLOTADOR DE NIVEL CISTERNA ELECTRONIVEL,u,0,1,1,1,1,1,24.170000,24.170000,24.170000,24.170000,1,1
INSV1-7b76108b86f58df916db404a,MATERIAL,"PASAMURO PARA TUBERIA DE H.F. 75mm, L =0.40m",PASAMURO PARA TUBERIA DE H.F. 75MM L 0.40M,u,0,1,1,1,1,1,73.820000,73.820000,73.820000,73.820000,1,1
INSV1-73dd4e0d4a01851f7b5ffe97,MATERIAL,"VALVULA CHECK CON CANASTILLA DE BRONCE 2 1/2""",VALVULA CHECK CON CANASTILLA DE BRONCE 2 1/2,u,0,1,1,1,1,1,56.270000,56.270000,56.270000,56.270000,1,1
INSV1-b27102427b487e852434b0e8,MATERIAL,BRIDA DE ACERO AL CARBONO ASTM A-105 DN 65mm (INCLUYE PERNOS Y EMPAQUES),BRIDA DE ACERO AL CARBONO ASTM A-105 DN 65MM INCLUYE PERNOS Y EMPAQUES,u,0,1,1,1,3,1,45.000000,45.000000,45.000000,45.000000,1,3
INSV1-17ed9e28ba1d749b041f72c9,MATERIAL,TUBERIA ACERO ASTM A36 D=65 mm,TUBERIA ACERO ASTM A36 D 65 MM,m,0,1,1,1,1,1,18.040000,18.040000,18.040000,18.040000,1,1
INSV1-8c962c35454d497543973e61,MATERIAL,CODO DE ACERO ASTM A36 D= 65mmX90',CODO DE ACERO ASTM A36 D 65MMX90',u,0,1,1,1,1,1,15.300000,15.300000,15.300000,15.300000,1,1
INSV1-1bf33cb042ba716172c68136,MATERIAL,"BOMBA CENTRIFUGA TDH=21.5m, Q=4.58 L/S (INCLUYE ACCESORIOS)",BOMBA CENTRIFUGA TDH 21.5M Q 4.58 L/S INCLUYE ACCESORIOS,u,0,1,1,1,1,1,1360.080000,1360.080000,1360.080000,1360.080000,1,1
INSV1-d6cbe40cd059eb7bba269568,MATERIAL,REDUCTOR DE ACERO ASTM A36 DE 65 A 50mm,REDUCTOR DE ACERO ASTM A36 DE 65 A 50MM,u,0,1,1,1,1,1,18.600000,18.600000,18.600000,18.600000,1,1
INSV1-e450a9cb49b97497ea88f18a,MATERIAL,VALVULA DE COMPUERTA VASTAGO FIJO EXTREMOS BRIDADOS PN10/16 DN 50mm,VALVULA DE COMPUERTA VASTAGO FIJO EXTREMOS BRIDADOS PN10/16 DN 50MM,u,0,1,1,1,1,1,200.000000,200.000000,200.000000,200.000000,1,1
INSV1-a6d06ebd0b58912efe12c3cf,MATERIAL,VALVULA DE RETENCION BRIDADA CHECK TIPO SWING DN50mm PN10/16,VALVULA DE RETENCION BRIDADA CHECK TIPO SWING DN50MM PN10/16,u,0,1,1,1,1,1,157.000000,157.000000,157.000000,157.000000,1,1
INSV1-15d708fc50e5de9f302ebb87,MATERIAL,UNION UNIVERSAL DE HD RANGO (59-73) DN50mm,UNION UNIVERSAL DE HD RANGO 59-73 DN50MM,u,0,1,1,1,1,1,46.200000,46.200000,46.200000,46.200000,1,1
INSV1-f3b847dc115864b9861f00bc,MATERIAL,"VALVULA DE AIRE 2"" TRIPLE ACCION PN16",VALVULA DE AIRE 2 TRIPLE ACCION PN16,u,0,1,1,1,1,1,559.000000,559.000000,559.000000,559.000000,1,1
INSV1-0999e119db1a3ac3acd7dde1,MATERIAL,TUBERIA PVC/UE 50mm 1.00 MPA (INCLUYE UNION ELASTOMERICA),TUBERIA PVC/UE 50MM 1.00 MPA INCLUYE UNION ELASTOMERICA,m,0,1,1,1,1,1,2.270000,2.270000,2.270000,2.270000,1,1
INSV1-0661982753e16d3cfb4db3ae,MATERIAL,CODO LR PVC E-UZ 90' X 50mm PN10,CODO LR PVC E-UZ 90' X 50MM PN10,u,0,1,1,1,1,1,3.300000,3.300000,3.300000,3.300000,1,1
INSV1-61e736281f01f2602eb59625,MATERIAL,"ADAPTADOR BRIDA PVC 50mm/2""",ADAPTADOR BRIDA PVC 50MM/2,u,0,1,1,1,1,1,15.000000,15.000000,15.000000,15.000000,1,1
INSV1-d7bb5fd94845712e36804cc9,MATERIAL,UNION MECANICA 50mm,UNION MECANICA 50MM,u,0,1,1,1,1,1,30.570000,30.570000,30.570000,30.570000,1,1
INSV1-3a5a7be0af585cd66ca5b1e4,MATERIAL,"PASAMURO PARA TUBERIA DE H.F. 50mm, L =0.40m",PASAMURO PARA TUBERIA DE H.F. 50MM L 0.40M,u,0,1,1,1,1,1,49.210000,49.210000,49.210000,49.210000,1,1
INSV1-6af484f885f9fe626159571a,MATERIAL,CODO DE ACERO ASTM A36 50mm X 90',CODO DE ACERO ASTM A36 50MM X 90',u,0,1,1,1,1,1,10.120000,10.120000,10.120000,10.120000,1,1
INSV1-b65a6db6c8e6081fdefbcfa0,MATERIAL,REDUCTOR DE PVC INY CC 40 A 25mm,REDUCTOR DE PVC INY CC 40 A 25MM,u,0,1,1,1,1,1,0.430000,0.430000,0.430000,0.430000,1,1
INSV1-77295c99a479aafc512541ea,MATERIAL,REDUCTOR DE PVC INY CC 50 A 40mm,REDUCTOR DE PVC INY CC 50 A 40MM,u,0,1,1,1,1,1,0.380000,0.380000,0.380000,0.380000,1,1
INSV1-523e700a6ef8d365346b441a,MATERIAL,"VALVULA DE AIRE 1"" TRIPLE ACCION ROSCADA DE FUNDICION DUCTIL PN16",VALVULA DE AIRE 1 TRIPLE ACCION ROSCADA DE FUNDICION DUCTIL PN16,u,0,1,1,1,1,1,459.000000,459.000000,459.000000,459.000000,1,1
INSV1-6500809746bb3b8d19114eb6,MATERIAL,"CODO PVC ROSCABLE 1""x90'",CODO PVC ROSCABLE 1 X90',u,0,1,1,1,3,1,2.190000,2.190000,2.190000,2.190000,1,3
INSV1-122f48698c64237be204618d,MATERIAL,"PASAMURO PARA TUBERIA DE H.F. 25mm, L =0.30m",PASAMURO PARA TUBERIA DE H.F. 25MM L 0.30M,u,0,1,1,1,1,1,24.610000,24.610000,24.610000,24.610000,1,1
INSV1-c606d0adbefb4cc2a2e61d42,MATERIAL,"VÁLVULA DE CORTE 1""",VALVULA DE CORTE 1,u,0,1,1,1,1,1,4.290000,4.290000,4.290000,4.290000,1,1
INSV1-44ec59a187b380e3b9dab21e,MATERIAL,"VALVULA CHECK ROSCADA PVC D=1 1/2""",VALVULA CHECK ROSCADA PVC D 1 1/2,u,0,1,1,1,1,1,44.660000,44.660000,44.660000,44.660000,1,1
INSV1-c236dabb8094b56e9cff62a5,MATERIAL,"VÁLVULA DE CORTE 1 1/2""",VALVULA DE CORTE 1 1/2,u,0,1,1,1,1,1,8.430000,8.430000,8.430000,8.430000,1,1
INSV1-c1865c23b74540776666799e,MATERIAL,TAPA DRENAJE DE FONDO,TAPA DRENAJE DE FONDO,u,0,1,1,1,1,1,21.250000,21.250000,21.250000,21.250000,1,1
INSV1-1d0f76872fb04d1428fd72f1,MATERIAL,BOQUILLA RETORNO 1 1/2 x 1/2,BOQUILLA RETORNO 1 1/2 X 1/2,u,0,1,1,1,1,1,1.800000,1.800000,1.800000,1.800000,1,1
INSV1-0e76ddfc8362b2e1cebd5ff0,MATERIAL,"FILTRO 24""",FILTRO 24,u,0,1,1,1,2,1,272.160000,272.160000,272.160000,272.160000,1,2
INSV1-55d1d67de2b984b4d7c53ba5,MATERIAL,IMPERMEABILIZANTE INTEGRAL ENLUCIDOS Y MORTEROS,IMPERMEABILIZANTE INTEGRAL ENLUCIDOS Y MORTEROS,kg,0,1,1,1,2,1,2.600000,2.600000,2.600000,2.600000,1,2
INSV1-9925baf3cfeec97d79bf68f9,MATERIAL,PIEDRA NATURAL TRITURADA,PIEDRA NATURAL TRITURADA,kg,0,1,1,1,1,1,0.350000,0.350000,0.350000,0.350000,1,1
INSV1-ae7b86d63e30d8b31997f294,MATERIAL,PINTURA PARA PISCINA,PINTURA PARA PISCINA,galón (us),0,1,1,1,2,1,55.000000,55.000000,55.000000,55.000000,1,2
INSV1-14a05296b506f569bcf7402a,MATERIAL,BOMBA CENTRIFUGA 1 HP,BOMBA CENTRIFUGA 1 HP,u,0,1,1,1,1,1,514.200000,514.200000,514.200000,514.200000,1,1
INSV1-fb2e38a1c1902501a7b3dd73,MATERIAL,"VALVULA CHECK ROSCADA PVC D=3/4""",VALVULA CHECK ROSCADA PVC D 3/4,u,0,1,1,1,1,1,14.910000,14.910000,14.910000,14.910000,1,1
INSV1-1ae4926f3bc96d6539ea9aca,MATERIAL,"LLAVE DE PICO DE BRONCE 1/2""",LLAVE DE PICO DE BRONCE 1/2,u,0,1,1,1,2,1,11.420000,11.420000,11.420000,11.420000,1,2
INSV1-8672b65934e3c5fce0ad52ef,MATERIAL,REDUCTOR DE 1 1/2 A 3/4 IN PP ROSCABLE,REDUCTOR DE 1 1/2 A 3/4 IN PP ROSCABLE,u,0,1,1,1,1,1,1.840000,1.840000,1.840000,1.840000,1,1
INSV1-99bb456f0d4bbe30bc77b04d,MATERIAL,MANGUERA LIMPIADORA 12m,MANGUERA LIMPIADORA 12M,u,0,1,1,1,1,1,47.500000,47.500000,47.500000,47.500000,1,1
INSV1-daaf851417e9779de3bc4836,MATERIAL,ASPIRADORA RUEDA MANGO ALUMINIO,ASPIRADORA RUEDA MANGO ALUMINIO,u,0,1,1,1,1,1,25.000000,25.000000,25.000000,25.000000,1,1
INSV1-3a05dadbbedec7829adfbfab,MATERIAL,CEPILLO #18,CEPILLO 18,u,0,1,1,1,1,1,10.750000,10.750000,10.750000,10.750000,1,1
INSV1-b7a2566067fc8f59168b44e5,MATERIAL,CERNIDERA DE HOJAS FILO BLANCO,CERNIDERA DE HOJAS FILO BLANCO,u,0,1,1,1,1,1,6.730000,6.730000,6.730000,6.730000,1,1
INSV1-e2842bb278b996ecc25ef66d,MATERIAL,MANGO TELESCOPICO,MANGO TELESCOPICO,u,0,1,1,1,1,1,18.750000,18.750000,18.750000,18.750000,1,1
INSV1-dbe82dede8cf31094fd0d99f,MATERIAL,"ABRAZADERA GALVANIZADA DE 3/4""",ABRAZADERA GALVANIZADA DE 3/4,u,0,1,1,1,1,1,0.990000,0.990000,0.990000,0.990000,1,1
INSV1-6b7ffc8b1dabc4401e6ef1d1,EQUIPO,HIDROCLEANER,HIDROCLEANER,h,0,1,1,1,1,1,150.000000,150.000000,150.000000,150.000000,1,1
INSV1-e2d659210cb6494f9e4e9ecf,EQUIPO,TAPON NEUMATICO,TAPON NEUMATICO,h,0,1,1,1,1,1,8.020000,8.020000,8.020000,8.020000,1,1
INSV1-42067d30fe46fbde5444d4cc,MATERIAL,TECLE ELECTRICO DE 3 Tn 15m DE LEVANTE (INCLUYE TROLLEY Y RIELES),TECLE ELECTRICO DE 3 TN 15M DE LEVANTE INCLUYE TROLLEY Y RIELES,u,0,1,1,1,1,1,15330.000000,15330.000000,15330.000000,15330.000000,1,1
INSV1-bd38a78d2064728b93112615,MATERIAL,"BOMBA SUMERGIBLE Q=35.33 L/S, TDH=11.33m",BOMBA SUMERGIBLE Q 35.33 L/S TDH 11.33M,u,0,1,1,1,1,1,6341.630000,6341.630000,6341.630000,6341.630000,1,1
INSV1-a59463e7bdc6f228b2442650,MATERIAL,BASE DE BOMBA AUTO ACOPLE DN100,BASE DE BOMBA AUTO ACOPLE DN100,u,0,1,1,1,1,1,1064.460000,1064.460000,1064.460000,1064.460000,1,1
INSV1-bd9f9ef6dc89df0e5e64f1b9,MATERIAL,VALVULA DE COMPUERTA TIPO GUILLOTINA D=200mm,VALVULA DE COMPUERTA TIPO GUILLOTINA D 200MM,u,0,1,1,1,1,1,894.760000,894.760000,894.760000,894.760000,1,1
INSV1-79fe5832a51c8a0e64c66bfb,MATERIAL,PERFIL G 100x50x25x5,PERFIL G 100X50X25X5,m,0,1,1,1,1,1,13.550000,13.550000,13.550000,13.550000,1,1
INSV1-bada375918b71777d42bcbc4,MATERIAL,VARILLA REDONDA CORRUGADA 12 mm,VARILLA REDONDA CORRUGADA 12 MM,m,0,1,1,1,1,1,1.000000,1.000000,1.000000,1.000000,1,1
INSV1-60ee3ec4fdd1677df364a747,MATERIAL,"PERNO DE ACERO INOXIDABLE 1/2 x 5""",PERNO DE ACERO INOXIDABLE 1/2 X 5,u,0,1,1,1,1,1,1.720000,1.720000,1.720000,1.720000,1,1
INSV1-c48aae29a512167c79a8f88a,MATERIAL,RUEDA EN V CON PERNO 100 mm,RUEDA EN V CON PERNO 100 MM,u,0,1,1,1,1,1,18.500000,18.500000,18.500000,18.500000,1,1
INSV1-f7a297ab48de62ff462fe52f,MATERIAL,"GANCHO EN ACERO INOXIDABLE 1/2""",GANCHO EN ACERO INOXIDABLE 1/2,u,0,1,1,1,1,1,55.040000,55.040000,55.040000,55.040000,1,1
INSV1-8e443ce583247af3e6931997,EQUIPO,CORTADORA DE CONCRETO,CORTADORA DE CONCRETO,h,0,1,1,1,1,1,5.000000,5.000000,5.000000,5.000000,1,1
INSV1-1611c65ac742bd1720ae08c0,MATERIAL,CADENA GALVANIZADA CON GRILLETE 8mm,CADENA GALVANIZADA CON GRILLETE 8MM,m,0,1,1,1,1,1,18.400000,18.400000,18.400000,18.400000,1,1
INSV1-eba5abea811b8ba9f559c874,MATERIAL,VALVULA DE RETENCION BRIDADA CHECK TIPO SWING DN150mm PN10/16,VALVULA DE RETENCION BRIDADA CHECK TIPO SWING DN150MM PN10/16,u,0,1,1,1,1,1,534.470000,534.470000,534.470000,534.470000,1,1
INSV1-67bcb609fddcd1e3f50bf4d0,MATERIAL,VALVULA DE COMPUERTA VASTAGO FIJO EXTREMOS BRIDADOS PN10/16 DN 150mm,VALVULA DE COMPUERTA VASTAGO FIJO EXTREMOS BRIDADOS PN10/16 DN 150MM,u,0,1,1,1,1,1,589.480000,589.480000,589.480000,589.480000,1,1
INSV1-06de9fe855cd914911b337f8,MATERIAL,JUNTA DE DESMONTAJE DN150mm PN16,JUNTA DE DESMONTAJE DN150MM PN16,u,0,1,1,1,1,1,325.410000,325.410000,325.410000,325.410000,1,1
INSV1-e15109e199963e803b473a25,MATERIAL,BRIDA DE ACERO AL CARBONO ASTM A-105 DN 150mm (INCLUYE PERNOS Y EMPAQUES),BRIDA DE ACERO AL CARBONO ASTM A-105 DN 150MM INCLUYE PERNOS Y EMPAQUES,u,0,1,1,1,1,1,175.000000,175.000000,175.000000,175.000000,1,1
INSV1-8e8d37c56d319c2497f10898,MATERIAL,TUBERIA ACERO ASTM A36 DI= 150mm,TUBERIA ACERO ASTM A36 DI 150MM,m,0,1,1,1,2,1,135.200000,135.200000,135.200000,135.200000,1,2
INSV1-f01ecf9a4331b34c40c9d7c1,MATERIAL,CODO DE ACERO ASTM A36 150mm X 90',CODO DE ACERO ASTM A36 150MM X 90',u,0,1,1,1,1,1,183.000000,183.000000,183.000000,183.000000,1,1
INSV1-b15621589ddeb19b44c15e60,MATERIAL,COLGADOR PARA TUBERIA 8 IN,COLGADOR PARA TUBERIA 8 IN,u,0,1,1,1,1,1,4.230000,4.230000,4.230000,4.230000,1,1
INSV1-d417aab8e1723e8885aa6b20,EQUIPO,TALADRO ELECTRICO,TALADRO ELECTRICO,h,0,1,1,1,1,1,2.000000,2.000000,2.000000,2.000000,1,1
INSV1-3b5cb5c357b8e2e0e48567f9,MATERIAL,"PASAMURO PARA TUBERIA DE H.F. 150mm, L =0.40m",PASAMURO PARA TUBERIA DE H.F. 150MM L 0.40M,u,0,1,1,1,2,1,147.620000,147.620000,147.620000,147.620000,1,2
INSV1-0c8e2c11c6ba4bd076d408f5,MATERIAL,"ABRAZADERA GALVANIZADA DE 4""",ABRAZADERA GALVANIZADA DE 4,u,0,1,1,1,1,1,3.830000,3.830000,3.830000,3.830000,1,1
INSV1-40e7ba6bd318d2780df0b07f,MATERIAL,TUBERIA DE VENTILACION PVC EC DI=110 mm,TUBERIA DE VENTILACION PVC EC DI 110 MM,m,0,1,1,1,1,1,3.440000,3.440000,3.440000,3.440000,1,1
INSV1-7f321bd90c409cee4f5659b1,MATERIAL,"PERNO DE EXPANSION D=12mm, L=7"" (INCLUYE ARANDELA Y TUERCA)",PERNO DE EXPANSION D 12MM L 7 INCLUYE ARANDELA Y TUERCA,u,0,1,1,1,1,1,1.320000,1.320000,1.320000,1.320000,1,1
INSV1-e57cbd245456998de87670a6,MATERIAL,PLATINA 75x6mm,PLATINA 75X6MM,m,0,1,1,1,4,1,4.290000,4.290000,4.290000,4.290000,1,4
INSV1-3abec716c8fa4c92c5747b70,MATERIAL,VARILLA Ø20mm,VARILLA DIAM 20MM,m,0,1,1,1,4,1,2.610000,2.610000,2.610000,2.610000,1,4
INSV1-a8a16aa255013ed14e59c60a,MATERIAL,PLACA 6mm,PLACA 6MM,m2,0,1,1,1,4,1,66.100000,66.100000,66.100000,66.100000,1,4
INSV1-46dbc16d8613d0da93b29dcf,MATERIAL,ANGULO 75x8mm,ANGULO 75X8MM,m,0,1,1,1,4,1,14.010000,14.010000,14.010000,14.010000,1,4
INSV1-87fe45566a58c9eaa5402750,MATERIAL,PLANCHA DE ZINC DE 0.20mm,PLANCHA DE ZINC DE 0.20MM,m2,0,1,1,1,1,1,2.810000,2.810000,2.810000,2.810000,1,1
INSV1-9a7c029d5390734dc673b149,MATERIAL,"TUBERIA GALVANIZADA 1""",TUBERIA GALVANIZADA 1,m,0,1,1,1,1,1,7.950000,7.950000,7.950000,7.950000,1,1
INSV1-d344b7140b927651b3178128,MATERIAL,SET DE BISAGRA,SET DE BISAGRA,u,0,1,1,1,1,1,2.870000,2.870000,2.870000,2.870000,1,1
INSV1-4b85c3499bc4ec962feb7eb6,MATERIAL,PLACA DE FIBROCEMENTO 8mm,PLACA DE FIBROCEMENTO 8MM,m2,0,1,1,1,3,1,4.150000,4.150000,4.150000,4.150000,1,3
INSV1-fc73fb1276d8fc869bc427a7,MATERIAL,"CLAVO P7 4""",CLAVO P7 4,kg,0,1,1,1,3,1,1.500000,1.500000,1.500000,1.500000,1,3
INSV1-03eaf0cc11e16e74dc62daf4,MATERIAL,"TIRAFONDO DE 100mm (4"")",TIRAFONDO DE 100MM 4,u,0,1,1,1,3,1,0.030000,0.030000,0.030000,0.030000,1,3
INSV1-2120fda5a711200fb42add6a,MATERIAL,"LISTON 2"" x 2""",LISTON 2 X 2,m,0,1,1,1,3,1,1.740000,1.740000,1.740000,1.740000,1,3
INSV1-61c7ad3544e8324403879aae,MATERIAL,BLOQUE LADRILLO LISO 30x30x15,BLOQUE LADRILLO LISO 30X30X15,u,0,1,1,1,4,1,0.750000,0.750000,0.750000,0.750000,1,4
INSV1-3953b09aaf27789e2a5f33e8,MATERIAL,"TUBO CUADRADO AISI 304 1"" E=2mm",TUBO CUADRADO AISI 304 1 E 2MM,m,0,1,1,1,1,1,37.210000,37.210000,37.210000,37.210000,1,1
INSV1-ff6468e7f0e83aa116ef8f5c,MATERIAL,"MUEBLE PARA BAÑO 0.5x0.8m (INCLUYE GUIA DE ARMADO, HERRAJES PARA ENSAMBLADO, BISAGRAS DE FRENO)",MUEBLE PARA BANO 0.5X0.8M INCLUYE GUIA DE ARMADO HERRAJES PARA ENSAMBLADO BISAGRAS DE FRENO,u,0,1,1,1,1,1,133.980000,133.980000,133.980000,133.980000,1,1
INSV1-deb66821a0b683ad20ae298e,MATERIAL,JUEGO MEZCLADOR MONOCOMANDO PARA DUCHA,JUEGO MEZCLADOR MONOCOMANDO PARA DUCHA,u,0,1,1,1,1,1,62.120000,62.120000,62.120000,62.120000,1,1
INSV1-8c8238335adb7f34ab2c8b41,MATERIAL,SILLA CON RUEDAS PARA OFICINA,SILLA CON RUEDAS PARA OFICINA,u,0,1,1,1,1,1,65.320000,65.320000,65.320000,65.320000,1,1
INSV1-9e312b44bfbaff06f94fa879,MATERIAL,MESA DE ESCRITORIO 115x60 cm,MESA DE ESCRITORIO 115X60 CM,u,0,1,1,1,1,1,182.330000,182.330000,182.330000,182.330000,1,1
INSV1-4397895b60cf4155d25bfa7b,MANO_OBRA,TECNICO OBRAS CIVILES,TECNICO OBRAS CIVILES,h,0,1,1,1,2,1,4.520000,4.520000,4.520000,4.520000,1,2
INSV1-18a0c7f474da7cd63541186e,MATERIAL,"MALLA HEXAGONAL 5/8""",MALLA HEXAGONAL 5/8,m2,0,1,1,1,1,1,1.950000,1.950000,1.950000,1.950000,1,1
INSV1-fc59e6a5cd94967ef29745b7,MATERIAL,ADOQUINES E=8cm,ADOQUINES E 8CM,m3,0,1,1,1,1,1,16.450000,16.450000,16.450000,16.450000,1,1
INSV1-56a1e786fe54a73387cf4d47,MATERIAL,ARBOLES,ARBOLES,u,0,1,1,1,1,1,49.500000,49.500000,49.500000,49.500000,1,1
INSV1-81e3982089b4f5294f68dc4c,EQUIPO,DISPENSADOR DE AGUA,DISPENSADOR DE AGUA,h,0,1,1,1,1,1,0.110000,0.110000,0.110000,0.110000,1,1
INSV1-cb84dc3faa6aa9fc7b4c52d4,MATERIAL,BIDON DE AGUA,BIDON DE AGUA,u,0,1,1,1,1,1,4.830000,4.830000,4.830000,4.830000,1,1
INSV1-2c30b12b14d407692f7adcdd,MATERIAL,AGROBIOCHAR FORMULA AGRICOLA (ACONDICIONADOR DE SUELO),AGROBIOCHAR FORMULA AGRICOLA ACONDICIONADOR DE SUELO,kg,0,1,1,1,1,1,6.160000,6.160000,6.160000,6.160000,1,1
INSV1-19c259c38861d1d2861baae0,MATERIAL,POSTES DE CAÑA GUADUA,POSTES DE CANA GUADUA,u,0,1,1,1,1,1,3.220000,3.220000,3.220000,3.220000,1,1
INSV1-b8e48fcb52da467a5ea4524e,MATERIAL,SACO DE CESPED BERMUDA (5 m2),SACO DE CESPED BERMUDA 5 M2,u,0,1,1,1,1,1,6.240000,6.240000,6.240000,6.240000,1,1
INSV1-2bfa3b0f65470f3e0906fe63,MATERIAL,VARILLA DE ACERO INOXIDABLE D=6mm,VARILLA DE ACERO INOXIDABLE D 6MM,m,0,1,1,1,1,1,1.520000,1.520000,1.520000,1.520000,1,1
INSV1-d75bc4b25de0e4e19876754c,MATERIAL,PERFIL ESTRUCTURAL L 20x3mm ACERO INOXIDABLE,PERFIL ESTRUCTURAL L 20X3MM ACERO INOXIDABLE,m,0,1,1,1,1,1,4.120000,4.120000,4.120000,4.120000,1,1
INSV1-ecbb81b1cb2b58fd4f939ec0,MATERIAL,"PLANCHA AGUJERADA E=6mm, D=5cm",PLANCHA AGUJERADA E 6MM D 5CM,m2,0,1,1,1,2,1,525.640000,525.640000,525.640000,525.640000,1,2
INSV1-093892dd15b26af35d452619,MATERIAL,VALVULA DE COMPUERTA VASTAGO FIJO EXTREMOS BRIDADOS PN10 DN 200mm,VALVULA DE COMPUERTA VASTAGO FIJO EXTREMOS BRIDADOS PN10 DN 200MM,u,0,1,1,1,1,1,894.760000,894.760000,894.760000,894.760000,1,1
INSV1-0fcdc4c4dc1fafc94069e9ab,MATERIAL,UNION MECANICA 200mm,UNION MECANICA 200MM,u,0,1,1,1,1,1,105.840000,105.840000,105.840000,105.840000,1,1
INSV1-bc07b60006ff845fc1d554c1,MATERIAL,BRIDA DE ACERO AL CARBONO ASTM A-105 DN 200mm (INCLUYE PERNOS Y EMPAQUES),BRIDA DE ACERO AL CARBONO ASTM A-105 DN 200MM INCLUYE PERNOS Y EMPAQUES,u,0,1,1,1,1,1,200.000000,200.000000,200.000000,200.000000,1,1
INSV1-0e4868298366dfcdc99c147c,MATERIAL,TUBERIA PVC ESTRUCTURADA DI=110mm,TUBERIA PVC ESTRUCTURADA DI 110MM,m,0,1,1,1,1,1,5.800000,5.800000,5.800000,5.800000,1,1
INSV1-de534945173c38f90dd0f261,MATERIAL,CODO DESAGUE CC 220mm X 90',CODO DESAGUE CC 220MM X 90',u,0,1,1,1,1,1,12.600000,12.600000,12.600000,12.600000,1,1
INSV1-466a79e49604492baa755ff1,MATERIAL,CODO DESAGUE CC 160mm X 90',CODO DESAGUE CC 160MM X 90',u,0,1,1,1,1,1,12.600000,12.600000,12.600000,12.600000,1,1
INSV1-7cae047544985809450f32c3,MATERIAL,CODO DESAGUE CC 125mm X 45',CODO DESAGUE CC 125MM X 45',u,0,1,1,1,1,1,6.900000,6.900000,6.900000,6.900000,1,1
INSV1-05098738080368f6161b4da3,MATERIAL,BLOWER DE 15 HP,BLOWER DE 15 HP,u,0,1,1,1,1,1,1800.000000,1800.000000,1800.000000,1800.000000,1,1
INSV1-be1ac3b79c2a5d093b67e484,MATERIAL,"DIFUSOR DE 12"" (INCLUYE ACCESORIOS)",DIFUSOR DE 12 INCLUYE ACCESORIOS,u,0,1,1,1,1,1,65.000000,65.000000,65.000000,65.000000,1,1
INSV1-12e6301485cbadb72cbcc882,MATERIAL,VALVULA DE ALIVIO D=150mm PN10,VALVULA DE ALIVIO D 150MM PN10,u,0,1,1,1,1,1,7446.000000,7446.000000,7446.000000,7446.000000,1,1
INSV1-c328f8dfde4022d14bad8bbe,MATERIAL,TUBERIA ACERO INOXIDABLE AISI 304 D=6 IN,TUBERIA ACERO INOXIDABLE AISI 304 D 6 IN,u,0,1,1,1,1,1,116.500000,116.500000,116.500000,116.500000,1,1
INSV1-f6cb4e42ef7967418fb8cbe9,MATERIAL,CODO DE ACERO INOXIDABLE AISI 304 D =6 IN,CODO DE ACERO INOXIDABLE AISI 304 D 6 IN,u,0,1,1,1,1,1,198.000000,198.000000,198.000000,198.000000,1,1
INSV1-1f3dfc6b64a4b7263b8af0e0,MATERIAL,GRAVA PARA FILTRO (18-25mm),GRAVA PARA FILTRO 18-25MM,kg,0,1,1,1,1,1,0.170000,0.170000,0.170000,0.170000,1,1
INSV1-9dfa0bf9f0c7bd1ce8a60baa,MATERIAL,BLOQUE DE 9x19x39cm,BLOQUE DE 9X19X39CM,u,0,1,1,1,1,1,0.450000,0.450000,0.450000,0.450000,1,1
INSV1-6d22f67bf345c2c6967845f1,MATERIAL,"COLLARÍN 63mm X 3/4""",COLLARIN 63MM X 3/4,u,0,1,1,1,1,1,4.120000,4.120000,4.120000,4.120000,1,1
INSV1-344b9420f72a13fb72f02723,MATERIAL,"ADAPTADOR 3/4"" PEAD",ADAPTADOR 3/4 PEAD,u,0,1,1,1,1,1,4.950000,4.950000,4.950000,4.950000,1,1
INSV1-b46bf340ce54c59ce3612995,MATERIAL,TUBERIA PEAD 20mm 1.6 MPA,TUBERIA PEAD 20MM 1.6 MPA,m,0,1,1,1,1,1,1.110000,1.110000,1.110000,1.110000,1,1
INSV1-e364aa0784403733624ab9a2,EQUIPO,MAQUINA DE TERMOFUSION,MAQUINA DE TERMOFUSION,h,0,1,1,1,1,1,30.000000,30.000000,30.000000,30.000000,1,1
INSV1-9812ab4e7151b93cd4a601ec,MATERIAL,CODO PEAD 90' x 20mm,CODO PEAD 90' X 20MM,u,0,1,1,1,1,1,2.080000,2.080000,2.080000,2.080000,1,1
INSV1-012685ad120dafd8b5f4ba43,MATERIAL,UNION DE COMPRESION 20mm,UNION DE COMPRESION 20MM,u,0,1,1,1,1,1,2.930000,2.930000,2.930000,2.930000,1,1
INSV1-061b4a5369964ad3c373773d,MATERIAL,CODO 45' PP 3/4 IN ROSCABLE,CODO 45' PP 3/4 IN ROSCABLE,u,0,1,1,1,1,1,1.400000,1.400000,1.400000,1.400000,1,1
INSV1-9bda71d533ce44c3314e5b1b,MATERIAL,TEE 3/4 A 1/2 IN PP ROSCABLE,TEE 3/4 A 1/2 IN PP ROSCABLE,u,0,1,1,1,1,1,1.940000,1.940000,1.940000,1.940000,1,1
INSV1-97d9a214ff787b418db91a9f,MATERIAL,TUBERIA DESAGUE PVC EC 110mm,TUBERIA DESAGUE PVC EC 110MM,m,0,1,1,1,1,1,4.690000,4.690000,4.690000,4.690000,1,1
INSV1-c476e58387dfece8fe17da46,MATERIAL,TUBERIA DESAGUE PVC EC 50mm,TUBERIA DESAGUE PVC EC 50MM,m,0,1,1,1,1,1,1.900000,1.900000,1.900000,1.900000,1,1
INSV1-cb2fe263c384c93cad4062c5,MATERIAL,TUBERIA ACERO ASTM A36 DI = 100mm,TUBERIA ACERO ASTM A36 DI 100MM,m,0,1,1,1,1,1,71.120000,71.120000,71.120000,71.120000,1,1
INSV1-2c42748a134dc7387ea6a2ac,MATERIAL,BOMBA SUMERGIBLE 1 HP 110/220V 1F,BOMBA SUMERGIBLE 1 HP 110/220V 1F,u,0,1,1,1,1,1,1185.780000,1185.780000,1185.780000,1185.780000,1,1
INSV1-69cb8215fc14b0d18d0fbf52,MATERIAL,PERFIL ESTRUCTURAL L 20X3mm,PERFIL ESTRUCTURAL L 20X3MM,m,0,1,1,1,2,1,0.990000,0.990000,0.990000,0.990000,1,2
INSV1-f5def86f6178123c3d1dc411,MATERIAL,VARILLA Ø10mm,VARILLA DIAM 10MM,kg,0,1,1,1,2,1,1.210000,1.210000,1.210000,1.210000,1,2
INSV1-83c96c61008c44d499e953fe,MATERIAL,PLANCHA DE ACERO A36 E=10mm,PLANCHA DE ACERO A36 E 10MM,m2,0,1,1,1,2,1,66.210000,66.210000,66.210000,66.210000,1,2
INSV1-6514d459cc0fa023827c8d05,MATERIAL,"PASAMURO PARA TUBERIA DE H.F. 250mm, L=0.40m",PASAMURO PARA TUBERIA DE H.F. 250MM L 0.40M,u,0,1,1,1,1,1,246.040000,246.040000,246.040000,246.040000,1,1
INSV1-ee6b32bf080f76d694f4cd98,MATERIAL,"PASAMURO PARA TUBERIA DE H.F. 200mm, L=0.40m",PASAMURO PARA TUBERIA DE H.F. 200MM L 0.40M,u,0,1,1,1,1,1,196.830000,196.830000,196.830000,196.830000,1,1
INSV1-d3c427701d8b2eb8edcd046a,MATERIAL,"PASAMURO PARA TUBERIA DE H.F. 100mm, L=0.40m",PASAMURO PARA TUBERIA DE H.F. 100MM L 0.40M,u,0,1,1,1,1,1,98.420000,98.420000,98.420000,98.420000,1,1
INSV1-4717d4885edce1b4c1e05bbf,MATERIAL,"MAQUINA DE CONTROL DE OLORES, INCLUYE 185 PIES3 DE MEDIO CONVERTIDOR, CAPACIDAD 860CFM (1461 M3/H), INCLUYE BLOWER 460 VAC",MAQUINA DE CONTROL DE OLORES INCLUYE 185 PIES3 DE MEDIO CONVERTIDOR CAPACIDAD 860CFM 1461 M3/H INCLUYE BLOWER 460 VAC,u,0,1,1,1,1,1,77153.240000,77153.240000,77153.240000,77153.240000,1,1
INSV1-47e34784ec4d0421711378fd,MATERIAL,"TABLERO ARRANCADOR CON PANEL DE ACERO INOXIDABLE, INCLUYE PROTECCIONES",TABLERO ARRANCADOR CON PANEL DE ACERO INOXIDABLE INCLUYE PROTECCIONES,u,0,1,1,1,1,1,1200.000000,1200.000000,1200.000000,1200.000000,1,1
INSV1-6d45d296661502c5cdb4ed1c,MATERIAL,TUBERIA DE VENTILACION EC D=200mm,TUBERIA DE VENTILACION EC D 200MM,m,0,1,1,1,1,1,14.750000,14.750000,14.750000,14.750000,1,1
INSV1-e8fa1b78519e3e604955a023,MATERIAL,CODO VENTILACION CC PVC 200mmX90',CODO VENTILACION CC PVC 200MMX90',u,0,1,1,1,1,1,18.290000,18.290000,18.290000,18.290000,1,1
INSV1-f4c59e2d0fe5d3268e223d90,MATERIAL,TEE VENTILACION PVC EC 200mm,TEE VENTILACION PVC EC 200MM,u,0,1,1,1,1,1,30.330000,30.330000,30.330000,30.330000,1,1
INSV1-8b2a6a7f93d5bcd401144534,MATERIAL,"CRUCETA DE ACERO GALVANIZADO, PERFIL L 2.4m",CRUCETA DE ACERO GALVANIZADO PERFIL L 2.4M,u,0,1,1,1,6,1,76.160000,76.160000,76.160000,76.160000,1,6
INSV1-b87f2358a4fbe22b064e71bc,MATERIAL,"PIE DE AMIGO ACERO GALVANIZADO PERFIL L 28""",PIE DE AMIGO ACERO GALVANIZADO PERFIL L 28,u,0,1,1,1,6,1,6.000000,6.000000,6.000000,6.000000,1,6
INSV1-ca10cbd2464915ef4411f846,MATERIAL,"PERNO DE OJO ACERO GALVANIZADO 5/8"" x 10""",PERNO DE OJO ACERO GALVANIZADO 5/8 X 10,u,0,1,1,1,3,1,5.040000,5.040000,5.040000,5.040000,1,3
INSV1-c11c4503debc8788740e7f2a,MATERIAL,"TUERCA DE OJO ACERO GALVANIZADO 5/8""",TUERCA DE OJO ACERO GALVANIZADO 5/8,u,0,1,1,1,2,1,2.800000,2.800000,2.800000,2.800000,1,2
INSV1-907652761e33b7dad2f446c5,MATERIAL,"ABRAZADERA AG 3 PERNOS DE 6 1/2""",ABRAZADERA AG 3 PERNOS DE 6 1/2,u,0,1,1,1,3,1,8.400000,8.400000,8.400000,8.400000,1,3
INSV1-85a987e4062c7b9910580aad,MATERIAL,"PERNO DE MAQUINA DE ACERO GALVANIZADO 5/8"" x 2""",PERNO DE MAQUINA DE ACERO GALVANIZADO 5/8 X 2,u,0,1,1,1,6,1,1.500000,1.500000,1.500000,1.500000,1,6
INSV1-058f1dda2bcbcd4bf8c9b4b2,MATERIAL,"AISLADOR SUSPENSION, ANSI DS-35, 35KV",AISLADOR SUSPENSION ANSI DS-35 35KV,u,0,1,1,1,3,1,8.400000,8.400000,8.400000,8.400000,1,3
INSV1-57ae0f49359d2eb4a48d8473,MATERIAL,GRAPA PISTOLA # 4/0 ALEACION DE ALUMINIO,GRAPA PISTOLA 4/0 ALEACION DE ALUMINIO,u,0,1,1,1,3,1,16.800000,16.800000,16.800000,16.800000,1,3
INSV1-d43f14107ae5fc20286dad1b,MATERIAL,"ESLABON U PARA SUJECION 5/8""X3""",ESLABON U PARA SUJECION 5/8 X3,u,0,1,1,1,3,1,4.480000,4.480000,4.480000,4.480000,1,3
INSV1-a4583cdb0bf014cfc267896b,MATERIAL,"PERNO DE ROSCA CORRIDA DE ACERO GALVANIZADO 5/8"" x 12""",PERNO DE ROSCA CORRIDA DE ACERO GALVANIZADO 5/8 X 12,u,0,1,1,1,5,1,5.600000,5.600000,5.600000,5.600000,1,5
INSV1-b1ceb1d2104778df28bbbb75,MATERIAL,"ABRAZADERA AG 4 PERNOS DE 6 1/2""",ABRAZADERA AG 4 PERNOS DE 6 1/2,u,0,1,1,1,3,1,8.400000,8.400000,8.400000,8.400000,1,3
INSV1-a83ca7cf1deaefccdcd15fbd,MATERIAL,"PERNO U DE ACERO GALVANIZADO 5/8"" x 6"", INCLUYE TUERCAS Y ARANDELAS",PERNO U DE ACERO GALVANIZADO 5/8 X 6 INCLUYE TUERCAS Y ARANDELAS,u,0,1,1,1,1,1,3.500000,3.500000,3.500000,3.500000,1,1
INSV1-868cf4bd04169a343900de7f,MATERIAL,"AISLADOR ESPIGA (PIN) DE PORCELANA, ANSI 56-2, 15KV",AISLADOR ESPIGA PIN DE PORCELANA ANSI 56-2 15KV,u,0,1,1,1,3,1,5.600000,5.600000,5.600000,5.600000,1,3
INSV1-daa60df562920733eb60d197,MATERIAL,"PERNO ESPIGA (PIN) TOPE DE POSTE ACERO GALVANIZADO 3/4"" x 12""",PERNO ESPIGA PIN TOPE DE POSTE ACERO GALVANIZADO 3/4 X 12,u,0,1,1,1,3,1,4.500000,4.500000,4.500000,4.500000,1,3
INSV1-b790d5c6e27ca3ca0ad7d392,MATERIAL,CONDUCTOR DESNUDO SOLIDO PARA ATADURAS NO 4 AWG,CONDUCTOR DESNUDO SOLIDO PARA ATADURAS NO 4 AWG,u,0,1,1,1,4,1,4.000000,4.000000,4.000000,4.000000,1,4
INSV1-8755aab6ccbdab09d487e3f9,MATERIAL,VARILLA DE ARMAR PREFORMADO PARA CONDUCTOR DE ALUMINIO,VARILLA DE ARMAR PREFORMADO PARA CONDUCTOR DE ALUMINIO,u,0,1,1,1,5,1,4.500000,4.500000,4.500000,4.500000,1,5
INSV1-475ff49ecd1a7cb45e10457d,MATERIAL,"PERNO PIN PUNTA DE POSTE AG 19""",PERNO PIN PUNTA DE POSTE AG 19,u,0,1,1,1,1,1,12.000000,12.000000,12.000000,12.000000,1,1
INSV1-810c4d0919fdc29bedf04156,MATERIAL,"ABRAZADERA DOBLE AG 4 PERNOS DE 7 1/2""",ABRAZADERA DOBLE AG 4 PERNOS DE 7 1/2,u,0,1,1,1,1,1,9.400000,9.400000,9.400000,9.400000,1,1
INSV1-9c7c8b854fa28a5678f2b0cb,MATERIAL,AISLADOR DE ROLLO,AISLADOR DE ROLLO,u,0,1,1,1,3,1,1.120000,1.120000,1.120000,1.120000,1,3
INSV1-23cff3c2bb663f1102e1d4dc,MATERIAL,RACK DE UNA VIA,RACK DE UNA VIA,u,0,1,1,1,3,1,4.480000,4.480000,4.480000,4.480000,1,3
INSV1-4b2eb7c881350b8952035e10,MATERIAL,CONECTOR COMPRESION # 2/0 ALEACION ALUMINIO,CONECTOR COMPRESION 2/0 ALEACION ALUMINIO,u,0,1,1,1,2,1,5.400000,5.400000,5.400000,5.400000,1,2
INSV1-ba8287197ad51cd723ac7e89,MATERIAL,"ABRAZADERA AG 3 PERNOS DE 7 1/2""",ABRAZADERA AG 3 PERNOS DE 7 1/2,u,0,1,1,1,2,1,9.400000,9.400000,9.400000,9.400000,1,2
INSV1-9bbb7aa46b75153449f9fe8b,MATERIAL,POSTE 12m X 500 KGF,POSTE 12M X 500 KGF,u,0,1,1,1,2,1,230.000000,230.000000,230.000000,230.000000,1,2
INSV1-568902b5a601326999c5d68f,MATERIAL,ROTULACION DE POSTES,ROTULACION DE POSTES,u,0,1,1,1,3,1,3.500000,3.500000,3.500000,3.500000,1,3
INSV1-64e316849efc8bcf46f27b16,MATERIAL,POSTE 12m X 2000 KGF,POSTE 12M X 2000 KGF,u,0,1,1,1,1,1,680.000000,680.000000,680.000000,680.000000,1,1
INSV1-fc7543347f00882476862cf1,MATERIAL,PARARRAYO DISTRIBUCION POLIMERICA 10KV,PARARRAYO DISTRIBUCION POLIMERICA 10KV,u,0,1,1,1,1,1,61.600000,61.600000,61.600000,61.600000,1,1
INSV1-416d130cd3b69afa4f6f1fc2,MATERIAL,CABLE #2 AWG THHN CU,CABLE 2 AWG THHN CU,m,0,1,1,1,4,1,5.380000,5.380000,5.380000,5.380000,1,4
INSV1-7b794c2fde468f006c33a4b5,MATERIAL,SUELDA EXOTERMICA,SUELDA EXOTERMICA,u,0,1,1,1,2,1,10.000000,10.000000,10.000000,10.000000,1,2
INSV1-addd2e9f54adf6db11e56fc4,MATERIAL,VARILLA PUESTA A TIERRA ALTA CAMADA,VARILLA PUESTA A TIERRA ALTA CAMADA,u,0,1,1,1,2,1,17.000000,17.000000,17.000000,17.000000,1,2
INSV1-7b090d8a8aeb1ce5ddfdff63,MATERIAL,"TUBO EMT 1/2"" Y FLEJES DE SUJECION",TUBO EMT 1/2 Y FLEJES DE SUJECION,u,0,1,1,1,2,1,3.000000,3.000000,3.000000,3.000000,1,2
INSV1-f99ef438587facfcfe5ed7dc,MATERIAL,TERMINAL DE OJO COMPRESION # 2,TERMINAL DE OJO COMPRESION 2,u,0,1,1,1,2,1,3.000000,3.000000,3.000000,3.000000,1,2
INSV1-5a2a3c407a3d1e6fc92fce92,MATERIAL,CONDUCTOR # 2 AWG ACAR,CONDUCTOR 2 AWG ACAR,m,0,1,1,1,1,1,1.120000,1.120000,1.120000,1.120000,1,1
INSV1-e14d6183ceeec247e042bcf1,MATERIAL,CONDUCTOR # 2/0 AWG ACAR,CONDUCTOR 2/0 AWG ACAR,m,0,1,1,1,1,1,1.120000,1.120000,1.120000,1.120000,1,1
INSV1-e145fbb50b5999e7a15949fb,MATERIAL,"CABLE ACERO GALVANIZADO 3/8"", 7H, 3155 KGF",CABLE ACERO GALVANIZADO 3/8 7H 3155 KGF,m,0,1,1,1,1,1,1.500000,1.500000,1.500000,1.500000,1,1
INSV1-6db16dcbf94307d214172722,MATERIAL,"RETENCION PREFORMADA PARA CABLE ACERO GALV 3/8""",RETENCION PREFORMADA PARA CABLE ACERO GALV 3/8,u,0,1,1,1,1,1,3.500000,3.500000,3.500000,3.500000,1,1
INSV1-3ceac4d9d12868b72151e2a2,MATERIAL,"GUARDACABO DE ACERO GALVANIZADO PARA 3/8""",GUARDACABO DE ACERO GALVANIZADO PARA 3/8,u,0,1,1,1,1,1,3.920000,3.920000,3.920000,3.920000,1,1
INSV1-4778e72633fd44dd4ff6c51d,MATERIAL,"VARILLA DE ANCLAJE DE ACERO GALVANIZADO, TUERCA Y ARANDELA, 16 x 1800mm (5/8"" x 71"")",VARILLA DE ANCLAJE DE ACERO GALVANIZADO TUERCA Y ARANDELA 16 X 1800MM 5/8 X 71,u,0,1,1,1,1,1,10.000000,10.000000,10.000000,10.000000,1,1
INSV1-4736aff57487bb6bb08e9037,MATERIAL,ANCLA DE HA 30x30x10cm,ANCLA DE HA 30X30X10CM,u,0,1,1,1,1,1,10.000000,10.000000,10.000000,10.000000,1,1
INSV1-de1bf5ce801cae5eeb3b17c0,MATERIAL,AISLADOR DE RETENIDA ANSI 54-2,AISLADOR DE RETENIDA ANSI 54-2,u,0,1,1,1,1,1,5.000000,5.000000,5.000000,5.000000,1,1
INSV1-deb5591bafeda14ac1b3e68a,EQUIPO,GPS,GPS,h,0,1,1,1,1,1,2.500000,2.500000,2.500000,2.500000,1,1
INSV1-443c23e35815515948653565,EQUIPO,DISTANCIOMETRO,DISTANCIOMETRO,h,0,1,1,1,1,1,2.500000,2.500000,2.500000,2.500000,1,1
INSV1-8baad9ccf3fee222064d34ed,MATERIAL,MATERIALES DE OFICINA,MATERIALES DE OFICINA,u,0,1,1,1,1,1,20.000000,20.000000,20.000000,20.000000,1,1
INSV1-75d5d5c5b2c7d6b6a9fa086e,MATERIAL,PINTURA SPRAY,PINTURA SPRAY,u,0,1,1,1,1,1,3.000000,3.000000,3.000000,3.000000,1,1
INSV1-a4f58aa38fb8ded9e89b653c,EQUIPO,EQUIPOS DE MEDICION,EQUIPOS DE MEDICION,h,0,1,1,1,3,1,2.500000,2.500000,2.500000,2.500000,1,3
INSV1-c0900e5759983eb6b33e0d49,EQUIPO,EQUIPO DE ATERRIZAMIENTO,EQUIPO DE ATERRIZAMIENTO,h,0,1,1,1,2,1,2.500000,2.500000,2.500000,2.500000,1,2
INSV1-935bdd45da4d635d0df7b3e5,MATERIAL,TIRAS FUSIBLES 4 A,TIRAS FUSIBLES 4 A,u,0,1,1,1,2,1,2.500000,2.500000,2.500000,2.500000,1,2
INSV1-b465f4c1f3b04f90aaced61e,MATERIAL,TIRAS FUSIBLES 7 A,TIRAS FUSIBLES 7 A,u,0,1,1,1,2,1,3.500000,3.500000,3.500000,3.500000,1,2
INSV1-562a15df79cfd8787532bcaa,MATERIAL,CABLE #2/0 AWG CU DESNUDO,CABLE 2/0 AWG CU DESNUDO,m,0,1,1,1,2,1,10.000000,10.000000,10.000000,10.000000,1,2
INSV1-b4bd96075198be54d760a5c2,MATERIAL,ELECTRODO QUIMICO,ELECTRODO QUIMICO,u,0,1,1,1,2,1,450.000000,450.000000,450.000000,450.000000,1,2
INSV1-92e68f56bbbcd0f1b054aa2f,MATERIAL,BASE DE HORMIGON,BASE DE HORMIGON,u,0,1,1,1,1,1,300.000000,300.000000,300.000000,300.000000,1,1
INSV1-9d2e70b58eaf337802683b87,MATERIAL,"TUBO RIGIDO DE Ø 4""",TUBO RIGIDO DE DIAM 4,u,0,1,1,1,1,1,76.160000,76.160000,76.160000,76.160000,1,1
INSV1-f15f2266e28580a94b51ed05,MATERIAL,"UNION METALICA RIGIDA DE Ø4""",UNION METALICA RIGIDA DE DIAM 4,u,0,1,1,1,6,1,11.000000,11.000000,11.000000,11.000000,1,6
INSV1-d0166bbd2eb66aa68f80ed5e,MATERIAL,"CODO EMT RIGIDO DE Ø 4""",CODO EMT RIGIDO DE DIAM 4,u,0,1,1,1,2,1,60.000000,60.000000,60.000000,60.000000,1,2
INSV1-318fa576e63ec214246207cb,MATERIAL,"REVERSIBLE EMT RIGIDO Ø 4""",REVERSIBLE EMT RIGIDO DIAM 4,u,0,1,1,1,1,1,29.680000,29.680000,29.680000,29.680000,1,1
INSV1-b640017d6767c3eaf30434f2,MATERIAL,"CONTRATUERCA EMT 4""",CONTRATUERCA EMT 4,u,0,1,1,1,2,1,3.360000,3.360000,3.360000,3.360000,1,2
INSV1-4a58dd0c594394836f343434,MATERIAL,"CORONA EMT 4""",CORONA EMT 4,u,0,1,1,1,2,1,4.480000,4.480000,4.480000,4.480000,1,2
INSV1-b0b811756b318363ed063019,MATERIAL,SUNCHOS METALICOS DE SUJECION,SUNCHOS METALICOS DE SUJECION,u,0,1,1,1,2,1,1.790000,1.790000,1.790000,1.790000,1,2
INSV1-15d32efb20be571ebcd2c0ca,MATERIAL,PUNTA TERMINAL EXTERIOR # 2,PUNTA TERMINAL EXTERIOR 2,u,0,1,1,1,1,1,60.000000,60.000000,60.000000,60.000000,1,1
INSV1-ff8e291351963000d084e8e1,MATERIAL,CINTA AUTOFUNDENTE # 23,CINTA AUTOFUNDENTE 23,u,0,1,1,1,4,1,12.500000,12.500000,12.500000,12.500000,1,4
INSV1-83532115ee6abcc31a537a60,MATERIAL,CINTA AUTOFUNDENTE # 33,CINTA AUTOFUNDENTE 33,u,0,1,1,1,4,1,5.800000,5.800000,5.800000,5.800000,1,4
INSV1-e9ba21aaee5b0b32b214f3b6,MATERIAL,CABLE #1/0 CU 15KVV XLPE,CABLE 1/0 CU 15KVV XLPE,m,0,1,1,1,1,1,15.000000,15.000000,15.000000,15.000000,1,1
INSV1-c5c221555d50bc743a926299,MATERIAL,CABLE #4 AWG THHN CU,CABLE 4 AWG THHN CU,m,0,1,1,1,5,1,3.700000,3.700000,3.700000,3.700000,1,5
INSV1-46fdeeb4d00a996751171d93,MATERIAL,CABLE #6 AWG THHN CU,CABLE 6 AWG THHN CU,m,0,1,1,1,7,1,2.240000,2.240000,2.240000,2.240000,1,7
INSV1-a74bb453f654acd0ad9ca233,MATERIAL,TUBO CORRUGADO Ø 110mm X6.00m,TUBO CORRUGADO DIAM 110MM X6.00M,u,0,1,1,1,1,1,25.000000,25.000000,25.000000,25.000000,1,1
INSV1-8b430fcbc301ea693a3617ac,MATERIAL,UNION ELASTOMERICA Ø 110mm,UNION ELASTOMERICA DIAM 110MM,u,0,1,1,1,1,1,1.000000,1.000000,1.000000,1.000000,1,1
INSV1-4c4ed88950c92c774bb14ac4,MATERIAL,SEPARADORES,SEPARADORES,u,0,1,1,1,2,1,8.960000,8.960000,8.960000,8.960000,1,2
INSV1-ef709b9c101db83b0783bc65,MATERIAL,AMARRAS PLASTICAS,AMARRAS PLASTICAS,u,0,1,1,1,1,1,3.920000,3.920000,3.920000,3.920000,1,1
INSV1-7d6b4bf376a50e62e1006040,MATERIAL,CINTA AISLANTE 20yd 3.00m,CINTA AISLANTE 20YD 3.00M,u,0,1,1,1,12,1,1.010000,1.010000,1.010000,1.010000,1,12
INSV1-d65dde956da831d4949dfcbf,MATERIAL,ALAMBRE GALVANIZADO # 16,ALAMBRE GALVANIZADO 16,kg,0,1,1,1,4,1,2.240000,2.240000,2.240000,2.240000,1,4
INSV1-af835662328dfccdc76013a8,EQUIPO,VIBRADOR DE MANGUERA,VIBRADOR DE MANGUERA,h,0,1,1,1,2,1,28.400000,28.400000,28.400000,28.400000,1,2
INSV1-a6b5ba567f2472a88f4768e5,MATERIAL,ANGULO 50x3mm,ANGULO 50X3MM,m,0,1,1,1,8,1,3.500000,3.500000,3.500000,3.500000,1,8
INSV1-2e53409b0845e61592de1f16,MATERIAL,TABLERO 220 V 1.22 x 2.44 x 9 C,TABLERO 220 V 1.22 X 2.44 X 9 C,u,0,1,1,1,7,1,25.000000,25.000000,25.000000,25.000000,1,7
INSV1-84f98bceb141781cafc375e2,MATERIAL,"CLAVOS DE 2"" A 3 1/2""",CLAVOS DE 2 A 3 1/2,lb,0,1,1,1,2,1,1.340000,1.340000,1.340000,1.340000,1,2
INSV1-892e1456e183f75da548d5ff,MATERIAL,"SOLDADURA 60/11X1/8""",SOLDADURA 60/11X1/8,kg,0,1,1,1,2,1,6.780000,6.780000,6.780000,6.780000,1,2
INSV1-c947d456225fb0e91efcb70e,MATERIAL,ACERO ESTRUCTURAL F´Y=4200 Kg/cm2,ACERO ESTRUCTURAL F Y 4200 KG/CM2,kg,0,1,1,1,1,1,1.230000,1.230000,1.230000,1.230000,1,1
INSV1-cba4a0cb3ef55699a0d77ce4,EQUIPO,CONCRETERA,CONCRETERA,h,0,2,2,2,108,1,3.750000,3.750000,3.750000,38.000000,2,108
INSV1-f0d014340e348e02acaf6ced,MATERIAL,CASCAJO MEDIO,CASCAJO MEDIO,m3,0,1,1,1,2,1,12.250000,12.250000,12.250000,12.250000,1,2
INSV1-39530f6fb37623efbf67c242,MATERIAL,INTERRUPTOR DISTRIBUCION SUBTERRANEA MT EN SF6 PADSWITCH 422,INTERRUPTOR DISTRIBUCION SUBTERRANEA MT EN SF6 PADSWITCH 422,u,0,1,1,1,1,1,89695.000000,89695.000000,89695.000000,89695.000000,1,1
INSV1-0198eb25cd2ebec6bec5b98f,MATERIAL,PERNOS DE ANCLAJE EN ACERO INOXIDABLE,PERNOS DE ANCLAJE EN ACERO INOXIDABLE,u,0,1,1,1,1,1,10.000000,10.000000,10.000000,10.000000,1,1
INSV1-acbb52db319201e62b8ae6d2,MATERIAL,CONECTOR CODO 15KV 600 A,CONECTOR CODO 15KV 600 A,u,0,1,1,1,1,1,230.000000,230.000000,230.000000,230.000000,1,1
INSV1-be0f6184898be8b4f27cc4fb,MATERIAL,CONECTOR CODO 15KV 200 A,CONECTOR CODO 15KV 200 A,u,0,1,1,1,3,1,60.000000,60.000000,60.000000,60.000000,1,3
INSV1-b4414030e303693eefc20dad,MATERIAL,CONECTOR INSERT 15KV,CONECTOR INSERT 15KV,u,0,1,1,1,3,1,60.000000,60.000000,60.000000,60.000000,1,3
INSV1-de6a0ac9aca770cca43399f4,MATERIAL,CABLE #2 CU 15KV XLPE,CABLE 2 CU 15KV XLPE,m,0,1,1,1,1,1,9.520000,9.520000,9.520000,9.520000,1,1
INSV1-70ba4bcb381080446357078a,MATERIAL,"TUBO PVC PESADO DE Ø 4""",TUBO PVC PESADO DE DIAM 4,u,0,1,1,1,1,1,30.000000,30.000000,30.000000,30.000000,1,1
INSV1-d9dfccfc731a791adc6d7682,MATERIAL,TRANSFORMADOR 3F 150 KVA TIPO PAD MOUNTED,TRANSFORMADOR 3F 150 KVA TIPO PAD MOUNTED,u,0,1,1,1,1,1,9815.000000,9815.000000,9815.000000,9815.000000,1,1
INSV1-6911f5d6cd1fb4ebaffd5e2d,MATERIAL,TERMINALES TALON # 500 MCM,TERMINALES TALON 500 MCM,u,0,1,1,1,3,1,4.260000,4.260000,4.260000,4.260000,1,3
INSV1-2181762c2aec28f7e964f00a,MATERIAL,TRANSFORMADOR 3F 100 KVA TIPO PAD MOUNTED,TRANSFORMADOR 3F 100 KVA TIPO PAD MOUNTED,u,0,1,1,1,1,1,7958.000000,7958.000000,7958.000000,7958.000000,1,1
INSV1-0ef94894e47396549b788939,MATERIAL,BASE SOCKET 3F CLASE 20,BASE SOCKET 3F CLASE 20,u,0,1,1,1,2,1,160.000000,160.000000,160.000000,160.000000,1,2
INSV1-00685de80864fb99666efe93,MATERIAL,GABINETE METALICO,GABINETE METALICO,u,0,1,1,1,2,1,180.000000,180.000000,180.000000,180.000000,1,2
INSV1-8ec7454bb00db565f97cc661,MATERIAL,"CORONA 1 1/4""",CORONA 1 1/4,u,0,1,1,1,2,1,1.680000,1.680000,1.680000,1.680000,1,2
INSV1-7ae0b8b9fc26d1d359371c8e,MATERIAL,"CONTRATUERCA 1 1/4""",CONTRATUERCA 1 1/4,u,0,1,1,1,2,1,2.240000,2.240000,2.240000,2.240000,1,2
INSV1-6c4a6e7bb1b5e174b21f0ba0,MATERIAL,"UNION METALICA RIGIDA DE Ø1 1/4""",UNION METALICA RIGIDA DE DIAM 1 1/4,u,0,1,1,1,2,1,3.360000,3.360000,3.360000,3.360000,1,2
INSV1-79bdca02909ab01a9cd96152,MATERIAL,"CODO RIGIDO 1 1/4""",CODO RIGIDO 1 1/4,u,0,1,1,1,2,1,13.860000,13.860000,13.860000,13.860000,1,2
INSV1-53826cf5ff9d5def7a3cf865,MATERIAL,"TUBO RIGIDO 1 1/4"" X 3.00m CON UNION",TUBO RIGIDO 1 1/4 X 3.00M CON UNION,u,0,1,1,1,2,1,15.120000,15.120000,15.120000,15.120000,1,2
INSV1-bdf28f091a51ab2479ddf63e,MATERIAL,TRANSFORMADORES DE CORRIENTE 600:5A,TRANSFORMADORES DE CORRIENTE 600 5A,u,0,1,1,1,1,1,350.000000,350.000000,350.000000,350.000000,1,1
INSV1-d86358cbe87b99457e176995,MATERIAL,TRANSFORMADORES DE CORRIENTE 400:5A,TRANSFORMADORES DE CORRIENTE 400 5A,u,0,1,1,1,1,1,200.000000,200.000000,200.000000,200.000000,1,1
INSV1-44d918f7ed4dd5c44b78ac76,MATERIAL,"DISYUNTOR 250 A - 3 POLOS, CAJA MOLDEADA",DISYUNTOR 250 A - 3 POLOS CAJA MOLDEADA,u,0,1,1,1,7,1,250.000000,250.000000,250.000000,250.000000,1,7
INSV1-d3ce1e5f94c51b9f36d09276,MATERIAL,"GENERADOR 3F 60 KW 220 V-INCLUYE TUBO DE ESCAPE, SILENCIADOR Y TANQUE DE COMBUSTIBLE",GENERADOR 3F 60 KW 220 V-INCLUYE TUBO DE ESCAPE SILENCIADOR Y TANQUE DE COMBUSTIBLE,u,0,1,1,1,1,1,13305.000000,13305.000000,13305.000000,13305.000000,1,1
INSV1-a88e3a24198932507a3bdf88,MATERIAL,DISPOSITIVO AUTOMATICO,DISPOSITIVO AUTOMATICO,u,0,1,1,1,1,1,900.000000,900.000000,900.000000,900.000000,1,1
INSV1-81ba26534c8719843a0b4536,MATERIAL,CABLE #500 MCM THHN CU,CABLE 500 MCM THHN CU,m,0,1,1,1,1,1,40.000000,40.000000,40.000000,40.000000,1,1
INSV1-0e27637b0ceb59eb1dfda0ec,MATERIAL,CABLE #4/0 AWG THHN CU,CABLE 4/0 AWG THHN CU,m,0,1,1,1,4,1,16.240000,16.240000,16.240000,16.240000,1,4
INSV1-89e4ea03803d3588cb8bad16,MATERIAL,PARRILLA PORTA CABLES,PARRILLA PORTA CABLES,u,0,1,1,1,2,1,35.000000,35.000000,35.000000,35.000000,1,2
INSV1-93b9a474881f1caa0d6e0123,MATERIAL,TERMINALES TALON # 250 MCM,TERMINALES TALON 250 MCM,u,0,1,1,1,2,1,12.880000,12.880000,12.880000,12.880000,1,2
INSV1-cfeec730fb278fcc512e69ad,MATERIAL,CABLE #350 MCM THHN CU,CABLE 350 MCM THHN CU,m,0,1,1,1,1,1,32.000000,32.000000,32.000000,32.000000,1,1
INSV1-370ba4f76c775bc57d9b2c66,MATERIAL,"DISYUNTOR 500 A - 3 POLOS, CAJA MOLDEADA REGULADO",DISYUNTOR 500 A - 3 POLOS CAJA MOLDEADA REGULADO,u,0,1,1,1,1,1,1200.000000,1200.000000,1200.000000,1200.000000,1,1
INSV1-8df933ecf8440e953273eebc,MATERIAL,"DISYUNTOR 125 A - 3 POLOS, CAJA MOLDEADA",DISYUNTOR 125 A - 3 POLOS CAJA MOLDEADA,u,0,1,1,1,6,1,224.000000,224.000000,224.000000,224.000000,1,6
INSV1-752ed38dd31917bc4b43c59b,MATERIAL,"DISYUNTOR 350 A - 3 POLOS, CAJA MOLDEADA REGULADO",DISYUNTOR 350 A - 3 POLOS CAJA MOLDEADA REGULADO,u,0,1,1,1,1,1,1200.000000,1200.000000,1200.000000,1200.000000,1,1
INSV1-606101332ad2045c671247a6,MATERIAL,"DISYUNTOR 70 A - 3 POLOS, CAJA MOLDEADA",DISYUNTOR 70 A - 3 POLOS CAJA MOLDEADA,u,0,1,1,1,4,1,106.400000,106.400000,106.400000,106.400000,1,4
INSV1-8a15536ff9d04dcff82a0e77,MATERIAL,CABLE #4 AWG CU DESNUDO,CABLE 4 AWG CU DESNUDO,m,0,1,1,1,1,1,3.360000,3.360000,3.360000,3.360000,1,1
INSV1-fe1c4b88ce8b43140e64613b,MATERIAL,"VARILLA DE COBRE DE ALTA CAMADA 5/8""x 6'",VARILLA DE COBRE DE ALTA CAMADA 5/8 X 6',u,0,1,1,1,1,1,14.340000,14.340000,14.340000,14.340000,1,1
INSV1-7030c981aa34f80fab29794e,MATERIAL,KIT SOLDADURA EXOTERMICA 200,KIT SOLDADURA EXOTERMICA 200,u,0,1,1,1,1,1,11.200000,11.200000,11.200000,11.200000,1,1
INSV1-cecd0456c3476e6ebbc4a99f,MATERIAL,CONECTOR PARA VARILLA COPPERWELD,CONECTOR PARA VARILLA COPPERWELD,u,0,1,1,1,1,1,1.680000,1.680000,1.680000,1.680000,1,1
INSV1-c75b579e1f9fcd4ebe7d5f2e,MATERIAL,"TUBO 4"" PVC PESADO X 3.00m",TUBO 4 PVC PESADO X 3.00M,u,0,1,1,1,8,1,30.000000,30.000000,30.000000,30.000000,1,8
INSV1-b4fd5a382d89acaa37b840a9,MATERIAL,"TUBO 4"" METALICO RIGIDO X 3.00m",TUBO 4 METALICO RIGIDO X 3.00M,u,0,1,1,1,5,1,96.160000,96.160000,96.160000,96.160000,1,5
INSV1-8f43c61e5ca96efa617ab4b5,MATERIAL,CABLE #250 MCM THHN CU,CABLE 250 MCM THHN CU,m,0,1,1,1,1,1,28.000000,28.000000,28.000000,28.000000,1,1
INSV1-0f6a27064161c32bd9c3a454,MATERIAL,CABLE #2/0 AWG THHN CU,CABLE 2/0 AWG THHN CU,m,0,1,1,1,2,1,10.980000,10.980000,10.980000,10.980000,1,2
INSV1-704095c6f1e26e20387201bf,MATERIAL,"TUBO PVC PRESION 4""",TUBO PVC PRESION 4,u,0,1,1,1,1,1,21.840000,21.840000,21.840000,21.840000,1,1
INSV1-8be8267a37e37cef6899c497,MATERIAL,"CODO PVC 4""",CODO PVC 4,u,0,1,1,1,1,1,12.880000,12.880000,12.880000,12.880000,1,1
INSV1-fe9537c34546450ae6faef3a,MATERIAL,"CONECTOR EMT 4""",CONECTOR EMT 4,u,0,1,1,1,1,1,6.720000,6.720000,6.720000,6.720000,1,1
INSV1-d8732e5907fc3477d5542f09,MATERIAL,CABLE #1/0 AWG THHN CU,CABLE 1/0 AWG THHN CU,m,0,1,1,1,1,1,7.500000,7.500000,7.500000,7.500000,1,1
INSV1-c46b2425ab48c10ac5d1dce7,MATERIAL,"TUBO PVC 2 1/2""",TUBO PVC 2 1/2,u,0,1,1,1,6,1,16.000000,16.000000,16.000000,16.000000,1,6
INSV1-abf488ccefbd429b59072986,MATERIAL,"CODO PVC 2 1/2""",CODO PVC 2 1/2,u,0,1,1,1,6,1,8.000000,8.000000,8.000000,8.000000,1,6
INSV1-ccd42dee0afc15b0df93f1de,MATERIAL,"CONECTOR PVC 2 1/2""",CONECTOR PVC 2 1/2,u,0,1,1,1,6,1,3.920000,3.920000,3.920000,3.920000,1,6
INSV1-6816972013b2f597b7f36fd5,MATERIAL,CABLE #8 AWG THHN CU,CABLE 8 AWG THHN CU,m,0,1,1,1,7,1,1.460000,1.460000,1.460000,1.460000,1,7
INSV1-357b81dd10b9e844ced27697,MATERIAL,CABLE #10 AWG THHN CU,CABLE 10 AWG THHN CU,m,0,1,1,1,8,1,0.900000,0.900000,0.900000,0.900000,1,8
INSV1-18f534213d5228a399e6d213,MATERIAL,CABLE #12 AWG THHN CU,CABLE 12 AWG THHN CU,m,0,1,1,1,7,1,0.670000,0.670000,0.670000,0.670000,1,7
INSV1-d9877a05471cb0d1695fb8a9,MATERIAL,"TUBO EMT 2""",TUBO EMT 2,u,0,1,1,1,3,1,10.000000,10.000000,10.000000,10.000000,1,3
INSV1-c4b64e897610535a801ff7ab,MATERIAL,"CODO EMT RIGIDO DE Ø 2""",CODO EMT RIGIDO DE DIAM 2,u,0,1,1,1,4,1,15.000000,15.000000,15.000000,15.000000,1,4
INSV1-8fa88aa9c5cd2873643fe5bf,MATERIAL,"CONECTOR EMT 2""",CONECTOR EMT 2,u,0,1,1,1,4,1,1.500000,1.500000,1.500000,1.500000,1,4
INSV1-91d7fcb7572c01efb06b9445,MATERIAL,DISYUNTOR 40 A -2 POLOS,DISYUNTOR 40 A -2 POLOS,u,0,1,1,1,4,1,16.000000,16.000000,16.000000,16.000000,1,4
INSV1-74f60a726eb50128dc4bd6da,MATERIAL,BASE SOCKET 1F CLASE 100,BASE SOCKET 1F CLASE 100,u,0,1,1,1,4,1,40.000000,40.000000,40.000000,40.000000,1,4
INSV1-3a7356c53d1f164da75070b0,MATERIAL,BASE SOCKET 3F CLASE 100,BASE SOCKET 3F CLASE 100,u,0,1,1,1,4,1,60.000000,60.000000,60.000000,60.000000,1,4
INSV1-91b1f7608263b2212e91c48f,MATERIAL,PANTALLAS CON LECTURA DE PARAMETROS Y LUCES IND,PANTALLAS CON LECTURA DE PARAMETROS Y LUCES IND,u,0,1,1,1,5,1,120.000000,120.000000,120.000000,120.000000,1,5
INSV1-5016e7220b834d069fbe05cc,MATERIAL,DISYUNTOR 30 A - 2 POLOS,DISYUNTOR 30 A - 2 POLOS,u,0,1,1,1,5,1,16.000000,16.000000,16.000000,16.000000,1,5
INSV1-c8d3746a0ad244344695d6fb,MATERIAL,DISYUNTOR 20 A - 2 POLOS,DISYUNTOR 20 A - 2 POLOS,u,0,1,1,1,1,1,16.000000,16.000000,16.000000,16.000000,1,1
INSV1-2fd9cf289218ccf771ba937a,MATERIAL,"GABINETE METALICO CON BARRAS PARA TABLEROS TCB, TDB",GABINETE METALICO CON BARRAS PARA TABLEROS TCB TDB,u,0,1,1,1,5,1,450.000000,450.000000,450.000000,450.000000,1,5
INSV1-58cc214402fb4656129a1eec,MATERIAL,ARRANCADOR PARA MOTOR,ARRANCADOR PARA MOTOR,u,0,1,1,1,3,1,250.000000,250.000000,250.000000,250.000000,1,3
INSV1-0e64406af0115ae1a8ecee12,MATERIAL,ARRANCADORES SUAVES,ARRANCADORES SUAVES,u,0,1,1,1,1,1,250.000000,250.000000,250.000000,250.000000,1,1
INSV1-99d5e5d855b46ca85053a053,MATERIAL,"DISYUNTOR 300 A - 3 POLOS, CAJA MOLDEADA",DISYUNTOR 300 A - 3 POLOS CAJA MOLDEADA,u,0,1,1,1,1,1,300.000000,300.000000,300.000000,300.000000,1,1
INSV1-2223d6cb25a93d23a4f6740a,MATERIAL,GABINETE METALICO CON BARRAS PARA PANEL ADM,GABINETE METALICO CON BARRAS PARA PANEL ADM,u,0,1,1,1,1,1,200.000000,200.000000,200.000000,200.000000,1,1
INSV1-7f10edf1f2c12abc99c07c56,MATERIAL,DISYUNTOR 2F 30 A - 2 POLOS,DISYUNTOR 2F 30 A - 2 POLOS,u,0,1,1,1,4,1,16.000000,16.000000,16.000000,16.000000,1,4
INSV1-87d77fe3d688f727b9434fc0,MATERIAL,DISYUNTOR 2F 20 A - 2 POLOS,DISYUNTOR 2F 20 A - 2 POLOS,u,0,1,1,1,1,1,16.000000,16.000000,16.000000,16.000000,1,1
INSV1-e84dcc0b17bbfab2a7da36b6,MATERIAL,DISYUNTOR 1F 20 A - 1 POLO,DISYUNTOR 1F 20 A - 1 POLO,u,0,1,1,1,6,1,8.000000,8.000000,8.000000,8.000000,1,6
INSV1-d1354f2bf91004ba4b3786ff,MATERIAL,GABINETE METALICO CON BARRAS PARA PANELES,GABINETE METALICO CON BARRAS PARA PANELES,u,0,1,1,1,3,1,80.000000,80.000000,80.000000,80.000000,1,3
INSV1-7af010f9d46fed17f69a3635,MATERIAL,GABINETE METALICO CON BARRAS PARA PANEL PSG Y PDK,GABINETE METALICO CON BARRAS PARA PANEL PSG Y PDK,u,0,1,1,1,2,1,40.000000,40.000000,40.000000,40.000000,1,2
INSV1-a02dac399444a4262343581d,MATERIAL,ALAMBRE GALVANIZADO # 18,ALAMBRE GALVANIZADO 18,kg,0,1,1,1,4,1,1.680000,1.680000,1.680000,1.680000,1,4
INSV1-e2b929dbe391244ac62a4eb3,MATERIAL,"TUBO EMT 1/2"" x 3.00m CON UNION",TUBO EMT 1/2 X 3.00M CON UNION,u,0,1,1,1,2,1,2.620000,2.620000,2.620000,2.620000,1,2
INSV1-9afa158300e9fda3597224f0,MATERIAL,"CONECTOR EMT 1/2""",CONECTOR EMT 1/2,u,0,1,1,1,2,1,0.500000,0.500000,0.500000,0.500000,1,2
INSV1-da60c89ea7238ffe21b7282a,MATERIAL,CAJA OCTOGONAL GRANDE CON TAPA,CAJA OCTOGONAL GRANDE CON TAPA,u,0,1,1,1,2,1,0.900000,0.900000,0.900000,0.900000,1,2
INSV1-75cefe97796895ff0c0e9626,MATERIAL,CAJA RECTANGULAR PROFUNDA,CAJA RECTANGULAR PROFUNDA,u,0,1,1,1,3,1,0.740000,0.740000,0.740000,0.740000,1,3
INSV1-24b0b9de8feae1aac09bf5a5,MATERIAL,INTERRUPTOR SENCILLO 120 V,INTERRUPTOR SENCILLO 120 V,u,0,1,1,1,1,1,1.680000,1.680000,1.680000,1.680000,1,1
INSV1-515748a88fc1b66e49ae7c61,MATERIAL,PIATINA 2 x 14 AWG CU,PIATINA 2 X 14 AWG CU,m,0,1,1,1,1,1,8.620000,8.620000,8.620000,8.620000,1,1
INSV1-425cf97cc53542cfddc3d9bf,MATERIAL,"BROCAS, TORNILLOS Y GRAPAS",BROCAS TORNILLOS Y GRAPAS,u,0,1,1,1,3,1,2.000000,2.000000,2.000000,2.000000,1,3
INSV1-e221ab2b3a778af66555e84a,MATERIAL,CAJA 4X4,CAJA 4X4,u,0,1,1,1,1,1,1.500000,1.500000,1.500000,1.500000,1,1
INSV1-6238e9c1bb81e4a25267d44f,MATERIAL,TUBO PVC 3/4x3.00m,TUBO PVC 3/4X3.00M,u,0,1,1,1,1,1,3.620000,3.620000,3.620000,3.620000,1,1
INSV1-e88d9df6caba3d301b17bcc5,MATERIAL,"CONECTOR PVC 3/4""",CONECTOR PVC 3/4,u,0,1,1,1,1,1,0.500000,0.500000,0.500000,0.500000,1,1
INSV1-10c502af96146311cc3b2323,MATERIAL,VARIOS,VARIOS,u,0,1,1,1,1,1,2.010000,2.010000,2.010000,2.010000,1,1
INSV1-a03e55d86f11f3b0da9c8fef,MATERIAL,TOMACORRIENTE DOBLE POLARIZADO 120 V,TOMACORRIENTE DOBLE POLARIZADO 120 V,u,0,1,1,1,1,1,5.000000,5.000000,5.000000,5.000000,1,1
INSV1-75ef6bd794e43310135dd545,MATERIAL,"TUBO EMT 3/4"" x 3.00m CON UNION",TUBO EMT 3/4 X 3.00M CON UNION,u,0,1,1,1,1,1,3.620000,3.620000,3.620000,3.620000,1,1
INSV1-92292921e9231ad709d174ea,MATERIAL,"CONECTOR EMT 3/4""",CONECTOR EMT 3/4,u,0,1,1,1,1,1,0.500000,0.500000,0.500000,0.500000,1,1
INSV1-9e8e7698a6ed8caff81b2c4e,MATERIAL,LUMINARIA TIPO APLIQUE 1x60W,LUMINARIA TIPO APLIQUE 1X60W,u,0,1,1,1,1,1,15.000000,15.000000,15.000000,15.000000,1,1
INSV1-9eb7db8eb806ad7978ec9304,MATERIAL,FOCO AHORRADOR 60W,FOCO AHORRADOR 60W,u,0,1,1,1,1,1,3.920000,3.920000,3.920000,3.920000,1,1
INSV1-3170081ba3938af0d0d8ec70,MATERIAL,LUMINARIA TIPO APLIQUE DE PISO 220V 1.2 W,LUMINARIA TIPO APLIQUE DE PISO 220V 1.2 W,u,0,1,1,1,1,1,25.000000,25.000000,25.000000,25.000000,1,1
INSV1-d33759aa761a9214b670da94,MATERIAL,APLIQUE DE PISO DECORATIVO AJUSTABLE ASIMETRICO 220 V- 38 W; IP68-IK10,APLIQUE DE PISO DECORATIVO AJUSTABLE ASIMETRICO 220 V- 38 W IP68-IK10,u,0,1,1,1,1,1,13.920000,13.920000,13.920000,13.920000,1,1
INSV1-ebba33f3012487d73a63e062,MATERIAL,LUMINARIA LED SELLADA 220V 55W,LUMINARIA LED SELLADA 220V 55W,u,0,1,1,1,1,1,90.000000,90.000000,90.000000,90.000000,1,1
INSV1-ab06bf3276ef81aeeed9fc05,MATERIAL,LAMPARA SELLADA LED 220V 20W,LAMPARA SELLADA LED 220V 20W,u,0,1,1,1,1,1,70.000000,70.000000,70.000000,70.000000,1,1
INSV1-c6c62c13fc29b7290048123f,MATERIAL,LUMINARIA TIPO PARQUE EN POSTE 220V - 80W,LUMINARIA TIPO PARQUE EN POSTE 220V - 80W,u,0,1,1,1,1,1,380.000000,380.000000,380.000000,380.000000,1,1
INSV1-d1e4bb97ea49361a0d1a9871,MATERIAL,LUMINARIA TIPO PARQUE EN POSTE 220V - 100W,LUMINARIA TIPO PARQUE EN POSTE 220V - 100W,u,0,1,1,1,1,1,400.000000,400.000000,400.000000,400.000000,1,1
INSV1-ec16f7b88c079fdd94d63c76,MATERIAL,CANALETA METALICA SELLADA 30.00cm X 20.00cm X 2.50m,CANALETA METALICA SELLADA 30.00CM X 20.00CM X 2.50M,u,0,1,1,1,1,1,60.000000,60.000000,60.000000,60.000000,1,1
INSV1-08063c3a351aefd8efafd009,MATERIAL,ELEMENTOS DE SUJECION,ELEMENTOS DE SUJECION,u,0,1,1,1,1,1,2.000000,2.000000,2.000000,2.000000,1,1
INSV1-f3b2721a6147b675ba359f32,MATERIAL,LUMINARIA TIPO LED 218 W 100-227V,LUMINARIA TIPO LED 218 W 100-227V,u,0,1,1,1,2,1,490.000000,490.000000,490.000000,490.000000,1,2
INSV1-9823d10692632b849d216ab0,MATERIAL,CABLE CONCENTRICO 2 # 12 AWG CU,CABLE CONCENTRICO 2 12 AWG CU,m,0,1,1,1,2,1,1.500000,1.500000,1.500000,1.500000,1,2
INSV1-26f5fd97903b14a4897d06f5,MATERIAL,POSTE DE 12.00m,POSTE DE 12.00M,u,0,1,1,1,2,1,700.000000,700.000000,700.000000,700.000000,1,2
INSV1-3d3574293b8f2ab04b1601dd,MATERIAL,CONECTOR CABLE CONCENTRICO,CONECTOR CABLE CONCENTRICO,u,0,1,1,1,2,1,4.000000,4.000000,4.000000,4.000000,1,2
INSV1-f162493a1c2e96df2fc9b513,MATERIAL,PANEL LED CUADRADA - 30W - 100-220V,PANEL LED CUADRADA - 30W - 100-220V,u,0,1,1,1,1,1,70.000000,70.000000,70.000000,70.000000,1,1
INSV1-c1675ab6f158668d0c4160a8,MATERIAL,TIRAS LED RGB 24V - 12V; IP67 - IK10 (1.00m),TIRAS LED RGB 24V - 12V IP67 - IK10 1.00M,u,0,1,1,1,1,1,25.000000,25.000000,25.000000,25.000000,1,1
INSV1-adba21f081ef4e4e14a6ceb2,MATERIAL,COLUMNA INTELIGENTE CI-WIFI-CAMARAS-ALARMAS,COLUMNA INTELIGENTE CI-WIFI-CAMARAS-ALARMAS,u,0,1,1,1,1,1,12000.000000,12000.000000,12000.000000,12000.000000,1,1
INSV1-b8a298e31a0c5bbddc78ec28,MATERIAL,MINI POSTE DE ILUMINACION 220 V - 25 W; IP67 - IK10,MINI POSTE DE ILUMINACION 220 V - 25 W IP67 - IK10,u,0,1,1,1,1,1,95.000000,95.000000,95.000000,95.000000,1,1
INSV1-4d8e3efd49bd272d6bd0c3fa,MATERIAL,TIRAS LED LUZ NEUTRA 24V - 12W; IP67 - IK10 (1.00m),TIRAS LED LUZ NEUTRA 24V - 12W IP67 - IK10 1.00M,u,0,1,1,1,1,1,15.000000,15.000000,15.000000,15.000000,1,1
INSV1-d4004d4043f1461a417a62c4,MATERIAL,"REFLECTOR SUMERGIBLE RGB 150 W, IP68 (CHORRO AGUA)",REFLECTOR SUMERGIBLE RGB 150 W IP68 CHORRO AGUA,u,0,1,1,1,1,1,150.000000,150.000000,150.000000,150.000000,1,1
INSV1-73713449876606dedd71ec24,MATERIAL,REFLECTOR LED 150 W - 220 V; COLOR NEUTRO GRADO IP68,REFLECTOR LED 150 W - 220 V COLOR NEUTRO GRADO IP68,u,0,1,1,1,1,1,180.000000,180.000000,180.000000,180.000000,1,1
INSV1-c1ef82e2c115a9c41e851539,MATERIAL,"FUNDA BX 1""",FUNDA BX 1,m,0,1,1,1,1,1,5.000000,5.000000,5.000000,5.000000,1,1
INSV1-36444440fcf027b858077425,MATERIAL,CAJA DE PASO ACERO INOXIDABLE 20x20x10cm,CAJA DE PASO ACERO INOXIDABLE 20X20X10CM,u,0,1,1,1,1,1,40.000000,40.000000,40.000000,40.000000,1,1
INSV1-fabcebf53a28ed1bb4a3e571,MATERIAL,"CONECTOR PVC 1""",CONECTOR PVC 1,u,0,1,1,1,1,1,1.000000,1.000000,1.000000,1.000000,1,1
INSV1-733b160153d077365fce4ab1,MATERIAL,TAPA DE GRAFITO ESFEROIDAL DE 80cm DIAMETRO 125KN,TAPA DE GRAFITO ESFEROIDAL DE 80CM DIAMETRO 125KN,u,0,1,1,1,1,1,310.000000,310.000000,310.000000,310.000000,1,1
INSV1-66982c09397f4ed6c8f519cc,MATERIAL,TAPA DE GRAFITO ESFEROIDAL DE 60cm DIAMETRO 125KN,TAPA DE GRAFITO ESFEROIDAL DE 60CM DIAMETRO 125KN,u,0,1,1,1,2,1,180.000000,180.000000,180.000000,180.000000,1,2
INSV1-68b119c25de43d1b8fb402a6,MATERIAL,TAPA METALICA DE 40x40cm 125KN,TAPA METALICA DE 40X40CM 125KN,u,0,1,1,1,2,1,140.000000,140.000000,140.000000,140.000000,1,2
INSV1-cfd71bb25f7132987b7e3384,MATERIAL,TRANSFORMADOR 1F 10 KVA AUTO PROTEGIDO,TRANSFORMADOR 1F 10 KVA AUTO PROTEGIDO,u,0,1,1,1,1,1,900.000000,900.000000,900.000000,900.000000,1,1
INSV1-b639606b6ec81ada211fc5ba,MATERIAL,"ABRAZADERA SIMPLE AG 3 PERNOS DE 6 1/2""",ABRAZADERA SIMPLE AG 3 PERNOS DE 6 1/2,u,0,1,1,1,1,1,8.400000,8.400000,8.400000,8.400000,1,1
INSV1-aa074bc6796108aaab5c56c6,MATERIAL,ESTRIBO PARA DERIVACION CU SN,ESTRIBO PARA DERIVACION CU SN,u,0,1,1,1,1,1,10.000000,10.000000,10.000000,10.000000,1,1
INSV1-63b494be3b225053e4189f7a,MATERIAL,GRAPA PARA LINEA EN CALIENTE,GRAPA PARA LINEA EN CALIENTE,u,0,1,1,1,1,1,10.000000,10.000000,10.000000,10.000000,1,1
INSV1-8049f3ba6dc1fc0a51cc4d64,MATERIAL,CONECTOR DENTADO ESTANCO 35 A 150 mm2,CONECTOR DENTADO ESTANCO 35 A 150 MM2,u,0,1,1,1,1,1,3.000000,3.000000,3.000000,3.000000,1,1
INSV1-3462ea5a42f9f34e8ac2a543,MATERIAL,CONDUCTOR # 4 AWG THHN CU,CONDUCTOR 4 AWG THHN CU,u,0,1,1,1,1,1,4.000000,4.000000,4.000000,4.000000,1,1
INSV1-c785406aec15e9ab9e91fe4b,MATERIAL,"TUBO RIGIDO DE Ø 2""",TUBO RIGIDO DE DIAM 2,u,0,1,1,1,1,1,35.000000,35.000000,35.000000,35.000000,1,1
INSV1-962e66ba8a3ee82e5937c21d,MATERIAL,"UNION METALICA RIGIDA DE Ø2""",UNION METALICA RIGIDA DE DIAM 2,u,0,1,1,1,2,1,8.000000,8.000000,8.000000,8.000000,1,2
INSV1-2e45e6005449b1bc93474199,MATERIAL,"REVERSIBLE EMT RIGIDO Ø 2""",REVERSIBLE EMT RIGIDO DIAM 2,u,0,1,1,1,1,1,20.000000,20.000000,20.000000,20.000000,1,1
INSV1-5ed414d77afa8777c21fa0cb,MATERIAL,TUBO 50mm PVC PESADO x 3.00m,TUBO 50MM PVC PESADO X 3.00M,u,0,1,1,1,3,1,15.000000,15.000000,15.000000,15.000000,1,3
INSV1-a4fde0ed12aada983f4378e9,MATERIAL,TUBO 110mm PVC PESADO x 3.00m,TUBO 110MM PVC PESADO X 3.00M,u,0,1,1,1,1,1,30.000000,30.000000,30.000000,30.000000,1,1
INSV1-19fee3dc57581c84aed30b0e,MATERIAL,ELEMENTOS Y CABLES PARA CONEXIONADO INTERNO,ELEMENTOS Y CABLES PARA CONEXIONADO INTERNO,u,0,1,1,1,1,1,40.000000,40.000000,40.000000,40.000000,1,1
INSV1-47b1328e043d837124d5bd9d,MATERIAL,"DISYUNTOR 50 A - 2 POLOS, CAJA MOLDEADA",DISYUNTOR 50 A - 2 POLOS CAJA MOLDEADA,u,0,1,1,1,1,1,35.000000,35.000000,35.000000,35.000000,1,1
INSV1-359b8ab91e76fdca117f0287,EQUIPO,ESCALERA TELESCOPICA DE 32 PIES,ESCALERA TELESCOPICA DE 32 PIES,h,0,1,1,1,2,1,2.000000,2.000000,2.000000,2.000000,1,2
INSV1-1d0fab08920ed4789327e0ab,MATERIAL,ACOMETIDA FIBRA OPTICA,ACOMETIDA FIBRA OPTICA,u,0,1,1,1,1,1,293.000000,293.000000,293.000000,293.000000,1,1
INSV1-056668f31ac4bf5d799e8d5d,MATERIAL,ELEMENTOS ACCESORIOS,ELEMENTOS ACCESORIOS,u,0,1,1,1,1,1,80.000000,80.000000,80.000000,80.000000,1,1
INSV1-cee8ea4963047af01f4b991d,MATERIAL,"TUBERIA METALICA RIGIDA DE 2""",TUBERIA METALICA RIGIDA DE 2,u,0,1,1,1,1,1,28.500000,28.500000,28.500000,28.500000,1,1
INSV1-11de36ecb3f0c43f12ac7919,MATERIAL,"REVERSIBLE METALICA RIGIDA DE 2""",REVERSIBLE METALICA RIGIDA DE 2,u,0,1,1,1,1,1,7.300000,7.300000,7.300000,7.300000,1,1
INSV1-6425144931a1c26c0e466722,MATERIAL,"CODO METALICO RIGIDO DE 2""",CODO METALICO RIGIDO DE 2,u,0,1,1,1,1,1,7.500000,7.500000,7.500000,7.500000,1,1
INSV1-a5dbbf4875705d512e4383c7,MATERIAL,FLEJE DE SUJECCION (CINTA ERIBAND),FLEJE DE SUJECCION CINTA ERIBAND,u,0,1,1,1,1,1,11.000000,11.000000,11.000000,11.000000,1,1
INSV1-19082090432e7dc1467c49cc,MATERIAL,HERRAJES PARA RED DE FIBRA,HERRAJES PARA RED DE FIBRA,u,0,1,1,1,1,1,25.000000,25.000000,25.000000,25.000000,1,1
INSV1-3a1c75e46e2630c6a12ff6a4,EQUIPO,ESCALERA DE TIJERAS,ESCALERA DE TIJERAS,h,0,1,1,1,1,1,2.000000,2.000000,2.000000,2.000000,1,1
INSV1-d5fe902c803949c26d21e6fb,MATERIAL,CABLE FIBRA OPTICA ADADSS 24 HILOS,CABLE FIBRA OPTICA ADADSS 24 HILOS,km,0,1,1,1,1,1,1000.000000,1000.000000,1000.000000,1000.000000,1,1
INSV1-472a1a3a3f35bb4a5320251e,MATERIAL,TABLERO TRIPLEX CORRIENTE 1.22 x 2.44 x 9,TABLERO TRIPLEX CORRIENTE 1.22 X 2.44 X 9,u,0,1,1,1,1,1,21.440000,21.440000,21.440000,21.440000,1,1
INSV1-8353e780035727400e96a4e0,MATERIAL,CAJA DE PASO 25 x 25 x 15 cm (PUERTA INOXIDABLE),CAJA DE PASO 25 X 25 X 15 CM PUERTA INOXIDABLE,u,0,1,1,1,1,1,25.000000,25.000000,25.000000,25.000000,1,1
INSV1-b1c904a1c6ea2a5a9df83cd1,MATERIAL,GABINETE RACK DE PISO CERRADO 42UR,GABINETE RACK DE PISO CERRADO 42UR,u,0,1,1,1,1,1,809.000000,809.000000,809.000000,809.000000,1,1
INSV1-080c33ad21875a69f67d5fed,MATERIAL,PEDESTAL / GABINETE EXTERIOR - ACERO INOXIDABLE,PEDESTAL / GABINETE EXTERIOR - ACERO INOXIDABLE,u,0,1,1,1,1,1,450.000000,450.000000,450.000000,450.000000,1,1
INSV1-c8cc35e2cab21055e44ab83f,MATERIAL,ROUTER CORD GB CON PUERTO SFP,ROUTER CORD GB CON PUERTO SFP,u,0,1,1,1,1,1,672.000000,672.000000,672.000000,672.000000,1,1
INSV1-676416bbd11edbae7a0493aa,MATERIAL,SWITCH CORE 24 PUERTOS LAN + 2 PUERTOS FIBRA ÓPTICA,SWITCH CORE 24 PUERTOS LAN + 2 PUERTOS FIBRA OPTICA,u,0,1,1,1,1,1,280.000000,280.000000,280.000000,280.000000,1,1
INSV1-353f6861cce1ba84dc35f9ae,MATERIAL,SWITCH POE ADMINISTRABLE 24 PUERTOS,SWITCH POE ADMINISTRABLE 24 PUERTOS,u,0,1,1,1,1,1,360.000000,360.000000,360.000000,360.000000,1,1
INSV1-da920b37e9d3bf1b8400da8f,MATERIAL,NVR 32 CANALES,NVR 32 CANALES,u,0,1,1,1,1,1,360.000000,360.000000,360.000000,360.000000,1,1
INSV1-7fd469f1d0938dc2a766a55c,MATERIAL,DISCO DURO 6 TB - 3.5,DISCO DURO 6 TB - 3.5,u,0,1,1,1,1,1,224.000000,224.000000,224.000000,224.000000,1,1
INSV1-56da64408836c52c15e5deb9,MATERIAL,UNIDAD UPS 1.5 KVA - ON LINE,UNIDAD UPS 1.5 KVA - ON LINE,u,0,1,1,1,1,1,450.000000,450.000000,450.000000,450.000000,1,1
INSV1-db5fe6b515097c5380ee635f,MATERIAL,UNIDAD UPS 3 KVA - ON LINE,UNIDAD UPS 3 KVA - ON LINE,u,0,1,1,1,1,1,900.000000,900.000000,900.000000,900.000000,1,1
INSV1-95c9f265fe94e5d1af46e491,MATERIAL,ROSETA OPTICA COMPLETA,ROSETA OPTICA COMPLETA,u,0,1,1,1,1,1,9.000000,9.000000,9.000000,9.000000,1,1
INSV1-db02d34a7934f0b305cdc9b1,MATERIAL,FIBRA OPTICA 2 HILOS - DROP (BOBINA),FIBRA OPTICA 2 HILOS - DROP BOBINA,u,0,1,1,1,1,1,50.000000,50.000000,50.000000,50.000000,1,1
INSV1-15978cf02a95110276c9ff4b,MATERIAL,PATCH CORDS LC MONOMODO DUPLEX,PATCH CORDS LC MONOMODO DUPLEX,u,0,1,1,1,1,1,7.000000,7.000000,7.000000,7.000000,1,1
INSV1-4fd25c3e661372fc93d591d7,MATERIAL,OLT - 4 PUERTOS GPON,OLT - 4 PUERTOS GPON,u,0,1,1,1,1,1,700.000000,700.000000,700.000000,700.000000,1,1
INSV1-b6ef57a54c73890f3210a7c5,MATERIAL,PATCH CORDS UTP – CATEGORIA 6A- 2.00m DE LARGO,PATCH CORDS UTP CATEGORIA 6A- 2.00M DE LARGO,u,0,1,1,1,1,1,5.000000,5.000000,5.000000,5.000000,1,1
INSV1-49e247bdb9322c6221231453,MATERIAL,CONVERTIDORES DE FIBRA OPTICA SFP - MONOMODO 10K,CONVERTIDORES DE FIBRA OPTICA SFP - MONOMODO 10K,u,0,1,1,1,1,1,90.000000,90.000000,90.000000,90.000000,1,1
INSV1-5799745d1f74d40125dc7810,MATERIAL,CAJA DE DISTRIBUCION IP 68 COMPLETA CON SPLITTER 1:16,CAJA DE DISTRIBUCION IP 68 COMPLETA CON SPLITTER 1 16,u,0,1,1,1,1,1,50.000000,50.000000,50.000000,50.000000,1,1
INSV1-12fc7985e13a2f8bf4a7a5e6,MATERIAL,"CABLE UTP CATEGORIA 6A, 100% COBRE - EXTERIOR",CABLE UTP CATEGORIA 6A 100% COBRE - EXTERIOR,u,0,1,1,1,1,1,110.000000,110.000000,110.000000,110.000000,1,1
INSV1-c8e7926e3076d782d6ba59bf,MATERIAL,BANDEJA PORTA CABLES TIPO ESCALERA 0.25X0.1X2.5 m,BANDEJA PORTA CABLES TIPO ESCALERA 0.25X0.1X2.5 M,u,0,1,1,1,1,1,54.000000,54.000000,54.000000,54.000000,1,1
INSV1-94c3557e19410a2a351d7108,MATERIAL,CAMARA IP DOMO INTERNAS,CAMARA IP DOMO INTERNAS,u,0,1,1,1,1,1,120.000000,120.000000,120.000000,120.000000,1,1
INSV1-b97ca9a243a9aedd65c6f747,MATERIAL,CAMARA IP BALA EXTERNAS,CAMARA IP BALA EXTERNAS,u,0,1,1,1,2,1,480.000000,480.000000,480.000000,480.000000,1,2
INSV1-a5ea5628f99646cd4ab57f2e,MATERIAL,EQUIPO ACCESS POINT,EQUIPO ACCESS POINT,u,0,1,1,1,1,1,1390.000000,1390.000000,1390.000000,1390.000000,1,1
INSV1-f0c062de961d0e86bf02b540,MATERIAL,RELOJ BIOMETRICO,RELOJ BIOMETRICO,u,0,1,1,1,1,1,1400.000000,1400.000000,1400.000000,1400.000000,1,1
INSV1-f1555df925c4d649b0cd68c5,MATERIAL,"TELEVISOR SMART TV ANDROID 55""",TELEVISOR SMART TV ANDROID 55,u,0,1,1,1,1,1,1200.000000,1200.000000,1200.000000,1200.000000,1,1
INSV1-14f11e903b2fb844349933c6,MATERIAL,SOPORTE METALICO,SOPORTE METALICO,u,0,1,1,1,1,1,25.600000,25.600000,25.600000,25.600000,1,1
INSV1-78bdd14e396419eff9f72f48,MATERIAL,PUNTO DE CONEXIÓN DE RED,PUNTO DE CONEXION DE RED,u,0,1,1,1,1,1,80.000000,80.000000,80.000000,80.000000,1,1
INSV1-78fe72037bf46d5b149ba680,MATERIAL,CERTIFICACION DE RED,CERTIFICACION DE RED,u,0,1,1,1,1,1,5.900000,5.900000,5.900000,5.900000,1,1
INSV1-56e4ec6c662107e13395bf87,MATERIAL,"(1 UNIDAD) BATERIAS SANITARIAS PORTATILES, INCLUYE INSTALACION Y DESINSTALACION",1 UNIDAD BATERIAS SANITARIAS PORTATILES INCLUYE INSTALACION Y DESINSTALACION,u,0,1,1,1,1,1,135.680000,135.680000,135.680000,135.680000,1,1
INSV1-6513c145ba16a3db5d77843b,MATERIAL,TANQUE METALICO 55 galon (US),TANQUE METALICO 55 GALON US,u,0,1,1,1,1,1,15.000000,15.000000,15.000000,15.000000,1,1
INSV1-8380f5458926b29e3f8b3ae4,MATERIAL,VOLANTE INFORMATIVO A COLORES,VOLANTE INFORMATIVO A COLORES,u,0,1,1,1,2,1,0.050000,0.050000,0.050000,0.050000,1,2
INSV1-b58c3c51316466c9922ef34c,MATERIAL,CASCO,CASCO,u,0,1,1,1,1,1,7.850000,7.850000,7.850000,7.850000,1,1
INSV1-6397731913c03a1ad6548a93,MATERIAL,CHALECO,CHALECO,u,0,1,1,1,1,1,5.090000,5.090000,5.090000,5.090000,1,1
INSV1-8bfe5fb50ab7104050a272e0,MATERIAL,MASCARILLA DESECHABLE,MASCARILLA DESECHABLE,u,0,1,1,1,1,1,0.950000,0.950000,0.950000,0.950000,1,1
INSV1-11342e52de3a716a08e83a07,MATERIAL,BOTIN PUNTA DE ACERO,BOTIN PUNTA DE ACERO,u,0,1,1,1,1,1,27.000000,27.000000,27.000000,27.000000,1,1
INSV1-08ccb34fe064ba040ade9279,MATERIAL,GAFAS PROTECTORAS DE VISTA,GAFAS PROTECTORAS DE VISTA,u,0,1,1,1,1,1,2.000000,2.000000,2.000000,2.000000,1,1
INSV1-6e16fac3f2917ac073620b21,MATERIAL,TAPON AUDITIVO,TAPON AUDITIVO,u,0,1,1,1,1,1,2.000000,2.000000,2.000000,2.000000,1,1
INSV1-ac24e758139969aa4a63216b,MATERIAL,GUANTES DE CAUCHO SENCILLO (PAR),GUANTES DE CAUCHO SENCILLO PAR,u,0,1,1,1,1,1,2.500000,2.500000,2.500000,2.500000,1,1
INSV1-9d6964f8f4bca91e0f8b67c7,MATERIAL,CAMISETA IDENTIFICATIVA CUELLO REDONDO,CAMISETA IDENTIFICATIVA CUELLO REDONDO,u,0,1,1,1,1,1,4.000000,4.000000,4.000000,4.000000,1,1
INSV1-c2ea7150c9a7c130ee9a3016,MATERIAL,CINTA PLASTICA DE SEGURIDAD COLOR REFLECTIVA,CINTA PLASTICA DE SEGURIDAD COLOR REFLECTIVA,u,0,1,1,1,1,1,0.050000,0.050000,0.050000,0.050000,1,1
INSV1-f9e016399da24c5d3fc4e584,MATERIAL,"PARANTE VIAL DE POLIETILENO H=1.41m, D=0.74m, INCLUYE BASE",PARANTE VIAL DE POLIETILENO H 1.41M D 0.74M INCLUYE BASE,u,0,1,1,1,1,1,38.820000,38.820000,38.820000,38.820000,1,1
INSV1-c43454d7e8f21d37ad322914,EQUIPO,PLOTER DE CORTE,PLOTER DE CORTE,h,0,1,1,1,1,1,25.000000,25.000000,25.000000,25.000000,1,1
INSV1-cb519387915ae7a713fb6389,MATERIAL,LAMINA VINIL REFLECTIVA GRADO INGENIERIA (COLORES),LAMINA VINIL REFLECTIVA GRADO INGENIERIA COLORES,m2,0,1,1,1,1,1,19.100000,19.100000,19.100000,19.100000,1,1
INSV1-dab91ae50743c4e38ce7763c,MATERIAL,"PLANCHA METALICA ASTM A36 E=1,5mm",PLANCHA METALICA ASTM A36 E 1 5MM,m2,0,1,1,1,1,1,16.600000,16.600000,16.600000,16.600000,1,1
INSV1-9e6e32c26c83e56cb5ce619c,MATERIAL,ESMALTE VARIOS COLORES (SPR.),ESMALTE VARIOS COLORES SPR,galón (us),0,1,1,1,1,1,13.000000,13.000000,13.000000,13.000000,1,1
INSV1-0836ba6817549bfa7fd20e69,MATERIAL,ANTICORROSIVO CROMATO 5 (CO),ANTICORROSIVO CROMATO 5 CO,gln,0,1,1,1,1,1,10.000000,10.000000,10.000000,10.000000,1,1
INSV1-4c84f66cfe1d6fa702cb56aa,MATERIAL,"ELEMENTO DE FIJACION (PERNO CABEZA DE COCO 5/8x3"", INCLUYE TUERCA Y ARANDELA)",ELEMENTO DE FIJACION PERNO CABEZA DE COCO 5/8X3 INCLUYE TUERCA Y ARANDELA,u,0,1,1,1,1,1,0.560000,0.560000,0.560000,0.560000,1,1
INSV1-da2aff981bf2b984c4a65ebe,MATERIAL,TANQUETA DE POLIETILENO H 1.20m D 62cm CON BASE,TANQUETA DE POLIETILENO H 1.20M D 62CM CON BASE,u,0,1,1,1,1,1,130.700000,130.700000,130.700000,130.700000,1,1
INSV1-cfdb593c1e6bead4e042138c,MATERIAL,CONO DE SEGURIDAD H= 70cm REFLECTIVO CON BASE DE CAUCHO,CONO DE SEGURIDAD H 70CM REFLECTIVO CON BASE DE CAUCHO,u,0,1,1,1,1,1,24.110000,24.110000,24.110000,24.110000,1,1
INSV1-3aa4d4fa47f597ef650b2d0f,MATERIAL,EXTINTOR PQS 10 lb,EXTINTOR PQS 10 LB,u,0,1,1,1,1,1,20.000000,20.000000,20.000000,20.000000,1,1
INSV1-fc3a3570ad822c2a3b824381,MATERIAL,BOTIQUIN DE PARED PRIMEROS AUXILIOS,BOTIQUIN DE PARED PRIMEROS AUXILIOS,u,0,1,1,1,1,1,33.270000,33.270000,33.270000,33.270000,1,1
INSV1-efcada2a579c0692b644c8e0,MATERIAL,"INSUMOS PARA BOTIQUIN PRIMEROS AUXILIOS (GUANTES, GASAS, ALGODON, ETC.)",INSUMOS PARA BOTIQUIN PRIMEROS AUXILIOS GUANTES GASAS ALGODON ETC,glb,0,1,1,1,1,1,50.000000,50.000000,50.000000,50.000000,1,1
INSV1-874c1362468cb29c0343e8bc,MATERIAL,KIT PARA ATENCION DE DERRAMES,KIT PARA ATENCION DE DERRAMES,u,0,1,1,1,1,1,30.000000,30.000000,30.000000,30.000000,1,1
INSV1-0497c3d33cac2326f4df6c3d,EQUIPO,MEDIDOR DE PARTICULAS,MEDIDOR DE PARTICULAS,h,0,1,1,1,1,1,150.000000,150.000000,150.000000,150.000000,1,1
INSV1-64f9b0b98137789174e397e5,EQUIPO,SONOMETRO DIGITAL,SONOMETRO DIGITAL,h,0,1,1,1,1,1,39.500000,39.500000,39.500000,39.500000,1,1
INSV1-cd253709a95317e268e72c47,EQUIPO,HERRAMIENTA MENOR,HERRAMIENTA MENOR,%MO,1,1,1,1,522,0,,,,,,
INSV1-72a6329a622d5b1de0114c5a,EQUIPO,EQUIPO DE OXI-CORTE,EQUIPO DE OXI-CORTE,h,0,1,1,1,22,0,3.500000,3.500000,3.500000,3.500000,1,22
INSV1-4cfb4d38bdff20ca46cd5f23,MANO_OBRA,CHOFER DE VOLQUETA (ESTR. OC. C1),CHOFER DE VOLQUETA ESTR. OC. C1,h,0,1,1,1,45,0,6.220000,6.220000,6.220000,6.220000,1,45
INSV1-0d6b01d4e811c2c5e8896689,MATERIAL,ACCESORIOS Y VARIOS,ACCESORIOS Y VARIOS,glb,0,1,1,1,47,0,3.010000,3.010000,3.010000,3.010000,1,47
INSV1-23402e0af8a5bec3ef2b36d1,EQUIPO,MINI-CARGADOR CON MARTILLO ROMPEDOR,MINI-CARGADOR CON MARTILLO ROMPEDOR,h,0,1,1,1,18,0,27.500000,27.500000,27.500000,27.500000,1,18
INSV1-18204bdd046b97cd5d566d53,MANO_OBRA,OPERADOR MINI EXCAVADORA / MINI CARGADORA CON SUS ADITAMENTOS,OPERADOR MINI EXCAVADORA / MINI CARGADORA CON SUS ADITAMENTOS,h,0,1,1,1,18,0,4.520000,4.520000,4.520000,4.520000,1,18
INSV1-71079b8819f7464588085d86,EQUIPO,ESCALERA TELECOSPICA,ESCALERA TELECOSPICA,h,0,1,1,1,22,0,10.000000,10.000000,10.000000,10.000000,1,22
INSV1-dc09d9bafeedb6d412b0b1f5,MATERIAL,"CUARTON DE ENCOFRADO (0,05m X 0,04m X 3,00m)",CUARTON DE ENCOFRADO 0 05M X 0 04M X 3 00M,u,0,1,1,1,95,0,2.010000,2.010000,2.010000,2.010000,1,95
INSV1-bef504fe434a284df4ab131f,MATERIAL,CAÑAS,CANAS,u,0,1,1,1,4,0,2.010000,2.010000,2.010000,2.010000,1,4
INSV1-25783a7741fba24b24b83703,MATERIAL,"CLAVOS DE 2 1/2""",CLAVOS DE 2 1/2,kg,0,1,1,1,105,0,2.000000,2.000000,2.000000,2.000000,1,105
INSV1-d4d557257b0c1325f88db85f,MATERIAL,ALAMBRE RECOCIDO Nro. 18,ALAMBRE RECOCIDO NRO. 18,kg,0,1,1,1,71,0,2.010000,2.010000,2.010000,2.010000,1,71
INSV1-c66181c8e3119960420a1c72,MATERIAL,"TIRA DE ENCOFRADO SEMIDURA (10,00cm X 2,00cm X 4,00m)",TIRA DE ENCOFRADO SEMIDURA 10 00CM X 2 00CM X 4 00M,u,0,1,1,1,90,0,3.500000,3.500000,3.500000,3.500000,1,90
INSV1-25373e7148a8cb0802cc05a9,EQUIPO,ANDAMIO,ANDAMIO,h,0,1,1,1,28,0,0.150000,0.150000,0.150000,0.150000,1,28
INSV1-2d199576206a2a5eda9aaff1,MATERIAL,"VARIOS (CINTA AISLANTE, CABLE, ETC)",VARIOS CINTA AISLANTE CABLE ETC,glb,0,1,1,1,2,0,2.010000,2.010000,2.010000,2.010000,1,2
INSV1-00a213c6e6451d21bc18a25a,EQUIPO,RETROEXCAVADORA (INCL. MARTILLO),RETROEXCAVADORA INCL. MARTILLO,h,0,1,1,1,2,0,41.180000,41.180000,41.180000,41.180000,1,2
INSV1-8e83066fd2e38b984f9ce4a2,EQUIPO,MARTILLO NEUMATICO GRANDE,MARTILLO NEUMATICO GRANDE,h,0,1,1,1,4,0,7.000000,7.000000,7.000000,7.000000,1,4
INSV1-d6e2908f1a1cff479faa8447,EQUIPO,AMOLADORA/CORTADORA DE DISCO PARA HORMIGON,AMOLADORA/CORTADORA DE DISCO PARA HORMIGON,h,0,1,1,1,6,0,4.000000,4.000000,4.000000,4.000000,1,6
INSV1-94cbb27b20338002aa3a192b,EQUIPO,AMOLADORA DE DISCO PARA HORMIGON,AMOLADORA DE DISCO PARA HORMIGON,h,0,1,1,1,2,0,4.000000,4.000000,4.000000,4.000000,1,2
INSV1-7e4f3e1d0548d33420d71158,EQUIPO,EXCAVADORA DE ORUGA,EXCAVADORA DE ORUGA,h,0,1,1,1,2,0,45.000000,45.000000,45.000000,45.000000,1,2
INSV1-067218e0173e99721b92e01a,MANO_OBRA,OPERADOR DE EXCAVADORA,OPERADOR DE EXCAVADORA,h,0,1,1,1,2,0,4.750000,4.750000,4.750000,4.750000,1,2
INSV1-6ac4595af367d789cd4901fa,EQUIPO,"BOMBA DE AGUA 2"" (INCL. ACCESORIOS)",BOMBA DE AGUA 2 INCL. ACCESORIOS,h,0,1,1,1,10,0,3.130000,3.130000,3.130000,3.130000,1,10
INSV1-8409878948d0a9894f6acc23,MATERIAL,MATERIAL DE MEJORAMIENTO IMPORTADO (INCL. TRANSPORTE),MATERIAL DE MEJORAMIENTO IMPORTADO INCL. TRANSPORTE,m3,0,1,1,1,4,0,6.000000,6.000000,6.000000,6.000000,1,4
INSV1-f050da975ebce3f701fb716f,MATERIAL,PRUEBA DE DENSIDAD,PRUEBA DE DENSIDAD,u,0,1,1,1,2,0,18.010000,18.010000,18.010000,18.010000,1,2
INSV1-836e108f0351af8a6814024a,MATERIAL,SUB BASE CLASE - 3,SUB BASE CLASE - 3,m3,0,1,1,1,2,0,10.010000,10.010000,10.010000,10.010000,1,2
INSV1-a57420f0d1babf0465870c69,EQUIPO,VIBRADOR CON MANGUERA,VIBRADOR CON MANGUERA,h,0,1,1,1,105,0,3.130000,3.130000,3.130000,3.130000,1,105
INSV1-63055f5ba7d9c4bbba5fd6ce,EQUIPO,COMPACTADOR MANUAL,COMPACTADOR MANUAL,h,0,1,1,1,16,0,3.750000,3.750000,3.750000,3.750000,1,16
INSV1-d526235b295c6958f6ec7600,MATERIAL,CEMENTO PORTLAND TIPO 1 (50 KG),CEMENTO PORTLAND TIPO 1 50 KG,kg,0,1,1,1,133,0,0.160000,0.160000,0.160000,0.160000,1,133
INSV1-d9e266c454d4905f38a6a818,MATERIAL,ARENA FINA,ARENA FINA,m3,0,1,1,1,129,0,15.000000,15.000000,15.000000,15.000000,1,129
INSV1-255bded90ac8a92f4e0eabb6,MATERIAL,"PIEDRA 3/4"" (INCL. TRANSPORTE)",PIEDRA 3/4 INCL. TRANSPORTE,m3,0,1,1,1,111,0,14.810000,14.810000,14.810000,14.810000,1,111
INSV1-ef879b836173a1628a39991b,MATERIAL,CURADOR,CURADOR,galon,0,1,1,1,48,0,6.010000,6.010000,6.010000,6.010000,1,48
INSV1-47d716dd9e446f5af705e65d,MATERIAL,ASFALTO - AP3,ASFALTO - AP3,galon,0,1,1,1,28,0,0.850000,0.850000,0.850000,0.850000,1,28
INSV1-b2ff905410180303f6cc4b65,MATERIAL,TABLA DE ENCOFRADO,TABLA DE ENCOFRADO,u,0,1,1,1,26,0,3.010000,3.010000,3.010000,3.010000,1,26
INSV1-99db61a59988e52b3e7ea296,MATERIAL,MALLA ELECTROSOLDADA 15x15cm Ø8.00mm,MALLA ELECTROSOLDADA 15X15CM DIAM 8.00MM,m2,0,1,1,1,6,0,6.170000,6.170000,6.170000,6.170000,1,6
INSV1-ab1ffda4046a13cc844e095b,MATERIAL,ADITIVO ACELERANTE,ADITIVO ACELERANTE,kg,0,1,1,1,28,0,2.500000,2.500000,2.500000,2.500000,1,28
INSV1-465f5c4b026975b41f3caa57,EQUIPO,RODILLO DOBLE TAMBOR,RODILLO DOBLE TAMBOR,h,0,1,1,1,14,0,20.000000,20.000000,20.000000,20.000000,1,14
INSV1-09c8f4b11b28fc063f6a055d,MATERIAL,"TIRA DE MADERA SEMIDURA (6,00cm X 2,00cm X 4,00m)",TIRA DE MADERA SEMIDURA 6 00CM X 2 00CM X 4 00M,u,0,1,1,1,16,0,1.400000,1.400000,1.400000,1.400000,1,16
INSV1-d2b954901b67aebc50eeca5b,MATERIAL,"TABLA DE ENCOFRADO SEMIDURA (20,00cm X 2,00 cm X 4,00m)",TABLA DE ENCOFRADO SEMIDURA 20 00CM X 2 00 CM X 4 00M,u,0,1,1,1,43,0,3.500000,3.500000,3.500000,3.500000,1,43
INSV1-5751f94fcdd3f36dddae82db,EQUIPO,VIBRO-APISONADOR,VIBRO-APISONADOR,h,0,1,1,1,2,0,7.500000,7.500000,7.500000,7.500000,1,2
INSV1-71274184a31e207557dc0010,MATERIAL,PIGMENTO DE TONO SIMILAR AL ADOQUIN,PIGMENTO DE TONO SIMILAR AL ADOQUIN,kg,0,1,1,1,2,0,5.010000,5.010000,5.010000,5.010000,1,2
INSV1-916ee5d7679a7935ce9f8ea8,EQUIPO,CORTADORA MANUAL HIERRO,CORTADORA MANUAL HIERRO,h,0,1,1,1,4,0,1.500000,1.500000,1.500000,1.500000,1,4
INSV1-2b1fd68a00050d2f37674891,MATERIAL,ACERO DE REFUERZO FY=4200 Kg/cm2,ACERO DE REFUERZO FY 4200 KG/CM2,kg,0,1,1,1,70,0,1.200000,1.200000,1.200000,1.200000,1,70
INSV1-cf99ca239bfc2d20892cc093,EQUIPO,APISONADOR VERTICAL,APISONADOR VERTICAL,h,0,1,1,1,12,0,2.000000,2.000000,2.000000,2.000000,1,12
INSV1-4d2ee805e37eebe3c6c2da93,MATERIAL,ADITIVO CURADOR,ADITIVO CURADOR,kg,0,1,1,1,2,0,7.360000,7.360000,7.360000,7.360000,1,2
INSV1-3c4815fbfcdfb8e5c0cfee05,MATERIAL,"CUARTON (6,00cm X 4,00cm X 4,00m)",CUARTON 6 00CM X 4 00CM X 4 00M,u,0,1,1,1,6,0,2.600000,2.600000,2.600000,2.600000,1,6
INSV1-7cfe7151d9fe75668c573974,MATERIAL,MALLA ELECTROSOLDADA 15x15cm Ø5.5mm,MALLA ELECTROSOLDADA 15X15CM DIAM 5.5MM,m2,0,1,1,1,14,0,2.970000,2.970000,2.970000,2.970000,1,14
INSV1-770e0b5f0374a51fb932f001,MATERIAL,PLANCHA DE YESO INDUSTRIAL,PLANCHA DE YESO INDUSTRIAL,m2,0,1,1,1,2,0,5.000000,5.000000,5.000000,5.000000,1,2
INSV1-a9f4304ab8b6ac10007a39a0,MATERIAL,SOLDADURA E-6011,SOLDADURA E-6011,kg,0,1,1,1,23,0,5.030000,5.030000,5.030000,5.030000,1,23
INSV1-6bf28a0f6389b22dd9738d6a,MATERIAL,ALAMBRE GALVANIZADO Nro. 18,ALAMBRE GALVANIZADO NRO. 18,kg,0,1,1,1,2,0,2.900000,2.900000,2.900000,2.900000,1,2
INSV1-185094598eccd1b13371b28f,EQUIPO,CORTADORA DE ALUMINIO,CORTADORA DE ALUMINIO,h,0,1,1,1,2,0,3.130000,3.130000,3.130000,3.130000,1,2
INSV1-91e17f943aa5a0a6b4c48832,MATERIAL,VENTANA CORREDIZA DE ALUMINIO NATURAL Y VIDRIO CLARO DE E=6.00mm (INCL. TRANSPORTE),VENTANA CORREDIZA DE ALUMINIO NATURAL Y VIDRIO CLARO DE E 6.00MM INCL. TRANSPORTE,m2,0,1,1,1,2,0,72.000000,72.000000,72.000000,72.000000,1,2
INSV1-307c606b8510de1057ac533a,MATERIAL,MALLA ANTIMOSQUITO,MALLA ANTIMOSQUITO,m2,0,1,1,1,2,0,10.000000,10.000000,10.000000,10.000000,1,2
INSV1-c557c174d674a5fb625dedba,EQUIPO,TALADRO,TALADRO,h,0,1,1,1,2,0,1.250000,1.250000,1.250000,1.250000,1,2
INSV1-bdaab1b0a2ba34b540d3289b,EQUIPO,SIERRA ELECTRICA PARA MADERA,SIERRA ELECTRICA PARA MADERA,h,0,1,1,1,2,0,2.000000,2.000000,2.000000,2.000000,1,2
INSV1-6d603a17863603d866570ab0,EQUIPO,ATORNILLADORA,ATORNILLADORA,h,0,1,1,1,2,0,2.000000,2.000000,2.000000,2.000000,1,2
INSV1-1adc8d6a365519b4c3fc1a5d,MATERIAL,PUERTA DE MADERA TAMBORADA (INCL. MARCO Y TAPA MARCO),PUERTA DE MADERA TAMBORADA INCL. MARCO Y TAPA MARCO,m2,0,1,1,1,2,0,70.010000,70.010000,70.010000,70.010000,1,2
INSV1-255d82444cc7d97aa13b0a0d,MATERIAL,"ALUMINIO - ZINC E=0,35mm (INCL. CUMBRERO)",ALUMINIO - ZINC E 0 35MM INCL. CUMBRERO,u,0,1,1,1,2,0,16.010000,16.010000,16.010000,16.010000,1,2
INSV1-55a8e8deaf67762e9ad712b0,MATERIAL,"ACCESORIOS VARIOS (TIRAFONDO, GANCHOS, TUERCAS GALVANIZADA, ETC)",ACCESORIOS VARIOS TIRAFONDO GANCHOS TUERCAS GALVANIZADA ETC,u,0,1,1,1,2,0,6.000000,6.000000,6.000000,6.000000,1,2
INSV1-afaf9d5e04d6e1d10c8069d1,MATERIAL,"TABLON L=0,80m",TABLON L 0 80M,u,0,1,1,1,18,0,18.000000,18.000000,18.000000,18.000000,1,18
INSV1-27a238f0b7a09a4708c53d5f,MATERIAL,PERFILERIA ESTRUCTURAL,PERFILERIA ESTRUCTURAL,kg,0,1,1,1,4,0,1.810000,1.810000,1.810000,1.810000,1,4
INSV1-d6f214a22d9fb36a30253043,MATERIAL,PINTURA ANTICORRISIVA INDUSTRIAL ESMALTE ALQUIDICO,PINTURA ANTICORRISIVA INDUSTRIAL ESMALTE ALQUIDICO,galon,0,1,1,1,13,0,15.530000,15.530000,15.530000,15.530000,1,13
INSV1-8ca0ea3196a6c5010ac26999,MATERIAL,ESMALTE SEMI-BRILLANTE,ESMALTE SEMI-BRILLANTE,galon,0,1,1,1,10,0,18.010000,18.010000,18.010000,18.010000,1,10
INSV1-ae678f420f7488a4e2ca8e4a,MATERIAL,DILUYENTE LACA,DILUYENTE LACA,galon,0,1,1,1,13,0,6.310000,6.310000,6.310000,6.310000,1,13
INSV1-7fcf1eb12e9d1b32865c4b04,EQUIPO,COMPRESOR + SOPLETE,COMPRESOR + SOPLETE,h,0,1,1,1,6,0,1.750000,1.750000,1.750000,1.750000,1,6
INSV1-0ebc369d8dc4b3c67097ec5b,EQUIPO,ESCALERA,ESCALERA,h,0,1,1,1,23,0,1.500000,1.500000,1.500000,1.500000,1,23
INSV1-6864fcfa975b87fe138d30af,MATERIAL,"ACERO (PLATINAS, PERFILES, TUBOS, VARILLAS, BISAGRAS, ETC)",ACERO PLATINAS PERFILES TUBOS VARILLAS BISAGRAS ETC,kg,0,1,1,1,4,0,1.600000,1.600000,1.600000,1.600000,1,4
INSV1-592eaaeb9e6b55b1f140fb82,MATERIAL,MALLA ELECTROSOLDADA 10x10cm Ø7.00mm,MALLA ELECTROSOLDADA 10X10CM DIAM 7.00MM,m2,0,1,1,1,2,0,8.000000,8.000000,8.000000,8.000000,1,2
INSV1-2f9257ad4fe081c97a9869c3,MATERIAL,BLOQUE DE ARENA CEMENTO PL-19 (19x19x39cm) (LIVIANO),BLOQUE DE ARENA CEMENTO PL-19 19X19X39CM LIVIANO,u,0,1,1,1,2,0,0.610000,0.610000,0.610000,0.610000,1,2
INSV1-fa8ca00e81f1a3a0e3c6a266,MATERIAL,"ACCESORIOS VARIOS (COMBUSTIBLE, ACEITE, DILUYENTE, ETC.)",ACCESORIOS VARIOS COMBUSTIBLE ACEITE DILUYENTE ETC,glb,0,1,1,1,8,0,5.500000,5.500000,5.500000,5.500000,1,8
INSV1-21f2ff3847dab40d5e5ea49e,MATERIAL,PINTURA DE CAUCHO LATEX CON ACABADO MATE (ANTIBACTERIAL + BAJO OLOR),PINTURA DE CAUCHO LATEX CON ACABADO MATE ANTIBACTERIAL + BAJO OLOR,galon,0,1,1,1,6,0,16.660000,16.660000,16.660000,16.660000,1,6
INSV1-2d8eed883639f9320fc852e2,MATERIAL,PINTURA ESMALTE ACRILICA A BASE DE AGUA (PAREDES Y MUROS),PINTURA ESMALTE ACRILICA A BASE DE AGUA PAREDES Y MUROS,galon,0,1,1,1,2,0,24.010000,24.010000,24.010000,24.010000,1,2
INSV1-bf9bf8cc4703af07ba5ffd53,MATERIAL,MALLA ELECTROSOLDADA 15x15cm Ø7.00mm,MALLA ELECTROSOLDADA 15X15CM DIAM 7.00MM,m2,0,1,1,1,2,0,6.010000,6.010000,6.010000,6.010000,1,2
INSV1-faaf2d0d4516f81f5e7c493d,MATERIAL,BLOQUE DE ARENA CEMENTO PL-9 (9x19x39cm) (LIVIANO),BLOQUE DE ARENA CEMENTO PL-9 9X19X39CM LIVIANO,u,0,1,1,1,2,0,0.300000,0.300000,0.300000,0.300000,1,2
INSV1-fbdc06394ad96bf668cadf0f,MATERIAL,PINTURA ESMALTE A BASE DE ACEITE,PINTURA ESMALTE A BASE DE ACEITE,galon,0,1,1,1,5,0,16.380000,16.380000,16.380000,16.380000,1,5
INSV1-49e04969ef439104f4100c82,EQUIPO,GENERADOR,GENERADOR,h,0,1,1,1,2,0,1.000000,1.000000,1.000000,1.000000,1,2
INSV1-cbd160ad326c8b71cb1bbf19,EQUIPO,REFLECTOR,REFLECTOR,h,0,1,1,1,2,0,0.500000,0.500000,0.500000,0.500000,1,2
INSV1-1390142fd61d3a4e6ac25723,MATERIAL,"HIDRANTE 3"" (90mm)CON 2 SALIDAS DE 2 1/2"" (75mm)",HIDRANTE 3 90MM CON 2 SALIDAS DE 2 1/2 75MM,u,0,1,1,1,2,0,1125.500000,1125.500000,1125.500000,1125.500000,1,2
INSV1-c842c8341809b920ed002995,MATERIAL,"TUBERIA PVC PRESION D=3"" (90mm) U/Z, 0.80 Mpa",TUBERIA PVC PRESION D 3 90MM U/Z 0.80 MPA,m,0,1,1,1,2,0,5.010000,5.010000,5.010000,5.010000,1,2
INSV1-457626201a7dacb9b0eb05ad,MATERIAL,"CODO DE D=3"" (Ø90mm) x 90˚",CODO DE D 3 DIAM 90MM X 90,u,0,1,1,1,2,0,4.000000,4.000000,4.000000,4.000000,1,2
INSV1-84678d53fe8c6bb4aa398be7,MATERIAL,"CODO DE D=3"" (Ø90mm) x 45˚",CODO DE D 3 DIAM 90MM X 45,u,0,1,1,1,2,0,25.010000,25.010000,25.010000,25.010000,1,2
INSV1-bbd7da501cb339dfaed0a6ac,MATERIAL,VALVULA DE HIDRANTE,VALVULA DE HIDRANTE,u,0,1,1,1,2,0,270.010000,270.010000,270.010000,270.010000,1,2
INSV1-608cff6be76b62dc6c2699bc,MATERIAL,CAJETIN,CAJETIN,u,0,1,1,1,2,0,22.000000,22.000000,22.000000,22.000000,1,2
INSV1-342850c3420c005013a0ee42,MATERIAL,"BRIDA D=90mm 3"" E/C, 8 HUECOS",BRIDA D 90MM 3 E/C 8 HUECOS,u,0,1,1,1,2,0,22.010000,22.010000,22.010000,22.010000,1,2
INSV1-9d924431247e46c1518d13ad,MATERIAL,UNION GIBAULT,UNION GIBAULT,u,0,1,1,1,2,0,120.010000,120.010000,120.010000,120.010000,1,2
INSV1-e3f04d5e4a4f754a0880f595,MATERIAL,"TEE DE PVC D= 4"" (Ø110mm) x 3"" (Ø90mm)",TEE DE PVC D 4 DIAM 110MM X 3 DIAM 90MM,u,0,1,1,1,2,0,35.010000,35.010000,35.010000,35.010000,1,2
INSV1-a70cb7b85057bc126ed0f2c4,MATERIAL,ADAPTADOR BRIDADO,ADAPTADOR BRIDADO,u,0,1,1,1,2,0,22.000000,22.000000,22.000000,22.000000,1,2
INSV1-ee2638092e861a92a8bbc8f4,MATERIAL,"MEDIDOR DE D=3"" (Ø90mm)",MEDIDOR DE D 3 DIAM 90MM,u,0,1,1,1,2,0,40.010000,40.010000,40.010000,40.010000,1,2
INSV1-7c6f9584f19600401820fe7a,MATERIAL,"PERNOS AL(3-31/2"") - (INCL. TUERCA Y ANILLO)",PERNOS AL 3-31/2 - INCL. TUERCA Y ANILLO,u,0,1,1,1,2,0,4.010000,4.010000,4.010000,4.010000,1,2
INSV1-901d67681e0a04fe7fb6bd60,MATERIAL,TAPA METALICA 70x70 cm (INCL. MARCO Y CONTRA MARCO CON VISOR),TAPA METALICA 70X70 CM INCL. MARCO Y CONTRA MARCO CON VISOR,u,0,1,1,1,2,0,75.010000,75.010000,75.010000,75.010000,1,2
INSV1-4688e165c7aa869a9bc318a0,MATERIAL,DISCO DE CORTE D=180mm,DISCO DE CORTE D 180MM,u,0,1,1,1,4,0,35.000000,35.000000,35.000000,35.000000,1,4
INSV1-785427b21b397a8ce28f8ebf,MATERIAL,MALLA PARA ENLUCIR,MALLA PARA ENLUCIR,m2,0,1,1,1,4,0,40.010000,40.010000,40.010000,40.010000,1,4
INSV1-66ec93061335a09d3765b3b7,EQUIPO,MARTILLO ELECTRICO,MARTILLO ELECTRICO,h,0,1,1,1,2,0,6.000000,6.000000,6.000000,6.000000,1,2
INSV1-592b129cbde28f731bb96edf,MATERIAL,"MORTERO DE 80 kg/cm2 PARA ENLUCIDOS DE 5.00mm A 20.00mm, MODIFICADO CON LATEX MICROFIBRAS Y ADITIVOS (SACO 40kg)",MORTERO DE 80 KG/CM2 PARA ENLUCIDOS DE 5.00MM A 20.00MM MODIFICADO CON LATEX MICROFIBRAS Y ADITIVOS SACO 40KG,saco,0,1,1,1,2,0,4.270000,4.270000,4.270000,4.270000,1,2
INSV1-31c7212fab8c5b79a0a15bbc,MATERIAL,ANGULO,ANGULO,u,0,1,1,1,2,0,10.010000,10.010000,10.010000,10.010000,1,2
INSV1-d2414a779e455dc10f0c8228,MATERIAL,BLOQUE PESADO DE HORMIGON SIMPLE (9x19x39cm),BLOQUE PESADO DE HORMIGON SIMPLE 9X19X39CM,u,0,1,1,1,2,0,0.380000,0.380000,0.380000,0.380000,1,2
INSV1-5dfd4e22f83ab1fd3cb4a81b,MATERIAL,MORTERO PARA PEGAR BLOQUES DE COMPRESION MODERADA (SACO 40 KG),MORTERO PARA PEGAR BLOQUES DE COMPRESION MODERADA SACO 40 KG,u,0,1,1,1,2,0,3.110000,3.110000,3.110000,3.110000,1,2
INSV1-0c38811d6f17afe8a360691d,MATERIAL,MOLDES,MOLDES,glb,0,1,1,1,2,0,1.010000,1.010000,1.010000,1.010000,1,2
INSV1-d77e9d0a85b88451ee58ed31,MATERIAL,"PORCELANATO , CERAMICA, BALDOSA 30x30cm",PORCELANATO CERAMICA BALDOSA 30X30CM,m2,0,1,1,1,4,0,20.010000,20.010000,20.010000,20.010000,1,4
INSV1-45ce3d3d1578d4a83df47143,MATERIAL,"MORTERO ADHESIVO PARA BALDOSAS, CERAMICAS, PORCELANATOS Y RECUBRIMIENTO; EN PISO, PAREDES INTERNAS Y EXTERNAS - (SACO 40 KG)",MORTERO ADHESIVO PARA BALDOSAS CERAMICAS PORCELANATOS Y RECUBRIMIENTO EN PISO PAREDES INTERNAS Y EXTERNAS - SACO 40 KG,kg,0,1,1,1,4,0,0.160000,0.160000,0.160000,0.160000,1,4
INSV1-ffdee1241660e674bf48e081,MATERIAL,"MORTERO SIN ARENA CON POLIMERO PARA EMPORAR JUNTAS DE 1.5mm A 6.00mm PARA PORCELANATO, CERAMICA Y BALDOSA",MORTERO SIN ARENA CON POLIMERO PARA EMPORAR JUNTAS DE 1.5MM A 6.00MM PARA PORCELANATO CERAMICA Y BALDOSA,kg,0,1,1,1,4,0,0.610000,0.610000,0.610000,0.610000,1,4
INSV1-32517f03ed9d30ee210d4c3b,MATERIAL,PORCELANA EN POLVO PARA EMPORAR,PORCELANA EN POLVO PARA EMPORAR,kg,0,1,1,1,4,0,1.670000,1.670000,1.670000,1.670000,1,4
INSV1-eceb695fd073887206815856,MATERIAL,ESPONJA,ESPONJA,m2,0,1,1,1,4,0,2.010000,2.010000,2.010000,2.010000,1,4
INSV1-e44485d2d52e7abf006284a0,MATERIAL,ESPATULA,ESPATULA,u,0,1,1,1,14,0,3.010000,3.010000,3.010000,3.010000,1,14
INSV1-594dda4ba58f286c761f3f95,EQUIPO,HIDRO-LAVADORA 3000 PSI,HIDRO-LAVADORA 3000 PSI,h,0,1,1,1,31,0,3.500000,3.500000,3.500000,3.500000,1,31
INSV1-09d01f24b096f1b475b3bf59,MATERIAL,"ADOQUIN DE ARCILLA 10x20x0,25cm COLOR NEGRO MIXTUERADO",ADOQUIN DE ARCILLA 10X20X0 25CM COLOR NEGRO MIXTUERADO,m2,0,1,1,1,2,0,14.000000,14.000000,14.000000,14.000000,1,2
INSV1-f91d37e379e1829967ffee06,MATERIAL,DISCO DE CORTE,DISCO DE CORTE,u,0,1,1,1,10,0,30.000000,30.000000,30.000000,30.000000,1,10
INSV1-f1870ee4d79b25303db8942e,MATERIAL,SELLADOR DE ADOQUIN,SELLADOR DE ADOQUIN,galon,0,1,1,1,4,0,30.010000,30.010000,30.010000,30.010000,1,4
INSV1-75bfc3e832f47eba8713857c,MATERIAL,MATERIAL BITUMINOSO (ASFALTO AP3),MATERIAL BITUMINOSO ASFALTO AP3,galon,0,1,1,1,2,0,2.010000,2.010000,2.010000,2.010000,1,2
INSV1-9e5e1917627709881cb226ac,MATERIAL,"ACCESORIOS VARIOS (CINTA ADHESIVA, AGUAFUERTE, ETC.)",ACCESORIOS VARIOS CINTA ADHESIVA AGUAFUERTE ETC,glb,0,1,1,1,2,0,2.000000,2.000000,2.000000,2.000000,1,2
INSV1-4f22d05cc55c2a24555b4d68,MATERIAL,BALDOSA PODOTACTIL DE 30x30 DE PIEDRA CALIZA,BALDOSA PODOTACTIL DE 30X30 DE PIEDRA CALIZA,m2,0,1,1,1,2,0,30.000000,30.000000,30.000000,30.000000,1,2
INSV1-1515399975108866efa70c4e,MATERIAL,POLVO ADITIVO PARA PORCELANATO,POLVO ADITIVO PARA PORCELANATO,m2,0,1,1,1,2,0,5.010000,5.010000,5.010000,5.010000,1,2
INSV1-d4642c8f6b0e4dd541aff24a,MATERIAL,GRANITO LAVADO,GRANITO LAVADO,saco,0,1,1,1,2,0,5.010000,5.010000,5.010000,5.010000,1,2
INSV1-eb08b8e7a46517dc95cb9fb6,MATERIAL,"ACCESORIOS VARIOS (ESPONJA, LLANA, ETC.)",ACCESORIOS VARIOS ESPONJA LLANA ETC,glb,0,1,1,1,2,0,3.010000,3.010000,3.010000,3.010000,1,2
INSV1-08fb0772ff69e0b75de2afde,MATERIAL,SELLADOR ACRILICO REFORZADO CON FIBRAS PARA PAREDES,SELLADOR ACRILICO REFORZADO CON FIBRAS PARA PAREDES,galon,0,1,1,1,2,0,16.660000,16.660000,16.660000,16.660000,1,2
INSV1-e0087e3ce69cc73f7be0bcb7,MATERIAL,BROCHA,BROCHA,u,0,1,1,1,10,0,3.010000,3.010000,3.010000,3.010000,1,10
INSV1-5bf2704d6daa2badfcbcbacf,MATERIAL,LIJA # 100,LIJA 100,u,0,1,1,1,4,0,0.360000,0.360000,0.360000,0.360000,1,4
INSV1-b65be227075ca5cd99a23710,MATERIAL,CABUYA,CABUYA,u,0,1,1,1,2,0,0.610000,0.610000,0.610000,0.610000,1,2
INSV1-99fa10940ff26e474d9e9b9f,MATERIAL,ADHESIVO LIQUIDO,ADHESIVO LIQUIDO,l,0,1,1,1,2,0,2.010000,2.010000,2.010000,2.010000,1,2
INSV1-2fd0fd4a27c23e7e69c4da8d,EQUIPO,"EQUIPO DE PINTURA (PISTOLA, CABEZAL, BOQUILLA)",EQUIPO DE PINTURA PISTOLA CABEZAL BOQUILLA,h,0,1,1,1,3,0,2.000000,2.000000,2.000000,2.000000,1,3
INSV1-0fa374390218f323f9dd328c,MATERIAL,LIJA # 120,LIJA 120,u,0,1,1,1,4,0,0.400000,0.400000,0.400000,0.400000,1,4
INSV1-915482e648dddb228a493c29,MATERIAL,EPOXICO FOSFATO DE ZINC,EPOXICO FOSFATO DE ZINC,galon,0,1,1,1,4,0,15.010000,15.010000,15.010000,15.010000,1,4
INSV1-b6e6618720570c8c71fc9aca,MATERIAL,GASOLINA,GASOLINA,galon,0,1,1,1,4,0,2.010000,2.010000,2.010000,2.010000,1,4
INSV1-df462a8ebcd3400152113162,MATERIAL,HORMIGON PREMEZCLADO F'C= 280 KG/CM2,HORMIGON PREMEZCLADO F'C 280 KG/CM2,m3,0,1,1,1,4,0,119.000000,119.000000,119.000000,119.000000,1,4
INSV1-82068bdb5cf375419fd4c814,EQUIPO,TANQUERO,TANQUERO,h,0,1,1,1,9,0,20.000000,20.000000,20.000000,20.000000,1,9
INSV1-c0da69493c2835bf57415838,EQUIPO,EQUIPO TOPOGRAFICO,EQUIPO TOPOGRAFICO,h,0,1,1,1,4,0,2.500000,2.500000,2.500000,2.500000,1,4
INSV1-f1161a62d00e19f1a03711a7,MANO_OBRA,AYUDANTE DE MAQUINARIA,AYUDANTE DE MAQUINARIA,h,0,1,1,1,3,0,4.350000,4.350000,4.350000,4.350000,1,3
INSV1-1f7961b3290c3c9407726829,MANO_OBRA,TOPOGRAFO (EN CONSTRUCCION - ESTR. OC. C1),TOPOGRAFO EN CONSTRUCCION - ESTR. OC. C1,h,0,1,1,1,4,0,4.750000,4.750000,4.750000,4.750000,1,4
INSV1-d68108b8e223883f0b5c46dd,MATERIAL,BASE CLASE 1 (INCL. TRANSPORTE),BASE CLASE 1 INCL. TRANSPORTE,m3,0,1,1,1,2,0,14.000000,14.000000,14.000000,14.000000,1,2
INSV1-b061ad4ddb3f7fc5fc398e74,MATERIAL,ARENA GRUESA DE RIO PARA RECUBRIMIENTO (INCL. TRANSPORTE),ARENA GRUESA DE RIO PARA RECUBRIMIENTO INCL. TRANSPORTE,m3,0,1,1,1,10,0,12.000000,12.000000,12.000000,12.000000,1,10
INSV1-08ea5486625e86b5b1aebcd1,MATERIAL,HORMIGON PREMEZCLADO 4.5 MPA,HORMIGON PREMEZCLADO 4.5 MPA,m3,0,1,1,1,2,0,139.000000,139.000000,139.000000,139.000000,1,2
INSV1-c97f0cad41a425805dc0c725,EQUIPO,CAMION DISTRIBUIDOR DE ASFALTO,CAMION DISTRIBUIDOR DE ASFALTO,h,0,1,1,1,2,0,40.000000,40.000000,40.000000,40.000000,1,2
INSV1-7954102c21252fc59eea2a15,EQUIPO,FINISHER,FINISHER,h,0,1,1,1,2,0,45.000000,45.000000,45.000000,45.000000,1,2
INSV1-b730177b226315d3a8f26247,MANO_OBRA,OPERADOR DE DISTRIBUIDOR DE ASFALTO,OPERADOR DE DISTRIBUIDOR DE ASFALTO,h,0,1,1,1,2,0,4.520000,4.520000,4.520000,4.520000,1,2
INSV1-90f96e1d8b44c0767f3a89f0,MANO_OBRA,OPERADOR DE MAQUINA PARA SELLOS ASFALTICO,OPERADOR DE MAQUINA PARA SELLOS ASFALTICO,h,0,1,1,1,2,0,4.750000,4.750000,4.750000,4.750000,1,2
INSV1-2b203b943a7225b904e990b1,MATERIAL,MEZCLA ASFALTICA (INCL. TRANSPORTE),MEZCLA ASFALTICA INCL. TRANSPORTE,m3,0,1,1,1,2,0,83.000000,83.000000,83.000000,83.000000,1,2
INSV1-7bf739617337ae6af852441c,MATERIAL,ASFALTO RC-250,ASFALTO RC-250,galon,0,1,1,1,2,0,1.910000,1.910000,1.910000,1.910000,1,2
INSV1-77b837ab860eabb433a070cf,MATERIAL,DIESEL II,DIESEL II,galon,0,1,1,1,2,0,1.210000,1.210000,1.210000,1.210000,1,2
INSV1-76d00814915ad335858a5c1a,EQUIPO,FLOTADOR,FLOTADOR,h,0,1,1,1,2,0,0.500000,0.500000,0.500000,0.500000,1,2
INSV1-aab942070419e33cc784fdb9,MATERIAL,ENCOFRADO METALICO PARA VIAS,ENCOFRADO METALICO PARA VIAS,m2,0,1,1,1,2,0,7.500000,7.500000,7.500000,7.500000,1,2
INSV1-9175d0b9d2c5254c8113d616,MATERIAL,BOLARDO METALICO RELLENO DE HORMIGON,BOLARDO METALICO RELLENO DE HORMIGON,u,0,1,1,1,4,0,80.010000,80.010000,80.010000,80.010000,1,4
INSV1-c31fc9b52c25dcb8f9954ba2,MATERIAL,BASURERO,BASURERO,u,0,1,1,1,2,0,150.000000,150.000000,150.000000,150.000000,1,2
INSV1-fe8c29b7f95572b3c93379cb,MATERIAL,BANCA METALICA ORNAMENTAL,BANCA METALICA ORNAMENTAL,u,0,1,1,1,2,0,375.000000,375.000000,375.000000,375.000000,1,2
INSV1-9e58e30d24095059e192cdf3,MATERIAL,PLATINA DE ACERO ASTM A36 DE 75x6mm,PLATINA DE ACERO ASTM A36 DE 75X6MM,u,0,1,1,1,2,0,1.510000,1.510000,1.510000,1.510000,1,2
INSV1-0daf3d3b4143a34ebfa30981,MATERIAL,ADITIVO ADHERENTE PARA MORTERO Y ELEMENTOS ESTRUCTURALES,ADITIVO ADHERENTE PARA MORTERO Y ELEMENTOS ESTRUCTURALES,galon,0,1,1,1,4,0,20.000000,20.000000,20.000000,20.000000,1,4
INSV1-de4faec2b328d59335086aeb,MATERIAL,PERNOS DE SUJECION,PERNOS DE SUJECION,u,0,1,1,1,2,0,0.200000,0.200000,0.200000,0.200000,1,2
INSV1-7ccd0afc950487e922577bc1,MATERIAL,"TUBO CUADRADO DE ACERO INOXIDABLE DE D=1"" (32mm), E=3mm",TUBO CUADRADO DE ACERO INOXIDABLE DE D 1 32MM E 3MM,m,0,1,1,1,2,0,10.000000,10.000000,10.000000,10.000000,1,2
INSV1-8400f559fa6073adabab10d0,MATERIAL,TAPA BASE DE ACERO INOXIDABLE,TAPA BASE DE ACERO INOXIDABLE,u,0,1,1,1,2,0,20.010000,20.010000,20.010000,20.010000,1,2
INSV1-ce3a2f0626f9635beb342c59,MATERIAL,CODO DE ACERO INOXIDABLE,CODO DE ACERO INOXIDABLE,u,0,1,1,1,2,0,4.000000,4.000000,4.000000,4.000000,1,2
INSV1-89d42bc9731a9dda823549d9,MATERIAL,"TUBO CUADRADO DE ACERO INOXIDABLE DE D=2"" (63mm), E=2mm",TUBO CUADRADO DE ACERO INOXIDABLE DE D 2 63MM E 2MM,m,0,1,1,1,2,0,17.000000,17.000000,17.000000,17.000000,1,2
INSV1-0ad09d0aa96ea7dc9c26efb7,MANO_OBRA,CHOFER DE TANQUEROS (ESTR. OC. C1),CHOFER DE TANQUEROS ESTR. OC. C1,h,0,1,1,1,7,0,6.220000,6.220000,6.220000,6.220000,1,7
INSV1-1f6190d24dfcb96d201ab8a5,MATERIAL,"TUBERIA PVC CORRUGADA D=10"" (250mm) x 6m DOBLE PARED",TUBERIA PVC CORRUGADA D 10 250MM X 6M DOBLE PARED,u,0,1,1,1,2,0,58.460000,58.460000,58.460000,58.460000,1,2
INSV1-ac2fec3284cd3a9103f81edd,MATERIAL,REJILLA PARA SUMIDERO HORIZONTAL 250 kn (30x60),REJILLA PARA SUMIDERO HORIZONTAL 250 KN 30X60,u,0,1,1,1,2,0,70.010000,70.010000,70.010000,70.010000,1,2
INSV1-e6d0c6b25b08878f7a63d627,MANO_OBRA,AYUDANTE DE PLOMERO,AYUDANTE DE PLOMERO,h,0,1,1,1,20,0,4.230000,4.230000,4.230000,4.230000,1,20
INSV1-aab14188f5d364983313dda6,MATERIAL,"TUBERIA DE PVC TIPO PESADO D=4"" (110mm) x 6m E/C",TUBERIA DE PVC TIPO PESADO D 4 110MM X 6M E/C,u,0,1,1,1,2,0,20.010000,20.010000,20.010000,20.010000,1,2
INSV1-5b0974fba21d2d8865684579,MATERIAL,MALLA ELECTROSOLDADA 10x10cm Ø5.00mm,MALLA ELECTROSOLDADA 10X10CM DIAM 5.00MM,m2,0,1,1,1,2,0,3.910000,3.910000,3.910000,3.910000,1,2
INSV1-00457fced460bdbe2cd7b927,MATERIAL,"TUBERIA PVC ROSCABLE D=1/2"" (Ø20mm) - 200 PSI",TUBERIA PVC ROSCABLE D 1/2 DIAM 20MM - 200 PSI,m,0,1,1,1,6,0,1.260000,1.260000,1.260000,1.260000,1,6
INSV1-13010b540943504bd47045af,MATERIAL,PEGAMENTO PARA TUBERIA Y ACCESORIOS DE PVC,PEGAMENTO PARA TUBERIA Y ACCESORIOS DE PVC,l,0,1,1,1,24,0,4.810000,4.810000,4.810000,4.810000,1,24
INSV1-d2990edef90a455a838a94a3,MATERIAL,TEFLON,TEFLON,u,0,1,1,1,2,0,0.310000,0.310000,0.310000,0.310000,1,2
INSV1-729545e0beb11daefa6fce71,MATERIAL,"ACCESORIOS VARIOS (CODO DE 1/2"" - UNION DE 1/2"" - TEE DE 1/2"" - NUDO DE 1/2""; LAINAS Y ANCLAJES)",ACCESORIOS VARIOS CODO DE 1/2 - UNION DE 1/2 - TEE DE 1/2 - NUDO DE 1/2 LAINAS Y ANCLAJES,glb,0,1,1,1,2,0,6.000000,6.000000,6.000000,6.000000,1,2
INSV1-d2ab3269555e76b06cc32adb,MATERIAL,CASCAJO DE MEJORAMIENTO IMPORTADO (INCL. TRANSPORTE),CASCAJO DE MEJORAMIENTO IMPORTADO INCL. TRANSPORTE,m3,0,1,1,1,2,0,3.110000,3.110000,3.110000,3.110000,1,2
INSV1-ddca619c4956f848c04497cc,MATERIAL,PIGMENTOS PARA COLOR DEL HORMIGON,PIGMENTOS PARA COLOR DEL HORMIGON,kg,0,1,1,1,2,0,6.010000,6.010000,6.010000,6.010000,1,2
INSV1-4a97da7649502aa41b192b33,EQUIPO,EQUIPO DE TERMOFUSION,EQUIPO DE TERMOFUSION,h,0,1,1,1,2,0,20.000000,20.000000,20.000000,20.000000,1,2
INSV1-2f31530752c02404fee4e907,MATERIAL,"TUBERIA PEAD D=1/2"" (Ø20mm), PE - 100 PN / 10BARS",TUBERIA PEAD D 1/2 DIAM 20MM PE - 100 PN / 10BARS,m,0,1,1,1,2,0,1.210000,1.210000,1.210000,1.210000,1,2
INSV1-bc0ae10f1ddad0d2945c0705,MATERIAL,"UNION PEAD D=1/2"" (20mm)",UNION PEAD D 1/2 20MM,u,0,1,1,1,2,0,5.010000,5.010000,5.010000,5.010000,1,2
INSV1-69f235dedb9609b55591869c,MATERIAL,TAPA METALICA 60x70 cm DE DIAMETRO ABISAGRA DE 125 kn,TAPA METALICA 60X70 CM DE DIAMETRO ABISAGRA DE 125 KN,u,0,1,1,1,2,0,170.010000,170.010000,170.010000,170.010000,1,2
INSV1-9d0b87773a7434e07d2e9ec5,MATERIAL,TABLERO CORRIENTE 4x8x12C,TABLERO CORRIENTE 4X8X12C,u,0,1,1,1,15,0,21.010000,21.010000,21.010000,21.010000,1,15
INSV1-4e2906f425ea0816ae8a3e22,MATERIAL,"SUMIDERO CON TUBERIA DE PVC D=2"" (Ø63mm)",SUMIDERO CON TUBERIA DE PVC D 2 DIAM 63MM,u,0,1,1,1,11,0,4.010000,4.010000,4.010000,4.010000,1,11
INSV1-bef51c061a9af8eb8b0672b5,MATERIAL,TAPA GRAFITO ESFEROIDAL DE 150x75cm CON RESISTENCIA 400 KN,TAPA GRAFITO ESFEROIDAL DE 150X75CM CON RESISTENCIA 400 KN,u,0,1,1,1,2,0,977.010000,977.010000,977.010000,977.010000,1,2
INSV1-0ee158a3e0f0d7cd831a33d9,MATERIAL,TAPA DE GRAFITO ESFEROIDAL DE 70cm DE DIAMETRO CON RESISTENCIA 125 KN,TAPA DE GRAFITO ESFEROIDAL DE 70CM DE DIAMETRO CON RESISTENCIA 125 KN,u,0,1,1,1,4,0,236.010000,236.010000,236.010000,236.010000,1,4
INSV1-ef49b13cffc373e39e741fd4,MATERIAL,TAPA DE GRAFITO ESFEROIDAL DE 70cm DE DIAMETRO CON RESISTENCIA 400KN,TAPA DE GRAFITO ESFEROIDAL DE 70CM DE DIAMETRO CON RESISTENCIA 400KN,u,0,1,1,1,4,0,240.010000,240.010000,240.010000,240.010000,1,4
INSV1-c534fd3abb629e9a35f4daf1,MATERIAL,"TUBERIA PVC CORRUGADA D=4"" (110mm) x 6m DOBLE PARED",TUBERIA PVC CORRUGADA D 4 110MM X 6M DOBLE PARED,u,0,1,1,1,6,0,20.930000,20.930000,20.930000,20.930000,1,6
INSV1-4cad6559191ebc2d8a47fe86,MATERIAL,"TUBERIA METALICA RIGIDA D=1 1/4"" (40mm)",TUBERIA METALICA RIGIDA D 1 1/4 40MM,u,0,1,1,1,2,0,17.010000,17.010000,17.010000,17.010000,1,2
INSV1-d29cab0da00645ad94bb7474,MATERIAL,"UNION RIGIDA D=1 1/4"" (40mm)",UNION RIGIDA D 1 1/4 40MM,u,0,1,1,1,2,0,1.310000,1.310000,1.310000,1.310000,1,2
INSV1-e8c3a5cfd7ae623020324af7,MATERIAL,"CODO METALICO RIGIDO D= 1 1/4"" (Ø40mm)",CODO METALICO RIGIDO D 1 1/4 DIAM 40MM,u,0,1,1,1,2,0,9.750000,9.750000,9.750000,9.750000,1,2
INSV1-754f913221c72bb9132bac74,MATERIAL,"TUBERIA PVC PRESION D=1"" (32mm)",TUBERIA PVC PRESION D 1 32MM,u,0,1,1,1,2,0,3.010000,3.010000,3.010000,3.010000,1,2
INSV1-e2e37a03ed85356a956f3239,MATERIAL,"CODO PVC PRESION D=1"" (Ø32mm) X 90˚",CODO PVC PRESION D 1 DIAM 32MM X 90,u,0,1,1,1,2,0,2.510000,2.510000,2.510000,2.510000,1,2
INSV1-aee7c4962175a34ad677d645,MATERIAL,"TUBERIA METALICA RIGIDA D=4"" (110mm) x 6m",TUBERIA METALICA RIGIDA D 4 110MM X 6M,u,0,1,1,1,4,0,68.540000,68.540000,68.540000,68.540000,1,4
INSV1-5baac7b36f9b3a9716cc9c6d,MATERIAL,"UNION RIGIDA D= 4"" (110mm)",UNION RIGIDA D 4 110MM,u,0,1,1,1,4,0,8.180000,8.180000,8.180000,8.180000,1,4
INSV1-57d83bfb3b16f73a2a7f1d03,MATERIAL,"HEBILLA METALICA D=1/2"" (20mm)",HEBILLA METALICA D 1/2 20MM,u,0,1,1,1,6,0,1.710000,1.710000,1.710000,1.710000,1,6
INSV1-bab453cf4a7277f71a35bd17,MATERIAL,"ZUNCHO METALICO D= 1/2"" (20mm) x 1m",ZUNCHO METALICO D 1/2 20MM X 1M,u,0,1,1,1,6,0,2.140000,2.140000,2.140000,2.140000,1,6
INSV1-27e104db7d7d48964f868822,MATERIAL,"CODO METALICO RIGIDO D=4"" (Ø110mm)",CODO METALICO RIGIDO D 4 DIAM 110MM,u,0,1,1,1,4,0,40.000000,40.000000,40.000000,40.000000,1,4
INSV1-a6bc6928eaaf4bf40e8465d9,MANO_OBRA,MAESTRO ELECTRICO / LINIERO / SUBESTACIONES,MAESTRO ELECTRICO / LINIERO / SUBESTACIONES,h,0,1,1,1,111,0,4.750000,4.750000,4.750000,4.750000,1,111
INSV1-21d64ca370388f2ee4c84b7e,MATERIAL,"REVERSIBLE D=4"" (110mm)",REVERSIBLE D 4 110MM,u,0,1,1,1,4,0,25.950000,25.950000,25.950000,25.950000,1,4
INSV1-c16a4e94cfa762fdbcd1018f,MATERIAL,"TUBERIA METALICA RIGIDA D=3"" (90mm) x 6m",TUBERIA METALICA RIGIDA D 3 90MM X 6M,u,0,1,1,1,2,0,58.380000,58.380000,58.380000,58.380000,1,2
INSV1-ae279f5ff70861677c7554f4,MATERIAL,"UNION RIGIDA D= 3"" (110mm)",UNION RIGIDA D 3 110MM,u,0,1,1,1,2,0,5.680000,5.680000,5.680000,5.680000,1,2
INSV1-ec8d346d36a66840fc28f990,MATERIAL,"CODO METALICO RIGIDO D=3"" (Ø90mm)",CODO METALICO RIGIDO D 3 DIAM 90MM,u,0,1,1,1,2,0,25.000000,25.000000,25.000000,25.000000,1,2
INSV1-6b2209770b36b9dca918a69c,MATERIAL,"REVERSIBLE D=3"" (90mm)",REVERSIBLE D 3 90MM,u,0,1,1,1,2,0,20.230000,20.230000,20.230000,20.230000,1,2
INSV1-b0bca27d75b381671c885d37,MATERIAL,"TUBERIA PVC PRESION D=2"" (63mm) x 3m",TUBERIA PVC PRESION D 2 63MM X 3M,u,0,1,1,1,4,0,3.710000,3.710000,3.710000,3.710000,1,4
INSV1-25f47c2994f27174a4e5483d,MATERIAL,"CODO PVC PRESION DE D=2"" (63mm) x 90˚",CODO PVC PRESION DE D 2 63MM X 90,u,0,1,1,1,4,0,3.000000,3.000000,3.000000,3.000000,1,4
INSV1-71cd1d4e55115366643047ea,MATERIAL,CABLE DE COBRE TIPO TTU #4/0 AWG,CABLE DE COBRE TIPO TTU 4/0 AWG,m,0,1,1,1,1,0,17.630000,17.630000,17.630000,17.630000,1,1
INSV1-c2100f1f7220515dee37717f,MATERIAL,CABLE DE COBRE TIPO TTU #250 MCM AWG,CABLE DE COBRE TIPO TTU 250 MCM AWG,m,0,1,1,1,1,0,21.020000,21.020000,21.020000,21.020000,1,1
INSV1-f1d6a7299122b113b5581f56,MATERIAL,CABLE DE COBRE TIPO TTU #350 MCM AWG,CABLE DE COBRE TIPO TTU 350 MCM AWG,m,0,1,1,1,2,0,30.360000,30.360000,30.360000,30.360000,1,2
INSV1-8892b8b7c047da9d5240c810,MATERIAL,CABLE DE COBRE TIPO THHN # 250 MCM AWG,CABLE DE COBRE TIPO THHN 250 MCM AWG,m,0,1,1,1,2,0,19.800000,19.800000,19.800000,19.800000,1,2
INSV1-71fafaca7e3ea55e3397b7dc,MATERIAL,"VARILLA PUESTA A TIERRA BAJADA CAMADA 2,40x5/8""",VARILLA PUESTA A TIERRA BAJADA CAMADA 2 40X5/8,u,0,1,1,1,10,0,10.920000,10.920000,10.920000,10.920000,1,10
INSV1-9d857e0d32a3ee20bc0b04d7,MATERIAL,CABLE DE COBRE DESNUDO #2/0 / 19 HILOS,CABLE DE COBRE DESNUDO 2/0 / 19 HILOS,m,0,1,1,1,6,0,6.430000,6.430000,6.430000,6.430000,1,6
INSV1-c87cdd4a505c4a127f1a64d1,MATERIAL,SOLDADURA EXOTERMICA #90,SOLDADURA EXOTERMICA 90,u,0,1,1,1,6,0,7.010000,7.010000,7.010000,7.010000,1,6
INSV1-66ea692c51609c8cd925a927,MATERIAL,TERMINAL DE COMPRESION #2/0 AWG,TERMINAL DE COMPRESION 2/0 AWG,u,0,1,1,1,6,0,1.610000,1.610000,1.610000,1.610000,1,6
INSV1-4d983e48f2bba49a99bf4a77,MATERIAL,"TABLERO METALICO DE 80cm DE ALTO x 90cm DE ANCHO x 30cm DE FONDO, EN UN PLANCHA DE 1/16""",TABLERO METALICO DE 80CM DE ALTO X 90CM DE ANCHO X 30CM DE FONDO EN UN PLANCHA DE 1/16,u,0,1,1,1,1,0,386.370000,386.370000,386.370000,386.370000,1,1
INSV1-00e1a5ba3b2f0d2468f389c0,MATERIAL,BREAKER MOLDEADA DE 2P - 125 AMP,BREAKER MOLDEADA DE 2P - 125 AMP,u,0,1,1,1,3,0,95.800000,95.800000,95.800000,95.800000,1,3
INSV1-78b2cc2b9ea1a2058a66945e,MATERIAL,BREAKER SOBRE PUESTA 2P - 50A,BREAKER SOBRE PUESTA 2P - 50A,u,0,1,1,1,11,0,15.980000,15.980000,15.980000,15.980000,1,11
INSV1-ae5ad8e04d33305771eaaaca,MATERIAL,BASE SOCKET MONOFASICA CLASE 100,BASE SOCKET MONOFASICA CLASE 100,u,0,1,1,1,3,0,20.000000,20.000000,20.000000,20.000000,1,3
INSV1-fd22a13a710f58d68e3594e7,MATERIAL,"PLATINA DE COBRE 170 AMPERIOS 1/8"" x 1/2""",PLATINA DE COBRE 170 AMPERIOS 1/8 X 1/2,m,0,1,1,1,11,0,4.080000,4.080000,4.080000,4.080000,1,11
INSV1-926d2befa8332fe3d9baadc5,MATERIAL,AISLADOR BARRA 25mm,AISLADOR BARRA 25MM,u,0,1,1,1,11,0,0.500000,0.500000,0.500000,0.500000,1,11
INSV1-f2395da013f90fb2f10726af,MATERIAL,"TABLERO METALICO DE 80cm DE ALTO x 120cm DE ANCHO x 30cm DE FONDO, EN PLANCHA DE 1/16""",TABLERO METALICO DE 80CM DE ALTO X 120CM DE ANCHO X 30CM DE FONDO EN PLANCHA DE 1/16,u,0,1,1,1,2,0,431.010000,431.010000,431.010000,431.010000,1,2
INSV1-e3cc5e2aa28553f90098eaa8,MATERIAL,BREAKER MOLDEADA DE 2P - 150 AMP,BREAKER MOLDEADA DE 2P - 150 AMP,u,0,1,1,1,4,0,190.490000,190.490000,190.490000,190.490000,1,4
INSV1-7a23e5f21e45f90030d27ba7,MATERIAL,"TABLERO METALICO DE 40cm DE ALTO x 60cm DE ANCHO x 30cm DE FONDO, EN PLANCHA DE D= 1/16""",TABLERO METALICO DE 40CM DE ALTO X 60CM DE ANCHO X 30CM DE FONDO EN PLANCHA DE D 1/16,u,0,1,1,1,4,0,79.560000,79.560000,79.560000,79.560000,1,4
INSV1-d3d3a44cf922e67346ddec4d,MATERIAL,BREAKER SOBRE PUESTA 2P - 70A,BREAKER SOBRE PUESTA 2P - 70A,u,0,1,1,1,2,0,20.450000,20.450000,20.450000,20.450000,1,2
INSV1-8bfe6863027fbd8e44b08d31,MATERIAL,BREAKER SOBRE PUESTA 2P - 100,BREAKER SOBRE PUESTA 2P - 100,u,0,1,1,1,2,0,27.900000,27.900000,27.900000,27.900000,1,2
INSV1-b20c203f1827e3331cb075d5,MATERIAL,"TABLERO METALICO DE 60cm DE ALTO x 40cm DE ANCHO x 20cm DE FONDO, EN PLANCHA DE D= 1/16""",TABLERO METALICO DE 60CM DE ALTO X 40CM DE ANCHO X 20CM DE FONDO EN PLANCHA DE D 1/16,u,0,1,1,1,2,0,64.180000,64.180000,64.180000,64.180000,1,2
INSV1-21ab6ac99ea21ea83ed58448,MATERIAL,"TABLERO METALICO DE 80cm DE ALTO x 40cm DE ANCHO x 25cm DE FONDO, EN PLANCHA DE 1/16""",TABLERO METALICO DE 80CM DE ALTO X 40CM DE ANCHO X 25CM DE FONDO EN PLANCHA DE 1/16,u,0,1,1,1,2,0,106.260000,106.260000,106.260000,106.260000,1,2
INSV1-2ebb8db7b54c9c0ed4b195bd,MATERIAL,"TUBERIA METALICA RIGIDA D=2"" (63mm) x 3m",TUBERIA METALICA RIGIDA D 2 63MM X 3M,u,0,1,1,1,2,0,24.100000,24.100000,24.100000,24.100000,1,2
INSV1-8b958434e283a71f1f12cd20,MATERIAL,"UNION RIGIDA D=2"" (63mm)",UNION RIGIDA D 2 63MM,u,0,1,1,1,2,0,3.180000,3.180000,3.180000,3.180000,1,2
INSV1-dfe349b081cbfefd02c5f638,MATERIAL,"CODO METALICO RIGIDO D=2"" (63mm)",CODO METALICO RIGIDO D 2 63MM,u,0,1,1,1,2,0,15.000000,15.000000,15.000000,15.000000,1,2
INSV1-70953ff905e2b2b699f8fc01,MATERIAL,"CONECTOR P/VARILLA, P/T, D=5/8""",CONECTOR P/VARILLA P/T D 5/8,u,0,1,1,1,4,0,0.670000,0.670000,0.670000,0.670000,1,4
INSV1-2979b6df423430464f009d2c,MATERIAL,CABLE DE COBRE TIPO THHN #10 AWG,CABLE DE COBRE TIPO THHN 10 AWG,m,0,1,1,1,8,0,1.000000,1.000000,1.000000,1.000000,1,8
INSV1-be291c361761ca7f571ab30c,MATERIAL,"CONECTOR EMT D=1/2"" (20mm)",CONECTOR EMT D 1/2 20MM,u,0,1,1,1,4,0,0.300000,0.300000,0.300000,0.300000,1,4
INSV1-2f62828c14994b702b544f6b,MATERIAL,CABLE DE COBRE TIPO THHN #4 AWG,CABLE DE COBRE TIPO THHN 4 AWG,m,0,1,1,1,4,0,3.450000,3.450000,3.450000,3.450000,1,4
INSV1-bd8644fa6c4233e5f7b6625a,MATERIAL,CABLE DE COBRE TIPO THHN #6 AWG,CABLE DE COBRE TIPO THHN 6 AWG,m,0,1,1,1,2,0,2.310000,2.310000,2.310000,2.310000,1,2
INSV1-f1cdeca7ab39e36f230238d1,MATERIAL,CABLE DE COBRE TIPO THHN #2 AWG,CABLE DE COBRE TIPO THHN 2 AWG,m,0,1,1,1,4,0,5.600000,5.600000,5.600000,5.600000,1,4
INSV1-0e5488057fefea93f84cbb00,MATERIAL,CABLE DE COBRE TIPO THHN #1/0 AWG,CABLE DE COBRE TIPO THHN 1/0 AWG,m,0,1,1,1,2,0,8.840000,8.840000,8.840000,8.840000,1,2
INSV1-0b65210e0b32d18c540264fc,MATERIAL,CABLE COBRE CONCENTRICO 3 x 12 AWG,CABLE COBRE CONCENTRICO 3 X 12 AWG,m,0,1,1,1,2,0,2.000000,2.000000,2.000000,2.000000,1,2
INSV1-2bcfd7f2cd5bba67e32a487b,MATERIAL,GELPORT - 350 DE 3 PUNTOS,GELPORT - 350 DE 3 PUNTOS,u,0,1,1,1,2,0,54.560000,54.560000,54.560000,54.560000,1,2
INSV1-13b1f8e79c4b7fcf494a8c90,MATERIAL,GELPORT - 350 DE 4 PUNTOS,GELPORT - 350 DE 4 PUNTOS,u,0,1,1,1,2,0,63.550000,63.550000,63.550000,63.550000,1,2
INSV1-c041ad72a1318ca3b81e8110,MATERIAL,GELPORT - 350 DE 5 PUNTOS,GELPORT - 350 DE 5 PUNTOS,u,0,1,1,1,2,0,73.870000,73.870000,73.870000,73.870000,1,2
INSV1-a363e206ffeeaff2ab6bbc22,MATERIAL,GELPORT - 350 DE 6 PUNTOS,GELPORT - 350 DE 6 PUNTOS,u,0,1,1,1,2,0,79.560000,79.560000,79.560000,79.560000,1,2
INSV1-954cb36acb0011d8de6ee675,MATERIAL,"TABLERO TRIPLEX CORRIENTE 1,22x2,44x9C",TABLERO TRIPLEX CORRIENTE 1 22X2 44X9C,u,0,1,1,1,10,0,18.280000,18.280000,18.280000,18.280000,1,10
INSV1-10a2dbf0b7782ab72b137059,MATERIAL,PLACA BASE CON VARILLA ROSCADAS ANCLADAS EN LA CIMENTACION DE ACUERDO A DETALLE,PLACA BASE CON VARILLA ROSCADAS ANCLADAS EN LA CIMENTACION DE ACUERDO A DETALLE,glb,0,1,1,1,4,0,90.000000,90.000000,90.000000,90.000000,1,4
INSV1-d0b098916ea74425ccb93d1b,MATERIAL,"LUMINARIA DE ALUMBRADO PUBLICO LED DE 150W > 21,750 - 100,000hrs / TEMPERATURA DE CALOR DE 5000K",LUMINARIA DE ALUMBRADO PUBLICO LED DE 150W 21 750 - 100 000HRS / TEMPERATURA DE CALOR DE 5000K,u,0,1,1,1,2,0,350.000000,350.000000,350.000000,350.000000,1,2
INSV1-e06ce18d80666d086a78a05e,MATERIAL,CABLEADO INTERNO Y BARRAJE,CABLEADO INTERNO Y BARRAJE,u,0,1,1,1,2,0,35.000000,35.000000,35.000000,35.000000,1,2
INSV1-568f88bb621739055503540a,MANO_OBRA,OPERADOR DE GRUA ESTACIONARIA,OPERADOR DE GRUA ESTACIONARIA,h,0,1,1,1,4,0,4.750000,4.750000,4.750000,4.750000,1,4
INSV1-11700ce119b7aa9867ecd353,MATERIAL,POSTE METALICO DE 8m (CARTELA DOBLE (PM-8-VP)),POSTE METALICO DE 8M CARTELA DOBLE PM-8-VP,u,0,1,1,1,2,0,700.000000,700.000000,700.000000,700.000000,1,2
INSV1-ad2bb09bb7ce2cab71b2b92c,MATERIAL,PLACA CON LOGO,PLACA CON LOGO,u,0,1,1,1,8,0,11.600000,11.600000,11.600000,11.600000,1,8
INSV1-13f9269b325a2a5c2242fa3c,MATERIAL,PLACA DE ANCLAJE,PLACA DE ANCLAJE,u,0,1,1,1,8,0,5.980000,5.980000,5.980000,5.980000,1,8
INSV1-c7c58872fba0f323fa6bad3c,MATERIAL,BRAZO DOBLE EN FORMA DE CURVA PARA POSTE METALICO,BRAZO DOBLE EN FORMA DE CURVA PARA POSTE METALICO,u,0,1,1,1,4,0,130.000000,130.000000,130.000000,130.000000,1,4
INSV1-37fd82d294ffdef0a4f24b5f,MATERIAL,"PERNOS, TUERCAS Y ARANDELES DE SUJECCION",PERNOS TUERCAS Y ARANDELES DE SUJECCION,u,0,1,1,1,4,0,5.010000,5.010000,5.010000,5.010000,1,4
INSV1-6d24f2d4422ea1ce6449e877,MATERIAL,"POSTE CONICO METALICO (ACERO Q235) GALVANIZADO EN CALIENTE H=10,00m; ESPESOR GALVANIZADO > 85UM (INCL. PLACA BASE, CARTERAS E=8MM, TAPA DE INSPECCION Y PINTURA AL POLVO ELECTROSTATICA)",POSTE CONICO METALICO ACERO Q235 GALVANIZADO EN CALIENTE H 10 00M ESPESOR GALVANIZADO 85UM INCL. PLACA BASE CARTERAS E 8MM TAPA DE INSPECCION Y PINTURA AL POLVO ELECTROSTATICA,u,0,1,1,1,3,0,905.250000,905.250000,905.250000,905.250000,1,3
INSV1-3947f2ab44f1b80714355f58,MATERIAL,TIRA FUSIBLE DE 30AMP,TIRA FUSIBLE DE 30AMP,u,0,1,1,1,11,0,4.000000,4.000000,4.000000,4.000000,1,11
INSV1-dcbe8061d6072d3dbaa01750,MATERIAL,TIRA FUSIBLE DE 20AMP,TIRA FUSIBLE DE 20AMP,u,0,1,1,1,2,0,2.950000,2.950000,2.950000,2.950000,1,2
INSV1-30b9640f12b316f91fe73eae,EQUIPO,ARNES DE SEGURIDAD,ARNES DE SEGURIDAD,h,0,1,1,1,2,0,10.150000,10.150000,10.150000,10.150000,1,2
INSV1-73f026f38786e6fab5a07226,MATERIAL,PARARRAYOS 10KV,PARARRAYOS 10KV,u,0,1,1,1,2,0,175.860000,175.860000,175.860000,175.860000,1,2
INSV1-472497cc447e89f5bab1b115,MATERIAL,CABLE DE COBRE TIPO THHN #12 AWG,CABLE DE COBRE TIPO THHN 12 AWG,m,0,1,1,1,2,0,0.650000,0.650000,0.650000,0.650000,1,2
INSV1-1f0ea1c9be0ff68083eeb51e,MATERIAL,"TUBO CONDUIT EMT METAL D= 1/2"" (20mm) x 3m",TUBO CONDUIT EMT METAL D 1/2 20MM X 3M,u,0,1,1,1,2,0,3.290000,3.290000,3.290000,3.290000,1,2
INSV1-493b63bb4a4782610c512f15,MATERIAL,"ABRAZADERA ZUNCHO 3/4""",ABRAZADERA ZUNCHO 3/4,u,0,1,1,1,2,0,4.010000,4.010000,4.010000,4.010000,1,2
INSV1-cd5e1c5c976419e3b66a5464,MATERIAL,SOLDADURA ISOTERMICA 90 GR,SOLDADURA ISOTERMICA 90 GR,u,0,1,1,1,2,0,9.810000,9.810000,9.810000,9.810000,1,2
INSV1-02337cf78007056ba293e3a7,MATERIAL,"VARILLA COOPERWELD 5/8"" x 1,8mts",VARILLA COOPERWELD 5/8 X 1 8MTS,u,0,1,1,1,2,0,12.160000,12.160000,12.160000,12.160000,1,2
INSV1-9f1f099f87a8bca4fc93a31d,MATERIAL,"CRUCETA DE ACERO GALVANIZADO PERFIL""L"" UNIVERSAL 75x75x6x2000mm (2 61/64x2 61/64x 1/4x79) CRUCETA MULT. GALVANIZADA (3x1/4x2.4m) CON HUECOS PERNOS PIN DE 3/4""",CRUCETA DE ACERO GALVANIZADO PERFIL L UNIVERSAL 75X75X6X2000MM 2 61/64X2 61/64X 1/4X79 CRUCETA MULT. GALVANIZADA 3X1/4X2.4M CON HUECOS PERNOS PIN DE 3/4,u,0,1,1,1,3,0,40.000000,40.000000,40.000000,40.000000,1,3
INSV1-00f10640e2282b48a0ef1c7a,MATERIAL,"PIE AMIGO DE ACERO GALVANIZADO PERFIL""L"" 38x38x6x1800mm (1 1/2""x1 1/2""x1/4""x71"")",PIE AMIGO DE ACERO GALVANIZADO PERFIL L 38X38X6X1800MM 1 1/2 X1 1/2 X1/4 X71,u,0,1,1,1,3,0,10.000000,10.000000,10.000000,10.000000,1,3
INSV1-5cb5aefb74b99441b9b5ed50,MATERIAL,"PERNO DE OJO DE ACERO GALVANIZADO DE D=5/8"" (16mm) X 10"" (254mm) DE LONGITUD, CON 4 TUERCAS, 2 ARANDELAS PLANAS Y 2 DE PRESION",PERNO DE OJO DE ACERO GALVANIZADO DE D 5/8 16MM X 10 254MM DE LONGITUD CON 4 TUERCAS 2 ARANDELAS PLANAS Y 2 DE PRESION,u,0,1,1,1,3,0,4.250000,4.250000,4.250000,4.250000,1,3
INSV1-d591e8e697234a027ce84810,MATERIAL,"ABRAZADERA DE ACERO GALVANIZADO, PLATINA, 4 PERNOS DE 38x4x160mm (1 1/2"" x 5/32"" x 5 1/2"")",ABRAZADERA DE ACERO GALVANIZADO PLATINA 4 PERNOS DE 38X4X160MM 1 1/2 X 5/32 X 5 1/2,u,0,1,1,1,1,0,5.650000,5.650000,5.650000,5.650000,1,1
INSV1-1ad441f43111d99894bb84cb,MATERIAL,"PERNO MAQUINA DE ACERO GALVANIZADO DE D=5/8"" (16mm) x 2"" (63mm) DE LONGITUD, CON TUERCA, ARANDELA PLANA Y DE PRESION",PERNO MAQUINA DE ACERO GALVANIZADO DE D 5/8 16MM X 2 63MM DE LONGITUD CON TUERCA ARANDELA PLANA Y DE PRESION,u,0,1,1,1,3,0,1.050000,1.050000,1.050000,1.050000,1,3
INSV1-7c6a865624bfd883278e2d62,MATERIAL,"PERNO ESPARRAGO O DE ROSCA CORRIDA DE ACERO GALVANIZADO DE D=5/8"" (16mm) x 12"" (300mm) DE LONGITUD, CON 4 TUERCAS, 2 ARANDELAS PLANAS Y 2 DE PRESION",PERNO ESPARRAGO O DE ROSCA CORRIDA DE ACERO GALVANIZADO DE D 5/8 16MM X 12 300MM DE LONGITUD CON 4 TUERCAS 2 ARANDELAS PLANAS Y 2 DE PRESION,u,0,1,1,1,3,0,3.050000,3.050000,3.050000,3.050000,1,3
INSV1-62d72a19f52a67a8ffa97f84,MATERIAL,"AISLADOR TIPO SUSPENSION DE CAUCHO SILICONADO, CLASE ANSI DS - 28, 22KV",AISLADOR TIPO SUSPENSION DE CAUCHO SILICONADO CLASE ANSI DS - 28 22KV,u,0,1,1,1,4,0,14.000000,14.000000,14.000000,14.000000,1,4
INSV1-4ec35469b9cc15c2b69f40df,MATERIAL,GRAPA TERMINAL APERNADA TIPO PISTOLA DE ALEACION DE AI,GRAPA TERMINAL APERNADA TIPO PISTOLA DE ALEACION DE AI,u,0,1,1,1,4,0,7.400000,7.400000,7.400000,7.400000,1,4
INSV1-a7de97cd72200f3416929363,MATERIAL,"HORQUILLA DE ANCLAJE DE ACERO GALVANIZADO DE D=5/8"" (16mm) x 3"" (75mm) DE LONGITUD; ESTALON ""U"" PARA SUJECCION",HORQUILLA DE ANCLAJE DE ACERO GALVANIZADO DE D 5/8 16MM X 3 75MM DE LONGITUD ESTALON U PARA SUJECCION,u,0,1,1,1,4,0,4.000000,4.000000,4.000000,4.000000,1,4
INSV1-1bdef756bd7cf7ad45195dda,MATERIAL,"ABRAZADERA 2 PERNOS 5 1/2"" 38 x 4mm",ABRAZADERA 2 PERNOS 5 1/2 38 X 4MM,u,0,1,1,1,2,0,4.400000,4.400000,4.400000,4.400000,1,2
INSV1-a21c70779a44a7cb77df78b2,MATERIAL,"TUERCA DE OJO OVALADO DE ACERO GALVANIZADO PARA PERNOS DE D=5/8"" (16mm)",TUERCA DE OJO OVALADO DE ACERO GALVANIZADO PARA PERNOS DE D 5/8 16MM,u,0,1,1,1,5,0,1.400000,1.400000,1.400000,1.400000,1,5
INSV1-0fe5cebb3acb809e9329bbf7,MATERIAL,"ABRAZADERA DE ACERO GALVANIZADO, PLATINA, 3 PERNOS DE 38x4x160 - 190mm (1 1/2"" x 1 1/64"" x 6/2 - 7 1/2"")",ABRAZADERA DE ACERO GALVANIZADO PLATINA 3 PERNOS DE 38X4X160 - 190MM 1 1/2 X 1 1/64 X 6/2 - 7 1/2,u,0,1,1,1,3,0,5.000000,5.000000,5.000000,5.000000,1,3
INSV1-4bd99d8f00373f4f91ddd9a8,MATERIAL,KIT RETENIDA PREENSAMBLADO,KIT RETENIDA PREENSAMBLADO,u,0,1,1,1,2,0,18.500000,18.500000,18.500000,18.500000,1,2
INSV1-03b30f7fe0c2cdaea65532cb,MATERIAL,"CABLE DE ACERO GALVANIZADO DE 7 HILOS DE 9,52mm (3/8"") 3155 KG-F -",CABLE DE ACERO GALVANIZADO DE 7 HILOS DE 9 52MM 3/8 3155 KG-F,m,0,1,1,1,2,0,0.970000,0.970000,0.970000,0.970000,1,2
INSV1-bb24d9f292bf69e462bbce4f,MATERIAL,"RETENCION PREFORMADA PARA CABLE DE ACERO GALVANIZADO DE 9,53mm (3/8"")",RETENCION PREFORMADA PARA CABLE DE ACERO GALVANIZADO DE 9 53MM 3/8,u,0,1,1,1,4,0,2.010000,2.010000,2.010000,2.010000,1,4
INSV1-06e1097ad6a6e316490ab010,MATERIAL,"GUARDACABO DE ACERO GALVANIZADO PARA CABLE DE ACERO DE 9,51mm (3/8"")",GUARDACABO DE ACERO GALVANIZADO PARA CABLE DE ACERO DE 9 51MM 3/8,u,0,1,1,1,4,0,3.010000,3.010000,3.010000,3.010000,1,4
INSV1-94be4efdc459e105cf606477,MATERIAL,"AISLADOR DE RETENCION DE PORCELANA, ANSI 54-2",AISLADOR DE RETENCION DE PORCELANA ANSI 54-2,u,0,1,1,1,4,0,4.000000,4.000000,4.000000,4.000000,1,4
INSV1-6f73cd7a2653609448313509,MATERIAL,"VARILLA DE ANCLAJE DE ACERO GALVANIZADO, TUERCA Y ARANDELA DE 16x1800mm (5/8"" x 71"")",VARILLA DE ANCLAJE DE ACERO GALVANIZADO TUERCA Y ARANDELA DE 16X1800MM 5/8 X 71,u,0,1,1,1,4,0,9.260000,9.260000,9.260000,9.260000,1,4
INSV1-0807787f9a0041f66b042d39,MATERIAL,BLOQUE DE HORMIGON PARA ANCLAJE CON AGUJERO DE 20mm,BLOQUE DE HORMIGON PARA ANCLAJE CON AGUJERO DE 20MM,u,0,1,1,1,4,0,7.360000,7.360000,7.360000,7.360000,1,4
INSV1-ae8c4929ea0b44df238881cc,MATERIAL,"CABLE DE ACERO GALVANIZADO DE 7 HILOS DE 9,52mm (3/8"") 2700 KG-F -",CABLE DE ACERO GALVANIZADO DE 7 HILOS DE 9 52MM 3/8 2700 KG-F,m,0,1,1,1,2,0,1.410000,1.410000,1.410000,1.410000,1,2
INSV1-414e66c161a38b112f9aaaf5,MATERIAL,"BRAZO DE ACERO GALVANIZADO TUBULAR, TENSOR FAROL 51x1500mm (2"" x 59"")",BRAZO DE ACERO GALVANIZADO TUBULAR TENSOR FAROL 51X1500MM 2 X 59,u,0,1,1,1,2,0,20.010000,20.010000,20.010000,20.010000,1,2
INSV1-ec476980eb66a6df16640be6,MATERIAL,"ABRAZADERA DE ACERO GALVANIZADO, PLATINA, 3 PERNOS DE 38x4x160mm (1 1/2"" x 5/32"" x 5 1/2"")",ABRAZADERA DE ACERO GALVANIZADO PLATINA 3 PERNOS DE 38X4X160MM 1 1/2 X 5/32 X 5 1/2,u,0,1,1,1,2,0,4.060000,4.060000,4.060000,4.060000,1,2
INSV1-d82a95ccf983927f39dcd5a4,MATERIAL,CABLE DE COBRE #1/0 AWG TIPO XLP PARA 15KV - 100%,CABLE DE COBRE 1/0 AWG TIPO XLP PARA 15KV - 100%,m,0,1,1,1,2,0,11.260000,11.260000,11.260000,11.260000,1,2
INSV1-9a99fa6f766523f4d6c7ee6a,MATERIAL,CABLE DE COBRE DESNUDO #2 / 19 HILOS,CABLE DE COBRE DESNUDO 2 / 19 HILOS,m,0,1,1,1,2,0,3.390000,3.390000,3.390000,3.390000,1,2
INSV1-48d1d69541a17cbcbc3a50d5,MATERIAL,CABLE DE COBRE #2 AWG TIPO XLP PARA 15KV,CABLE DE COBRE 2 AWG TIPO XLP PARA 15KV,m,0,1,1,1,4,0,7.140000,7.140000,7.140000,7.140000,1,4
INSV1-723dfb6a2aeae6c7907b39d1,MATERIAL,CABLE DE COBRE DESNUDO #4 / 7 HILOS,CABLE DE COBRE DESNUDO 4 / 7 HILOS,m,0,1,1,1,4,0,1.990000,1.990000,1.990000,1.990000,1,4
INSV1-ee43979eab5b8b494d368a11,MATERIAL,CABLE DE COBRE 15 KV #500 MCM,CABLE DE COBRE 15 KV 500 MCM,m,0,1,1,1,2,0,45.000000,45.000000,45.000000,45.000000,1,2
INSV1-860a341532384c9fe1f93fb5,MATERIAL,CABLE DE ALUMINIO 4/0 AWG - TTU,CABLE DE ALUMINIO 4/0 AWG - TTU,m,0,1,1,1,2,0,7.500000,7.500000,7.500000,7.500000,1,2
INSV1-fabf4411323d5b985fff3602,MATERIAL,PUNTAS TERMINAL (INTERIOR-EXTERIOR) #2 15KV - USO (INTERIOR - EXTERIOR) 2-3M / AIS-PT-13-01,PUNTAS TERMINAL INTERIOR-EXTERIOR 2 15KV - USO INTERIOR - EXTERIOR 2-3M / AIS-PT-13-01,u,0,1,1,1,2,0,88.500000,88.500000,88.500000,88.500000,1,2
INSV1-c1e72adc8c07a9f68deddbc1,MATERIAL,CINTA AISLANTE #33 (19mm X 20mm X 0.177mm),CINTA AISLANTE 33 19MM X 20MM X 0.177MM,rollo,0,1,1,1,9,0,6.000000,6.000000,6.000000,6.000000,1,9
INSV1-3815e59b89befd71e68018f7,MATERIAL,CINTA AISLANTE AUTOFUNDENTE #23,CINTA AISLANTE AUTOFUNDENTE 23,rollo,0,1,1,1,9,0,9.000000,9.000000,9.000000,9.000000,1,9
INSV1-b681e82186a300f3622d0c25,MATERIAL,CABLE DE COBRE TIPO TW #10 AWG,CABLE DE COBRE TIPO TW 10 AWG,m,0,1,1,1,6,0,0.610000,0.610000,0.610000,0.610000,1,6
INSV1-e4fc5509c62aaa1af6d7bf84,MATERIAL,ELBOW CONECTOR,ELBOW CONECTOR,u,0,1,1,1,7,0,54.560000,54.560000,54.560000,54.560000,1,7
INSV1-5293ce7211e2f117dfdc7785,MATERIAL,"TRANSFORMADOR 1F TIPO PAD MOUNTED DE 75 KVA, 1B PRIMARIO 7960/120-240v TIPO MALLA O RADIAL",TRANSFORMADOR 1F TIPO PAD MOUNTED DE 75 KVA 1B PRIMARIO 7960/120-240V TIPO MALLA O RADIAL,u,0,1,1,1,2,0,4547.070000,4547.070000,4547.070000,4547.070000,1,2
INSV1-d2c2a62b7168fcc9859273ab,MATERIAL,BUSHING INSERT,BUSHING INSERT,u,0,1,1,1,7,0,51.370000,51.370000,51.370000,51.370000,1,7
INSV1-c9ed77062cac6a35ea41dbae,MATERIAL,TAPA / BUSHING 15KV - 200A CON CABLE PARA ATERRIZAR,TAPA / BUSHING 15KV - 200A CON CABLE PARA ATERRIZAR,u,0,1,1,1,5,0,40.920000,40.920000,40.920000,40.920000,1,5
INSV1-4d152a0089cecdbe10808b88,MATERIAL,TRANSFORMADOR 3F TIPO PAD MOUNTED DE 75 KVA 7960 / 240-120V TIPO MALLA O RADIAL,TRANSFORMADOR 3F TIPO PAD MOUNTED DE 75 KVA 7960 / 240-120V TIPO MALLA O RADIAL,u,0,1,1,1,1,0,4875.000000,4875.000000,4875.000000,4875.000000,1,1
INSV1-1ba643eada03911852726e25,MATERIAL,"BARRA UNION MULTIPLE DE 6 PUNTOS, 600AMP Y 15KV",BARRA UNION MULTIPLE DE 6 PUNTOS 600AMP Y 15KV,u,0,1,1,1,2,0,2350.000000,2350.000000,2350.000000,2350.000000,1,2
INSV1-2927f5500d7de6dbe12f31b8,MATERIAL,"FUSIBLE LIMITADOR DE CORRIENTE, 15KV CAPACIDADES DESDE 6A HASTA 80A",FUSIBLE LIMITADOR DE CORRIENTE 15KV CAPACIDADES DESDE 6A HASTA 80A,u,0,1,1,1,2,0,175.000000,175.000000,175.000000,175.000000,1,2
INSV1-a9324eeffce1baf2c41091a6,MATERIAL,CONECTOR PARKING 15 KV 200 AMP,CONECTOR PARKING 15 KV 200 AMP,u,0,1,1,1,2,0,77.280000,77.280000,77.280000,77.280000,1,2
INSV1-5b9577dc372eced7dd5ba4a9,MATERIAL,INDICADOR DE VOLTAGE A 35KV,INDICADOR DE VOLTAGE A 35KV,u,0,1,1,1,2,0,97.740000,97.740000,97.740000,97.740000,1,2
INSV1-c509fa854c2b5774a32bc98f,MATERIAL,"BARRA COLECTORA DE COBRE 1 1/2"" x 1/4"" L=35cm",BARRA COLECTORA DE COBRE 1 1/2 X 1/4 L 35CM,u,0,1,1,1,4,0,28.420000,28.420000,28.420000,28.420000,1,4
INSV1-1f0c65777ef3deba70a7cf33,MATERIAL,AISLADOR BARRA 75mm,AISLADOR BARRA 75MM,u,0,1,1,1,4,0,1.500000,1.500000,1.500000,1.500000,1,4
INSV1-388fbc3aa0916c6c9af916d1,MATERIAL,"CONECTOR CODO - FUSIBLE 200A - 15KV, 1/0 AWG",CONECTOR CODO - FUSIBLE 200A - 15KV 1/0 AWG,u,0,1,1,1,2,0,160.000000,160.000000,160.000000,160.000000,1,2
INSV1-46d51d11f21daf8727ff3e25,MATERIAL,"CONECTOR CODO - FUSIBLE 200A - 15KV, 2 AWG",CONECTOR CODO - FUSIBLE 200A - 15KV 2 AWG,u,0,1,1,1,2,0,120.000000,120.000000,120.000000,120.000000,1,2
INSV1-d4baf286570b2dfd3b1b5bdf,MATERIAL,PAD-SWITCH CONFIGURACION 633. EQUIPO BASICO TIPO PEDESTAL DE SECCIONAMIENTO DE LINEAS DE 15KV EN SF6 CON TRES ENTRADAS DE 600 AMPERIOS PROTEGIDAS CON CODO FUSIBLE Y TRES SALIDAS DE 200 AMPERIOS,PAD-SWITCH CONFIGURACION 633. EQUIPO BASICO TIPO PEDESTAL DE SECCIONAMIENTO DE LINEAS DE 15KV EN SF6 CON TRES ENTRADAS DE 600 AMPERIOS PROTEGIDAS CON CODO FUSIBLE Y TRES SALIDAS DE 200 AMPERIOS,u,0,1,1,1,2,0,155000.000000,155000.000000,155000.000000,155000.000000,1,2
INSV1-2c8490054bebd6858b897f22,MATERIAL,POSTE METALICO DE 12m (CARTELA DOBLE (PM-12-VV)),POSTE METALICO DE 12M CARTELA DOBLE PM-12-VV,u,0,1,1,1,2,0,1250.000000,1250.000000,1250.000000,1250.000000,1,2
INSV1-77306c0f5ea47963c0515aaf,MATERIAL,ENCOFRADO METALICO,ENCOFRADO METALICO,m2,0,1,1,1,2,0,5.000000,5.000000,5.000000,5.000000,1,2
INSV1-f847ae3a24418967c226f219,MATERIAL,RECUBRIMIENTO GRANO LAVADO,RECUBRIMIENTO GRANO LAVADO,m2,0,1,1,1,2,0,20.240000,20.240000,20.240000,20.240000,1,2
INSV1-ccd4315c32fe3478fdef7e33,MATERIAL,"PUERTA METALICA GALVANIZADA CON PLANCHA Y CELOSIAS FIJAS (INCL. PINTURA, BISAGRA, ETC Y SEÑALIZACION)",PUERTA METALICA GALVANIZADA CON PLANCHA Y CELOSIAS FIJAS INCL. PINTURA BISAGRA ETC Y SENALIZACION,u,0,1,1,1,2,0,106.260000,106.260000,106.260000,106.260000,1,2
INSV1-0f3d3c7d9c10e29c8c438c8f,MATERIAL,"TAPA METALICA GALVANIZADA 3,85 x 1,05 CON PLANCHA (INCL. SOPORTE, BISAGRA, ETC Y PINTURA)",TAPA METALICA GALVANIZADA 3 85 X 1 05 CON PLANCHA INCL. SOPORTE BISAGRA ETC Y PINTURA,u,0,1,1,1,2,0,477.280000,477.280000,477.280000,477.280000,1,2
INSV1-263bf71b7a4a7b1e55abff27,MATERIAL,IMPERMEABILIZACION DE LOSETA (INCL. ADITIVO),IMPERMEABILIZACION DE LOSETA INCL. ADITIVO,m2,0,1,1,1,2,0,18.190000,18.190000,18.190000,18.190000,1,2
INSV1-b879a3122b837f27645256bf,MANO_OBRA,OPERADOR DE GRADA ELEVADORA / CANASTILLA ELEVADORA,OPERADOR DE GRADA ELEVADORA / CANASTILLA ELEVADORA,h,0,1,1,1,18,0,4.520000,4.520000,4.520000,4.520000,1,18
INSV1-3c27505d8e39602c6cf417f9,MANO_OBRA,HOJALATERO,HOJALATERO,h,0,1,1,1,2,0,4.280000,4.280000,4.280000,4.280000,1,2
INSV1-7c4406bd529ffd666cd5db8a,MATERIAL,"CAJA METALICA ABISAGRADA DE 40x40x10cm CONSTRUIDO EN PLANCHA 1/16"" PINTADA AL HORNO COLOR BEIGE (INCL. LLAVE UNIVERSAL TIPO TRIANGULAR)",CAJA METALICA ABISAGRADA DE 40X40X10CM CONSTRUIDO EN PLANCHA 1/16 PINTADA AL HORNO COLOR BEIGE INCL. LLAVE UNIVERSAL TIPO TRIANGULAR,u,0,1,1,1,2,0,51.150000,51.150000,51.150000,51.150000,1,2
INSV1-44e1f3e147858da47900d227,MATERIAL,"TUBO CONDUIT EMT METAL D=2"" (63mm) x 3m",TUBO CONDUIT EMT METAL D 2 63MM X 3M,u,0,1,1,1,2,0,17.840000,17.840000,17.840000,17.840000,1,2
INSV1-86a30186e9436f55edd47dd1,MATERIAL,"UNION DE CONDUIT EMT D=2"" (Ø63mm)",UNION DE CONDUIT EMT D 2 DIAM 63MM,u,0,1,1,1,2,0,2.400000,2.400000,2.400000,2.400000,1,2
INSV1-6332977f8544f2852f9648ad,MATERIAL,TAPA DE GRAFITO ESFEROIDAL DE 60cm DE DIAMETRO CON RESISTENCIA 125 KN,TAPA DE GRAFITO ESFEROIDAL DE 60CM DE DIAMETRO CON RESISTENCIA 125 KN,u,0,1,1,1,2,0,142.060000,142.060000,142.060000,142.060000,1,2
INSV1-92193edef7a6495f8c390b5f,MATERIAL,"TUBERIA PVC PRESION D= 2 1/2"" (75mm)",TUBERIA PVC PRESION D 2 1/2 75MM,m,0,1,1,1,2,0,2.010000,2.010000,2.010000,2.010000,1,2
INSV1-78c060a776bfdaf66e9318b4,MATERIAL,"CODO PVC PRESION E/C DE D=2 1/2"" (Ø75mm) x 90°",CODO PVC PRESION E/C DE D 2 1/2 DIAM 75MM X 90,u,0,1,1,1,2,0,2.470000,2.470000,2.470000,2.470000,1,2
INSV1-c01a9b43a2063bf2736caf63,MATERIAL,"POSTE METALICO TIPO T1 PARA INSTALACION DE SEMAFORO VEHICULAR Y PEATONAL H=4,00m",POSTE METALICO TIPO T1 PARA INSTALACION DE SEMAFORO VEHICULAR Y PEATONAL H 4 00M,u,0,1,1,1,2,0,243.190000,243.190000,243.190000,243.190000,1,2
INSV1-3c03bf050b8dffeb4a8dce54,MATERIAL,"POSTE METALICO TIPO T1 PARA INSTALACION DE SEMAFORO VEHICULAR Y PEATONAL H=5,50m",POSTE METALICO TIPO T1 PARA INSTALACION DE SEMAFORO VEHICULAR Y PEATONAL H 5 50M,u,0,1,1,1,2,0,285.500000,285.500000,285.500000,285.500000,1,2
INSV1-17d710903cfe4bd709234e77,MATERIAL,"BUCIDA BUCERAS (OLIVO NEGRO H=3,00m - H=4,00m)",BUCIDA BUCERAS OLIVO NEGRO H 3 00M - H 4 00M,u,0,1,1,1,3,0,39.500000,39.500000,39.500000,39.500000,1,3
INSV1-bdc7be157bb4c7b10e7cf35a,MATERIAL,"DURANTA REPENS VAR. GOLD EDGE (DURANTA H=0,30m)",DURANTA REPENS VAR. GOLD EDGE DURANTA H 0 30M,u,0,1,1,1,4,0,0.750000,0.750000,0.750000,0.750000,1,4
INSV1-ca10e32c72fd77357ad0798f,MATERIAL,2c AROQUIS PINTOI (CESPED MANI H=0.15m)25xm2,2C AROQUIS PINTOI CESPED MANI H 0.15M 25XM2,u,0,1,1,1,5,0,0.090000,0.090000,0.090000,0.090000,1,5
INSV1-b049f2184c597608f2d7723f,MATERIAL,SUSTRATO ORGANICO (TIERRA VEGETAL 40%),SUSTRATO ORGANICO TIERRA VEGETAL 40%,u,0,1,1,1,2,0,21.260000,21.260000,21.260000,21.260000,1,2
INSV1-61c9535f6c79bfa50c485740,MATERIAL,ARCILLA FINA 40% (INCL. TRANSPORTE),ARCILLA FINA 40% INCL. TRANSPORTE,m3,0,1,1,1,4,0,15.000000,15.000000,15.000000,15.000000,1,4
INSV1-8b479e90784ef699ff53536c,MATERIAL,SUSTRATO ORGANICO (TIERRA VEGETAL 60% CON LIMO O ARCILLA FINA 40%),SUSTRATO ORGANICO TIERRA VEGETAL 60% CON LIMO O ARCILLA FINA 40%,u,0,1,1,1,2,0,21.260000,21.260000,21.260000,21.260000,1,2
INSV1-257a2030a322ecb378db067d,MATERIAL,TRATAMIENTO FITOSANITARIOS DE ARBOLES,TRATAMIENTO FITOSANITARIOS DE ARBOLES,u,0,1,1,1,2,0,25.530000,25.530000,25.530000,25.530000,1,2
INSV1-d371726e15e9cf2a14018ea6,MATERIAL,TUTOR,TUTOR,u,0,1,1,1,4,0,3.260000,3.260000,3.260000,3.260000,1,4
INSV1-ee9423da11051eb599c7b032,MATERIAL,FUMIGACION CONTROL FITOSANITARIO (INCL. AGUA),FUMIGACION CONTROL FITOSANITARIO INCL. AGUA,m2,0,1,1,1,2,0,0.100000,0.100000,0.100000,0.100000,1,2
INSV1-ead40edd1320b095f98d37f6,MATERIAL,FERTILIZACION (FOLIAR Y EDAFICA),FERTILIZACION FOLIAR Y EDAFICA,m2,0,1,1,1,2,0,0.110000,0.110000,0.110000,0.110000,1,2
INSV1-1f0afe1f918240c797c16ac8,EQUIPO,ESCOBA MECANICA AUTOPROPULSADO,ESCOBA MECANICA AUTOPROPULSADO,h,0,1,1,1,2,0,17.000000,17.000000,17.000000,17.000000,1,2
INSV1-32590ba1ef4e476dc3dd4ed9,MATERIAL,SACOS,SACOS,u,0,1,1,1,2,0,0.310000,0.310000,0.310000,0.310000,1,2
INSV1-125cc7f83d9a7a6408ce5c89,MATERIAL,TIERRA PREPARADA (INCL. TRANSPORTE),TIERRA PREPARADA INCL. TRANSPORTE,m3,0,1,1,1,2,0,26.000000,26.000000,26.000000,26.000000,1,2
INSV1-b8a504968b9e8ecef1642477,MATERIAL,"TABEUIA CARAIBA (GUAYACAN AMARILLO H=3,00m - H=4,00m)",TABEUIA CARAIBA GUAYACAN AMARILLO H 3 00M - H 4 00M,u,0,1,1,1,3,0,52.140000,52.140000,52.140000,52.140000,1,3
INSV1-45312f775316965bcdc0c8c4,EQUIPO,CAMION PARA ABASTECIMIENTO Y SUPERVISION,CAMION PARA ABASTECIMIENTO Y SUPERVISION,h,0,1,1,1,29,0,6.200000,6.200000,6.200000,6.200000,1,29
INSV1-6ba13ca64f547728cbdc93fd,MATERIAL,PROVISION E INSTALACION DE SEÑAL VERTICAL INFORMATIVA O REGLAMENTARIA DE ALUMINIO DE 2mm CON VYNIL REFLECTIVO DE GRADO XI NORMA ASTM D4956 E IMPRESIÓN DIGITAL (INCL. ELEMENTOS DE SUJECION Y ESTRUCTURA Y SOPORTE 75x75 (LIMITE DE VELOCIDAD MAXIMA),PROVISION E INSTALACION DE SENAL VERTICAL INFORMATIVA O REGLAMENTARIA DE ALUMINIO DE 2MM CON VYNIL REFLECTIVO DE GRADO XI NORMA ASTM D4956 E IMPRESION DIGITAL INCL. ELEMENTOS DE SUJECION Y ESTRUCTURA Y SOPORTE 75X75 LIMITE DE VELOCIDAD MAXIMA,u,0,1,1,1,2,0,135.510000,135.510000,135.510000,135.510000,1,2
INSV1-c0cc3d47377be673f5d15384,MATERIAL,PROVISION E INSTALACION DE SEÑAL VERTICAL INFORMATIVA O REGLAMENTARIA DE ALUMINIO DE 2mm CON VYNIL REFLECTIVO DE GRADO XI NORMA ASTM D4956 E IMPRESIÓN DIGITAL (INCL. ELEMENTO DE SUJECCION Y ESTRUCTURA Y SOPORTE 60x30 (GRAFICO DE GRUA),PROVISION E INSTALACION DE SENAL VERTICAL INFORMATIVA O REGLAMENTARIA DE ALUMINIO DE 2MM CON VYNIL REFLECTIVO DE GRADO XI NORMA ASTM D4956 E IMPRESION DIGITAL INCL. ELEMENTO DE SUJECCION Y ESTRUCTURA Y SOPORTE 60X30 GRAFICO DE GRUA,u,0,1,1,1,2,0,120.010000,120.010000,120.010000,120.010000,1,2
INSV1-c82cdac0b90e3b7f2cf215ae,MATERIAL,SEÑAL INFORMATIVA O REGLAMENTARIA AEREA DE ALUMINIO 2mm CON VYNIL REFLECTIVO DE GRADO XI NORMA ASTM D4956 E IMPRESIÓN DIGITAL (INCL. ELEMENTO DE SUJECCION Y ESTRUCTURA DE SOPORTE Y TRANSPORTE) (60x60 DISCO PARE),SENAL INFORMATIVA O REGLAMENTARIA AEREA DE ALUMINIO 2MM CON VYNIL REFLECTIVO DE GRADO XI NORMA ASTM D4956 E IMPRESION DIGITAL INCL. ELEMENTO DE SUJECCION Y ESTRUCTURA DE SOPORTE Y TRANSPORTE 60X60 DISCO PARE,u,0,1,1,1,2,0,126.010000,126.010000,126.010000,126.010000,1,2
INSV1-c0117f08afc2bfc00329d523,MATERIAL,PROVISION E INSTALACION DE SEÑAL VERTICAL INFORMATIVA O REGLAMENTARIA DE ALUMINIO DE 2mm CON VYNIL REFLECTIVO DE GRADO XI NORMA ASTM D4956 E IMPRESIÓN DIGITAL (INCL. ELEMENTOS DE SUJECION Y ESTRUCTURA Y SOPORTE 60x60 (PROHIBIDO ESTACIONAR),PROVISION E INSTALACION DE SENAL VERTICAL INFORMATIVA O REGLAMENTARIA DE ALUMINIO DE 2MM CON VYNIL REFLECTIVO DE GRADO XI NORMA ASTM D4956 E IMPRESION DIGITAL INCL. ELEMENTOS DE SUJECION Y ESTRUCTURA Y SOPORTE 60X60 PROHIBIDO ESTACIONAR,u,0,1,1,1,2,0,125.110000,125.110000,125.110000,125.110000,1,2
INSV1-d4fdc9a152b7cdac026320e9,MATERIAL,SEÑAL INFORMATIVA O REGLAMENTARIA AEREA DE ALUMINIO 2mm CON VYNIL REFLECTIVO DE GRADO XI NORMA ASTM D4956 E IMPRESIÓN DIGITAL (INCL. ELEMENTO DE SUJECCION Y ESTRUCTURA DE SOPORTE Y TRANSPORTE) (90x30 UNA VIA),SENAL INFORMATIVA O REGLAMENTARIA AEREA DE ALUMINIO 2MM CON VYNIL REFLECTIVO DE GRADO XI NORMA ASTM D4956 E IMPRESION DIGITAL INCL. ELEMENTO DE SUJECCION Y ESTRUCTURA DE SOPORTE Y TRANSPORTE 90X30 UNA VIA,u,0,1,1,1,2,0,126.010000,126.010000,126.010000,126.010000,1,2
INSV1-8844e116b63471d5f2f57333,MATERIAL,PROVISION E INSTALACION DE SEÑAL VERTICAL INFORMATIVA O REGLAMENTARIA DE ALUMINIO DE 2mm CON VYNIL REFLECTIVO DE GRADO XI NORMA ASTM D4956 E IMPRESIÓN DIGITAL (INCL. ELEMENTOS DE SUJECION Y ESTRUCTURA Y SOPORTE 90x30 (DOBLE VIA),PROVISION E INSTALACION DE SENAL VERTICAL INFORMATIVA O REGLAMENTARIA DE ALUMINIO DE 2MM CON VYNIL REFLECTIVO DE GRADO XI NORMA ASTM D4956 E IMPRESION DIGITAL INCL. ELEMENTOS DE SUJECION Y ESTRUCTURA Y SOPORTE 90X30 DOBLE VIA,u,0,1,1,1,2,0,145.810000,145.810000,145.810000,145.810000,1,2
INSV1-06ce62ab53b8d0fe0573d445,MATERIAL,SEÑAL INFORMATIVA O REGLAMENTARIA AEREA DE ALUMINIO 2mm CON VYNIL REFLECTIVO DE GRADO XI NORMA ASTM D4956 E IMPRESIÓN DIGITAL (INCL. ELEMENTO DE SUJECCION Y ESTRUCTURA DE SOPORTE (30x45 ESTACIONAMIENTO PERSONAS CON MOVILIDAD REDUCIDA),SENAL INFORMATIVA O REGLAMENTARIA AEREA DE ALUMINIO 2MM CON VYNIL REFLECTIVO DE GRADO XI NORMA ASTM D4956 E IMPRESION DIGITAL INCL. ELEMENTO DE SUJECCION Y ESTRUCTURA DE SOPORTE 30X45 ESTACIONAMIENTO PERSONAS CON MOVILIDAD REDUCIDA,u,0,1,1,1,2,0,126.010000,126.010000,126.010000,126.010000,1,2
INSV1-800d53ee5bf7d41ab8d89b5f,MATERIAL,SEÑAL INFORMATIVA O REGLAMENTARIA AEREA DE ALUMINIO 2mm CON VYNIL REFLECTIVO DE GRADO XI NORMA ASTM D4956 E IMPRESIÓN DIGITAL (INCL. ELEMENTO DE SUJECCION Y ESTRUCTURA DE SOPORTE Y TRANSPORTE) (60x60 PERMITIDO ESTACIONAR),SENAL INFORMATIVA O REGLAMENTARIA AEREA DE ALUMINIO 2MM CON VYNIL REFLECTIVO DE GRADO XI NORMA ASTM D4956 E IMPRESION DIGITAL INCL. ELEMENTO DE SUJECCION Y ESTRUCTURA DE SOPORTE Y TRANSPORTE 60X60 PERMITIDO ESTACIONAR,u,0,1,1,1,2,0,126.710000,126.710000,126.710000,126.710000,1,2
INSV1-2b9130e38800886420d65988,MATERIAL,SEÑAL INFORMATIVA O REGLAMENTARIA AEREA DE ALUMINIO 2mm CON VYNIL REFLECTIVO DE GRADO XI NORMA ASTM D4956 E IMPRESIÓN DIGITAL (INCL. ELEMENTO DE SUJECCION Y ESTRUCTURA DE SOPORTE Y TRANSPORTE) (PROXIMIDAD DE CRUCE DE CICLOVIA),SENAL INFORMATIVA O REGLAMENTARIA AEREA DE ALUMINIO 2MM CON VYNIL REFLECTIVO DE GRADO XI NORMA ASTM D4956 E IMPRESION DIGITAL INCL. ELEMENTO DE SUJECCION Y ESTRUCTURA DE SOPORTE Y TRANSPORTE PROXIMIDAD DE CRUCE DE CICLOVIA,u,0,1,1,1,2,0,125.010000,125.010000,125.010000,125.010000,1,2
INSV1-67cb531f05a1a99756028ae0,MATERIAL,LETRERO DE NOMBRE DE CALLES EN LOS PREDIOS ESQUINEROS SEGÚN ESPECIFICACIONES,LETRERO DE NOMBRE DE CALLES EN LOS PREDIOS ESQUINEROS SEGUN ESPECIFICACIONES,u,0,1,1,1,2,0,105.010000,105.010000,105.010000,105.010000,1,2
INSV1-c206a17ec16dc81e543ad829,MATERIAL,ACCESORIOS DE FIJACION ACERO INOXIDABLE,ACCESORIOS DE FIJACION ACERO INOXIDABLE,glb,0,1,1,1,2,0,8.510000,8.510000,8.510000,8.510000,1,2
INSV1-9acc8e71d48c855806792aa2,MATERIAL,"PROVISION E INSTALACION DE SEÑAL VERTICAL INFORMATIVA O REGLAMENTARIA DE ALUMINIO DE 2mm CON VYNIL REFLECTIVO DE GRADO XI NORMA ASTM D4956 E IMPRESIÓN DIGITAL (INCL. ELEMENTOS DE SUJECION, ESTRUCTURA Y SOPORTE 60x60 (NO ENTRE)",PROVISION E INSTALACION DE SENAL VERTICAL INFORMATIVA O REGLAMENTARIA DE ALUMINIO DE 2MM CON VYNIL REFLECTIVO DE GRADO XI NORMA ASTM D4956 E IMPRESION DIGITAL INCL. ELEMENTOS DE SUJECION ESTRUCTURA Y SOPORTE 60X60 NO ENTRE,u,0,1,1,1,2,0,125.110000,125.110000,125.110000,125.110000,1,2
INSV1-b1d0f6afc5ef7767dbe3e0ba,MATERIAL,"PROVISION E INSTALACION DE SEÑAL VERTICAL INFORMATIVA O REGLAMENTARIA DE ALUMINIO DE 2mm CON VYNIL REFLECTIVO DE GRADO XI NORMA ASTM D4956 E IMPRESIÓN DIGITAL (INCL. ELEMENTOS DE SUJECION, ESTRUCTURA Y SOPORTE 60x60 (SOLO BICICLETAS)",PROVISION E INSTALACION DE SENAL VERTICAL INFORMATIVA O REGLAMENTARIA DE ALUMINIO DE 2MM CON VYNIL REFLECTIVO DE GRADO XI NORMA ASTM D4956 E IMPRESION DIGITAL INCL. ELEMENTOS DE SUJECION ESTRUCTURA Y SOPORTE 60X60 SOLO BICICLETAS,u,0,1,1,1,2,0,125.110000,125.110000,125.110000,125.110000,1,2
INSV1-fdbc1d35f72d19a583ee3a26,MATERIAL,"PROVISION E INSTALACION DE SEÑAL VERTICAL INFORMATIVA O REGLAMENTARIA DE ALUMINIO DE 2mm CON VYNIL REFLECTIVO DE GRADO XI NORMA ASTM D4956 E IMPRESIÓN DIGITAL (INCL. ELEMENTOS DE SUJECION, ESTRUCTURA Y SOPORTE 60x60 (SOLO MOTOCICLETAS))",PROVISION E INSTALACION DE SENAL VERTICAL INFORMATIVA O REGLAMENTARIA DE ALUMINIO DE 2MM CON VYNIL REFLECTIVO DE GRADO XI NORMA ASTM D4956 E IMPRESION DIGITAL INCL. ELEMENTOS DE SUJECION ESTRUCTURA Y SOPORTE 60X60 SOLO MOTOCICLETAS,u,0,1,1,1,2,0,125.110000,125.110000,125.110000,125.110000,1,2
INSV1-d76a5379cc8dd909573d5c3d,MATERIAL,"PROVISION E INSTALACION DE MODULO PARA PARQUEO DE BICICLETAS TUBO DE ACERO INOXIDABLE D=2"" E=2mm (INCL. BASE DE HORMIGON)",PROVISION E INSTALACION DE MODULO PARA PARQUEO DE BICICLETAS TUBO DE ACERO INOXIDABLE D 2 E 2MM INCL. BASE DE HORMIGON,u,0,1,1,1,2,0,102.010000,102.010000,102.010000,102.010000,1,2
INSV1-d3a86378ad8f8627872b2cea,EQUIPO,CALDERA 1500 LB,CALDERA 1500 LB,h,0,1,1,1,9,0,6.200000,6.200000,6.200000,6.200000,1,9
INSV1-d28905ba0439009ea834b5b0,EQUIPO,SOPLADORA DE ALTO DESEMPEÑO 2 HP,SOPLADORA DE ALTO DESEMPENO 2 HP,h,0,1,1,1,17,0,0.500000,0.500000,0.500000,0.500000,1,17
INSV1-a991a77a088384f29cd76676,EQUIPO,FRANJADORA AUTOPROPULSADA + APLICADOR PRIMER,FRANJADORA AUTOPROPULSADA + APLICADOR PRIMER,h,0,1,1,1,9,0,18.700000,18.700000,18.700000,18.700000,1,9
INSV1-c9b714a8eb9cc5bee02754d5,MANO_OBRA,OPERADOR TERMOFORMADO,OPERADOR TERMOFORMADO,h,0,1,1,1,17,0,4.520000,4.520000,4.520000,4.520000,1,17
INSV1-bc39763e41d1b401b2d4e34f,MATERIAL,PINTURA TERMOPLASTICA E=2.3mm (20 KG),PINTURA TERMOPLASTICA E 2.3MM 20 KG,kg,0,1,1,1,9,0,3.060000,3.060000,3.060000,3.060000,1,9
INSV1-86f07dbb8a1c2170ea34bb1a,MATERIAL,MICROESFERA TIPO IV,MICROESFERA TIPO IV,kg,0,1,1,1,9,0,3.010000,3.010000,3.010000,3.010000,1,9
INSV1-628edb1eb88bde4cb27eb75e,MATERIAL,IMPRIMANTE EPOXICO,IMPRIMANTE EPOXICO,galon,0,1,1,1,17,0,48.660000,48.660000,48.660000,48.660000,1,17
INSV1-6d58354e0158ce5ca50c8a9d,EQUIPO,ANTORCHA,ANTORCHA,h,0,1,1,1,8,0,1.200000,1.200000,1.200000,1.200000,1,8
INSV1-60707b9d7057df2d5cb8027e,MATERIAL,"PREFORMADO TERMOPLASTICO DE E=2,3mm DISEÑO FLECHA, PASO CEBRA, LINEA DE PARE",PREFORMADO TERMOPLASTICO DE E 2 3MM DISENO FLECHA PASO CEBRA LINEA DE PARE,m2,0,1,1,1,6,0,40.010000,40.010000,40.010000,40.010000,1,6
INSV1-8a0cfad4ad900a6b5236c7bf,MATERIAL,GAS INDUSTRIAL (GLP),GAS INDUSTRIAL GLP,kg,0,1,1,1,8,0,1.110000,1.110000,1.110000,1.110000,1,8
INSV1-b57cbf220a5ee8d054b2acc1,MATERIAL,"DISEÑO ""MINUSVALIDO"" 1,7x1,8m EN TERMOPLASTICO PREFORMADO DE E=2,3mm COLOR BLANCO O AMARILLO (INCL. INSUMO VARIOS)",DISENO MINUSVALIDO 1 7X1 8M EN TERMOPLASTICO PREFORMADO DE E 2 3MM COLOR BLANCO O AMARILLO INCL. INSUMO VARIOS,u,0,1,1,1,2,0,166.010000,166.010000,166.010000,166.010000,1,2
INSV1-7211f6ecceba0fa67218f76e,MATERIAL,SECCIONADOR DE FUSIBLE 100A - 15KV,SECCIONADOR DE FUSIBLE 100A - 15KV,u,0,1,1,1,1,0,76.790000,76.790000,76.790000,76.790000,1,1
INSV1-6eb6d3c4bdbeb47acb39cdaf,MATERIAL,ESTRIBO DE ALUMINIO CON CONECTORES,ESTRIBO DE ALUMINIO CON CONECTORES,u,0,1,1,1,1,0,55.010000,55.010000,55.010000,55.010000,1,1
INSV1-3486e548ded1700e7720be88,MATERIAL,GRAPA LINEA VIVA #2 AWG,GRAPA LINEA VIVA 2 AWG,u,0,1,1,1,1,0,9.510000,9.510000,9.510000,9.510000,1,1
INSV1-e72b132b696e2b6f6af45053,MATERIAL,TACHAS REFLECTIVAS TIPO BIDIRECCIONAL,TACHAS REFLECTIVAS TIPO BIDIRECCIONAL,u,0,1,1,1,1,0,3.510000,3.510000,3.510000,3.510000,1,1
INSV1-1ef224858ba33176b316354e,MATERIAL,PEGAMENTO EPOXICO BI-COMPONENTE A+B PARA TACHAS,PEGAMENTO EPOXICO BI-COMPONENTE A+B PARA TACHAS,caneca,0,1,1,1,1,0,1009.820000,1009.820000,1009.820000,1009.820000,1,1
INSV1-01bb7893e6d71674a60866ff,MATERIAL,"LETRERO DE HOMBRE TRABAJANDO, PELIGRO, USO RACIONAL DE BOCINA, VELOCIDAD MAXIMA, ETC",LETRERO DE HOMBRE TRABAJANDO PELIGRO USO RACIONAL DE BOCINA VELOCIDAD MAXIMA ETC,u,0,1,1,1,2,0,30.010000,30.010000,30.010000,30.010000,1,2
INSV1-4079e3455c4f26e8835a07a8,MATERIAL,TACHOS METALICOS DE 55 GALONES,TACHOS METALICOS DE 55 GALONES,u,0,1,1,1,1,0,75.510000,75.510000,75.510000,75.510000,1,1
INSV1-7ccd1b8c91c3a5f02f22e041,MATERIAL,BASES DE HORMIGON ARMADO,BASES DE HORMIGON ARMADO,u,0,1,1,1,1,0,40.000000,40.000000,40.000000,40.000000,1,1
INSV1-b35f2e9b85534feac06abb74,MANO_OBRA,TECNICO EN OBRAS CIVILES,TECNICO EN OBRAS CIVILES,h,0,1,1,1,2,0,4.520000,4.520000,4.520000,4.520000,1,2
INSV1-de7676e29c96ffef3d12a532,MATERIAL,CHARLA DE CAPACITACION,CHARLA DE CAPACITACION,u,0,1,1,1,1,0,95.860000,95.860000,95.860000,95.860000,1,1
INSV1-cc8a16e750aef1719a1e5fe4,MATERIAL,FOLLETO INFORMATIVO,FOLLETO INFORMATIVO,u,0,1,1,1,1,0,1.500000,1.500000,1.500000,1.500000,1,1
INSV1-58e91d3bfc1539f5b5d18a6d,MATERIAL,PROYECTOR DE VIDEOS,PROYECTOR DE VIDEOS,u,0,1,1,1,1,0,150.010000,150.010000,150.010000,150.010000,1,1
INSV1-5ad7015529af8d7f512078b3,MATERIAL,PAPELOGRAFO,PAPELOGRAFO,u,0,1,1,1,1,0,0.250000,0.250000,0.250000,0.250000,1,1
INSV1-1037e47ddcaa1c8809c1ae31,MATERIAL,EQUIPO ELECTRONICO PARA PRESENTACION DE LA CAPACITACION,EQUIPO ELECTRONICO PARA PRESENTACION DE LA CAPACITACION,u,0,1,1,1,1,0,190.060000,190.060000,190.060000,190.060000,1,1
INSV1-c903c152a71e2d82814c88f7,MATERIAL,"CINTA DEMARCATORIAS DE ADVERTENCIA ""PELIGRO"" DE COLOR AMARILLO CON LETRAS NEGRAS (ROLLO: ANCHO= 4"" x 250m)",CINTA DEMARCATORIAS DE ADVERTENCIA PELIGRO DE COLOR AMARILLO CON LETRAS NEGRAS ROLLO ANCHO 4 X 250M,rollo,0,1,1,1,1,0,7.510000,7.510000,7.510000,7.510000,1,1
INSV1-469aeddca0fa743cbf8edd85,MANO_OBRA,AYUDANTE DE CARPINTERO,AYUDANTE DE CARPINTERO,h,0,1,1,1,3,0,4.230000,4.230000,4.230000,4.230000,1,3
INSV1-a91875efb7ef0456462185bf,MATERIAL,TUBO CUADRADO DE ACERO INOXIDABLE 50x50 E=3mm,TUBO CUADRADO DE ACERO INOXIDABLE 50X50 E 3MM,m,0,1,1,1,1,0,4.420000,4.420000,4.420000,4.420000,1,1
INSV1-2f9ea8759cb60a18b00cb15f,MATERIAL,LONA DE 13 ONZAS IMPRESA CON PINTURA ECOSOLVENTE,LONA DE 13 ONZAS IMPRESA CON PINTURA ECOSOLVENTE,m2,0,1,1,1,1,0,11.200000,11.200000,11.200000,11.200000,1,1
INSV1-51171b85f75dd64c0cfa2969,MATERIAL,LIJA #240,LIJA 240,u,0,1,1,1,1,0,0.290000,0.290000,0.290000,0.290000,1,1
INSV1-bb7c6805c78eb41cdb654966,MATERIAL,MALLA PLASTICA DE SEGURIDAD COLOR REFLECTIVO,MALLA PLASTICA DE SEGURIDAD COLOR REFLECTIVO,m,0,1,1,1,1,0,2.160000,2.160000,2.160000,2.160000,1,1
INSV1-1e1e3260826ef88ae26e4abe,MATERIAL,PALETA DE - PARE/SIGA,PALETA DE - PARE/SIGA,u,0,1,1,1,1,0,9.250000,9.250000,9.250000,9.250000,1,1
INSV1-4fc13712ba041dfdff377598,MATERIAL,TANQUETA DE POLIETILENO DE BAJA DENSIDAD CON H=102cm; D=71cm CON BASE,TANQUETA DE POLIETILENO DE BAJA DENSIDAD CON H 102CM D 71CM CON BASE,u,0,1,1,1,1,0,70.000000,70.000000,70.000000,70.000000,1,1
INSV1-ab7a9b27979c45176aa576c7,MATERIAL,DELINEADOR TUBULAR EN PVC (INCL. LASTRE (ARENA) O AGUA),DELINEADOR TUBULAR EN PVC INCL. LASTRE ARENA O AGUA,u,0,1,1,1,1,0,14.000000,14.000000,14.000000,14.000000,1,1
INSV1-1f61eb8f94aeae8855acdb17,MATERIAL,CASCOS DE PROTECCION TIPO IG-NTE INEM 146 (COLOR BLANCO O AMARILLO),CASCOS DE PROTECCION TIPO IG-NTE INEM 146 COLOR BLANCO O AMARILLO,u,0,1,1,1,1,0,6.800000,6.800000,6.800000,6.800000,1,1
INSV1-618d623248ff7b32ebf64df3,MATERIAL,CHALECOS REFLECTIVOS,CHALECOS REFLECTIVOS,u,0,1,1,1,1,0,3.800000,3.800000,3.800000,3.800000,1,1
INSV1-c7422199104e2473381f67d5,MATERIAL,BOTAS DE CAUCHO,BOTAS DE CAUCHO,u,0,1,1,1,1,0,10.150000,10.150000,10.150000,10.150000,1,1
INSV1-b8b2dddcdbeff82722092caa,MATERIAL,GUANTES DE PROTECCION PUNTAS DE PVC (PAR),GUANTES DE PROTECCION PUNTAS DE PVC PAR,u,0,1,1,1,1,0,0.800000,0.800000,0.800000,0.800000,1,1
INSV1-51c19b473f6c236e2b87a1cc,MATERIAL,GAFAS DE PROTECCION (ANTIEMPAÑANTES Y TRANSPARENTES),GAFAS DE PROTECCION ANTIEMPANANTES Y TRANSPARENTES,u,0,1,1,1,1,0,2.250000,2.250000,2.250000,2.250000,1,1
INSV1-768cc25239773f32d9e9852a,MATERIAL,"BUZON CON CINTA REFLECTIVA EN EL PECHO Y ESPALDA (INCL. LOGO DE LA ""ENTIDAD"" Y ""CONTRATISTA"")",BUZON CON CINTA REFLECTIVA EN EL PECHO Y ESPALDA INCL. LOGO DE LA ENTIDAD Y CONTRATISTA,u,0,1,1,1,1,0,8.750000,8.750000,8.750000,8.750000,1,1
INSV1-317bfb591f3896999089b225,MATERIAL,BOTAS DE SEGURIDAD INDUSTRIAL (INCL. PUNTAS DE ACERO Y PLANTILLA ANTIPERFORANTE) (PAR),BOTAS DE SEGURIDAD INDUSTRIAL INCL. PUNTAS DE ACERO Y PLANTILLA ANTIPERFORANTE PAR,u,0,1,1,1,1,0,41.500000,41.500000,41.500000,41.500000,1,1
INSV1-3c5835cffd6ba89ae4bceb99,MATERIAL,TAPONES AUDITIVO REUTILIZABLES 25DB NRR - (PAR),TAPONES AUDITIVO REUTILIZABLES 25DB NRR - PAR,u,0,1,1,1,1,0,2.750000,2.750000,2.750000,2.750000,1,1
INSV1-2d40b16660f6bfae882dd0f9,MATERIAL,PANTALON JEAN CON CINTA REFLECTIVA,PANTALON JEAN CON CINTA REFLECTIVA,u,0,1,1,1,1,0,13.500000,13.500000,13.500000,13.500000,1,1
INSV1-f1bf600256d2e52e98eb037f,MATERIAL,"PLANCHA PLYWOOD 4,00x8,00x5,20 mm",PLANCHA PLYWOOD 4 00X8 00X5 20 MM,u,0,1,1,1,1,0,12.040000,12.040000,12.040000,12.040000,1,1
INSV1-a28fde72fa3d84fe237d4076,MATERIAL,"EXTINTOR DE POLVO QUIMICO SECO (PQS) DE 20 LIBRAS DE CAPACIDAD, RECARGABLE PARA FUEGOS CLASE A,B,C",EXTINTOR DE POLVO QUIMICO SECO PQS DE 20 LIBRAS DE CAPACIDAD RECARGABLE PARA FUEGOS CLASE A B C,u,0,1,1,1,1,0,40.420000,40.420000,40.420000,40.420000,1,1
INSV1-069cc942dd55c73352cf4ca6,MATERIAL,VARIOS ELEMENTOS DE SUJECION,VARIOS ELEMENTOS DE SUJECION,u,0,1,1,1,1,0,1.510000,1.510000,1.510000,1.510000,1,1
INSV1-6ee08c937d8fad3aac68b3ce,MATERIAL,TACO DE EXPANSION Y TIRAFONDO #10,TACO DE EXPANSION Y TIRAFONDO 10,u,0,1,1,1,1,0,0.300000,0.300000,0.300000,0.300000,1,1
INSV1-a312b67b62b5684372b62b03,EQUIPO,SONOMETRO CLASE II,SONOMETRO CLASE II,h,0,1,1,1,1,0,280.000000,280.000000,280.000000,280.000000,1,1
INSV1-271fbf141a5de1ed0dd70688,MANO_OBRA,"INGENIERO CIVIL (ESTRUCTURAL, HIDRAULICO Y VIAL)",INGENIERO CIVIL ESTRUCTURAL HIDRAULICO Y VIAL,h,0,1,1,1,1,0,4.770000,4.770000,4.770000,4.770000,1,1
INSV1-39c2fec3cd251cc0aef58fd8,MATERIAL,LABORATORIO ACREDITADO ANTE EL OAE,LABORATORIO ACREDITADO ANTE EL OAE,u,0,1,1,1,1,0,2000.010000,2000.010000,2000.010000,2000.010000,1,1
INSV1-213dfe96fe84d54c70b49559,EQUIPO,EQUIPO PARA MONITOREO DE CALIDAD DE AIRE,EQUIPO PARA MONITOREO DE CALIDAD DE AIRE,h,0,1,1,1,1,0,220.000000,220.000000,220.000000,220.000000,1,1
