insumo_a_id,insumo_b_id,tipo,unidad,nombre_a,nombre_b,similaridad_token_set,numeros_a,numeros_b,especificaciones_numericas_iguales,decision_v1,accion
INSV1-90f63e38a39059a5d36a166b,INSV1-e15109e199963e803b473a25,MATERIAL,u,BRIDA DE ACERO AL CARBONO ASTM A-105 DN 50mm (INCLUYE PERNOS Y EMPAQUES),BRIDA DE ACERO AL CARBONO ASTM A-105 DN 150mm (INCLUYE PERNOS Y EMPAQUES),99.29,"105,50","105,150",False,NO_FUSIONAR_AUTOMATICAMENTE,REVISAR_MANUALMENTE
INSV1-67bcb609fddcd1e3f50bf4d0,INSV1-e450a9cb49b97497ea88f18a,MATERIAL,u,VALVULA DE COMPUERTA VASTAGO FIJO EXTREMOS BRIDADOS PN10/16 DN 150mm,VALVULA DE COMPUERTA VASTAGO FIJO EXTREMOS BRIDADOS PN10/16 DN 50mm,99.26,"10,16,50","10,16,150",False,NO_FUSIONAR_AUTOMATICAMENTE,REVISAR_MANUALMENTE
INSV1-a6d06ebd0b58912efe12c3cf,INSV1-eba5abea811b8ba9f559c874,MATERIAL,u,VALVULA DE RETENCION BRIDADA CHECK TIPO SWING DN50mm PN10/16,VALVULA DE RETENCION BRIDADA CHECK TIPO SWING DN150mm PN10/16,99.17,"50,10,16","150,10,16",False,NO_FUSIONAR_AUTOMATICAMENTE,REVISAR_MANUALMENTE
INSV1-b35eccac24cd5b4c487948c8,INSV1-d36c052d7ae8b9e2ac8afabb,MATERIAL,u,"BOMBA SUMERGIBLE 7.5 KW DE ACERO INOXIDABLE (INCLUYE TABLERO, BASE AUTOACOPLABLE Y BRIDA DE DESCARGA)","BOMBA SUMERGIBLE 6 KW DE ACERO INOXIDABLE (INCLUYE TABLERO, BASE AUTOACOPLABLE Y BRIDA DE DESCARGA)",98.91,7.5,6,False,NO_FUSIONAR_AUTOMATICAMENTE,REVISAR_MANUALMENTE
INSV1-3a5a7be0af585cd66ca5b1e4,INSV1-6514d459cc0fa023827c8d05,MATERIAL,u,"PASAMURO PARA TUBERIA DE H.F. 50mm, L =0.40m","PASAMURO PARA TUBERIA DE H.F. 250mm, L=0.40m",98.82,"50,0.40","250,0.40",False,NO_FUSIONAR_AUTOMATICAMENTE,REVISAR_MANUALMENTE
INSV1-3a5a7be0af585cd66ca5b1e4,INSV1-3b5cb5c357b8e2e0e48567f9,MATERIAL,u,"PASAMURO PARA TUBERIA DE H.F. 50mm, L =0.40m","PASAMURO PARA TUBERIA DE H.F. 150mm, L =0.40m",98.82,"50,0.40","150,0.40",False,NO_FUSIONAR_AUTOMATICAMENTE,REVISAR_MANUALMENTE
INSV1-d591e8e697234a027ce84810,INSV1-ec476980eb66a6df16640be6,MATERIAL,u,"ABRAZADERA DE ACERO GALVANIZADO, PLATINA, 4 PERNOS DE 38x4x160mm (1 1/2"" x 5/32"" x 5 1/2"")","ABRAZADERA DE ACERO GALVANIZADO, PLATINA, 3 PERNOS DE 38x4x160mm (1 1/2"" x 5/32"" x 5 1/2"")",98.65,"4,38,4,160,1,1,2,5,32,5,1,2","3,38,4,160,1,1,2,5,32,5,1,2",False,NO_FUSIONAR_AUTOMATICAMENTE,REVISAR_MANUALMENTE
INSV1-4778e72633fd44dd4ff6c51d,INSV1-6f73cd7a2653609448313509,MATERIAL,u,"VARILLA DE ANCLAJE DE ACERO GALVANIZADO, TUERCA Y ARANDELA, 16 x 1800mm (5/8"" x 71"")","VARILLA DE ANCLAJE DE ACERO GALVANIZADO, TUERCA Y ARANDELA DE 16x1800mm (5/8"" x 71"")",98.63,"16,1800,5,8,71","16,1800,5,8,71",True,NO_FUSIONAR_AUTOMATICAMENTE,REVISAR_MANUALMENTE
INSV1-b1d0f6afc5ef7767dbe3e0ba,INSV1-fdbc1d35f72d19a583ee3a26,MATERIAL,u,"PROVISION E INSTALACION DE SEÑAL VERTICAL INFORMATIVA O REGLAMENTARIA DE ALUMINIO DE 2mm CON VYNIL REFLECTIVO DE GRADO XI NORMA ASTM D4956 E IMPRESIÓN DIGITAL (INCL. ELEMENTOS DE SUJECION, ESTRUCTURA Y SOPORTE 60x60 (SOLO BICICLETAS)","PROVISION E INSTALACION DE SEÑAL VERTICAL INFORMATIVA O REGLAMENTARIA DE ALUMINIO DE 2mm CON VYNIL REFLECTIVO DE GRADO XI NORMA ASTM D4956 E IMPRESIÓN DIGITAL (INCL. ELEMENTOS DE SUJECION, ESTRUCTURA Y SOPORTE 60x60 (SOLO MOTOCICLETAS))",98.61,"2,4956,60,60","2,4956,60,60",True,NO_FUSIONAR_AUTOMATICAMENTE,REVISAR_MANUALMENTE
INSV1-7a23e5f21e45f90030d27ba7,INSV1-b20c203f1827e3331cb075d5,MATERIAL,u,"TABLERO METALICO DE 40cm DE ALTO x 60cm DE ANCHO x 30cm DE FONDO, EN PLANCHA DE D= 1/16""","TABLERO METALICO DE 60cm DE ALTO x 40cm DE ANCHO x 20cm DE FONDO, EN PLANCHA DE D= 1/16""",98.59,"40,60,30,1,16","60,40,20,1,16",False,NO_FUSIONAR_AUTOMATICAMENTE,REVISAR_MANUALMENTE
INSV1-16b47ff913c706acf98c862c,INSV1-fcf664053048188b45134b36,MATERIAL,u,BRIDA DE ACERO AL CARBONO ASTM A-105 DN 40mm (INCLUYE PERNOS Y EMPAQUES),BRIDA DE ACERO AL CARBONO ASTM A-105 DN 80mm (INCLUYE PERNOS Y EMPAQUES),98.57,"105,40","105,80",False,NO_FUSIONAR_AUTOMATICAMENTE,REVISAR_MANUALMENTE
INSV1-90f63e38a39059a5d36a166b,INSV1-b27102427b487e852434b0e8,MATERIAL,u,BRIDA DE ACERO AL CARBONO ASTM A-105 DN 50mm (INCLUYE PERNOS Y EMPAQUES),BRIDA DE ACERO AL CARBONO ASTM A-105 DN 65mm (INCLUYE PERNOS Y EMPAQUES),98.57,"105,50","105,65",False,NO_FUSIONAR_AUTOMATICAMENTE,REVISAR_MANUALMENTE
INSV1-90f63e38a39059a5d36a166b,INSV1-fcf664053048188b45134b36,MATERIAL,u,BRIDA DE ACERO AL CARBONO ASTM A-105 DN 50mm (INCLUYE PERNOS Y EMPAQUES),BRIDA DE ACERO AL CARBONO ASTM A-105 DN 80mm (INCLUYE PERNOS Y EMPAQUES),98.57,"105,50","105,80",False,NO_FUSIONAR_AUTOMATICAMENTE,REVISAR_MANUALMENTE
INSV1-16b47ff913c706acf98c862c,INSV1-90f63e38a39059a5d36a166b,MATERIAL,u,BRIDA DE ACERO AL CARBONO ASTM A-105 DN 40mm (INCLUYE PERNOS Y EMPAQUES),BRIDA DE ACERO AL CARBONO ASTM A-105 DN 50mm (INCLUYE PERNOS Y EMPAQUES),98.57,"105,40","105,50",False,NO_FUSIONAR_AUTOMATICAMENTE,REVISAR_MANUALMENTE
INSV1-23402e0af8a5bec3ef2b36d1,INSV1-b31a936441887422285fff03,EQUIPO,h,MINI-CARGADOR CON MARTILLO ROMPEDOR,MINICARGADOR CON MARTILLO ROMPEDOR,98.55,,,True,NO_FUSIONAR_AUTOMATICAMENTE,REVISAR_MANUALMENTE
INSV1-6af484f885f9fe626159571a,INSV1-f01ecf9a4331b34c40c9d7c1,MATERIAL,u,CODO DE ACERO ASTM A36 50mm X 90',CODO DE ACERO ASTM A36 150mm X 90',98.51,"36,50,90","36,150,90",False,NO_FUSIONAR_AUTOMATICAMENTE,REVISAR_MANUALMENTE
INSV1-4e02a14eb907a3237ad89291,INSV1-5c8d43b53ed9b9e55defce4a,MATERIAL,u,PILOTE DE HORMIGON ARMADO PRETENSADO F´C=350Kg/cm2 40X40 L=21.0m,PILOTE DE HORMIGON ARMADO PRETENSADO F´C=350Kg/cm2 40X40 L=13.0m,98.44,"350,2,40,40,21.0","350,2,40,40,13.0",False,NO_FUSIONAR_AUTOMATICAMENTE,REVISAR_MANUALMENTE
INSV1-4e02a14eb907a3237ad89291,INSV1-5d725059bfb1c7cb7180e70c,MATERIAL,u,PILOTE DE HORMIGON ARMADO PRETENSADO F´C=350Kg/cm2 40X40 L=21.0m,PILOTE DE HORMIGON ARMADO PRETENSADO F´C=350Kg/cm2 40X40 L=17.0m,98.44,"350,2,40,40,21.0","350,2,40,40,17.0",False,NO_FUSIONAR_AUTOMATICAMENTE,REVISAR_MANUALMENTE
INSV1-5c8d43b53ed9b9e55defce4a,INSV1-5d725059bfb1c7cb7180e70c,MATERIAL,u,PILOTE DE HORMIGON ARMADO PRETENSADO F´C=350Kg/cm2 40X40 L=13.0m,PILOTE DE HORMIGON ARMADO PRETENSADO F´C=350Kg/cm2 40X40 L=17.0m,98.44,"350,2,40,40,17.0","350,2,40,40,13.0",False,NO_FUSIONAR_AUTOMATICAMENTE,REVISAR_MANUALMENTE
INSV1-4e02a14eb907a3237ad89291,INSV1-de83312ef633d73f3ca08c90,MATERIAL,u,PILOTE DE HORMIGON ARMADO PRETENSADO F´C=350Kg/cm2 40X40 L=21.0m,PILOTE DE HORMIGON ARMADO PRETENSADO F´C=350Kg/cm2 40X40 L=25.0m,98.44,"350,2,40,40,25.0","350,2,40,40,21.0",False,NO_FUSIONAR_AUTOMATICAMENTE,REVISAR_MANUALMENTE
INSV1-0e5488057fefea93f84cbb00,INSV1-2979b6df423430464f009d2c,MATERIAL,m,CABLE DE COBRE TIPO THHN #1/0 AWG,CABLE DE COBRE TIPO THHN #10 AWG,98.41,10,"1,0",False,NO_FUSIONAR_AUTOMATICAMENTE,REVISAR_MANUALMENTE
INSV1-0ee158a3e0f0d7cd831a33d9,INSV1-6332977f8544f2852f9648ad,MATERIAL,u,TAPA DE GRAFITO ESFEROIDAL DE 70cm DE DIAMETRO CON RESISTENCIA 125 KN,TAPA DE GRAFITO ESFEROIDAL DE 60cm DE DIAMETRO CON RESISTENCIA 125 KN,98.41,"70,125","60,125",False,NO_FUSIONAR_AUTOMATICAMENTE,REVISAR_MANUALMENTE
INSV1-9301a2ac3542c76516408d7f,INSV1-d126f6e0f07f62d4d0712864,MATERIAL,u,"KIT DE CONEXION COMPOSITE PARA MEDIDOR DE 1"" (SE CONSIDERA EL PAR)","KIT DE CONEXION COMPOSITE PARA MEDIDOR DE 1/2"" (SE CONSIDERA EL PAR)",98.36,"1,2",1,False,NO_FUSIONAR_AUTOMATICAMENTE,REVISAR_MANUALMENTE
INSV1-472497cc447e89f5bab1b115,INSV1-f1cdeca7ab39e36f230238d1,MATERIAL,m,CABLE DE COBRE TIPO THHN #12 AWG,CABLE DE COBRE TIPO THHN #2 AWG,98.36,2,12,False,NO_FUSIONAR_AUTOMATICAMENTE,REVISAR_MANUALMENTE
INSV1-640c5d43e83b34146264431d,INSV1-a6d06ebd0b58912efe12c3cf,MATERIAL,u,VALVULA DE RETENCION BRIDADA CHECK TIPO SWING DN80mm PN10/16,VALVULA DE RETENCION BRIDADA CHECK TIPO SWING DN50mm PN10/16,98.33,"80,10,16","50,10,16",False,NO_FUSIONAR_AUTOMATICAMENTE,REVISAR_MANUALMENTE
INSV1-884bbad122d0b83a75f07b94,INSV1-eb7f7c67b6090399aa6c4f54,MATERIAL,u,"LLAVE DE CORTE INVIOLABLE D=1"" H-H TIPO BOLA LATÓN/CROMADO","LLAVE DE CORTE INVIOLABLE D= 1/2"" H-H TIPO BOLA LATÓN/CROMADO",98.28,"1,2",1,False,NO_FUSIONAR_AUTOMATICAMENTE,REVISAR_MANUALMENTE
INSV1-0999e119db1a3ac3acd7dde1,INSV1-b8ea0f88d3ce8afb056290fb,MATERIAL,m,TUBERIA PVC/UE 50mm 1.00 MPA (INCLUYE UNION ELASTOMERICA),TUBERIA PVC/UE 75mm 1.00 MPA (INCLUYE UNION ELASTOMERICA),98.18,"75,1.00","50,1.00",False,NO_FUSIONAR_AUTOMATICAMENTE,REVISAR_MANUALMENTE
INSV1-370ba4f76c775bc57d9b2c66,INSV1-752ed38dd31917bc4b43c59b,MATERIAL,u,"DISYUNTOR 500 A - 3 POLOS, CAJA MOLDEADA REGULADO","DISYUNTOR 350 A - 3 POLOS, CAJA MOLDEADA REGULADO",97.92,"500,3","350,3",False,NO_FUSIONAR_AUTOMATICAMENTE,REVISAR_MANUALMENTE
INSV1-90f63e38a39059a5d36a166b,INSV1-bc07b60006ff845fc1d554c1,MATERIAL,u,BRIDA DE ACERO AL CARBONO ASTM A-105 DN 50mm (INCLUYE PERNOS Y EMPAQUES),BRIDA DE ACERO AL CARBONO ASTM A-105 DN 200mm (INCLUYE PERNOS Y EMPAQUES),97.87,"105,50","105,200",False,NO_FUSIONAR_AUTOMATICAMENTE,REVISAR_MANUALMENTE
INSV1-e15109e199963e803b473a25,INSV1-fcf664053048188b45134b36,MATERIAL,u,BRIDA DE ACERO AL CARBONO ASTM A-105 DN 150mm (INCLUYE PERNOS Y EMPAQUES),BRIDA DE ACERO AL CARBONO ASTM A-105 DN 80mm (INCLUYE PERNOS Y EMPAQUES),97.87,"105,80","105,150",False,NO_FUSIONAR_AUTOMATICAMENTE,REVISAR_MANUALMENTE
INSV1-bc07b60006ff845fc1d554c1,INSV1-fcf664053048188b45134b36,MATERIAL,u,BRIDA DE ACERO AL CARBONO ASTM A-105 DN 200mm (INCLUYE PERNOS Y EMPAQUES),BRIDA DE ACERO AL CARBONO ASTM A-105 DN 80mm (INCLUYE PERNOS Y EMPAQUES),97.87,"105,80","105,200",False,NO_FUSIONAR_AUTOMATICAMENTE,REVISAR_MANUALMENTE
INSV1-2ef93473625a0fb55a2bf1e3,INSV1-ac942737a85126b8aba4f47f,MATERIAL,m,TUBERIA PP UNION ROSCABLE DI=1 1/4 plg 1.25 MPA,TUBERIA PP UNION ROSCABLE DI=1 1/2 plg 1.25 MPA,97.87,"1,1,2,1.25","1,1,4,1.25",False,NO_FUSIONAR_AUTOMATICAMENTE,REVISAR_MANUALMENTE
INSV1-7de9ac4f51cb827e407b26d3,INSV1-ac942737a85126b8aba4f47f,MATERIAL,m,TUBERIA PP UNION ROSCABLE DI=2 1/2 plg 1.25 MPA,TUBERIA PP UNION ROSCABLE DI=1 1/2 plg 1.25 MPA,97.87,"1,1,2,1.25","2,1,2,1.25",False,NO_FUSIONAR_AUTOMATICAMENTE,REVISAR_MANUALMENTE
INSV1-2f9257ad4fe081c97a9869c3,INSV1-faaf2d0d4516f81f5e7c493d,MATERIAL,u,BLOQUE DE ARENA CEMENTO PL-19 (19x19x39cm) (LIVIANO),BLOQUE DE ARENA CEMENTO PL-9 (9x19x39cm) (LIVIANO),97.87,"19,19,19,39","9,9,19,39",False,NO_FUSIONAR_AUTOMATICAMENTE,REVISAR_MANUALMENTE
INSV1-16b47ff913c706acf98c862c,INSV1-bc07b60006ff845fc1d554c1,MATERIAL,u,BRIDA DE ACERO AL CARBONO ASTM A-105 DN 40mm (INCLUYE PERNOS Y EMPAQUES),BRIDA DE ACERO AL CARBONO ASTM A-105 DN 200mm (INCLUYE PERNOS Y EMPAQUES),97.87,"105,40","105,200",False,NO_FUSIONAR_AUTOMATICAMENTE,REVISAR_MANUALMENTE
INSV1-16b47ff913c706acf98c862c,INSV1-e15109e199963e803b473a25,MATERIAL,u,BRIDA DE ACERO AL CARBONO ASTM A-105 DN 40mm (INCLUYE PERNOS Y EMPAQUES),BRIDA DE ACERO AL CARBONO ASTM A-105 DN 150mm (INCLUYE PERNOS Y EMPAQUES),97.87,"105,40","105,150",False,NO_FUSIONAR_AUTOMATICAMENTE,REVISAR_MANUALMENTE
INSV1-b27102427b487e852434b0e8,INSV1-e15109e199963e803b473a25,MATERIAL,u,BRIDA DE ACERO AL CARBONO ASTM A-105 DN 65mm (INCLUYE PERNOS Y EMPAQUES),BRIDA DE ACERO AL CARBONO ASTM A-105 DN 150mm (INCLUYE PERNOS Y EMPAQUES),97.87,"105,65","105,150",False,NO_FUSIONAR_AUTOMATICAMENTE,REVISAR_MANUALMENTE
INSV1-66982c09397f4ed6c8f519cc,INSV1-733b160153d077365fce4ab1,MATERIAL,u,TAPA DE GRAFITO ESFEROIDAL DE 60cm DIAMETRO 125KN,TAPA DE GRAFITO ESFEROIDAL DE 80cm DIAMETRO 125KN,97.83,"80,125","60,125",False,NO_FUSIONAR_AUTOMATICAMENTE,REVISAR_MANUALMENTE
INSV1-9acc8e71d48c855806792aa2,INSV1-b1d0f6afc5ef7767dbe3e0ba,MATERIAL,u,"PROVISION E INSTALACION DE SEÑAL VERTICAL INFORMATIVA O REGLAMENTARIA DE ALUMINIO DE 2mm CON VYNIL REFLECTIVO DE GRADO XI NORMA ASTM D4956 E IMPRESIÓN DIGITAL (INCL. ELEMENTOS DE SUJECION, ESTRUCTURA Y SOPORTE 60x60 (NO ENTRE)","PROVISION E INSTALACION DE SEÑAL VERTICAL INFORMATIVA O REGLAMENTARIA DE ALUMINIO DE 2mm CON VYNIL REFLECTIVO DE GRADO XI NORMA ASTM D4956 E IMPRESIÓN DIGITAL (INCL. ELEMENTOS DE SUJECION, ESTRUCTURA Y SOPORTE 60x60 (SOLO BICICLETAS)",97.79,"2,4956,60,60","2,4956,60,60",True,NO_FUSIONAR_AUTOMATICAMENTE,REVISAR_MANUALMENTE
INSV1-9acc8e71d48c855806792aa2,INSV1-c0117f08afc2bfc00329d523,MATERIAL,u,"PROVISION E INSTALACION DE SEÑAL VERTICAL INFORMATIVA O REGLAMENTARIA DE ALUMINIO DE 2mm CON VYNIL REFLECTIVO DE GRADO XI NORMA ASTM D4956 E IMPRESIÓN DIGITAL (INCL. ELEMENTOS DE SUJECION, ESTRUCTURA Y SOPORTE 60x60 (NO ENTRE)",PROVISION E INSTALACION DE SEÑAL VERTICAL INFORMATIVA O REGLAMENTARIA DE ALUMINIO DE 2mm CON VYNIL REFLECTIVO DE GRADO XI NORMA ASTM D4956 E IMPRESIÓN DIGITAL (INCL. ELEMENTOS DE SUJECION Y ESTRUCTURA Y SOPORTE 60x60 (PROHIBIDO ESTACIONAR),97.79,"2,4956,60,60","2,4956,60,60",True,NO_FUSIONAR_AUTOMATICAMENTE,REVISAR_MANUALMENTE
INSV1-9acc8e71d48c855806792aa2,INSV1-fdbc1d35f72d19a583ee3a26,MATERIAL,u,"PROVISION E INSTALACION DE SEÑAL VERTICAL INFORMATIVA O REGLAMENTARIA DE ALUMINIO DE 2mm CON VYNIL REFLECTIVO DE GRADO XI NORMA ASTM D4956 E IMPRESIÓN DIGITAL (INCL. ELEMENTOS DE SUJECION, ESTRUCTURA Y SOPORTE 60x60 (NO ENTRE)","PROVISION E INSTALACION DE SEÑAL VERTICAL INFORMATIVA O REGLAMENTARIA DE ALUMINIO DE 2mm CON VYNIL REFLECTIVO DE GRADO XI NORMA ASTM D4956 E IMPRESIÓN DIGITAL (INCL. ELEMENTOS DE SUJECION, ESTRUCTURA Y SOPORTE 60x60 (SOLO MOTOCICLETAS))",97.79,"2,4956,60,60","2,4956,60,60",True,NO_FUSIONAR_AUTOMATICAMENTE,REVISAR_MANUALMENTE
INSV1-30a42b72d82d97ef1dfee3e7,INSV1-863cf63e3a4faf60cc2f7e10,MATERIAL,m3,HORMIGON PREMEZCLADO F´C= 280 Kg/cm2 BOMBEABLE,HORMIGON PREMEZCLADO F´C= 210 Kg/cm2 BOMBEABLE,97.78,"210,2","280,2",False,NO_FUSIONAR_AUTOMATICAMENTE,REVISAR_MANUALMENTE
INSV1-30a42b72d82d97ef1dfee3e7,INSV1-f4a1b37ca8e856db26be8dfa,MATERIAL,m3,HORMIGON PREMEZCLADO F´C= 280 Kg/cm2 BOMBEABLE,HORMIGON PREMEZCLADO F´C= 180 Kg/cm2 BOMBEABLE,97.78,"180,2","280,2",False,NO_FUSIONAR_AUTOMATICAMENTE,REVISAR_MANUALMENTE
INSV1-863cf63e3a4faf60cc2f7e10,INSV1-f4a1b37ca8e856db26be8dfa,MATERIAL,m3,HORMIGON PREMEZCLADO F´C= 210 Kg/cm2 BOMBEABLE,HORMIGON PREMEZCLADO F´C= 180 Kg/cm2 BOMBEABLE,97.78,"180,2","210,2",False,NO_FUSIONAR_AUTOMATICAMENTE,REVISAR_MANUALMENTE
INSV1-0346c6f041aa6b4c103b8c57,INSV1-e450a9cb49b97497ea88f18a,MATERIAL,u,VALVULA DE COMPUERTA VASTAGO FIJO EXTREMO BRIDADOS PN10/16 DN 80mm,VALVULA DE COMPUERTA VASTAGO FIJO EXTREMOS BRIDADOS PN10/16 DN 50mm,97.74,"10,16,80","10,16,50",False,NO_FUSIONAR_AUTOMATICAMENTE,REVISAR_MANUALMENTE
INSV1-3b4795e9fe668dfd88e65740,INSV1-5c39998864a5646442cfb616,MATERIAL,m,TUBERIA PP UNION ROSCABLE DI=1 plg 1.25 MPA,TUBERIA PP UNION ROSCABLE DI=1/2 plg 1.25 MPA,97.73,"1,1.25","1,2,1.25",False,NO_FUSIONAR_AUTOMATICAMENTE,REVISAR_MANUALMENTE
INSV1-5c39998864a5646442cfb616,INSV1-d31f39739052d50f5581250e,MATERIAL,m,TUBERIA PP UNION ROSCABLE DI=1/2 plg 1.25 MPA,TUBERIA PP UNION ROSCABLE DI=2 plg 1.25 MPA,97.73,"2,1.25","1,2,1.25",False,NO_FUSIONAR_AUTOMATICAMENTE,REVISAR_MANUALMENTE
INSV1-390249674975d8d45b2996f7,INSV1-807cab9d5f281a8a10816e91,MATERIAL,u,PUERTA DE MADERA 0.80x2.20m (INCLUYE BATIENTE),PUERTA DE MADERA 0.70x2.20m (INCLUYE BATIENTE),97.73,"0.70,2.20","0.80,2.20",False,NO_FUSIONAR_AUTOMATICAMENTE,REVISAR_MANUALMENTE
INSV1-6dfe73154861d9147debb3ac,INSV1-76d29c60f3c29b682690341d,MATERIAL,u,PUERTA DE MADERA 0.70x1.00m (INCLUYE BATIENTE),PUERTA DE MADERA 0.80x1.00m (INCLUYE BATIENTE),97.73,"0.70,1.00","0.80,1.00",False,NO_FUSIONAR_AUTOMATICAMENTE,REVISAR_MANUALMENTE
INSV1-3b5cb5c357b8e2e0e48567f9,INSV1-d3c427701d8b2eb8edcd046a,MATERIAL,u,"PASAMURO PARA TUBERIA DE H.F. 150mm, L =0.40m","PASAMURO PARA TUBERIA DE H.F. 100mm, L=0.40m",97.67,"150,0.40","100,0.40",False,NO_FUSIONAR_AUTOMATICAMENTE,REVISAR_MANUALMENTE
INSV1-6514d459cc0fa023827c8d05,INSV1-ee6b32bf080f76d694f4cd98,MATERIAL,u,"PASAMURO PARA TUBERIA DE H.F. 250mm, L=0.40m","PASAMURO PARA TUBERIA DE H.F. 200mm, L=0.40m",97.67,"250,0.40","200,0.40",False,NO_FUSIONAR_AUTOMATICAMENTE,REVISAR_MANUALMENTE
INSV1-3b5cb5c357b8e2e0e48567f9,INSV1-6514d459cc0fa023827c8d05,MATERIAL,u,"PASAMURO PARA TUBERIA DE H.F. 150mm, L =0.40m","PASAMURO PARA TUBERIA DE H.F. 250mm, L=0.40m",97.67,"150,0.40","250,0.40",False,NO_FUSIONAR_AUTOMATICAMENTE,REVISAR_MANUALMENTE
INSV1-d3c427701d8b2eb8edcd046a,INSV1-ee6b32bf080f76d694f4cd98,MATERIAL,u,"PASAMURO PARA TUBERIA DE H.F. 100mm, L=0.40m","PASAMURO PARA TUBERIA DE H.F. 200mm, L=0.40m",97.67,"200,0.40","100,0.40",False,NO_FUSIONAR_AUTOMATICAMENTE,REVISAR_MANUALMENTE
INSV1-3b4795e9fe668dfd88e65740,INSV1-d31f39739052d50f5581250e,MATERIAL,m,TUBERIA PP UNION ROSCABLE DI=1 plg 1.25 MPA,TUBERIA PP UNION ROSCABLE DI=2 plg 1.25 MPA,97.67,"1,1.25","2,1.25",False,NO_FUSIONAR_AUTOMATICAMENTE,REVISAR_MANUALMENTE
INSV1-3b4795e9fe668dfd88e65740,INSV1-7de9ac4f51cb827e407b26d3,MATERIAL,m,TUBERIA PP UNION ROSCABLE DI=1 plg 1.25 MPA,TUBERIA PP UNION ROSCABLE DI=2 1/2 plg 1.25 MPA,97.62,"2,1,2,1.25","1,1.25",False,NO_FUSIONAR_AUTOMATICAMENTE,REVISAR_MANUALMENTE
INSV1-ac942737a85126b8aba4f47f,INSV1-d31f39739052d50f5581250e,MATERIAL,m,TUBERIA PP UNION ROSCABLE DI=1 1/2 plg 1.25 MPA,TUBERIA PP UNION ROSCABLE DI=2 plg 1.25 MPA,97.62,"2,1.25","1,1,2,1.25",False,NO_FUSIONAR_AUTOMATICAMENTE,REVISAR_MANUALMENTE
INSV1-3a5a7be0af585cd66ca5b1e4,INSV1-7b76108b86f58df916db404a,MATERIAL,u,"PASAMURO PARA TUBERIA DE H.F. 50mm, L =0.40m","PASAMURO PARA TUBERIA DE H.F. 75mm, L =0.40m",97.62,"75,0.40","50,0.40",False,NO_FUSIONAR_AUTOMATICAMENTE,REVISAR_MANUALMENTE
INSV1-49406da118920131b982102f,INSV1-d31f39739052d50f5581250e,MATERIAL,m,TUBERIA PP UNION ROSCABLE DI=3/4 plg 1.25 MPA,TUBERIA PP UNION ROSCABLE DI=2 plg 1.25 MPA,97.62,"2,1.25","3,4,1.25",False,NO_FUSIONAR_AUTOMATICAMENTE,REVISAR_MANUALMENTE
INSV1-2ef93473625a0fb55a2bf1e3,INSV1-d31f39739052d50f5581250e,MATERIAL,m,TUBERIA PP UNION ROSCABLE DI=1 1/4 plg 1.25 MPA,TUBERIA PP UNION ROSCABLE DI=2 plg 1.25 MPA,97.62,"1,1,4,1.25","2,1.25",False,NO_FUSIONAR_AUTOMATICAMENTE,REVISAR_MANUALMENTE
INSV1-3b4795e9fe668dfd88e65740,INSV1-49406da118920131b982102f,MATERIAL,m,TUBERIA PP UNION ROSCABLE DI=1 plg 1.25 MPA,TUBERIA PP UNION ROSCABLE DI=3/4 plg 1.25 MPA,97.62,"1,1.25","3,4,1.25",False,NO_FUSIONAR_AUTOMATICAMENTE,REVISAR_MANUALMENTE
INSV1-357b81dd10b9e844ced27697,INSV1-d8732e5907fc3477d5542f09,MATERIAL,m,CABLE #10 AWG THHN CU,CABLE #1/0 AWG THHN CU,97.56,"1,0",10,False,NO_FUSIONAR_AUTOMATICAMENTE,REVISAR_MANUALMENTE
INSV1-2181762c2aec28f7e964f00a,INSV1-d9dfccfc731a791adc6d7682,MATERIAL,u,TRANSFORMADOR 3F 100 KVA TIPO PAD MOUNTED,TRANSFORMADOR 3F 150 KVA TIPO PAD MOUNTED,97.56,"3,150","3,100",False,NO_FUSIONAR_AUTOMATICAMENTE,REVISAR_MANUALMENTE
INSV1-640c5d43e83b34146264431d,INSV1-eba5abea811b8ba9f559c874,MATERIAL,u,VALVULA DE RETENCION BRIDADA CHECK TIPO SWING DN80mm PN10/16,VALVULA DE RETENCION BRIDADA CHECK TIPO SWING DN150mm PN10/16,97.52,"80,10,16","150,10,16",False,NO_FUSIONAR_AUTOMATICAMENTE,REVISAR_MANUALMENTE
INSV1-a05ff3c9e6d3e5b6b7c2e8dd,INSV1-fabd5602240cca5b5e2d2468,MATERIAL,u,VALVULA DE BOLA PVC D= 1 1/2 plg ROSCABLE,VALVULA DE BOLA PVC D= 2 1/2 plg ROSCABLE,97.50,"1,1,2","2,1,2",False,NO_FUSIONAR_AUTOMATICAMENTE,REVISAR_MANUALMENTE
INSV1-592eaaeb9e6b55b1f140fb82,INSV1-5b0974fba21d2d8865684579,MATERIAL,m2,MALLA ELECTROSOLDADA 10x10cm Ø7.00mm,MALLA ELECTROSOLDADA 10x10cm Ø5.00mm,97.50,"10,10,7.00","10,10,5.00",False,NO_FUSIONAR_AUTOMATICAMENTE,REVISAR_MANUALMENTE
INSV1-99db61a59988e52b3e7ea296,INSV1-bf9bf8cc4703af07ba5ffd53,MATERIAL,m2,MALLA ELECTROSOLDADA 15x15cm Ø8.00mm,MALLA ELECTROSOLDADA 15x15cm Ø7.00mm,97.50,"15,15,8.00","15,15,7.00",False,NO_FUSIONAR_AUTOMATICAMENTE,REVISAR_MANUALMENTE
INSV1-44d918f7ed4dd5c44b78ac76,INSV1-8df933ecf8440e953273eebc,MATERIAL,u,"DISYUNTOR 250 A - 3 POLOS, CAJA MOLDEADA","DISYUNTOR 125 A - 3 POLOS, CAJA MOLDEADA",97.44,"250,3","125,3",False,NO_FUSIONAR_AUTOMATICAMENTE,REVISAR_MANUALMENTE
INSV1-18f534213d5228a399e6d213,INSV1-416d130cd3b69afa4f6f1fc2,MATERIAL,m,CABLE #12 AWG THHN CU,CABLE #2 AWG THHN CU,97.44,2,12,False,NO_FUSIONAR_AUTOMATICAMENTE,REVISAR_MANUALMENTE
INSV1-99d5e5d855b46ca85053a053,INSV1-d4c508a99b6615aabaf3f065,MATERIAL,u,"DISYUNTOR 300 A - 3 POLOS, CAJA MOLDEADA","DISYUNTOR 100 A - 3 POLOS, CAJA MOLDEADA",97.44,"100,3","300,3",False,NO_FUSIONAR_AUTOMATICAMENTE,REVISAR_MANUALMENTE
INSV1-69067d601de54c6183238e29,INSV1-8672b65934e3c5fce0ad52ef,MATERIAL,u,REDUCTOR DE 1 1/4 A 1/2 IN PP ROSCABLE,REDUCTOR DE 1 1/2 A 3/4 IN PP ROSCABLE,97.37,"1,1,4,1,2","1,1,2,3,4",False,NO_FUSIONAR_AUTOMATICAMENTE,REVISAR_MANUALMENTE
INSV1-48d1d69541a17cbcbc3a50d5,INSV1-d82a95ccf983927f39dcd5a4,MATERIAL,m,CABLE DE COBRE #2 AWG TIPO XLP PARA 15KV,CABLE DE COBRE #1/0 AWG TIPO XLP PARA 15KV - 100%,97.37,"1,0,15,100","2,15",False,NO_FUSIONAR_AUTOMATICAMENTE,REVISAR_MANUALMENTE
INSV1-606101332ad2045c671247a6,INSV1-efe55a5f94e87dc073b8325a,MATERIAL,u,"DISYUNTOR 70 A - 3 POLOS, CAJA MOLDEADA","DISYUNTOR 40 A - 3 POLOS, CAJA MOLDEADA",97.37,"40,3","70,3",False,NO_FUSIONAR_AUTOMATICAMENTE,REVISAR_MANUALMENTE
INSV1-388fbc3aa0916c6c9af916d1,INSV1-46d51d11f21daf8727ff3e25,MATERIAL,u,"CONECTOR CODO - FUSIBLE 200A - 15KV, 1/0 AWG","CONECTOR CODO - FUSIBLE 200A - 15KV, 2 AWG",97.37,"200,15,1,0","200,15,2",False,NO_FUSIONAR_AUTOMATICAMENTE,REVISAR_MANUALMENTE
INSV1-d0d141828c2b2c5b018a78d5,INSV1-f84ef90ddd0b2c6fc53685ff,MATERIAL,u,UNION UNIVERSAL PP ROSCABLE H 2 1/2 IN,UNION UNIVERSAL PP ROSCABLE H 1 1/2 IN,97.37,"1,1,2","2,1,2",False,NO_FUSIONAR_AUTOMATICAMENTE,REVISAR_MANUALMENTE
INSV1-86f07dbb8a1c2170ea34bb1a,INSV1-f7ced7def770b9e44363e924,MATERIAL,kg,MICROESFERA TIPO IV,MICROESFERA TIPO I,97.30,,,True,NO_FUSIONAR_AUTOMATICAMENTE,REVISAR_MANUALMENTE
INSV1-69067d601de54c6183238e29,INSV1-a97fd3b1ab56884bd7be4962,MATERIAL,u,REDUCTOR DE 1 1/4 A 1/2 IN PP ROSCABLE,REDUCTOR DE 2 A 1 1/4 IN PP ROSCABLE,97.30,"2,1,1,4","1,1,4,1,2",False,NO_FUSIONAR_AUTOMATICAMENTE,REVISAR_MANUALMENTE
INSV1-49b9feec03a6ef52bf6ea6a2,INSV1-72a6329a622d5b1de0114c5a,EQUIPO,h,EQUIPO DE OXICORTE,EQUIPO DE OXI-CORTE,97.30,,,True,NO_FUSIONAR_AUTOMATICAMENTE,REVISAR_MANUALMENTE
INSV1-4f3ae1f3225118052a41c92a,INSV1-70258af84cdfbb080f9a0aba,MATERIAL,u,VALVULA DE BOLA PVC D= 1 plg ROSCABLE,VALVULA DE BOLA PVC D= 2 plg ROSCABLE,97.22,1,2,False,NO_FUSIONAR_AUTOMATICAMENTE,REVISAR_MANUALMENTE
INSV1-9a99fa6f766523f4d6c7ee6a,INSV1-9d857e0d32a3ee20bc0b04d7,MATERIAL,m,CABLE DE COBRE DESNUDO #2 / 19 HILOS,CABLE DE COBRE DESNUDO #2/0 / 19 HILOS,97.22,"2,0,19","2,19",False,NO_FUSIONAR_AUTOMATICAMENTE,REVISAR_MANUALMENTE
INSV1-a34a9ab399365e43d92d0a52,INSV1-a97fd3b1ab56884bd7be4962,MATERIAL,u,REDUCTOR DE 2 A 1 1/2 IN PP ROSCABLE,REDUCTOR DE 2 A 1 1/4 IN PP ROSCABLE,97.22,"2,1,1,4","2,1,1,2",False,NO_FUSIONAR_AUTOMATICAMENTE,REVISAR_MANUALMENTE
INSV1-bc07b60006ff845fc1d554c1,INSV1-e15109e199963e803b473a25,MATERIAL,u,BRIDA DE ACERO AL CARBONO ASTM A-105 DN 200mm (INCLUYE PERNOS Y EMPAQUES),BRIDA DE ACERO AL CARBONO ASTM A-105 DN 150mm (INCLUYE PERNOS Y EMPAQUES),97.18,"105,150","105,200",False,NO_FUSIONAR_AUTOMATICAMENTE,REVISAR_MANUALMENTE
INSV1-16b47ff913c706acf98c862c,INSV1-b27102427b487e852434b0e8,MATERIAL,u,BRIDA DE ACERO AL CARBONO ASTM A-105 DN 40mm (INCLUYE PERNOS Y EMPAQUES),BRIDA DE ACERO AL CARBONO ASTM A-105 DN 65mm (INCLUYE PERNOS Y EMPAQUES),97.14,"105,40","105,65",False,NO_FUSIONAR_AUTOMATICAMENTE,REVISAR_MANUALMENTE
INSV1-bdf28f091a51ab2479ddf63e,INSV1-d86358cbe87b99457e176995,MATERIAL,u,TRANSFORMADORES DE CORRIENTE 600:5A,TRANSFORMADORES DE CORRIENTE 400:5A,97.14,"600,5","400,5",False,NO_FUSIONAR_AUTOMATICAMENTE,REVISAR_MANUALMENTE
INSV1-c2100f1f7220515dee37717f,INSV1-f1d6a7299122b113b5581f56,MATERIAL,m,CABLE DE COBRE TIPO TTU #250 MCM AWG,CABLE DE COBRE TIPO TTU #350 MCM AWG,97.14,250,350,False,NO_FUSIONAR_AUTOMATICAMENTE,REVISAR_MANUALMENTE
INSV1-4201dcf8e83af6f501b56c16,INSV1-75e98cbf13936b0e11186cea,MATERIAL,u,VALVULA DE CLAPETA DE DESCARGA D=600mm,VALVULA DE CLAPETA DE DESCARGA D=700mm,97.14,600,700,False,NO_FUSIONAR_AUTOMATICAMENTE,REVISAR_MANUALMENTE
INSV1-4f3ae1f3225118052a41c92a,INSV1-a8b247fea4444e8d5e3ad94b,MATERIAL,u,VALVULA DE BOLA PVC D= 1 plg ROSCABLE,VALVULA DE BOLA PVC D= 3/4 plg ROSCABLE,97.14,1,"3,4",False,NO_FUSIONAR_AUTOMATICAMENTE,REVISAR_MANUALMENTE
INSV1-4f3ae1f3225118052a41c92a,INSV1-fabd5602240cca5b5e2d2468,MATERIAL,u,VALVULA DE BOLA PVC D= 1 plg ROSCABLE,VALVULA DE BOLA PVC D= 2 1/2 plg ROSCABLE,97.14,1,"2,1,2",False,NO_FUSIONAR_AUTOMATICAMENTE,REVISAR_MANUALMENTE
INSV1-70258af84cdfbb080f9a0aba,INSV1-a8b247fea4444e8d5e3ad94b,MATERIAL,u,VALVULA DE BOLA PVC D= 2 plg ROSCABLE,VALVULA DE BOLA PVC D= 3/4 plg ROSCABLE,97.14,"3,4",2,False,NO_FUSIONAR_AUTOMATICAMENTE,REVISAR_MANUALMENTE
INSV1-177ca35280d216becf4e0d64,INSV1-4001524d6b8df28c6202f48a,MATERIAL,u,REDUCTOR DE 1 A 3/4 IN PP ROSCABLE,REDUCTOR DE 3/4 A 1/2 IN PP ROSCABLE,97.14,"1,3,4","3,4,1,2",False,NO_FUSIONAR_AUTOMATICAMENTE,REVISAR_MANUALMENTE
INSV1-b27102427b487e852434b0e8,INSV1-fcf664053048188b45134b36,MATERIAL,u,BRIDA DE ACERO AL CARBONO ASTM A-105 DN 65mm (INCLUYE PERNOS Y EMPAQUES),BRIDA DE ACERO AL CARBONO ASTM A-105 DN 80mm (INCLUYE PERNOS Y EMPAQUES),97.14,"105,80","105,65",False,NO_FUSIONAR_AUTOMATICAMENTE,REVISAR_MANUALMENTE
INSV1-4001524d6b8df28c6202f48a,INSV1-9043579c1fa05a089e67e34d,MATERIAL,u,REDUCTOR DE 3/4 A 1/2 IN PP ROSCABLE,REDUCTOR DE 2 A 3/4 IN PP ROSCABLE,97.14,"2,3,4","3,4,1,2",False,NO_FUSIONAR_AUTOMATICAMENTE,REVISAR_MANUALMENTE
INSV1-70258af84cdfbb080f9a0aba,INSV1-a05ff3c9e6d3e5b6b7c2e8dd,MATERIAL,u,VALVULA DE BOLA PVC D= 2 plg ROSCABLE,VALVULA DE BOLA PVC D= 1 1/2 plg ROSCABLE,97.14,"1,1,2",2,False,NO_FUSIONAR_AUTOMATICAMENTE,REVISAR_MANUALMENTE
INSV1-23642ca9aff54d32696789df,INSV1-a97fd3b1ab56884bd7be4962,MATERIAL,u,REDUCTOR DE 1 1/2 A 1 IN PP ROSCABLE,REDUCTOR DE 2 A 1 1/4 IN PP ROSCABLE,97.14,"2,1,1,4","1,1,2,1",False,NO_FUSIONAR_AUTOMATICAMENTE,REVISAR_MANUALMENTE
INSV1-523e700a6ef8d365346b441a,INSV1-f3b847dc115864b9861f00bc,MATERIAL,u,"VALVULA DE AIRE 1"" TRIPLE ACCION ROSCADA DE FUNDICION DUCTIL PN16","VALVULA DE AIRE 2"" TRIPLE ACCION PN16",97.14,"2,16","1,16",False,NO_FUSIONAR_AUTOMATICAMENTE,REVISAR_MANUALMENTE
INSV1-800d53ee5bf7d41ab8d89b5f,INSV1-c82cdac0b90e3b7f2cf215ae,MATERIAL,u,SEÑAL INFORMATIVA O REGLAMENTARIA AEREA DE ALUMINIO 2mm CON VYNIL REFLECTIVO DE GRADO XI NORMA ASTM D4956 E IMPRESIÓN DIGITAL (INCL. ELEMENTO DE SUJECCION Y ESTRUCTURA DE SOPORTE Y TRANSPORTE) (60x60 PERMITIDO ESTACIONAR),SEÑAL INFORMATIVA O REGLAMENTARIA AEREA DE ALUMINIO 2mm CON VYNIL REFLECTIVO DE GRADO XI NORMA ASTM D4956 E IMPRESIÓN DIGITAL (INCL. ELEMENTO DE SUJECCION Y ESTRUCTURA DE SOPORTE Y TRANSPORTE) (60x60 DISCO PARE),97.11,"2,4956,60,60","2,4956,60,60",True,NO_FUSIONAR_AUTOMATICAMENTE,REVISAR_MANUALMENTE
INSV1-23642ca9aff54d32696789df,INSV1-bad40d48f206fda4326bed93,MATERIAL,u,REDUCTOR DE 1 1/2 A 1 IN PP ROSCABLE,REDUCTOR DE 2 A 1/2 IN PP ROSCABLE,97.06,"2,1,2","1,1,2,1",False,NO_FUSIONAR_AUTOMATICAMENTE,REVISAR_MANUALMENTE
INSV1-32bfd1ce72e25bd2bae9be09,INSV1-bad40d48f206fda4326bed93,MATERIAL,u,REDUCTOR DE 1 1/2 A 1/2 IN PP ROSCABLE,REDUCTOR DE 2 A 1/2 IN PP ROSCABLE,97.06,"2,1,2","1,1,2,1,2",False,NO_FUSIONAR_AUTOMATICAMENTE,REVISAR_MANUALMENTE
INSV1-177ca35280d216becf4e0d64,INSV1-d87252e3c4efb681d8610266,MATERIAL,u,REDUCTOR DE 1 A 3/4 IN PP ROSCABLE,REDUCTOR DE 1 1/4 A 1 IN PP ROSCABLE,97.06,"1,3,4","1,1,4,1",False,NO_FUSIONAR_AUTOMATICAMENTE,REVISAR_MANUALMENTE
INSV1-23642ca9aff54d32696789df,INSV1-31b10c294cca475b227a1f17,MATERIAL,u,REDUCTOR DE 1 1/2 A 1 IN PP ROSCABLE,REDUCTOR DE 2 1/2 A 2 IN PP ROSCABLE,97.06,"2,1,2,2","1,1,2,1",False,NO_FUSIONAR_AUTOMATICAMENTE,REVISAR_MANUALMENTE
INSV1-31b10c294cca475b227a1f17,INSV1-b41f86e9ef80ffe26c9665b4,MATERIAL,u,REDUCTOR DE 2 1/2 A 2 IN PP ROSCABLE,REDUCTOR DE 1 A 1/2 IN PP ROSCABLE,97.06,"2,1,2,2","1,1,2",False,NO_FUSIONAR_AUTOMATICAMENTE,REVISAR_MANUALMENTE
INSV1-31b10c294cca475b227a1f17,INSV1-32bfd1ce72e25bd2bae9be09,MATERIAL,u,REDUCTOR DE 2 1/2 A 2 IN PP ROSCABLE,REDUCTOR DE 1 1/2 A 1/2 IN PP ROSCABLE,97.06,"2,1,2,2","1,1,2,1,2",False,NO_FUSIONAR_AUTOMATICAMENTE,REVISAR_MANUALMENTE
INSV1-b41f86e9ef80ffe26c9665b4,INSV1-d87252e3c4efb681d8610266,MATERIAL,u,REDUCTOR DE 1 A 1/2 IN PP ROSCABLE,REDUCTOR DE 1 1/4 A 1 IN PP ROSCABLE,97.06,"1,1,4,1","1,1,2",False,NO_FUSIONAR_AUTOMATICAMENTE,REVISAR_MANUALMENTE
INSV1-177ca35280d216becf4e0d64,INSV1-9043579c1fa05a089e67e34d,MATERIAL,u,REDUCTOR DE 1 A 3/4 IN PP ROSCABLE,REDUCTOR DE 2 A 3/4 IN PP ROSCABLE,97.06,"1,3,4","2,3,4",False,NO_FUSIONAR_AUTOMATICAMENTE,REVISAR_MANUALMENTE
INSV1-b41f86e9ef80ffe26c9665b4,INSV1-bad40d48f206fda4326bed93,MATERIAL,u,REDUCTOR DE 1 A 1/2 IN PP ROSCABLE,REDUCTOR DE 2 A 1/2 IN PP ROSCABLE,97.06,"2,1,2","1,1,2",False,NO_FUSIONAR_AUTOMATICAMENTE,REVISAR_MANUALMENTE
INSV1-23642ca9aff54d32696789df,INSV1-d87252e3c4efb681d8610266,MATERIAL,u,REDUCTOR DE 1 1/2 A 1 IN PP ROSCABLE,REDUCTOR DE 1 1/4 A 1 IN PP ROSCABLE,97.06,"1,1,4,1","1,1,2,1",False,NO_FUSIONAR_AUTOMATICAMENTE,REVISAR_MANUALMENTE
INSV1-c16094ad65235b9a4d0c9ba4,INSV1-ef48368e3e77fdd0f178c9b6,MATERIAL,m2,"MALLA ELECTROSOLDADA 15x15 - 4,5mm","MALLA ELECTROSOLDADA 15x15 - 5,5mm",97.06,"15,15,5,5","15,15,4,5",False,NO_FUSIONAR_AUTOMATICAMENTE,REVISAR_MANUALMENTE
INSV1-0346c6f041aa6b4c103b8c57,INSV1-67bcb609fddcd1e3f50bf4d0,MATERIAL,u,VALVULA DE COMPUERTA VASTAGO FIJO EXTREMO BRIDADOS PN10/16 DN 80mm,VALVULA DE COMPUERTA VASTAGO FIJO EXTREMOS BRIDADOS PN10/16 DN 150mm,97.01,"10,16,80","10,16,150",False,NO_FUSIONAR_AUTOMATICAMENTE,REVISAR_MANUALMENTE
INSV1-32bd73df37eb97e122a2512e,INSV1-32bfd1ce72e25bd2bae9be09,MATERIAL,u,REDUCTOR DE 2 A 1 IN PP ROSCABLE,REDUCTOR DE 1 1/2 A 1/2 IN PP ROSCABLE,96.97,"2,1","1,1,2,1,2",False,NO_FUSIONAR_AUTOMATICAMENTE,REVISAR_MANUALMENTE
INSV1-29e00a9064a7f97dd56e0a8e,INSV1-f794e33c757f8d043996ae13,MATERIAL,m,TUBERIA PVC ESTRUCTURADA DI=500mm,TUBERIA PVC ESTRUCTURADA DI=600mm,96.97,500,600,False,NO_FUSIONAR_AUTOMATICAMENTE,REVISAR_MANUALMENTE
INSV1-6af484f885f9fe626159571a,INSV1-a86544bde2fe0881f778b478,MATERIAL,u,CODO DE ACERO ASTM A36 50mm X 90',CODO DE ACERO ASTM A36 40mm X 90',96.97,"36,40,90","36,50,90",False,NO_FUSIONAR_AUTOMATICAMENTE,REVISAR_MANUALMENTE
INSV1-35c735bfb6d98e21937d3a3a,INSV1-dc5b2bff89a2d50cf3be0e1f,MATERIAL,u,UNION UNIVERSAL PP ROSCABLE H 3/4 IN,UNION UNIVERSAL PP ROSCABLE H 1 IN,96.97,1,"3,4",False,NO_FUSIONAR_AUTOMATICAMENTE,REVISAR_MANUALMENTE
INSV1-d0d141828c2b2c5b018a78d5,INSV1-dc5b2bff89a2d50cf3be0e1f,MATERIAL,u,UNION UNIVERSAL PP ROSCABLE H 2 1/2 IN,UNION UNIVERSAL PP ROSCABLE H 1 IN,96.97,1,"2,1,2",False,NO_FUSIONAR_AUTOMATICAMENTE,REVISAR_MANUALMENTE
INSV1-87230b16e8a4910d3c440d12,INSV1-f2a67e6b07cf302b9946008f,MATERIAL,u,ADAPTADOR MACHO 3 IN PVC ROSCABLE,ADAPTADOR MACHO 6 IN PVC ROSCABLE,96.97,3,6,False,NO_FUSIONAR_AUTOMATICAMENTE,REVISAR_MANUALMENTE
INSV1-23642ca9aff54d32696789df,INSV1-4001524d6b8df28c6202f48a,MATERIAL,u,REDUCTOR DE 1 1/2 A 1 IN PP ROSCABLE,REDUCTOR DE 3/4 A 1/2 IN PP ROSCABLE,96.97,"3,4,1,2","1,1,2,1",False,NO_FUSIONAR_AUTOMATICAMENTE,REVISAR_MANUALMENTE
INSV1-32bd73df37eb97e122a2512e,INSV1-b41f86e9ef80ffe26c9665b4,MATERIAL,u,REDUCTOR DE 2 A 1 IN PP ROSCABLE,REDUCTOR DE 1 A 1/2 IN PP ROSCABLE,96.97,"2,1","1,1,2",False,NO_FUSIONAR_AUTOMATICAMENTE,REVISAR_MANUALMENTE
INSV1-abaed161e9fb1fb56af49198,INSV1-f794e33c757f8d043996ae13,MATERIAL,m,TUBERIA PVC ESTRUCTURADA DI=160mm,TUBERIA PVC ESTRUCTURADA DI=600mm,96.97,160,600,False,NO_FUSIONAR_AUTOMATICAMENTE,REVISAR_MANUALMENTE
INSV1-0e4868298366dfcdc99c147c,INSV1-abaed161e9fb1fb56af49198,MATERIAL,m,TUBERIA PVC ESTRUCTURADA DI=110mm,TUBERIA PVC ESTRUCTURADA DI=160mm,96.97,160,110,False,NO_FUSIONAR_AUTOMATICAMENTE,REVISAR_MANUALMENTE
INSV1-23642ca9aff54d32696789df,INSV1-32bd73df37eb97e122a2512e,MATERIAL,u,REDUCTOR DE 1 1/2 A 1 IN PP ROSCABLE,REDUCTOR DE 2 A 1 IN PP ROSCABLE,96.97,"2,1","1,1,2,1",False,NO_FUSIONAR_AUTOMATICAMENTE,REVISAR_MANUALMENTE
INSV1-5cbfa168cca045112a884a80,INSV1-9b4f5bf4014fc28b3ee2b1f2,MATERIAL,m,TUBERIA PVC LISA DESAGUE DI=50 mm,TUBERIA PVC LISA DESAGUE DI=75 mm,96.97,50,75,False,NO_FUSIONAR_AUTOMATICAMENTE,REVISAR_MANUALMENTE
INSV1-8672b65934e3c5fce0ad52ef,INSV1-9043579c1fa05a089e67e34d,MATERIAL,u,REDUCTOR DE 1 1/2 A 3/4 IN PP ROSCABLE,REDUCTOR DE 2 A 3/4 IN PP ROSCABLE,96.97,"2,3,4","1,1,2,3,4",False,NO_FUSIONAR_AUTOMATICAMENTE,REVISAR_MANUALMENTE
INSV1-4001524d6b8df28c6202f48a,INSV1-b41f86e9ef80ffe26c9665b4,MATERIAL,u,REDUCTOR DE 3/4 A 1/2 IN PP ROSCABLE,REDUCTOR DE 1 A 1/2 IN PP ROSCABLE,96.97,"3,4,1,2","1,1,2",False,NO_FUSIONAR_AUTOMATICAMENTE,REVISAR_MANUALMENTE
INSV1-21ea431d6761b5fe1f6073a7,INSV1-e80f02ce93fc5edea5b8ecba,MATERIAL,m,TUBERIA PVC ESTRUCTURADA DI=200mm,TUBERIA PVC ESTRUCTURADA DI=250mm,96.97,200,250,False,NO_FUSIONAR_AUTOMATICAMENTE,REVISAR_MANUALMENTE
INSV1-21ea431d6761b5fe1f6073a7,INSV1-29e00a9064a7f97dd56e0a8e,MATERIAL,m,TUBERIA PVC ESTRUCTURADA DI=200mm,TUBERIA PVC ESTRUCTURADA DI=500mm,96.97,200,500,False,NO_FUSIONAR_AUTOMATICAMENTE,REVISAR_MANUALMENTE
INSV1-21ea431d6761b5fe1f6073a7,INSV1-f794e33c757f8d043996ae13,MATERIAL,m,TUBERIA PVC ESTRUCTURADA DI=200mm,TUBERIA PVC ESTRUCTURADA DI=600mm,96.97,200,600,False,NO_FUSIONAR_AUTOMATICAMENTE,REVISAR_MANUALMENTE
INSV1-21ea431d6761b5fe1f6073a7,INSV1-6ad77539f2193a077eec52ca,MATERIAL,m,TUBERIA PVC ESTRUCTURADA DI=200mm,TUBERIA PVC ESTRUCTURADA DI=700mm,96.97,200,700,False,NO_FUSIONAR_AUTOMATICAMENTE,REVISAR_MANUALMENTE
INSV1-29e00a9064a7f97dd56e0a8e,INSV1-e80f02ce93fc5edea5b8ecba,MATERIAL,m,TUBERIA PVC ESTRUCTURADA DI=500mm,TUBERIA PVC ESTRUCTURADA DI=250mm,96.97,250,500,False,NO_FUSIONAR_AUTOMATICAMENTE,REVISAR_MANUALMENTE
INSV1-29e00a9064a7f97dd56e0a8e,INSV1-6ad77539f2193a077eec52ca,MATERIAL,m,TUBERIA PVC ESTRUCTURADA DI=500mm,TUBERIA PVC ESTRUCTURADA DI=700mm,96.97,500,700,False,NO_FUSIONAR_AUTOMATICAMENTE,REVISAR_MANUALMENTE
INSV1-6ad77539f2193a077eec52ca,INSV1-f794e33c757f8d043996ae13,MATERIAL,m,TUBERIA PVC ESTRUCTURADA DI=700mm,TUBERIA PVC ESTRUCTURADA DI=600mm,96.97,600,700,False,NO_FUSIONAR_AUTOMATICAMENTE,REVISAR_MANUALMENTE
INSV1-5d725059bfb1c7cb7180e70c,INSV1-de83312ef633d73f3ca08c90,MATERIAL,u,PILOTE DE HORMIGON ARMADO PRETENSADO F´C=350Kg/cm2 40X40 L=17.0m,PILOTE DE HORMIGON ARMADO PRETENSADO F´C=350Kg/cm2 40X40 L=25.0m,96.88,"350,2,40,40,25.0","350,2,40,40,17.0",False,NO_FUSIONAR_AUTOMATICAMENTE,REVISAR_MANUALMENTE
INSV1-5c8d43b53ed9b9e55defce4a,INSV1-de83312ef633d73f3ca08c90,MATERIAL,u,PILOTE DE HORMIGON ARMADO PRETENSADO F´C=350Kg/cm2 40X40 L=13.0m,PILOTE DE HORMIGON ARMADO PRETENSADO F´C=350Kg/cm2 40X40 L=25.0m,96.88,"350,2,40,40,25.0","350,2,40,40,13.0",False,NO_FUSIONAR_AUTOMATICAMENTE,REVISAR_MANUALMENTE
INSV1-de83312ef633d73f3ca08c90,INSV1-fb625e7e6e28ff6b8dc5f5b6,MATERIAL,u,PILOTE DE HORMIGON ARMADO PRETENSADO F´C=350Kg/cm2 40X40 L=25.0m,PILOTE DE HORMIGON ARMADO PRETENSADO F´C=350Kg/cm2 45X45 L=25.0m,96.88,"350,2,40,40,25.0","350,2,45,45,25.0",False,NO_FUSIONAR_AUTOMATICAMENTE,REVISAR_MANUALMENTE
INSV1-00e1a5ba3b2f0d2468f389c0,INSV1-e3cc5e2aa28553f90098eaa8,MATERIAL,u,BREAKER MOLDEADA DE 2P - 125 AMP,BREAKER MOLDEADA DE 2P - 150 AMP,96.88,"2,125","2,150",False,NO_FUSIONAR_AUTOMATICAMENTE,REVISAR_MANUALMENTE
INSV1-713d4393807e38aa3dbf0374,INSV1-d1ac427576b48ec123d5b4fd,MATERIAL,m,"TUBERIA GALVANIZADA 2"" X 2.0mm X 6m","TUBERIA GALVANIZADA 3"" X 2.0mm X 6m",96.88,"2,2.0,6","3,2.0,6",False,NO_FUSIONAR_AUTOMATICAMENTE,REVISAR_MANUALMENTE
INSV1-0661982753e16d3cfb4db3ae,INSV1-618760c47af7dc5fa4756dcb,MATERIAL,u,CODO LR PVC E-UZ 90' X 50mm PN10,CODO LR PVC E-UZ 90' x 75mm PN10,96.88,"90,75,10","90,50,10",False,NO_FUSIONAR_AUTOMATICAMENTE,REVISAR_MANUALMENTE
INSV1-d5c91fed6e9245bbf548c7bb,INSV1-f8309d320b0175f0806b191a,MATERIAL,u,"LETRAS CORPOREAS AUTOILUMINADAS ""MALECON AURORA"" SOBRE PILARES DE INGRESO PRINCIPAL (INCLUYE ACCESORIOS DE FIJACION)","LETRAS CORPOREAS AUTOILUMINADAS ""MALECON AURORA"" SOBRE TOTEM DE INGRESO (INCLUYE ACCESORIOS DE FIJACION)",96.81,,,True,NO_FUSIONAR_AUTOMATICAMENTE,REVISAR_MANUALMENTE
INSV1-35c735bfb6d98e21937d3a3a,INSV1-f56d2a4a9dfc73f96e8f1659,MATERIAL,u,UNION UNIVERSAL PP ROSCABLE H 3/4 IN,UNION UNIVERSAL PP ROSCABLE 2 IN,96.77,"3,4",2,False,NO_FUSIONAR_AUTOMATICAMENTE,REVISAR_MANUALMENTE
INSV1-907652761e33b7dad2f446c5,INSV1-ba8287197ad51cd723ac7e89,MATERIAL,u,"ABRAZADERA AG 3 PERNOS DE 6 1/2""","ABRAZADERA AG 3 PERNOS DE 7 1/2""",96.77,"3,6,1,2","3,7,1,2",False,NO_FUSIONAR_AUTOMATICAMENTE,REVISAR_MANUALMENTE
INSV1-32bd73df37eb97e122a2512e,INSV1-9043579c1fa05a089e67e34d,MATERIAL,u,REDUCTOR DE 2 A 1 IN PP ROSCABLE,REDUCTOR DE 2 A 3/4 IN PP ROSCABLE,96.77,"2,3,4","2,1",False,NO_FUSIONAR_AUTOMATICAMENTE,REVISAR_MANUALMENTE
INSV1-f56d2a4a9dfc73f96e8f1659,INSV1-f84ef90ddd0b2c6fc53685ff,MATERIAL,u,UNION UNIVERSAL PP ROSCABLE 2 IN,UNION UNIVERSAL PP ROSCABLE H 1 1/2 IN,96.77,"1,1,2",2,False,NO_FUSIONAR_AUTOMATICAMENTE,REVISAR_MANUALMENTE
INSV1-962e66ba8a3ee82e5937c21d,INSV1-f15f2266e28580a94b51ed05,MATERIAL,u,"UNION METALICA RIGIDA DE Ø2""","UNION METALICA RIGIDA DE Ø4""",96.77,4,2,False,NO_FUSIONAR_AUTOMATICAMENTE,REVISAR_MANUALMENTE
INSV1-dc5b2bff89a2d50cf3be0e1f,INSV1-f56d2a4a9dfc73f96e8f1659,MATERIAL,u,UNION UNIVERSAL PP ROSCABLE H 1 IN,UNION UNIVERSAL PP ROSCABLE 2 IN,96.77,1,2,False,NO_FUSIONAR_AUTOMATICAMENTE,REVISAR_MANUALMENTE
INSV1-177ca35280d216becf4e0d64,INSV1-32bd73df37eb97e122a2512e,MATERIAL,u,REDUCTOR DE 1 A 3/4 IN PP ROSCABLE,REDUCTOR DE 2 A 1 IN PP ROSCABLE,96.77,"1,3,4","2,1",False,NO_FUSIONAR_AUTOMATICAMENTE,REVISAR_MANUALMENTE
INSV1-2979b6df423430464f009d2c,INSV1-472497cc447e89f5bab1b115,MATERIAL,m,CABLE DE COBRE TIPO THHN #10 AWG,CABLE DE COBRE TIPO THHN #12 AWG,96.77,10,12,False,NO_FUSIONAR_AUTOMATICAMENTE,REVISAR_MANUALMENTE
INSV1-8e8d37c56d319c2497f10898,INSV1-cb2fe263c384c93cad4062c5,MATERIAL,m,TUBERIA ACERO ASTM A36 DI= 150mm,TUBERIA ACERO ASTM A36 DI = 100mm,96.77,"36,150","36,100",False,NO_FUSIONAR_AUTOMATICAMENTE,REVISAR_MANUALMENTE
INSV1-5751f94fcdd3f36dddae82db,INSV1-9249d2647973e1bca2779817,EQUIPO,h,VIBRO-APISONADOR,VIBROAPISONADOR,96.77,,,True,NO_FUSIONAR_AUTOMATICAMENTE,REVISAR_MANUALMENTE
INSV1-907652761e33b7dad2f446c5,INSV1-b1ceb1d2104778df28bbbb75,MATERIAL,u,"ABRAZADERA AG 3 PERNOS DE 6 1/2""","ABRAZADERA AG 4 PERNOS DE 6 1/2""",96.77,"3,6,1,2","4,6,1,2",False,NO_FUSIONAR_AUTOMATICAMENTE,REVISAR_MANUALMENTE
INSV1-5781c4c2d37dac0afb7270ee,INSV1-76c1a5e5c1bdb50673f2f969,MATERIAL,u,COLGADOR PARA TUBERIA 1 1/4 IN,COLGADOR PARA TUBERIA 1 1/2 IN,96.67,"1,1,2","1,1,4",False,NO_FUSIONAR_AUTOMATICAMENTE,REVISAR_MANUALMENTE
INSV1-76c1a5e5c1bdb50673f2f969,INSV1-a1f23bbaf9faf2aa95dff037,MATERIAL,u,COLGADOR PARA TUBERIA 1 1/2 IN,COLGADOR PARA TUBERIA 2 1/2 IN,96.67,"1,1,2","2,1,2",False,NO_FUSIONAR_AUTOMATICAMENTE,REVISAR_MANUALMENTE
INSV1-2f62828c14994b702b544f6b,INSV1-bd8644fa6c4233e5f7b6625a,MATERIAL,m,CABLE DE COBRE TIPO THHN #4 AWG,CABLE DE COBRE TIPO THHN #6 AWG,96.67,4,6,False,NO_FUSIONAR_AUTOMATICAMENTE,REVISAR_MANUALMENTE
INSV1-2f62828c14994b702b544f6b,INSV1-f1cdeca7ab39e36f230238d1,MATERIAL,m,CABLE DE COBRE TIPO THHN #4 AWG,CABLE DE COBRE TIPO THHN #2 AWG,96.67,4,2,False,NO_FUSIONAR_AUTOMATICAMENTE,REVISAR_MANUALMENTE
INSV1-bd8644fa6c4233e5f7b6625a,INSV1-f1cdeca7ab39e36f230238d1,MATERIAL,m,CABLE DE COBRE TIPO THHN #6 AWG,CABLE DE COBRE TIPO THHN #2 AWG,96.67,6,2,False,NO_FUSIONAR_AUTOMATICAMENTE,REVISAR_MANUALMENTE
INSV1-810c4d0919fdc29bedf04156,INSV1-ba8287197ad51cd723ac7e89,MATERIAL,u,"ABRAZADERA DOBLE AG 4 PERNOS DE 7 1/2""","ABRAZADERA AG 3 PERNOS DE 7 1/2""",96.67,"4,7,1,2","3,7,1,2",False,NO_FUSIONAR_AUTOMATICAMENTE,REVISAR_MANUALMENTE
INSV1-b639606b6ec81ada211fc5ba,INSV1-ba8287197ad51cd723ac7e89,MATERIAL,u,"ABRAZADERA SIMPLE AG 3 PERNOS DE 6 1/2""","ABRAZADERA AG 3 PERNOS DE 7 1/2""",96.67,"3,7,1,2","3,6,1,2",False,NO_FUSIONAR_AUTOMATICAMENTE,REVISAR_MANUALMENTE
INSV1-b1ceb1d2104778df28bbbb75,INSV1-b639606b6ec81ada211fc5ba,MATERIAL,u,"ABRAZADERA AG 4 PERNOS DE 6 1/2""","ABRAZADERA SIMPLE AG 3 PERNOS DE 6 1/2""",96.67,"4,6,1,2","3,6,1,2",False,NO_FUSIONAR_AUTOMATICAMENTE,REVISAR_MANUALMENTE
INSV1-810c4d0919fdc29bedf04156,INSV1-b1ceb1d2104778df28bbbb75,MATERIAL,u,"ABRAZADERA DOBLE AG 4 PERNOS DE 7 1/2""","ABRAZADERA AG 4 PERNOS DE 6 1/2""",96.67,"4,6,1,2","4,7,1,2",False,NO_FUSIONAR_AUTOMATICAMENTE,REVISAR_MANUALMENTE
INSV1-6c4a6e7bb1b5e174b21f0ba0,INSV1-f15f2266e28580a94b51ed05,MATERIAL,u,"UNION METALICA RIGIDA DE Ø1 1/4""","UNION METALICA RIGIDA DE Ø4""",96.67,4,"1,1,4",False,NO_FUSIONAR_AUTOMATICAMENTE,REVISAR_MANUALMENTE
INSV1-9a879f03c9be49b4e9a170ef,INSV1-f3b847dc115864b9861f00bc,MATERIAL,u,"VALVULA DE AIRE 3"" TRIPLE ACCION","VALVULA DE AIRE 2"" TRIPLE ACCION PN16",96.67,3,"2,16",False,NO_FUSIONAR_AUTOMATICAMENTE,REVISAR_MANUALMENTE
INSV1-523e700a6ef8d365346b441a,INSV1-9a879f03c9be49b4e9a170ef,MATERIAL,u,"VALVULA DE AIRE 1"" TRIPLE ACCION ROSCADA DE FUNDICION DUCTIL PN16","VALVULA DE AIRE 3"" TRIPLE ACCION",96.67,3,"1,16",False,NO_FUSIONAR_AUTOMATICAMENTE,REVISAR_MANUALMENTE
INSV1-6c4a6e7bb1b5e174b21f0ba0,INSV1-962e66ba8a3ee82e5937c21d,MATERIAL,u,"UNION METALICA RIGIDA DE Ø1 1/4""","UNION METALICA RIGIDA DE Ø2""",96.67,"1,1,4",2,False,NO_FUSIONAR_AUTOMATICAMENTE,REVISAR_MANUALMENTE
INSV1-2979b6df423430464f009d2c,INSV1-2f62828c14994b702b544f6b,MATERIAL,m,CABLE DE COBRE TIPO THHN #10 AWG,CABLE DE COBRE TIPO THHN #4 AWG,96.55,10,4,False,NO_FUSIONAR_AUTOMATICAMENTE,REVISAR_MANUALMENTE
INSV1-2979b6df423430464f009d2c,INSV1-f1cdeca7ab39e36f230238d1,MATERIAL,m,CABLE DE COBRE TIPO THHN #10 AWG,CABLE DE COBRE TIPO THHN #2 AWG,96.55,10,2,False,NO_FUSIONAR_AUTOMATICAMENTE,REVISAR_MANUALMENTE
INSV1-79ef23d37bbf7244052cc3b6,INSV1-d24cbe0d5b797285e8463ae6,MATERIAL,u,CODO 90' PP 1 1/2 IN ROSCABLE,CODO 90' PP 1 1/4 IN ROSCABLE,96.55,"90,1,1,2","90,1,1,4",False,NO_FUSIONAR_AUTOMATICAMENTE,REVISAR_MANUALMENTE
INSV1-0e5488057fefea93f84cbb00,INSV1-bd8644fa6c4233e5f7b6625a,MATERIAL,m,CABLE DE COBRE TIPO THHN #1/0 AWG,CABLE DE COBRE TIPO THHN #6 AWG,96.55,6,"1,0",False,NO_FUSIONAR_AUTOMATICAMENTE,REVISAR_MANUALMENTE
INSV1-0e5488057fefea93f84cbb00,INSV1-2f62828c14994b702b544f6b,MATERIAL,m,CABLE DE COBRE TIPO THHN #1/0 AWG,CABLE DE COBRE TIPO THHN #4 AWG,96.55,4,"1,0",False,NO_FUSIONAR_AUTOMATICAMENTE,REVISAR_MANUALMENTE
INSV1-8892b8b7c047da9d5240c810,INSV1-f1cdeca7ab39e36f230238d1,MATERIAL,m,CABLE DE COBRE TIPO THHN # 250 MCM AWG,CABLE DE COBRE TIPO THHN #2 AWG,96.55,250,2,False,NO_FUSIONAR_AUTOMATICAMENTE,REVISAR_MANUALMENTE
INSV1-0e5488057fefea93f84cbb00,INSV1-f1cdeca7ab39e36f230238d1,MATERIAL,m,CABLE DE COBRE TIPO THHN #1/0 AWG,CABLE DE COBRE TIPO THHN #2 AWG,96.55,"1,0",2,False,NO_FUSIONAR_AUTOMATICAMENTE,REVISAR_MANUALMENTE
INSV1-2f62828c14994b702b544f6b,INSV1-472497cc447e89f5bab1b115,MATERIAL,m,CABLE DE COBRE TIPO THHN #4 AWG,CABLE DE COBRE TIPO THHN #12 AWG,96.55,12,4,False,NO_FUSIONAR_AUTOMATICAMENTE,REVISAR_MANUALMENTE
INSV1-472497cc447e89f5bab1b115,INSV1-bd8644fa6c4233e5f7b6625a,MATERIAL,m,CABLE DE COBRE TIPO THHN #12 AWG,CABLE DE COBRE TIPO THHN #6 AWG,96.55,12,6,False,NO_FUSIONAR_AUTOMATICAMENTE,REVISAR_MANUALMENTE
INSV1-79ef23d37bbf7244052cc3b6,INSV1-b54eae860684e44646605487,MATERIAL,u,CODO 90' PP 1 1/2 IN ROSCABLE,CODO 90' PP 2 1/2 IN ROSCABLE,96.55,"90,1,1,2","90,2,1,2",False,NO_FUSIONAR_AUTOMATICAMENTE,REVISAR_MANUALMENTE
INSV1-2979b6df423430464f009d2c,INSV1-bd8644fa6c4233e5f7b6625a,MATERIAL,m,CABLE DE COBRE TIPO THHN #10 AWG,CABLE DE COBRE TIPO THHN #6 AWG,96.55,10,6,False,NO_FUSIONAR_AUTOMATICAMENTE,REVISAR_MANUALMENTE
INSV1-8892b8b7c047da9d5240c810,INSV1-bd8644fa6c4233e5f7b6625a,MATERIAL,m,CABLE DE COBRE TIPO THHN # 250 MCM AWG,CABLE DE COBRE TIPO THHN #6 AWG,96.55,250,6,False,NO_FUSIONAR_AUTOMATICAMENTE,REVISAR_MANUALMENTE
INSV1-2f62828c14994b702b544f6b,INSV1-8892b8b7c047da9d5240c810,MATERIAL,m,CABLE DE COBRE TIPO THHN #4 AWG,CABLE DE COBRE TIPO THHN # 250 MCM AWG,96.55,250,4,False,NO_FUSIONAR_AUTOMATICAMENTE,REVISAR_MANUALMENTE
INSV1-aa074bc6796108aaab5c56c6,INSV1-adf1d82e1a81a874bb5d1985,MATERIAL,u,ESTRIBO PARA DERIVACION CU SN,ESTRIBO CU-SN PARA DERIVACION,96.55,,,True,NO_FUSIONAR_AUTOMATICAMENTE,REVISAR_MANUALMENTE
INSV1-78b2cc2b9ea1a2058a66945e,INSV1-d3d3a44cf922e67346ddec4d,MATERIAL,u,BREAKER SOBRE PUESTA 2P - 50A,BREAKER SOBRE PUESTA 2P - 70A,96.55,"2,50","2,70",False,NO_FUSIONAR_AUTOMATICAMENTE,REVISAR_MANUALMENTE
INSV1-122f48698c64237be204618d,INSV1-6514d459cc0fa023827c8d05,MATERIAL,u,"PASAMURO PARA TUBERIA DE H.F. 25mm, L =0.30m","PASAMURO PARA TUBERIA DE H.F. 250mm, L=0.40m",96.47,"25,0.30","250,0.40",False,NO_FUSIONAR_AUTOMATICAMENTE,REVISAR_MANUALMENTE
INSV1-6514d459cc0fa023827c8d05,INSV1-7b76108b86f58df916db404a,MATERIAL,u,"PASAMURO PARA TUBERIA DE H.F. 250mm, L=0.40m","PASAMURO PARA TUBERIA DE H.F. 75mm, L =0.40m",96.47,"75,0.40","250,0.40",False,NO_FUSIONAR_AUTOMATICAMENTE,REVISAR_MANUALMENTE
INSV1-3b5cb5c357b8e2e0e48567f9,INSV1-7b76108b86f58df916db404a,MATERIAL,u,"PASAMURO PARA TUBERIA DE H.F. 150mm, L =0.40m","PASAMURO PARA TUBERIA DE H.F. 75mm, L =0.40m",96.47,"75,0.40","150,0.40",False,NO_FUSIONAR_AUTOMATICAMENTE,REVISAR_MANUALMENTE
INSV1-3a5a7be0af585cd66ca5b1e4,INSV1-d3c427701d8b2eb8edcd046a,MATERIAL,u,"PASAMURO PARA TUBERIA DE H.F. 50mm, L =0.40m","PASAMURO PARA TUBERIA DE H.F. 100mm, L=0.40m",96.47,"50,0.40","100,0.40",False,NO_FUSIONAR_AUTOMATICAMENTE,REVISAR_MANUALMENTE
INSV1-3a5a7be0af585cd66ca5b1e4,INSV1-ee6b32bf080f76d694f4cd98,MATERIAL,u,"PASAMURO PARA TUBERIA DE H.F. 50mm, L =0.40m","PASAMURO PARA TUBERIA DE H.F. 200mm, L=0.40m",96.47,"50,0.40","200,0.40",False,NO_FUSIONAR_AUTOMATICAMENTE,REVISAR_MANUALMENTE
INSV1-b27102427b487e852434b0e8,INSV1-bc07b60006ff845fc1d554c1,MATERIAL,u,BRIDA DE ACERO AL CARBONO ASTM A-105 DN 65mm (INCLUYE PERNOS Y EMPAQUES),BRIDA DE ACERO AL CARBONO ASTM A-105 DN 200mm (INCLUYE PERNOS Y EMPAQUES),96.45,"105,65","105,200",False,NO_FUSIONAR_AUTOMATICAMENTE,REVISAR_MANUALMENTE
INSV1-2e45e6005449b1bc93474199,INSV1-318fa576e63ec214246207cb,MATERIAL,u,"REVERSIBLE EMT RIGIDO Ø 2""","REVERSIBLE EMT RIGIDO Ø 4""",96.43,4,2,False,NO_FUSIONAR_AUTOMATICAMENTE,REVISAR_MANUALMENTE
INSV1-d651721fd30ac2423b0d99ae,INSV1-fb2e38a1c1902501a7b3dd73,MATERIAL,u,"VALVULA CHECK ROSCADA PVC D=1""","VALVULA CHECK ROSCADA PVC D=3/4""",96.43,1,"3,4",False,NO_FUSIONAR_AUTOMATICAMENTE,REVISAR_MANUALMENTE
INSV1-0c8e2c11c6ba4bd076d408f5,INSV1-dbe82dede8cf31094fd0d99f,MATERIAL,u,"ABRAZADERA GALVANIZADA DE 4""","ABRAZADERA GALVANIZADA DE 3/4""",96.43,"3,4",4,False,NO_FUSIONAR_AUTOMATICAMENTE,REVISAR_MANUALMENTE
INSV1-656f2707875ba3be07dbabc0,INSV1-7b46d9aab759653cdbe827b0,MATERIAL,u,BLOQUE LIVIANO DE 20x20x40cm,BLOQUE LIVIANO DE 10x20x40cm,96.43,"10,20,40","20,20,40",False,NO_FUSIONAR_AUTOMATICAMENTE,REVISAR_MANUALMENTE
INSV1-e5729e9cf68baa73a7671704,INSV1-ed7eb23b9d2a99bb5256ac24,MATERIAL,m,TUBERIA PVC/UE 110mm 0.80 MPA (INCLUYE UNION ELASTOMERICA),TUBERIA PVC/UE 200mm 0.80 MPA (INCLUYE UNION ELASTOMERICA),96.43,"110,0.80","200,0.80",False,NO_FUSIONAR_AUTOMATICAMENTE,REVISAR_MANUALMENTE
INSV1-21ab6ac99ea21ea83ed58448,INSV1-f2395da013f90fb2f10726af,MATERIAL,u,"TABLERO METALICO DE 80cm DE ALTO x 40cm DE ANCHO x 25cm DE FONDO, EN PLANCHA DE 1/16""","TABLERO METALICO DE 80cm DE ALTO x 120cm DE ANCHO x 30cm DE FONDO, EN PLANCHA DE 1/16""",96.40,"80,120,30,1,16","80,40,25,1,16",False,NO_FUSIONAR_AUTOMATICAMENTE,REVISAR_MANUALMENTE
INSV1-c6c62c13fc29b7290048123f,INSV1-d1e4bb97ea49361a0d1a9871,MATERIAL,u,LUMINARIA TIPO PARQUE EN POSTE 220V - 80W,LUMINARIA TIPO PARQUE EN POSTE 220V - 100W,96.39,"220,80","220,100",False,NO_FUSIONAR_AUTOMATICAMENTE,REVISAR_MANUALMENTE
INSV1-69cb8215fc14b0d18d0fbf52,INSV1-ae61f8dfd20878c5eda4dde4,MATERIAL,m,PERFIL ESTRUCTURAL L 20X3mm,PERFIL ESTRUCTURAL L 50x3mm,96.30,"50,3","20,3",False,NO_FUSIONAR_AUTOMATICAMENTE,REVISAR_MANUALMENTE
INSV1-7f10edf1f2c12abc99c07c56,INSV1-87d77fe3d688f727b9434fc0,MATERIAL,u,DISYUNTOR 2F 30 A - 2 POLOS,DISYUNTOR 2F 20 A - 2 POLOS,96.30,"2,30,2","2,20,2",False,NO_FUSIONAR_AUTOMATICAMENTE,REVISAR_MANUALMENTE
INSV1-cde674df0067fd26ef480cef,INSV1-e4a4f0c44f884e216829887c,MATERIAL,u,COLGADOR PARA TUBERIA 1/2 IN,COLGADOR PARA TUBERIA 2 IN,96.30,2,"1,2",False,NO_FUSIONAR_AUTOMATICAMENTE,REVISAR_MANUALMENTE
INSV1-54da5fbf741b1ed11eaac603,INSV1-eeffb648d736838265d25e70,MATERIAL,u,"ABRAZADERA GALVANIZADA DE 2""","ABRAZADERA GALVANIZADA DE 1""",96.30,1,2,False,NO_FUSIONAR_AUTOMATICAMENTE,REVISAR_MANUALMENTE
INSV1-c94da45dea68d43c808cc023,INSV1-cde674df0067fd26ef480cef,MATERIAL,u,COLGADOR PARA TUBERIA 1 IN,COLGADOR PARA TUBERIA 1/2 IN,96.30,1,"1,2",False,NO_FUSIONAR_AUTOMATICAMENTE,REVISAR_MANUALMENTE
INSV1-466d1d3f2823ab268162ac7c,INSV1-64d252a22f905cb77aa9d5ef,EQUIPO,h,GRUA DE 10 Tn,GRUA DE 120 Tn,96.30,120,10,False,NO_FUSIONAR_AUTOMATICAMENTE,REVISAR_MANUALMENTE
INSV1-00f10640e2282b48a0ef1c7a,INSV1-b87f2358a4fbe22b064e71bc,MATERIAL,u,"PIE AMIGO DE ACERO GALVANIZADO PERFIL""L"" 38x38x6x1800mm (1 1/2""x1 1/2""x1/4""x71"")","PIE DE AMIGO ACERO GALVANIZADO PERFIL L 28""",96.30,28,"38,38,6,1800,1,1,2,1,1,2,1,4,71",False,NO_FUSIONAR_AUTOMATICAMENTE,REVISAR_MANUALMENTE
INSV1-0c8e2c11c6ba4bd076d408f5,INSV1-54da5fbf741b1ed11eaac603,MATERIAL,u,"ABRAZADERA GALVANIZADA DE 4""","ABRAZADERA GALVANIZADA DE 2""",96.30,2,4,False,NO_FUSIONAR_AUTOMATICAMENTE,REVISAR_MANUALMENTE
INSV1-0c8e2c11c6ba4bd076d408f5,INSV1-eeffb648d736838265d25e70,MATERIAL,u,"ABRAZADERA GALVANIZADA DE 4""","ABRAZADERA GALVANIZADA DE 1""",96.30,1,4,False,NO_FUSIONAR_AUTOMATICAMENTE,REVISAR_MANUALMENTE
INSV1-9d5829a7cbfc8405adc0d81d,INSV1-a18fcc2482e7b6d40dee88db,MATERIAL,u,COLGADOR PARA TUBERIA 4 IN,COLGADOR PARA TUBERIA 3/4 IN,96.30,"3,4",4,False,NO_FUSIONAR_AUTOMATICAMENTE,REVISAR_MANUALMENTE
INSV1-5af02a7ee76fcc6a64686e24,INSV1-64d252a22f905cb77aa9d5ef,EQUIPO,h,GRUA DE 20 Tn,GRUA DE 120 Tn,96.30,120,20,False,NO_FUSIONAR_AUTOMATICAMENTE,REVISAR_MANUALMENTE
INSV1-8844e116b63471d5f2f57333,INSV1-9acc8e71d48c855806792aa2,MATERIAL,u,PROVISION E INSTALACION DE SEÑAL VERTICAL INFORMATIVA O REGLAMENTARIA DE ALUMINIO DE 2mm CON VYNIL REFLECTIVO DE GRADO XI NORMA ASTM D4956 E IMPRESIÓN DIGITAL (INCL. ELEMENTOS DE SUJECION Y ESTRUCTURA Y SOPORTE 90x30 (DOBLE VIA),"PROVISION E INSTALACION DE SEÑAL VERTICAL INFORMATIVA O REGLAMENTARIA DE ALUMINIO DE 2mm CON VYNIL REFLECTIVO DE GRADO XI NORMA ASTM D4956 E IMPRESIÓN DIGITAL (INCL. ELEMENTOS DE SUJECION, ESTRUCTURA Y SOPORTE 60x60 (NO ENTRE)",96.26,"2,4956,90,30","2,4956,60,60",False,NO_FUSIONAR_AUTOMATICAMENTE,REVISAR_MANUALMENTE
INSV1-6ba13ca64f547728cbdc93fd,INSV1-9acc8e71d48c855806792aa2,MATERIAL,u,PROVISION E INSTALACION DE SEÑAL VERTICAL INFORMATIVA O REGLAMENTARIA DE ALUMINIO DE 2mm CON VYNIL REFLECTIVO DE GRADO XI NORMA ASTM D4956 E IMPRESIÓN DIGITAL (INCL. ELEMENTOS DE SUJECION Y ESTRUCTURA Y SOPORTE 75x75 (LIMITE DE VELOCIDAD MAXIMA),"PROVISION E INSTALACION DE SEÑAL VERTICAL INFORMATIVA O REGLAMENTARIA DE ALUMINIO DE 2mm CON VYNIL REFLECTIVO DE GRADO XI NORMA ASTM D4956 E IMPRESIÓN DIGITAL (INCL. ELEMENTOS DE SUJECION, ESTRUCTURA Y SOPORTE 60x60 (NO ENTRE)",96.26,"2,4956,75,75","2,4956,60,60",False,NO_FUSIONAR_AUTOMATICAMENTE,REVISAR_MANUALMENTE
INSV1-3c03bf050b8dffeb4a8dce54,INSV1-c01a9b43a2063bf2736caf63,MATERIAL,u,"POSTE METALICO TIPO T1 PARA INSTALACION DE SEMAFORO VEHICULAR Y PEATONAL H=5,50m","POSTE METALICO TIPO T1 PARA INSTALACION DE SEMAFORO VEHICULAR Y PEATONAL H=4,00m",96.25,"1,4,00","1,5,50",False,NO_FUSIONAR_AUTOMATICAMENTE,REVISAR_MANUALMENTE
INSV1-2b9130e38800886420d65988,INSV1-d4fdc9a152b7cdac026320e9,MATERIAL,u,SEÑAL INFORMATIVA O REGLAMENTARIA AEREA DE ALUMINIO 2mm CON VYNIL REFLECTIVO DE GRADO XI NORMA ASTM D4956 E IMPRESIÓN DIGITAL (INCL. ELEMENTO DE SUJECCION Y ESTRUCTURA DE SOPORTE Y TRANSPORTE) (PROXIMIDAD DE CRUCE DE CICLOVIA),SEÑAL INFORMATIVA O REGLAMENTARIA AEREA DE ALUMINIO 2mm CON VYNIL REFLECTIVO DE GRADO XI NORMA ASTM D4956 E IMPRESIÓN DIGITAL (INCL. ELEMENTO DE SUJECCION Y ESTRUCTURA DE SOPORTE Y TRANSPORTE) (90x30 UNA VIA),96.24,"2,4956,90,30","2,4956",False,NO_FUSIONAR_AUTOMATICAMENTE,REVISAR_MANUALMENTE
INSV1-800d53ee5bf7d41ab8d89b5f,INSV1-d4fdc9a152b7cdac026320e9,MATERIAL,u,SEÑAL INFORMATIVA O REGLAMENTARIA AEREA DE ALUMINIO 2mm CON VYNIL REFLECTIVO DE GRADO XI NORMA ASTM D4956 E IMPRESIÓN DIGITAL (INCL. ELEMENTO DE SUJECCION Y ESTRUCTURA DE SOPORTE Y TRANSPORTE) (60x60 PERMITIDO ESTACIONAR),SEÑAL INFORMATIVA O REGLAMENTARIA AEREA DE ALUMINIO 2mm CON VYNIL REFLECTIVO DE GRADO XI NORMA ASTM D4956 E IMPRESIÓN DIGITAL (INCL. ELEMENTO DE SUJECCION Y ESTRUCTURA DE SOPORTE Y TRANSPORTE) (90x30 UNA VIA),96.24,"2,4956,90,30","2,4956,60,60",False,NO_FUSIONAR_AUTOMATICAMENTE,REVISAR_MANUALMENTE
INSV1-c82cdac0b90e3b7f2cf215ae,INSV1-d4fdc9a152b7cdac026320e9,MATERIAL,u,SEÑAL INFORMATIVA O REGLAMENTARIA AEREA DE ALUMINIO 2mm CON VYNIL REFLECTIVO DE GRADO XI NORMA ASTM D4956 E IMPRESIÓN DIGITAL (INCL. ELEMENTO DE SUJECCION Y ESTRUCTURA DE SOPORTE Y TRANSPORTE) (60x60 DISCO PARE),SEÑAL INFORMATIVA O REGLAMENTARIA AEREA DE ALUMINIO 2mm CON VYNIL REFLECTIVO DE GRADO XI NORMA ASTM D4956 E IMPRESIÓN DIGITAL (INCL. ELEMENTO DE SUJECCION Y ESTRUCTURA DE SOPORTE Y TRANSPORTE) (90x30 UNA VIA),96.24,"2,4956,60,60","2,4956,90,30",False,NO_FUSIONAR_AUTOMATICAMENTE,REVISAR_MANUALMENTE
INSV1-9d5829a7cbfc8405adc0d81d,INSV1-c94da45dea68d43c808cc023,MATERIAL,u,COLGADOR PARA TUBERIA 4 IN,COLGADOR PARA TUBERIA 1 IN,96.15,1,4,False,NO_FUSIONAR_AUTOMATICAMENTE,REVISAR_MANUALMENTE
INSV1-9d5829a7cbfc8405adc0d81d,INSV1-e4a4f0c44f884e216829887c,MATERIAL,u,COLGADOR PARA TUBERIA 4 IN,COLGADOR PARA TUBERIA 2 IN,96.15,2,4,False,NO_FUSIONAR_AUTOMATICAMENTE,REVISAR_MANUALMENTE
INSV1-5e150d1fde4658cbeae623dc,INSV1-85bb32faa7ed66ccc9ef6414,MATERIAL,u,CODO 90' PP 1/2 IN ROSCABLE,CODO 90' PP 1 IN ROSCABLE,96.15,"90,1","90,1,2",False,NO_FUSIONAR_AUTOMATICAMENTE,REVISAR_MANUALMENTE
INSV1-07273db6e3bd4bf35545f282,INSV1-e4a4f0c44f884e216829887c,MATERIAL,u,COLGADOR PARA TUBERIA 6 IN,COLGADOR PARA TUBERIA 2 IN,96.15,2,6,False,NO_FUSIONAR_AUTOMATICAMENTE,REVISAR_MANUALMENTE
INSV1-086b987b6bdbeaa73c32772c,INSV1-5e150d1fde4658cbeae623dc,MATERIAL,u,CODO 90' PP 2 IN ROSCABLE,CODO 90' PP 1/2 IN ROSCABLE,96.15,"90,2","90,1,2",False,NO_FUSIONAR_AUTOMATICAMENTE,REVISAR_MANUALMENTE
INSV1-b15621589ddeb19b44c15e60,INSV1-e4a4f0c44f884e216829887c,MATERIAL,u,COLGADOR PARA TUBERIA 8 IN,COLGADOR PARA TUBERIA 2 IN,96.15,8,2,False,NO_FUSIONAR_AUTOMATICAMENTE,REVISAR_MANUALMENTE
INSV1-b15621589ddeb19b44c15e60,INSV1-c94da45dea68d43c808cc023,MATERIAL,u,COLGADOR PARA TUBERIA 8 IN,COLGADOR PARA TUBERIA 1 IN,96.15,8,1,False,NO_FUSIONAR_AUTOMATICAMENTE,REVISAR_MANUALMENTE
INSV1-c94da45dea68d43c808cc023,INSV1-e4a4f0c44f884e216829887c,MATERIAL,u,COLGADOR PARA TUBERIA 1 IN,COLGADOR PARA TUBERIA 2 IN,96.15,2,1,False,NO_FUSIONAR_AUTOMATICAMENTE,REVISAR_MANUALMENTE
INSV1-07273db6e3bd4bf35545f282,INSV1-c94da45dea68d43c808cc023,MATERIAL,u,COLGADOR PARA TUBERIA 6 IN,COLGADOR PARA TUBERIA 1 IN,96.15,6,1,False,NO_FUSIONAR_AUTOMATICAMENTE,REVISAR_MANUALMENTE
INSV1-07273db6e3bd4bf35545f282,INSV1-9d5829a7cbfc8405adc0d81d,MATERIAL,u,COLGADOR PARA TUBERIA 6 IN,COLGADOR PARA TUBERIA 4 IN,96.15,4,6,False,NO_FUSIONAR_AUTOMATICAMENTE,REVISAR_MANUALMENTE
INSV1-9d5829a7cbfc8405adc0d81d,INSV1-b15621589ddeb19b44c15e60,MATERIAL,u,COLGADOR PARA TUBERIA 4 IN,COLGADOR PARA TUBERIA 8 IN,96.15,4,8,False,NO_FUSIONAR_AUTOMATICAMENTE,REVISAR_MANUALMENTE
INSV1-07273db6e3bd4bf35545f282,INSV1-b15621589ddeb19b44c15e60,MATERIAL,u,COLGADOR PARA TUBERIA 6 IN,COLGADOR PARA TUBERIA 8 IN,96.15,6,8,False,NO_FUSIONAR_AUTOMATICAMENTE,REVISAR_MANUALMENTE
INSV1-54da5fbf741b1ed11eaac603,INSV1-dbe82dede8cf31094fd0d99f,MATERIAL,u,"ABRAZADERA GALVANIZADA DE 2""","ABRAZADERA GALVANIZADA DE 3/4""",96.15,2,"3,4",False,NO_FUSIONAR_AUTOMATICAMENTE,REVISAR_MANUALMENTE
INSV1-dbe82dede8cf31094fd0d99f,INSV1-eeffb648d736838265d25e70,MATERIAL,u,"ABRAZADERA GALVANIZADA DE 3/4""","ABRAZADERA GALVANIZADA DE 1""",96.15,1,"3,4",False,NO_FUSIONAR_AUTOMATICAMENTE,REVISAR_MANUALMENTE
INSV1-6e7a4fac98395a8c69a766b1,INSV1-7682d41e46b75c83933b0532,MATERIAL,u,CODO 22.5' PP 2 IN ROSCABLE,CODO 22.5' PP 3/4 IN ROSCABLE,96.15,"22.5,3,4","22.5,2",False,NO_FUSIONAR_AUTOMATICAMENTE,REVISAR_MANUALMENTE
INSV1-b1d0f6afc5ef7767dbe3e0ba,INSV1-c0117f08afc2bfc00329d523,MATERIAL,u,"PROVISION E INSTALACION DE SEÑAL VERTICAL INFORMATIVA O REGLAMENTARIA DE ALUMINIO DE 2mm CON VYNIL REFLECTIVO DE GRADO XI NORMA ASTM D4956 E IMPRESIÓN DIGITAL (INCL. ELEMENTOS DE SUJECION, ESTRUCTURA Y SOPORTE 60x60 (SOLO BICICLETAS)",PROVISION E INSTALACION DE SEÑAL VERTICAL INFORMATIVA O REGLAMENTARIA DE ALUMINIO DE 2mm CON VYNIL REFLECTIVO DE GRADO XI NORMA ASTM D4956 E IMPRESIÓN DIGITAL (INCL. ELEMENTOS DE SUJECION Y ESTRUCTURA Y SOPORTE 60x60 (PROHIBIDO ESTACIONAR),96.14,"2,4956,60,60","2,4956,60,60",True,NO_FUSIONAR_AUTOMATICAMENTE,REVISAR_MANUALMENTE
INSV1-606101332ad2045c671247a6,INSV1-99d5e5d855b46ca85053a053,MATERIAL,u,"DISYUNTOR 70 A - 3 POLOS, CAJA MOLDEADA","DISYUNTOR 300 A - 3 POLOS, CAJA MOLDEADA",96.10,"70,3","300,3",False,NO_FUSIONAR_AUTOMATICAMENTE,REVISAR_MANUALMENTE
INSV1-44d918f7ed4dd5c44b78ac76,INSV1-606101332ad2045c671247a6,MATERIAL,u,"DISYUNTOR 250 A - 3 POLOS, CAJA MOLDEADA","DISYUNTOR 70 A - 3 POLOS, CAJA MOLDEADA",96.10,"250,3","70,3",False,NO_FUSIONAR_AUTOMATICAMENTE,REVISAR_MANUALMENTE
INSV1-44d918f7ed4dd5c44b78ac76,INSV1-47b1328e043d837124d5bd9d,MATERIAL,u,"DISYUNTOR 250 A - 3 POLOS, CAJA MOLDEADA","DISYUNTOR 50 A - 2 POLOS, CAJA MOLDEADA",96.10,"250,3","50,2",False,NO_FUSIONAR_AUTOMATICAMENTE,REVISAR_MANUALMENTE
INSV1-d4c508a99b6615aabaf3f065,INSV1-efe55a5f94e87dc073b8325a,MATERIAL,u,"DISYUNTOR 100 A - 3 POLOS, CAJA MOLDEADA","DISYUNTOR 40 A - 3 POLOS, CAJA MOLDEADA",96.10,"100,3","40,3",False,NO_FUSIONAR_AUTOMATICAMENTE,REVISAR_MANUALMENTE
INSV1-606101332ad2045c671247a6,INSV1-d4c508a99b6615aabaf3f065,MATERIAL,u,"DISYUNTOR 70 A - 3 POLOS, CAJA MOLDEADA","DISYUNTOR 100 A - 3 POLOS, CAJA MOLDEADA",96.10,"100,3","70,3",False,NO_FUSIONAR_AUTOMATICAMENTE,REVISAR_MANUALMENTE
INSV1-44d918f7ed4dd5c44b78ac76,INSV1-efe55a5f94e87dc073b8325a,MATERIAL,u,"DISYUNTOR 250 A - 3 POLOS, CAJA MOLDEADA","DISYUNTOR 40 A - 3 POLOS, CAJA MOLDEADA",96.10,"40,3","250,3",False,NO_FUSIONAR_AUTOMATICAMENTE,REVISAR_MANUALMENTE
INSV1-99d5e5d855b46ca85053a053,INSV1-efe55a5f94e87dc073b8325a,MATERIAL,u,"DISYUNTOR 300 A - 3 POLOS, CAJA MOLDEADA","DISYUNTOR 40 A - 3 POLOS, CAJA MOLDEADA",96.10,"40,3","300,3",False,NO_FUSIONAR_AUTOMATICAMENTE,REVISAR_MANUALMENTE
INSV1-9e940d3c8774cd1996a77a94,INSV1-d2ab3269555e76b06cc32adb,MATERIAL,m3,CASCAJO DE MEJORAMIENTO IMPORTADO (INCLUYE TRANSPORTE),CASCAJO DE MEJORAMIENTO IMPORTADO (INCL. TRANSPORTE),96.08,,,True,NO_FUSIONAR_AUTOMATICAMENTE,REVISAR_MANUALMENTE
INSV1-6ba13ca64f547728cbdc93fd,INSV1-8844e116b63471d5f2f57333,MATERIAL,u,PROVISION E INSTALACION DE SEÑAL VERTICAL INFORMATIVA O REGLAMENTARIA DE ALUMINIO DE 2mm CON VYNIL REFLECTIVO DE GRADO XI NORMA ASTM D4956 E IMPRESIÓN DIGITAL (INCL. ELEMENTOS DE SUJECION Y ESTRUCTURA Y SOPORTE 75x75 (LIMITE DE VELOCIDAD MAXIMA),PROVISION E INSTALACION DE SEÑAL VERTICAL INFORMATIVA O REGLAMENTARIA DE ALUMINIO DE 2mm CON VYNIL REFLECTIVO DE GRADO XI NORMA ASTM D4956 E IMPRESIÓN DIGITAL (INCL. ELEMENTOS DE SUJECION Y ESTRUCTURA Y SOPORTE 90x30 (DOBLE VIA),96.02,"2,4956,75,75","2,4956,90,30",False,NO_FUSIONAR_AUTOMATICAMENTE,REVISAR_MANUALMENTE
INSV1-8844e116b63471d5f2f57333,INSV1-fdbc1d35f72d19a583ee3a26,MATERIAL,u,PROVISION E INSTALACION DE SEÑAL VERTICAL INFORMATIVA O REGLAMENTARIA DE ALUMINIO DE 2mm CON VYNIL REFLECTIVO DE GRADO XI NORMA ASTM D4956 E IMPRESIÓN DIGITAL (INCL. ELEMENTOS DE SUJECION Y ESTRUCTURA Y SOPORTE 90x30 (DOBLE VIA),"PROVISION E INSTALACION DE SEÑAL VERTICAL INFORMATIVA O REGLAMENTARIA DE ALUMINIO DE 2mm CON VYNIL REFLECTIVO DE GRADO XI NORMA ASTM D4956 E IMPRESIÓN DIGITAL (INCL. ELEMENTOS DE SUJECION, ESTRUCTURA Y SOPORTE 60x60 (SOLO MOTOCICLETAS))",96.02,"2,4956,60,60","2,4956,90,30",False,NO_FUSIONAR_AUTOMATICAMENTE,REVISAR_MANUALMENTE
INSV1-8844e116b63471d5f2f57333,INSV1-b1d0f6afc5ef7767dbe3e0ba,MATERIAL,u,PROVISION E INSTALACION DE SEÑAL VERTICAL INFORMATIVA O REGLAMENTARIA DE ALUMINIO DE 2mm CON VYNIL REFLECTIVO DE GRADO XI NORMA ASTM D4956 E IMPRESIÓN DIGITAL (INCL. ELEMENTOS DE SUJECION Y ESTRUCTURA Y SOPORTE 90x30 (DOBLE VIA),"PROVISION E INSTALACION DE SEÑAL VERTICAL INFORMATIVA O REGLAMENTARIA DE ALUMINIO DE 2mm CON VYNIL REFLECTIVO DE GRADO XI NORMA ASTM D4956 E IMPRESIÓN DIGITAL (INCL. ELEMENTOS DE SUJECION, ESTRUCTURA Y SOPORTE 60x60 (SOLO BICICLETAS)",96.02,"2,4956,90,30","2,4956,60,60",False,NO_FUSIONAR_AUTOMATICAMENTE,REVISAR_MANUALMENTE
INSV1-8844e116b63471d5f2f57333,INSV1-c0117f08afc2bfc00329d523,MATERIAL,u,PROVISION E INSTALACION DE SEÑAL VERTICAL INFORMATIVA O REGLAMENTARIA DE ALUMINIO DE 2mm CON VYNIL REFLECTIVO DE GRADO XI NORMA ASTM D4956 E IMPRESIÓN DIGITAL (INCL. ELEMENTOS DE SUJECION Y ESTRUCTURA Y SOPORTE 90x30 (DOBLE VIA),PROVISION E INSTALACION DE SEÑAL VERTICAL INFORMATIVA O REGLAMENTARIA DE ALUMINIO DE 2mm CON VYNIL REFLECTIVO DE GRADO XI NORMA ASTM D4956 E IMPRESIÓN DIGITAL (INCL. ELEMENTOS DE SUJECION Y ESTRUCTURA Y SOPORTE 60x60 (PROHIBIDO ESTACIONAR),96.02,"2,4956,60,60","2,4956,90,30",False,NO_FUSIONAR_AUTOMATICAMENTE,REVISAR_MANUALMENTE
INSV1-086b987b6bdbeaa73c32772c,INSV1-85bb32faa7ed66ccc9ef6414,MATERIAL,u,CODO 90' PP 2 IN ROSCABLE,CODO 90' PP 1 IN ROSCABLE,96.00,"90,2","90,1",False,NO_FUSIONAR_AUTOMATICAMENTE,REVISAR_MANUALMENTE
INSV1-13b1f8e79c4b7fcf494a8c90,INSV1-a363e206ffeeaff2ab6bbc22,MATERIAL,u,GELPORT - 350 DE 4 PUNTOS,GELPORT - 350 DE 6 PUNTOS,96.00,"350,4","350,6",False,NO_FUSIONAR_AUTOMATICAMENTE,REVISAR_MANUALMENTE
INSV1-a18fcc2482e7b6d40dee88db,INSV1-c94da45dea68d43c808cc023,MATERIAL,u,COLGADOR PARA TUBERIA 3/4 IN,COLGADOR PARA TUBERIA 1 IN,96.00,"3,4",1,False,NO_FUSIONAR_AUTOMATICAMENTE,REVISAR_MANUALMENTE
INSV1-07273db6e3bd4bf35545f282,INSV1-a18fcc2482e7b6d40dee88db,MATERIAL,u,COLGADOR PARA TUBERIA 6 IN,COLGADOR PARA TUBERIA 3/4 IN,96.00,"3,4",6,False,NO_FUSIONAR_AUTOMATICAMENTE,REVISAR_MANUALMENTE
INSV1-a18fcc2482e7b6d40dee88db,INSV1-b15621589ddeb19b44c15e60,MATERIAL,u,COLGADOR PARA TUBERIA 3/4 IN,COLGADOR PARA TUBERIA 8 IN,96.00,"3,4",8,False,NO_FUSIONAR_AUTOMATICAMENTE,REVISAR_MANUALMENTE
INSV1-9d5829a7cbfc8405adc0d81d,INSV1-cde674df0067fd26ef480cef,MATERIAL,u,COLGADOR PARA TUBERIA 4 IN,COLGADOR PARA TUBERIA 1/2 IN,96.00,"1,2",4,False,NO_FUSIONAR_AUTOMATICAMENTE,REVISAR_MANUALMENTE
INSV1-76c1a5e5c1bdb50673f2f969,INSV1-e4a4f0c44f884e216829887c,MATERIAL,u,COLGADOR PARA TUBERIA 1 1/2 IN,COLGADOR PARA TUBERIA 2 IN,96.00,"1,1,2",2,False,NO_FUSIONAR_AUTOMATICAMENTE,REVISAR_MANUALMENTE
INSV1-5781c4c2d37dac0afb7270ee,INSV1-e4a4f0c44f884e216829887c,MATERIAL,u,COLGADOR PARA TUBERIA 1 1/4 IN,COLGADOR PARA TUBERIA 2 IN,96.00,"1,1,4",2,False,NO_FUSIONAR_AUTOMATICAMENTE,REVISAR_MANUALMENTE
INSV1-5781c4c2d37dac0afb7270ee,INSV1-9d5829a7cbfc8405adc0d81d,MATERIAL,u,COLGADOR PARA TUBERIA 1 1/4 IN,COLGADOR PARA TUBERIA 4 IN,96.00,"1,1,4",4,False,NO_FUSIONAR_AUTOMATICAMENTE,REVISAR_MANUALMENTE
INSV1-2bcfd7f2cd5bba67e32a487b,INSV1-a363e206ffeeaff2ab6bbc22,MATERIAL,u,GELPORT - 350 DE 3 PUNTOS,GELPORT - 350 DE 6 PUNTOS,96.00,"350,3","350,6",False,NO_FUSIONAR_AUTOMATICAMENTE,REVISAR_MANUALMENTE
INSV1-07273db6e3bd4bf35545f282,INSV1-5781c4c2d37dac0afb7270ee,MATERIAL,u,COLGADOR PARA TUBERIA 6 IN,COLGADOR PARA TUBERIA 1 1/4 IN,96.00,"1,1,4",6,False,NO_FUSIONAR_AUTOMATICAMENTE,REVISAR_MANUALMENTE
INSV1-a1f23bbaf9faf2aa95dff037,INSV1-c94da45dea68d43c808cc023,MATERIAL,u,COLGADOR PARA TUBERIA 2 1/2 IN,COLGADOR PARA TUBERIA 1 IN,96.00,"2,1,2",1,False,NO_FUSIONAR_AUTOMATICAMENTE,REVISAR_MANUALMENTE
INSV1-13b1f8e79c4b7fcf494a8c90,INSV1-c041ad72a1318ca3b81e8110,MATERIAL,u,GELPORT - 350 DE 4 PUNTOS,GELPORT - 350 DE 5 PUNTOS,96.00,"350,4","350,5",False,NO_FUSIONAR_AUTOMATICAMENTE,REVISAR_MANUALMENTE
INSV1-56da64408836c52c15e5deb9,INSV1-db5fe6b515097c5380ee635f,MATERIAL,u,UNIDAD UPS 1.5 KVA - ON LINE,UNIDAD UPS 3 KVA - ON LINE,96.00,1.5,3,False,NO_FUSIONAR_AUTOMATICAMENTE,REVISAR_MANUALMENTE
INSV1-9d5829a7cbfc8405adc0d81d,INSV1-a1f23bbaf9faf2aa95dff037,MATERIAL,u,COLGADOR PARA TUBERIA 4 IN,COLGADOR PARA TUBERIA 2 1/2 IN,96.00,"2,1,2",4,False,NO_FUSIONAR_AUTOMATICAMENTE,REVISAR_MANUALMENTE
INSV1-76c1a5e5c1bdb50673f2f969,INSV1-b15621589ddeb19b44c15e60,MATERIAL,u,COLGADOR PARA TUBERIA 1 1/2 IN,COLGADOR PARA TUBERIA 8 IN,96.00,8,"1,1,2",False,NO_FUSIONAR_AUTOMATICAMENTE,REVISAR_MANUALMENTE
INSV1-07273db6e3bd4bf35545f282,INSV1-76c1a5e5c1bdb50673f2f969,MATERIAL,u,COLGADOR PARA TUBERIA 6 IN,COLGADOR PARA TUBERIA 1 1/2 IN,96.00,6,"1,1,2",False,NO_FUSIONAR_AUTOMATICAMENTE,REVISAR_MANUALMENTE
INSV1-0e983686295d811c7eef8c7e,INSV1-1b522aff9526534f952c9036,MATERIAL,m,"TUBO EN ACERO INOXIDABLE 2""",TUBO EN ACERO INOXIDABLE DE 6” DE 20 METROS DE LONGITUD CON 36 SALIDAS DE 1 1/2” Y 6 ENTRADAS DE 4”,96.00,"6,20,36,1,1,2,6,4",2,False,NO_FUSIONAR_AUTOMATICAMENTE,REVISAR_MANUALMENTE
INSV1-c4b64e897610535a801ff7ab,INSV1-d0166bbd2eb66aa68f80ed5e,MATERIAL,u,"CODO EMT RIGIDO DE Ø 2""","CODO EMT RIGIDO DE Ø 4""",96.00,4,2,False,NO_FUSIONAR_AUTOMATICAMENTE,REVISAR_MANUALMENTE
INSV1-2bcfd7f2cd5bba67e32a487b,INSV1-c041ad72a1318ca3b81e8110,MATERIAL,u,GELPORT - 350 DE 3 PUNTOS,GELPORT - 350 DE 5 PUNTOS,96.00,"350,3","350,5",False,NO_FUSIONAR_AUTOMATICAMENTE,REVISAR_MANUALMENTE
INSV1-a18fcc2482e7b6d40dee88db,INSV1-e4a4f0c44f884e216829887c,MATERIAL,u,COLGADOR PARA TUBERIA 3/4 IN,COLGADOR PARA TUBERIA 2 IN,96.00,"3,4",2,False,NO_FUSIONAR_AUTOMATICAMENTE,REVISAR_MANUALMENTE
INSV1-a363e206ffeeaff2ab6bbc22,INSV1-c041ad72a1318ca3b81e8110,MATERIAL,u,GELPORT - 350 DE 6 PUNTOS,GELPORT - 350 DE 5 PUNTOS,96.00,"350,5","350,6",False,NO_FUSIONAR_AUTOMATICAMENTE,REVISAR_MANUALMENTE
INSV1-13b1f8e79c4b7fcf494a8c90,INSV1-2bcfd7f2cd5bba67e32a487b,MATERIAL,u,GELPORT - 350 DE 4 PUNTOS,GELPORT - 350 DE 3 PUNTOS,96.00,"350,3","350,4",False,NO_FUSIONAR_AUTOMATICAMENTE,REVISAR_MANUALMENTE
INSV1-752ed38dd31917bc4b43c59b,INSV1-efe55a5f94e87dc073b8325a,MATERIAL,u,"DISYUNTOR 350 A - 3 POLOS, CAJA MOLDEADA REGULADO","DISYUNTOR 40 A - 3 POLOS, CAJA MOLDEADA",95.89,"350,3","40,3",False,NO_FUSIONAR_AUTOMATICAMENTE,REVISAR_MANUALMENTE
INSV1-8df933ecf8440e953273eebc,INSV1-efe55a5f94e87dc073b8325a,MATERIAL,u,"DISYUNTOR 125 A - 3 POLOS, CAJA MOLDEADA","DISYUNTOR 40 A - 3 POLOS, CAJA MOLDEADA",95.89,"125,3","40,3",False,NO_FUSIONAR_AUTOMATICAMENTE,REVISAR_MANUALMENTE
INSV1-370ba4f76c775bc57d9b2c66,INSV1-606101332ad2045c671247a6,MATERIAL,u,"DISYUNTOR 500 A - 3 POLOS, CAJA MOLDEADA REGULADO","DISYUNTOR 70 A - 3 POLOS, CAJA MOLDEADA",95.89,"500,3","70,3",False,NO_FUSIONAR_AUTOMATICAMENTE,REVISAR_MANUALMENTE
INSV1-606101332ad2045c671247a6,INSV1-752ed38dd31917bc4b43c59b,MATERIAL,u,"DISYUNTOR 70 A - 3 POLOS, CAJA MOLDEADA","DISYUNTOR 350 A - 3 POLOS, CAJA MOLDEADA REGULADO",95.89,"350,3","70,3",False,NO_FUSIONAR_AUTOMATICAMENTE,REVISAR_MANUALMENTE
INSV1-606101332ad2045c671247a6,INSV1-8df933ecf8440e953273eebc,MATERIAL,u,"DISYUNTOR 70 A - 3 POLOS, CAJA MOLDEADA","DISYUNTOR 125 A - 3 POLOS, CAJA MOLDEADA",95.89,"125,3","70,3",False,NO_FUSIONAR_AUTOMATICAMENTE,REVISAR_MANUALMENTE
INSV1-370ba4f76c775bc57d9b2c66,INSV1-efe55a5f94e87dc073b8325a,MATERIAL,u,"DISYUNTOR 500 A - 3 POLOS, CAJA MOLDEADA REGULADO","DISYUNTOR 40 A - 3 POLOS, CAJA MOLDEADA",95.89,"40,3","500,3",False,NO_FUSIONAR_AUTOMATICAMENTE,REVISAR_MANUALMENTE
INSV1-40e767dd453e2328f6b45661,INSV1-f3bd02245b8e4ed675e21a35,MATERIAL,u,"SEÑALETICA VERTICAL ""PARE"" (INCLUYE POSTE Y ACCESORIOS DE FIJACION)","SEÑALETICA VERTICAL ""ESTACIONAMIENTO RESERVADO PARA DISCAPACITADOS"" (INCLUYE POSTE Y ACCESORIOS DE FIJACION)",95.87,,,True,NO_FUSIONAR_AUTOMATICAMENTE,REVISAR_MANUALMENTE
INSV1-40e767dd453e2328f6b45661,INSV1-552aff17b8f06de18dd5863a,MATERIAL,u,"SEÑALETICA VERTICAL ""PARE"" (INCLUYE POSTE Y ACCESORIOS DE FIJACION)","SEÑALETICA VERTICAL ""APROXIMACION A REDONDEL"" (INCLUYE POSTE Y ACCESORIOS DE FIJACION)",95.87,,,True,NO_FUSIONAR_AUTOMATICAMENTE,REVISAR_MANUALMENTE
INSV1-40e767dd453e2328f6b45661,INSV1-5e2982bfb31f2d6e1f9b3f6e,MATERIAL,u,"SEÑALETICA VERTICAL ""PARE"" (INCLUYE POSTE Y ACCESORIOS DE FIJACION)","SEÑALETICA VERTICAL ""GIRO EN U"" (INCLUYE POSTE Y ACCESORIOS DE FIJACION)",95.87,,,True,NO_FUSIONAR_AUTOMATICAMENTE,REVISAR_MANUALMENTE
INSV1-40e767dd453e2328f6b45661,INSV1-9b2ed9c39a8961d283044fd8,MATERIAL,u,"SEÑALETICA VERTICAL ""PARE"" (INCLUYE POSTE Y ACCESORIOS DE FIJACION)","SEÑALETICA VERTICAL ""CICLISTAS EN LA VIA"" (INCLUYE POSTE Y ACCESORIOS DE FIJACION)",95.87,,,True,NO_FUSIONAR_AUTOMATICAMENTE,REVISAR_MANUALMENTE
INSV1-40e767dd453e2328f6b45661,INSV1-597dd9ff18fc99711f511846,MATERIAL,u,"SEÑALETICA VERTICAL ""PARE"" (INCLUYE POSTE Y ACCESORIOS DE FIJACION)",SEÑALETICA VERTICAL DE SENTIDO VIAL (INCLUYE POSTE Y ACCESORIOS DE FIJACION),95.87,,,True,NO_FUSIONAR_AUTOMATICAMENTE,REVISAR_MANUALMENTE
INSV1-0a2186a371d58ecaa7b804c1,INSV1-40e767dd453e2328f6b45661,MATERIAL,u,"SEÑALETICA VERTICAL ""BIFURCACION IZQUIERDA"" (INCLUYE POSTE Y ACCESORIOS DE FIJACION)","SEÑALETICA VERTICAL ""PARE"" (INCLUYE POSTE Y ACCESORIOS DE FIJACION)",95.87,,,True,NO_FUSIONAR_AUTOMATICAMENTE,REVISAR_MANUALMENTE
INSV1-40e767dd453e2328f6b45661,INSV1-7c7fc245b55265a611447800,MATERIAL,u,"SEÑALETICA VERTICAL ""PARE"" (INCLUYE POSTE Y ACCESORIOS DE FIJACION)","SEÑALETICA VERTICAL ""PEATON"" (INCLUYE POSTE Y ACCESORIOS DE FIJACION)",95.87,,,True,NO_FUSIONAR_AUTOMATICAMENTE,REVISAR_MANUALMENTE
INSV1-40e767dd453e2328f6b45661,INSV1-ad3d846947acc436c5b0a82f,MATERIAL,u,"SEÑALETICA VERTICAL ""PARE"" (INCLUYE POSTE Y ACCESORIOS DE FIJACION)","SEÑALETICA VERTICAL ""NO DETENER/NO ESTACIONAR"" (INCLUYE POSTE Y ACCESORIOS DE FIJACION)",95.87,,,True,NO_FUSIONAR_AUTOMATICAMENTE,REVISAR_MANUALMENTE
INSV1-1c1195fb85b62c6d97b8d97b,INSV1-40e767dd453e2328f6b45661,MATERIAL,u,"SEÑALETICA VERTICAL ""LIMITE DE VELOCIDAD"" (INCLUYE POSTE Y ACCESORIOS DE FIJACION)","SEÑALETICA VERTICAL ""PARE"" (INCLUYE POSTE Y ACCESORIOS DE FIJACION)",95.87,,,True,NO_FUSIONAR_AUTOMATICAMENTE,REVISAR_MANUALMENTE
INSV1-acbb52db319201e62b8ae6d2,INSV1-be0f6184898be8b4f27cc4fb,MATERIAL,u,CONECTOR CODO 15KV 600 A,CONECTOR CODO 15KV 200 A,95.83,"15,600","15,200",False,NO_FUSIONAR_AUTOMATICAMENTE,REVISAR_MANUALMENTE
INSV1-85bb32faa7ed66ccc9ef6414,INSV1-b54eae860684e44646605487,MATERIAL,u,CODO 90' PP 1 IN ROSCABLE,CODO 90' PP 2 1/2 IN ROSCABLE,95.83,"90,1","90,2,1,2",False,NO_FUSIONAR_AUTOMATICAMENTE,REVISAR_MANUALMENTE
INSV1-a4fde0ed12aada983f4378e9,INSV1-c75b579e1f9fcd4ebe7d5f2e,MATERIAL,u,TUBO 110mm PVC PESADO x 3.00m,"TUBO 4"" PVC PESADO X 3.00m",95.83,"4,3.00","110,3.00",False,NO_FUSIONAR_AUTOMATICAMENTE,REVISAR_MANUALMENTE
INSV1-6911f5d6cd1fb4ebaffd5e2d,INSV1-93b9a474881f1caa0d6e0123,MATERIAL,u,TERMINALES TALON # 500 MCM,TERMINALES TALON # 250 MCM,95.83,500,250,False,NO_FUSIONAR_AUTOMATICAMENTE,REVISAR_MANUALMENTE
INSV1-086b987b6bdbeaa73c32772c,INSV1-d24cbe0d5b797285e8463ae6,MATERIAL,u,CODO 90' PP 2 IN ROSCABLE,CODO 90' PP 1 1/4 IN ROSCABLE,95.83,"90,2","90,1,1,4",False,NO_FUSIONAR_AUTOMATICAMENTE,REVISAR_MANUALMENTE
INSV1-086b987b6bdbeaa73c32772c,INSV1-79ef23d37bbf7244052cc3b6,MATERIAL,u,CODO 90' PP 2 IN ROSCABLE,CODO 90' PP 1 1/2 IN ROSCABLE,95.83,"90,2","90,1,1,2",False,NO_FUSIONAR_AUTOMATICAMENTE,REVISAR_MANUALMENTE
INSV1-41eedf53065f238237ec510b,INSV1-85bb32faa7ed66ccc9ef6414,MATERIAL,u,CODO 90' PP 3/4 IN ROSCABLE,CODO 90' PP 1 IN ROSCABLE,95.83,"90,3,4","90,1",False,NO_FUSIONAR_AUTOMATICAMENTE,REVISAR_MANUALMENTE
INSV1-086b987b6bdbeaa73c32772c,INSV1-41eedf53065f238237ec510b,MATERIAL,u,CODO 90' PP 2 IN ROSCABLE,CODO 90' PP 3/4 IN ROSCABLE,95.83,"90,3,4","90,2",False,NO_FUSIONAR_AUTOMATICAMENTE,REVISAR_MANUALMENTE
INSV1-1476145cbc90a0b2ce5df8da,INSV1-dec3cd8d1cb02ba579141947,MATERIAL,u,"CODO PVC ROSCABLE 1/2"" x 90'","CODO PVC ROSCABLE 3"" x 90'",95.83,"1,2,90","3,90",False,NO_FUSIONAR_AUTOMATICAMENTE,REVISAR_MANUALMENTE
INSV1-061b4a5369964ad3c373773d,INSV1-49dfc0aa4069ed5d6a1234e3,MATERIAL,u,CODO 45' PP 3/4 IN ROSCABLE,CODO 45' PP 2 IN ROSCABLE,95.83,"45,2","45,3,4",False,NO_FUSIONAR_AUTOMATICAMENTE,REVISAR_MANUALMENTE
INSV1-26f234a4635a00e5ae48cbd5,INSV1-af3691c12244c6e150639508,MATERIAL,u,TEE 2 1/2 IN PP ROSCABLE,TEE 1 1/2 IN PP ROSCABLE,95.83,"1,1,2","2,1,2",False,NO_FUSIONAR_AUTOMATICAMENTE,REVISAR_MANUALMENTE
INSV1-7ccd0afc950487e922577bc1,INSV1-89d42bc9731a9dda823549d9,MATERIAL,m,"TUBO CUADRADO DE ACERO INOXIDABLE DE D=1"" (32mm), E=3mm","TUBO CUADRADO DE ACERO INOXIDABLE DE D=2"" (63mm), E=2mm",95.83,"1,32,3","2,63,2",False,NO_FUSIONAR_AUTOMATICAMENTE,REVISAR_MANUALMENTE
INSV1-3a7356c53d1f164da75070b0,INSV1-74f60a726eb50128dc4bd6da,MATERIAL,u,BASE SOCKET 3F CLASE 100,BASE SOCKET 1F CLASE 100,95.83,"1,100","3,100",False,NO_FUSIONAR_AUTOMATICAMENTE,REVISAR_MANUALMENTE
INSV1-5016e7220b834d069fbe05cc,INSV1-c8d3746a0ad244344695d6fb,MATERIAL,u,DISYUNTOR 30 A - 2 POLOS,DISYUNTOR 20 A - 2 POLOS,95.83,"30,2","20,2",False,NO_FUSIONAR_AUTOMATICAMENTE,REVISAR_MANUALMENTE
INSV1-5a9c825abaa71eb4a638f171,INSV1-c1d83e5e831252249b9bccac,MATERIAL,m,FABRICACION DE VIGA R19R,FABRICACION DE VIGA R14R,95.83,19,14,False,NO_FUSIONAR_AUTOMATICAMENTE,REVISAR_MANUALMENTE
INSV1-5ed414d77afa8777c21fa0cb,INSV1-c75b579e1f9fcd4ebe7d5f2e,MATERIAL,u,TUBO 50mm PVC PESADO x 3.00m,"TUBO 4"" PVC PESADO X 3.00m",95.83,"4,3.00","50,3.00",False,NO_FUSIONAR_AUTOMATICAMENTE,REVISAR_MANUALMENTE
INSV1-66bc5ab239a5b9957edd855d,INSV1-75e98cbf13936b0e11186cea,MATERIAL,u,VALVULA DE CLAPETA DE DESCARGA D=1200mm,VALVULA DE CLAPETA DE DESCARGA D=700mm,95.77,700,1200,False,NO_FUSIONAR_AUTOMATICAMENTE,REVISAR_MANUALMENTE
INSV1-4201dcf8e83af6f501b56c16,INSV1-66bc5ab239a5b9957edd855d,MATERIAL,u,VALVULA DE CLAPETA DE DESCARGA D=600mm,VALVULA DE CLAPETA DE DESCARGA D=1200mm,95.77,600,1200,False,NO_FUSIONAR_AUTOMATICAMENTE,REVISAR_MANUALMENTE
INSV1-4d983e48f2bba49a99bf4a77,INSV1-f2395da013f90fb2f10726af,MATERIAL,u,"TABLERO METALICO DE 80cm DE ALTO x 90cm DE ANCHO x 30cm DE FONDO, EN UN PLANCHA DE 1/16""","TABLERO METALICO DE 80cm DE ALTO x 120cm DE ANCHO x 30cm DE FONDO, EN PLANCHA DE 1/16""",95.77,"80,90,30,1,16","80,120,30,1,16",False,NO_FUSIONAR_AUTOMATICAMENTE,REVISAR_MANUALMENTE
INSV1-0198eb25cd2ebec6bec5b98f,INSV1-94012b2737ef16e999a55d0f,MATERIAL,u,PERNOS DE ANCLAJE EN ACERO INOXIDABLE,"JUEGO DE ARANDELAS, TUERCA Y CONTRATUERCA, PARA PERNOS DE ANCLAJE DE ACERO INOXIDABLE 1/2""",95.77,"1,2",,False,NO_FUSIONAR_AUTOMATICAMENTE,REVISAR_MANUALMENTE
INSV1-21ab6ac99ea21ea83ed58448,INSV1-b20c203f1827e3331cb075d5,MATERIAL,u,"TABLERO METALICO DE 80cm DE ALTO x 40cm DE ANCHO x 25cm DE FONDO, EN PLANCHA DE 1/16""","TABLERO METALICO DE 60cm DE ALTO x 40cm DE ANCHO x 20cm DE FONDO, EN PLANCHA DE D= 1/16""",95.71,"60,40,20,1,16","80,40,25,1,16",False,NO_FUSIONAR_AUTOMATICAMENTE,REVISAR_MANUALMENTE
INSV1-c0117f08afc2bfc00329d523,INSV1-fdbc1d35f72d19a583ee3a26,MATERIAL,u,PROVISION E INSTALACION DE SEÑAL VERTICAL INFORMATIVA O REGLAMENTARIA DE ALUMINIO DE 2mm CON VYNIL REFLECTIVO DE GRADO XI NORMA ASTM D4956 E IMPRESIÓN DIGITAL (INCL. ELEMENTOS DE SUJECION Y ESTRUCTURA Y SOPORTE 60x60 (PROHIBIDO ESTACIONAR),"PROVISION E INSTALACION DE SEÑAL VERTICAL INFORMATIVA O REGLAMENTARIA DE ALUMINIO DE 2mm CON VYNIL REFLECTIVO DE GRADO XI NORMA ASTM D4956 E IMPRESIÓN DIGITAL (INCL. ELEMENTOS DE SUJECION, ESTRUCTURA Y SOPORTE 60x60 (SOLO MOTOCICLETAS))",95.67,"2,4956,60,60","2,4956,60,60",True,NO_FUSIONAR_AUTOMATICAMENTE,REVISAR_MANUALMENTE
INSV1-9bda71d533ce44c3314e5b1b,INSV1-af3691c12244c6e150639508,MATERIAL,u,TEE 3/4 A 1/2 IN PP ROSCABLE,TEE 1 1/2 IN PP ROSCABLE,95.65,"1,1,2","3,4,1,2",False,NO_FUSIONAR_AUTOMATICAMENTE,REVISAR_MANUALMENTE
INSV1-26f234a4635a00e5ae48cbd5,INSV1-9bda71d533ce44c3314e5b1b,MATERIAL,u,TEE 2 1/2 IN PP ROSCABLE,TEE 3/4 A 1/2 IN PP ROSCABLE,95.65,"2,1,2","3,4,1,2",False,NO_FUSIONAR_AUTOMATICAMENTE,REVISAR_MANUALMENTE
INSV1-331af8923971cccfba2dfb36,INSV1-3fca933a1e18ed49055e29b0,MATERIAL,u,CODO DESAGUE PVC INY 110mm X 45' EC,CODO DESAGUE PVC INY 50mm X 45' EC,95.65,"110,45","50,45",False,NO_FUSIONAR_AUTOMATICAMENTE,REVISAR_MANUALMENTE
INSV1-e43f012367bca13eada2bf14,INSV1-e4c96246e93a48d14c54c7f7,MATERIAL,u,CODO DESAGUE PVC INY 110mm X 90' EC,CODO DESAGUE PVC INY 90' X 50mm EC,95.65,"110,90","90,50",False,NO_FUSIONAR_AUTOMATICAMENTE,REVISAR_MANUALMENTE
INSV1-2ef93473625a0fb55a2bf1e3,INSV1-49406da118920131b982102f,MATERIAL,m,TUBERIA PP UNION ROSCABLE DI=1 1/4 plg 1.25 MPA,TUBERIA PP UNION ROSCABLE DI=3/4 plg 1.25 MPA,95.65,"3,4,1.25","1,1,4,1.25",False,NO_FUSIONAR_AUTOMATICAMENTE,REVISAR_MANUALMENTE
INSV1-2ef93473625a0fb55a2bf1e3,INSV1-5c39998864a5646442cfb616,MATERIAL,m,TUBERIA PP UNION ROSCABLE DI=1 1/4 plg 1.25 MPA,TUBERIA PP UNION ROSCABLE DI=1/2 plg 1.25 MPA,95.65,"1,2,1.25","1,1,4,1.25",False,NO_FUSIONAR_AUTOMATICAMENTE,REVISAR_MANUALMENTE
INSV1-49406da118920131b982102f,INSV1-5c39998864a5646442cfb616,MATERIAL,m,TUBERIA PP UNION ROSCABLE DI=3/4 plg 1.25 MPA,TUBERIA PP UNION ROSCABLE DI=1/2 plg 1.25 MPA,95.56,"3,4,1.25","1,2,1.25",False,NO_FUSIONAR_AUTOMATICAMENTE,REVISAR_MANUALMENTE
INSV1-30a42b72d82d97ef1dfee3e7,INSV1-f9ec6f80214f44d52f622b32,MATERIAL,m3,HORMIGON PREMEZCLADO F´C= 280 Kg/cm2 BOMBEABLE,HORMIGON PREMEZCLADO F´C= 350 Kg/cm2 BOMBEABLE,95.56,"350,2","280,2",False,NO_FUSIONAR_AUTOMATICAMENTE,REVISAR_MANUALMENTE
INSV1-863cf63e3a4faf60cc2f7e10,INSV1-f9ec6f80214f44d52f622b32,MATERIAL,m3,HORMIGON PREMEZCLADO F´C= 210 Kg/cm2 BOMBEABLE,HORMIGON PREMEZCLADO F´C= 350 Kg/cm2 BOMBEABLE,95.56,"350,2","210,2",False,NO_FUSIONAR_AUTOMATICAMENTE,REVISAR_MANUALMENTE
INSV1-f4a1b37ca8e856db26be8dfa,INSV1-f9ec6f80214f44d52f622b32,MATERIAL,m3,HORMIGON PREMEZCLADO F´C= 180 Kg/cm2 BOMBEABLE,HORMIGON PREMEZCLADO F´C= 350 Kg/cm2 BOMBEABLE,95.56,"350,2","180,2",False,NO_FUSIONAR_AUTOMATICAMENTE,REVISAR_MANUALMENTE
INSV1-2bfa3b0f65470f3e0906fe63,INSV1-3cd370621f4ea3f7494cf88c,MATERIAL,m,VARILLA DE ACERO INOXIDABLE D=6mm,VARILLA DE ACERO INOXIDABLE D=20mm,95.52,20,6,False,NO_FUSIONAR_AUTOMATICAMENTE,REVISAR_MANUALMENTE
INSV1-a86544bde2fe0881f778b478,INSV1-f01ecf9a4331b34c40c9d7c1,MATERIAL,u,CODO DE ACERO ASTM A36 40mm X 90',CODO DE ACERO ASTM A36 150mm X 90',95.52,"36,40,90","36,150,90",False,NO_FUSIONAR_AUTOMATICAMENTE,REVISAR_MANUALMENTE
INSV1-57150ac429dbd986cc37b6e2,INSV1-5cbfa168cca045112a884a80,MATERIAL,m,TUBERIA PVC LISA DESAGUE DI=110 mm,TUBERIA PVC LISA DESAGUE DI=50 mm,95.52,50,110,False,NO_FUSIONAR_AUTOMATICAMENTE,REVISAR_MANUALMENTE
INSV1-2b9130e38800886420d65988,INSV1-c82cdac0b90e3b7f2cf215ae,MATERIAL,u,SEÑAL INFORMATIVA O REGLAMENTARIA AEREA DE ALUMINIO 2mm CON VYNIL REFLECTIVO DE GRADO XI NORMA ASTM D4956 E IMPRESIÓN DIGITAL (INCL. ELEMENTO DE SUJECCION Y ESTRUCTURA DE SOPORTE Y TRANSPORTE) (PROXIMIDAD DE CRUCE DE CICLOVIA),SEÑAL INFORMATIVA O REGLAMENTARIA AEREA DE ALUMINIO 2mm CON VYNIL REFLECTIVO DE GRADO XI NORMA ASTM D4956 E IMPRESIÓN DIGITAL (INCL. ELEMENTO DE SUJECCION Y ESTRUCTURA DE SOPORTE Y TRANSPORTE) (60x60 DISCO PARE),95.47,"2,4956,60,60","2,4956",False,NO_FUSIONAR_AUTOMATICAMENTE,REVISAR_MANUALMENTE
INSV1-6dfe73154861d9147debb3ac,INSV1-807cab9d5f281a8a10816e91,MATERIAL,u,PUERTA DE MADERA 0.70x1.00m (INCLUYE BATIENTE),PUERTA DE MADERA 0.70x2.20m (INCLUYE BATIENTE),95.45,"0.70,1.00","0.70,2.20",False,NO_FUSIONAR_AUTOMATICAMENTE,REVISAR_MANUALMENTE
INSV1-76d29c60f3c29b682690341d,INSV1-9957136929915558d2da262f,MATERIAL,u,PUERTA DE MADERA 0.80x1.00m (INCLUYE BATIENTE),PUERTA DE MADERA 0.56x1.00m (INCLUYE BATIENTE),95.45,"0.80,1.00","0.56,1.00",False,NO_FUSIONAR_AUTOMATICAMENTE,REVISAR_MANUALMENTE
INSV1-5baac7b36f9b3a9716cc9c6d,INSV1-ae279f5ff70861677c7554f4,MATERIAL,u,"UNION RIGIDA D= 4"" (110mm)","UNION RIGIDA D= 3"" (110mm)",95.45,"4,110","3,110",False,NO_FUSIONAR_AUTOMATICAMENTE,REVISAR_MANUALMENTE
INSV1-6dfe73154861d9147debb3ac,INSV1-9957136929915558d2da262f,MATERIAL,u,PUERTA DE MADERA 0.70x1.00m (INCLUYE BATIENTE),PUERTA DE MADERA 0.56x1.00m (INCLUYE BATIENTE),95.45,"0.70,1.00","0.56,1.00",False,NO_FUSIONAR_AUTOMATICAMENTE,REVISAR_MANUALMENTE
INSV1-390249674975d8d45b2996f7,INSV1-76d29c60f3c29b682690341d,MATERIAL,u,PUERTA DE MADERA 0.80x2.20m (INCLUYE BATIENTE),PUERTA DE MADERA 0.80x1.00m (INCLUYE BATIENTE),95.45,"0.80,1.00","0.80,2.20",False,NO_FUSIONAR_AUTOMATICAMENTE,REVISAR_MANUALMENTE
INSV1-093892dd15b26af35d452619,INSV1-e450a9cb49b97497ea88f18a,MATERIAL,u,VALVULA DE COMPUERTA VASTAGO FIJO EXTREMOS BRIDADOS PN10 DN 200mm,VALVULA DE COMPUERTA VASTAGO FIJO EXTREMOS BRIDADOS PN10/16 DN 50mm,95.45,"10,16,50","10,200",False,NO_FUSIONAR_AUTOMATICAMENTE,REVISAR_MANUALMENTE
INSV1-a02dac399444a4262343581d,INSV1-d65dde956da831d4949dfcbf,MATERIAL,kg,ALAMBRE GALVANIZADO # 18,ALAMBRE GALVANIZADO # 16,95.45,16,18,False,NO_FUSIONAR_AUTOMATICAMENTE,REVISAR_MANUALMENTE
INSV1-0db8625bf787b7ef61edff42,INSV1-863cf63e3a4faf60cc2f7e10,MATERIAL,m3,HORMIGON PREMEZCLADO BOMBEABLE AUTOCOMPACTANTE F´C=350 Kg/cm2 CON INHIBIDOR DE CORROSION DE ALTA RESISTENCIA INICIAL,HORMIGON PREMEZCLADO F´C= 210 Kg/cm2 BOMBEABLE,95.35,"350,2","210,2",False,NO_FUSIONAR_AUTOMATICAMENTE,REVISAR_MANUALMENTE
INSV1-3b5cb5c357b8e2e0e48567f9,INSV1-ee6b32bf080f76d694f4cd98,MATERIAL,u,"PASAMURO PARA TUBERIA DE H.F. 150mm, L =0.40m","PASAMURO PARA TUBERIA DE H.F. 200mm, L=0.40m",95.35,"150,0.40","200,0.40",False,NO_FUSIONAR_AUTOMATICAMENTE,REVISAR_MANUALMENTE
INSV1-6514d459cc0fa023827c8d05,INSV1-d3c427701d8b2eb8edcd046a,MATERIAL,u,"PASAMURO PARA TUBERIA DE H.F. 250mm, L=0.40m","PASAMURO PARA TUBERIA DE H.F. 100mm, L=0.40m",95.35,"100,0.40","250,0.40",False,NO_FUSIONAR_AUTOMATICAMENTE,REVISAR_MANUALMENTE
INSV1-49406da118920131b982102f,INSV1-ac942737a85126b8aba4f47f,MATERIAL,m,TUBERIA PP UNION ROSCABLE DI=3/4 plg 1.25 MPA,TUBERIA PP UNION ROSCABLE DI=1 1/2 plg 1.25 MPA,95.35,"3,4,1.25","1,1,2,1.25",False,NO_FUSIONAR_AUTOMATICAMENTE,REVISAR_MANUALMENTE
INSV1-0db8625bf787b7ef61edff42,INSV1-30a42b72d82d97ef1dfee3e7,MATERIAL,m3,HORMIGON PREMEZCLADO BOMBEABLE AUTOCOMPACTANTE F´C=350 Kg/cm2 CON INHIBIDOR DE CORROSION DE ALTA RESISTENCIA INICIAL,HORMIGON PREMEZCLADO F´C= 280 Kg/cm2 BOMBEABLE,95.35,"350,2","280,2",False,NO_FUSIONAR_AUTOMATICAMENTE,REVISAR_MANUALMENTE
INSV1-49406da118920131b982102f,INSV1-7de9ac4f51cb827e407b26d3,MATERIAL,m,TUBERIA PP UNION ROSCABLE DI=3/4 plg 1.25 MPA,TUBERIA PP UNION ROSCABLE DI=2 1/2 plg 1.25 MPA,95.35,"2,1,2,1.25","3,4,1.25",False,NO_FUSIONAR_AUTOMATICAMENTE,REVISAR_MANUALMENTE
INSV1-0db8625bf787b7ef61edff42,INSV1-f4a1b37ca8e856db26be8dfa,MATERIAL,m3,HORMIGON PREMEZCLADO BOMBEABLE AUTOCOMPACTANTE F´C=350 Kg/cm2 CON INHIBIDOR DE CORROSION DE ALTA RESISTENCIA INICIAL,HORMIGON PREMEZCLADO F´C= 180 Kg/cm2 BOMBEABLE,95.35,"350,2","180,2",False,NO_FUSIONAR_AUTOMATICAMENTE,REVISAR_MANUALMENTE
INSV1-4e02a14eb907a3237ad89291,INSV1-fb625e7e6e28ff6b8dc5f5b6,MATERIAL,u,PILOTE DE HORMIGON ARMADO PRETENSADO F´C=350Kg/cm2 40X40 L=21.0m,PILOTE DE HORMIGON ARMADO PRETENSADO F´C=350Kg/cm2 45X45 L=25.0m,95.31,"350,2,40,40,21.0","350,2,45,45,25.0",False,NO_FUSIONAR_AUTOMATICAMENTE,REVISAR_MANUALMENTE
INSV1-83532115ee6abcc31a537a60,INSV1-ff8e291351963000d084e8e1,MATERIAL,u,CINTA AUTOFUNDENTE # 33,CINTA AUTOFUNDENTE # 23,95.24,23,33,False,NO_FUSIONAR_AUTOMATICAMENTE,REVISAR_MANUALMENTE
INSV1-562a15df79cfd8787532bcaa,INSV1-8a15536ff9d04dcff82a0e77,MATERIAL,m,CABLE #2/0 AWG CU DESNUDO,CABLE #4 AWG CU DESNUDO,95.24,"2,0",4,False,NO_FUSIONAR_AUTOMATICAMENTE,REVISAR_MANUALMENTE
INSV1-0e27637b0ceb59eb1dfda0ec,INSV1-0f6a27064161c32bd9c3a454,MATERIAL,m,CABLE #4/0 AWG THHN CU,CABLE #2/0 AWG THHN CU,95.24,"4,0","2,0",False,NO_FUSIONAR_AUTOMATICAMENTE,REVISAR_MANUALMENTE
INSV1-0e27637b0ceb59eb1dfda0ec,INSV1-d8732e5907fc3477d5542f09,MATERIAL,m,CABLE #4/0 AWG THHN CU,CABLE #1/0 AWG THHN CU,95.24,"4,0","1,0",False,NO_FUSIONAR_AUTOMATICAMENTE,REVISAR_MANUALMENTE
INSV1-5a2a3c407a3d1e6fc92fce92,INSV1-e14d6183ceeec247e042bcf1,MATERIAL,m,CONDUCTOR # 2 AWG ACAR,CONDUCTOR # 2/0 AWG ACAR,95.24,2,"2,0",False,NO_FUSIONAR_AUTOMATICAMENTE,REVISAR_MANUALMENTE
INSV1-3947f2ab44f1b80714355f58,INSV1-dcbe8061d6072d3dbaa01750,MATERIAL,u,TIRA FUSIBLE DE 30AMP,TIRA FUSIBLE DE 20AMP,95.24,30,20,False,NO_FUSIONAR_AUTOMATICAMENTE,REVISAR_MANUALMENTE
INSV1-81ba26534c8719843a0b4536,INSV1-cfeec730fb278fcc512e69ad,MATERIAL,m,CABLE #500 MCM THHN CU,CABLE #350 MCM THHN CU,95.24,500,350,False,NO_FUSIONAR_AUTOMATICAMENTE,REVISAR_MANUALMENTE
INSV1-81ba26534c8719843a0b4536,INSV1-8f43c61e5ca96efa617ab4b5,MATERIAL,m,CABLE #500 MCM THHN CU,CABLE #250 MCM THHN CU,95.24,500,250,False,NO_FUSIONAR_AUTOMATICAMENTE,REVISAR_MANUALMENTE
INSV1-122f48698c64237be204618d,INSV1-7b76108b86f58df916db404a,MATERIAL,u,"PASAMURO PARA TUBERIA DE H.F. 25mm, L =0.30m","PASAMURO PARA TUBERIA DE H.F. 75mm, L =0.40m",95.24,"75,0.40","25,0.30",False,NO_FUSIONAR_AUTOMATICAMENTE,REVISAR_MANUALMENTE
INSV1-14a05296b506f569bcf7402a,INSV1-e769af67d6024d0ca0566c6b,MATERIAL,u,BOMBA CENTRIFUGA 1 HP,BOMBA CENTRIFUGA 2 HP,95.24,2,1,False,NO_FUSIONAR_AUTOMATICAMENTE,REVISAR_MANUALMENTE
INSV1-44d38c9575e94397a7c82ffc,INSV1-b714c5b287e05cec99e7eb2b,MATERIAL,u,REJILLA DE HD TIPO I 0.70x0.40m,REJILLA DE HD TIPO II 0.70x0.60m,95.24,"0.70,0.60","0.70,0.40",False,NO_FUSIONAR_AUTOMATICAMENTE,REVISAR_MANUALMENTE
INSV1-03b30f7fe0c2cdaea65532cb,INSV1-ae8c4929ea0b44df238881cc,MATERIAL,m,"CABLE DE ACERO GALVANIZADO DE 7 HILOS DE 9,52mm (3/8"") 3155 KG-F -","CABLE DE ACERO GALVANIZADO DE 7 HILOS DE 9,52mm (3/8"") 2700 KG-F -",95.24,"7,9,52,3,8,3155","7,9,52,3,8,2700",False,NO_FUSIONAR_AUTOMATICAMENTE,REVISAR_MANUALMENTE
INSV1-9acc8e71d48c855806792aa2,INSV1-c0cc3d47377be673f5d15384,MATERIAL,u,"PROVISION E INSTALACION DE SEÑAL VERTICAL INFORMATIVA O REGLAMENTARIA DE ALUMINIO DE 2mm CON VYNIL REFLECTIVO DE GRADO XI NORMA ASTM D4956 E IMPRESIÓN DIGITAL (INCL. ELEMENTOS DE SUJECION, ESTRUCTURA Y SOPORTE 60x60 (NO ENTRE)",PROVISION E INSTALACION DE SEÑAL VERTICAL INFORMATIVA O REGLAMENTARIA DE ALUMINIO DE 2mm CON VYNIL REFLECTIVO DE GRADO XI NORMA ASTM D4956 E IMPRESIÓN DIGITAL (INCL. ELEMENTO DE SUJECCION Y ESTRUCTURA Y SOPORTE 60x30 (GRAFICO DE GRUA),95.24,"2,4956,60,30","2,4956,60,60",False,NO_FUSIONAR_AUTOMATICAMENTE,REVISAR_MANUALMENTE
INSV1-4bc1192aa439f1f066d5687b,INSV1-6867265544951e8a1168a510,MATERIAL,u,"UNION PVC ROSCABLE 1/2""","UNION PVC ROSCABLE 1""",95.24,"1,2",1,False,NO_FUSIONAR_AUTOMATICAMENTE,REVISAR_MANUALMENTE
INSV1-9d2e70b58eaf337802683b87,INSV1-c785406aec15e9ab9e91fe4b,MATERIAL,u,"TUBO RIGIDO DE Ø 4""","TUBO RIGIDO DE Ø 2""",95.24,4,2,False,NO_FUSIONAR_AUTOMATICAMENTE,REVISAR_MANUALMENTE
INSV1-8f43c61e5ca96efa617ab4b5,INSV1-cfeec730fb278fcc512e69ad,MATERIAL,m,CABLE #250 MCM THHN CU,CABLE #350 MCM THHN CU,95.24,350,250,False,NO_FUSIONAR_AUTOMATICAMENTE,REVISAR_MANUALMENTE
INSV1-57150ac429dbd986cc37b6e2,INSV1-9b4f5bf4014fc28b3ee2b1f2,MATERIAL,m,TUBERIA PVC LISA DESAGUE DI=110 mm,TUBERIA PVC LISA DESAGUE DI=75 mm,95.24,110,75,False,NO_FUSIONAR_AUTOMATICAMENTE,REVISAR_MANUALMENTE
INSV1-122f48698c64237be204618d,INSV1-3a5a7be0af585cd66ca5b1e4,MATERIAL,u,"PASAMURO PARA TUBERIA DE H.F. 25mm, L =0.30m","PASAMURO PARA TUBERIA DE H.F. 50mm, L =0.40m",95.24,"25,0.30","50,0.40",False,NO_FUSIONAR_AUTOMATICAMENTE,REVISAR_MANUALMENTE
INSV1-0f6a27064161c32bd9c3a454,INSV1-d8732e5907fc3477d5542f09,MATERIAL,m,CABLE #2/0 AWG THHN CU,CABLE #1/0 AWG THHN CU,95.24,"2,0","1,0",False,NO_FUSIONAR_AUTOMATICAMENTE,REVISAR_MANUALMENTE
INSV1-0e5488057fefea93f84cbb00,INSV1-472497cc447e89f5bab1b115,MATERIAL,m,CABLE DE COBRE TIPO THHN #1/0 AWG,CABLE DE COBRE TIPO THHN #12 AWG,95.24,"1,0",12,False,NO_FUSIONAR_AUTOMATICAMENTE,REVISAR_MANUALMENTE
INSV1-8133110f73884c685adcb5b7,INSV1-a99406a3873259c64638af73,MATERIAL,u,BANCA CIRCULAR DE HORMIGON SEGUN DISEÑO,BANCA SEMICIRCULAR DE HORMIGON SEGUN DISEÑO,95.12,,,True,NO_FUSIONAR_AUTOMATICAMENTE,REVISAR_MANUALMENTE
INSV1-2223d6cb25a93d23a4f6740a,INSV1-7af010f9d46fed17f69a3635,MATERIAL,u,GABINETE METALICO CON BARRAS PARA PANEL ADM,GABINETE METALICO CON BARRAS PARA PANEL PSG Y PDK,95.12,,,True,NO_FUSIONAR_AUTOMATICAMENTE,REVISAR_MANUALMENTE
INSV1-4d983e48f2bba49a99bf4a77,INSV1-7a23e5f21e45f90030d27ba7,MATERIAL,u,"TABLERO METALICO DE 80cm DE ALTO x 90cm DE ANCHO x 30cm DE FONDO, EN UN PLANCHA DE 1/16""","TABLERO METALICO DE 40cm DE ALTO x 60cm DE ANCHO x 30cm DE FONDO, EN PLANCHA DE D= 1/16""",95.10,"80,90,30,1,16","40,60,30,1,16",False,NO_FUSIONAR_AUTOMATICAMENTE,REVISAR_MANUALMENTE
INSV1-693b1ec238c394c6864d9964,INSV1-cb2fe263c384c93cad4062c5,MATERIAL,m,TUBERIA ACERO ASTM A36 DI= 40mm,TUBERIA ACERO ASTM A36 DI = 100mm,95.08,"36,40","36,100",False,NO_FUSIONAR_AUTOMATICAMENTE,REVISAR_MANUALMENTE
INSV1-693b1ec238c394c6864d9964,INSV1-8e8d37c56d319c2497f10898,MATERIAL,m,TUBERIA ACERO ASTM A36 DI= 40mm,TUBERIA ACERO ASTM A36 DI= 150mm,95.08,"36,40","36,150",False,NO_FUSIONAR_AUTOMATICAMENTE,REVISAR_MANUALMENTE
INSV1-7a23e5f21e45f90030d27ba7,INSV1-f2395da013f90fb2f10726af,MATERIAL,u,"TABLERO METALICO DE 40cm DE ALTO x 60cm DE ANCHO x 30cm DE FONDO, EN PLANCHA DE D= 1/16""","TABLERO METALICO DE 80cm DE ALTO x 120cm DE ANCHO x 30cm DE FONDO, EN PLANCHA DE 1/16""",95.04,"80,120,30,1,16","40,60,30,1,16",False,NO_FUSIONAR_AUTOMATICAMENTE,REVISAR_MANUALMENTE
INSV1-b20c203f1827e3331cb075d5,INSV1-f2395da013f90fb2f10726af,MATERIAL,u,"TABLERO METALICO DE 60cm DE ALTO x 40cm DE ANCHO x 20cm DE FONDO, EN PLANCHA DE D= 1/16""","TABLERO METALICO DE 80cm DE ALTO x 120cm DE ANCHO x 30cm DE FONDO, EN PLANCHA DE 1/16""",95.04,"80,120,30,1,16","60,40,20,1,16",False,NO_FUSIONAR_AUTOMATICAMENTE,REVISAR_MANUALMENTE
INSV1-13a26e56ee499f95b8ba4eca,INSV1-5df11067e253c0410da944f1,MATERIAL,u,TEE 2 IN PP ROSCABLE,TEE 1 IN PP ROSCABLE,95.00,1,2,False,NO_FUSIONAR_AUTOMATICAMENTE,REVISAR_MANUALMENTE
INSV1-13ae176a451d8aa746acf913,INSV1-14a05296b506f569bcf7402a,MATERIAL,u,BOMBA CENTRIFUGA 5 HP TRIFASICA,BOMBA CENTRIFUGA 1 HP,95.00,5,1,False,NO_FUSIONAR_AUTOMATICAMENTE,REVISAR_MANUALMENTE
INSV1-18f534213d5228a399e6d213,INSV1-357b81dd10b9e844ced27697,MATERIAL,m,CABLE #12 AWG THHN CU,CABLE #10 AWG THHN CU,95.00,10,12,False,NO_FUSIONAR_AUTOMATICAMENTE,REVISAR_MANUALMENTE
INSV1-592eaaeb9e6b55b1f140fb82,INSV1-bf9bf8cc4703af07ba5ffd53,MATERIAL,m2,MALLA ELECTROSOLDADA 10x10cm Ø7.00mm,MALLA ELECTROSOLDADA 15x15cm Ø7.00mm,95.00,"10,10,7.00","15,15,7.00",False,NO_FUSIONAR_AUTOMATICAMENTE,REVISAR_MANUALMENTE
INSV1-13ae176a451d8aa746acf913,INSV1-e769af67d6024d0ca0566c6b,MATERIAL,u,BOMBA CENTRIFUGA 5 HP TRIFASICA,BOMBA CENTRIFUGA 2 HP,95.00,2,5,False,NO_FUSIONAR_AUTOMATICAMENTE,REVISAR_MANUALMENTE
INSV1-09fef02c1b81eb9db2ed3b28,INSV1-61e736281f01f2602eb59625,MATERIAL,u,"ADAPTADOR BRIDA PVC 3""","ADAPTADOR BRIDA PVC 50mm/2""",95.00,3,"50,2",False,NO_FUSIONAR_AUTOMATICAMENTE,REVISAR_MANUALMENTE
INSV1-0f6a27064161c32bd9c3a454,INSV1-416d130cd3b69afa4f6f1fc2,MATERIAL,m,CABLE #2/0 AWG THHN CU,CABLE #2 AWG THHN CU,95.00,2,"2,0",False,NO_FUSIONAR_AUTOMATICAMENTE,REVISAR_MANUALMENTE
INSV1-0e27637b0ceb59eb1dfda0ec,INSV1-c5c221555d50bc743a926299,MATERIAL,m,CABLE #4/0 AWG THHN CU,CABLE #4 AWG THHN CU,95.00,4,"4,0",False,NO_FUSIONAR_AUTOMATICAMENTE,REVISAR_MANUALMENTE
INSV1-713d4393807e38aa3dbf0374,INSV1-9a7c029d5390734dc673b149,MATERIAL,m,"TUBERIA GALVANIZADA 2"" X 2.0mm X 6m","TUBERIA GALVANIZADA 1""",95.00,"2,2.0,6",1,False,NO_FUSIONAR_AUTOMATICAMENTE,REVISAR_MANUALMENTE
INSV1-09fef02c1b81eb9db2ed3b28,INSV1-dec5f95938d3adef68bbeaa4,MATERIAL,u,"ADAPTADOR BRIDA PVC 3""","ADAPTADOR BRIDA PVC 110mm/4""",95.00,"110,4",3,False,NO_FUSIONAR_AUTOMATICAMENTE,REVISAR_MANUALMENTE
INSV1-9a7c029d5390734dc673b149,INSV1-d1ac427576b48ec123d5b4fd,MATERIAL,m,"TUBERIA GALVANIZADA 1""","TUBERIA GALVANIZADA 3"" X 2.0mm X 6m",95.00,"3,2.0,6",1,False,NO_FUSIONAR_AUTOMATICAMENTE,REVISAR_MANUALMENTE
INSV1-2bc624c705a1ac3b17ae092d,INSV1-ed7eb23b9d2a99bb5256ac24,MATERIAL,m,TUBERIA PVC/UE 200mm 1MPA (INCLUYE UNION ELASTOMERICA),TUBERIA PVC/UE 200mm 0.80 MPA (INCLUYE UNION ELASTOMERICA),94.95,"200,0.80","200,1",False,NO_FUSIONAR_AUTOMATICAMENTE,REVISAR_MANUALMENTE
INSV1-2979b6df423430464f009d2c,INSV1-8892b8b7c047da9d5240c810,MATERIAL,m,CABLE DE COBRE TIPO THHN #10 AWG,CABLE DE COBRE TIPO THHN # 250 MCM AWG,94.92,250,10,False,NO_FUSIONAR_AUTOMATICAMENTE,REVISAR_MANUALMENTE
INSV1-0fe5cebb3acb809e9329bbf7,INSV1-ba8287197ad51cd723ac7e89,MATERIAL,u,"ABRAZADERA DE ACERO GALVANIZADO, PLATINA, 3 PERNOS DE 38x4x160 - 190mm (1 1/2"" x 1 1/64"" x 6/2 - 7 1/2"")","ABRAZADERA AG 3 PERNOS DE 7 1/2""",94.92,"3,7,1,2","3,38,4,160,190,1,1,2,1,1,64,6,2,7,1,2",False,NO_FUSIONAR_AUTOMATICAMENTE,REVISAR_MANUALMENTE
INSV1-0ee158a3e0f0d7cd831a33d9,INSV1-ef49b13cffc373e39e741fd4,MATERIAL,u,TAPA DE GRAFITO ESFEROIDAL DE 70cm DE DIAMETRO CON RESISTENCIA 125 KN,TAPA DE GRAFITO ESFEROIDAL DE 70cm DE DIAMETRO CON RESISTENCIA 400KN,94.92,"70,125","70,400",False,NO_FUSIONAR_AUTOMATICAMENTE,REVISAR_MANUALMENTE
INSV1-472497cc447e89f5bab1b115,INSV1-8892b8b7c047da9d5240c810,MATERIAL,m,CABLE DE COBRE TIPO THHN #12 AWG,CABLE DE COBRE TIPO THHN # 250 MCM AWG,94.92,250,12,False,NO_FUSIONAR_AUTOMATICAMENTE,REVISAR_MANUALMENTE
INSV1-2181762c2aec28f7e964f00a,INSV1-4d152a0089cecdbe10808b88,MATERIAL,u,TRANSFORMADOR 3F 100 KVA TIPO PAD MOUNTED,TRANSFORMADOR 3F TIPO PAD MOUNTED DE 75 KVA 7960 / 240-120V TIPO MALLA O RADIAL,94.87,"3,100","3,75,7960,240,120",False,NO_FUSIONAR_AUTOMATICAMENTE,REVISAR_MANUALMENTE
INSV1-8df933ecf8440e953273eebc,INSV1-d4c508a99b6615aabaf3f065,MATERIAL,u,"DISYUNTOR 125 A - 3 POLOS, CAJA MOLDEADA","DISYUNTOR 100 A - 3 POLOS, CAJA MOLDEADA",94.87,"100,3","125,3",False,NO_FUSIONAR_AUTOMATICAMENTE,REVISAR_MANUALMENTE
INSV1-44d918f7ed4dd5c44b78ac76,INSV1-d4c508a99b6615aabaf3f065,MATERIAL,u,"DISYUNTOR 250 A - 3 POLOS, CAJA MOLDEADA","DISYUNTOR 100 A - 3 POLOS, CAJA MOLDEADA",94.87,"100,3","250,3",False,NO_FUSIONAR_AUTOMATICAMENTE,REVISAR_MANUALMENTE
INSV1-4d152a0089cecdbe10808b88,INSV1-d9dfccfc731a791adc6d7682,MATERIAL,u,TRANSFORMADOR 3F TIPO PAD MOUNTED DE 75 KVA 7960 / 240-120V TIPO MALLA O RADIAL,TRANSFORMADOR 3F 150 KVA TIPO PAD MOUNTED,94.87,"3,150","3,75,7960,240,120",False,NO_FUSIONAR_AUTOMATICAMENTE,REVISAR_MANUALMENTE
INSV1-44d918f7ed4dd5c44b78ac76,INSV1-99d5e5d855b46ca85053a053,MATERIAL,u,"DISYUNTOR 250 A - 3 POLOS, CAJA MOLDEADA","DISYUNTOR 300 A - 3 POLOS, CAJA MOLDEADA",94.87,"300,3","250,3",False,NO_FUSIONAR_AUTOMATICAMENTE,REVISAR_MANUALMENTE
INSV1-13a26e56ee499f95b8ba4eca,INSV1-dd7c82b5dae9b7b230b855d9,MATERIAL,u,TEE 2 IN PP ROSCABLE,TEE 3/4 IN PP ROSCABLE,94.74,2,"3,4",False,NO_FUSIONAR_AUTOMATICAMENTE,REVISAR_MANUALMENTE
INSV1-4d09cb3eee5de9fdf0377eec,INSV1-d7bb5fd94845712e36804cc9,MATERIAL,u,UNION MECANICA 90mm,UNION MECANICA 50mm,94.74,90,50,False,NO_FUSIONAR_AUTOMATICAMENTE,REVISAR_MANUALMENTE
INSV1-46fdeeb4d00a996751171d93,INSV1-6816972013b2f597b7f36fd5,MATERIAL,m,CABLE #6 AWG THHN CU,CABLE #8 AWG THHN CU,94.74,6,8,False,NO_FUSIONAR_AUTOMATICAMENTE,REVISAR_MANUALMENTE
INSV1-093892dd15b26af35d452619,INSV1-67bcb609fddcd1e3f50bf4d0,MATERIAL,u,VALVULA DE COMPUERTA VASTAGO FIJO EXTREMOS BRIDADOS PN10 DN 200mm,VALVULA DE COMPUERTA VASTAGO FIJO EXTREMOS BRIDADOS PN10/16 DN 150mm,94.74,"10,16,150","10,200",False,NO_FUSIONAR_AUTOMATICAMENTE,REVISAR_MANUALMENTE
INSV1-6816972013b2f597b7f36fd5,INSV1-c5c221555d50bc743a926299,MATERIAL,m,CABLE #8 AWG THHN CU,CABLE #4 AWG THHN CU,94.74,4,8,False,NO_FUSIONAR_AUTOMATICAMENTE,REVISAR_MANUALMENTE
INSV1-46fdeeb4d00a996751171d93,INSV1-c5c221555d50bc743a926299,MATERIAL,m,CABLE #6 AWG THHN CU,CABLE #4 AWG THHN CU,94.74,4,6,False,NO_FUSIONAR_AUTOMATICAMENTE,REVISAR_MANUALMENTE
INSV1-40e7ba6bd318d2780df0b07f,INSV1-ed62fded4bc43a9d311fc41a,MATERIAL,m,TUBERIA DE VENTILACION PVC EC DI=110 mm,TUBERIA DE VENTILACION PVC EC DI=50mm,94.74,50,110,False,NO_FUSIONAR_AUTOMATICAMENTE,REVISAR_MANUALMENTE
INSV1-5df11067e253c0410da944f1,INSV1-9bda71d533ce44c3314e5b1b,MATERIAL,u,TEE 1 IN PP ROSCABLE,TEE 3/4 A 1/2 IN PP ROSCABLE,94.74,1,"3,4,1,2",False,NO_FUSIONAR_AUTOMATICAMENTE,REVISAR_MANUALMENTE
INSV1-5df11067e253c0410da944f1,INSV1-dd7c82b5dae9b7b230b855d9,MATERIAL,u,TEE 1 IN PP ROSCABLE,TEE 3/4 IN PP ROSCABLE,94.74,1,"3,4",False,NO_FUSIONAR_AUTOMATICAMENTE,REVISAR_MANUALMENTE
INSV1-f08462b01b798bdf283cd4e6,INSV1-f7ced7def770b9e44363e924,MATERIAL,kg,MICROESFERA TIPO III,MICROESFERA TIPO I,94.74,,,True,NO_FUSIONAR_AUTOMATICAMENTE,REVISAR_MANUALMENTE
INSV1-13a26e56ee499f95b8ba4eca,INSV1-af3691c12244c6e150639508,MATERIAL,u,TEE 2 IN PP ROSCABLE,TEE 1 1/2 IN PP ROSCABLE,94.74,2,"1,1,2",False,NO_FUSIONAR_AUTOMATICAMENTE,REVISAR_MANUALMENTE
INSV1-416d130cd3b69afa4f6f1fc2,INSV1-c5c221555d50bc743a926299,MATERIAL,m,CABLE #2 AWG THHN CU,CABLE #4 AWG THHN CU,94.74,2,4,False,NO_FUSIONAR_AUTOMATICAMENTE,REVISAR_MANUALMENTE
INSV1-13a26e56ee499f95b8ba4eca,INSV1-9bda71d533ce44c3314e5b1b,MATERIAL,u,TEE 2 IN PP ROSCABLE,TEE 3/4 A 1/2 IN PP ROSCABLE,94.74,2,"3,4,1,2",False,NO_FUSIONAR_AUTOMATICAMENTE,REVISAR_MANUALMENTE
INSV1-26f234a4635a00e5ae48cbd5,INSV1-5df11067e253c0410da944f1,MATERIAL,u,TEE 2 1/2 IN PP ROSCABLE,TEE 1 IN PP ROSCABLE,94.74,1,"2,1,2",False,NO_FUSIONAR_AUTOMATICAMENTE,REVISAR_MANUALMENTE
INSV1-416d130cd3b69afa4f6f1fc2,INSV1-6816972013b2f597b7f36fd5,MATERIAL,m,CABLE #2 AWG THHN CU,CABLE #8 AWG THHN CU,94.74,2,8,False,NO_FUSIONAR_AUTOMATICAMENTE,REVISAR_MANUALMENTE
INSV1-1f79b505cd784a0e8a562c8e,INSV1-527e3d90735a6e3f25aedf4d,MATERIAL,m2,PORCELANATO 30x60cm,PORCELANATO 60x60cm,94.74,"60,60","30,60",False,NO_FUSIONAR_AUTOMATICAMENTE,REVISAR_MANUALMENTE
INSV1-416d130cd3b69afa4f6f1fc2,INSV1-46fdeeb4d00a996751171d93,MATERIAL,m,CABLE #2 AWG THHN CU,CABLE #6 AWG THHN CU,94.74,2,6,False,NO_FUSIONAR_AUTOMATICAMENTE,REVISAR_MANUALMENTE
INSV1-47b1328e043d837124d5bd9d,INSV1-606101332ad2045c671247a6,MATERIAL,u,"DISYUNTOR 50 A - 2 POLOS, CAJA MOLDEADA","DISYUNTOR 70 A - 3 POLOS, CAJA MOLDEADA",94.74,"50,2","70,3",False,NO_FUSIONAR_AUTOMATICAMENTE,REVISAR_MANUALMENTE
INSV1-5ed414d77afa8777c21fa0cb,INSV1-a4fde0ed12aada983f4378e9,MATERIAL,u,TUBO 50mm PVC PESADO x 3.00m,TUBO 110mm PVC PESADO x 3.00m,94.74,"50,3.00","110,3.00",False,NO_FUSIONAR_AUTOMATICAMENTE,REVISAR_MANUALMENTE
INSV1-47b1328e043d837124d5bd9d,INSV1-efe55a5f94e87dc073b8325a,MATERIAL,u,"DISYUNTOR 50 A - 2 POLOS, CAJA MOLDEADA","DISYUNTOR 40 A - 3 POLOS, CAJA MOLDEADA",94.74,"50,2","40,3",False,NO_FUSIONAR_AUTOMATICAMENTE,REVISAR_MANUALMENTE
INSV1-1f0c65777ef3deba70a7cf33,INSV1-926d2befa8332fe3d9baadc5,MATERIAL,u,AISLADOR BARRA 75mm,AISLADOR BARRA 25mm,94.74,25,75,False,NO_FUSIONAR_AUTOMATICAMENTE,REVISAR_MANUALMENTE
INSV1-0346c6f041aa6b4c103b8c57,INSV1-093892dd15b26af35d452619,MATERIAL,u,VALVULA DE COMPUERTA VASTAGO FIJO EXTREMO BRIDADOS PN10/16 DN 80mm,VALVULA DE COMPUERTA VASTAGO FIJO EXTREMOS BRIDADOS PN10 DN 200mm,94.66,"10,16,80","10,200",False,NO_FUSIONAR_AUTOMATICAMENTE,REVISAR_MANUALMENTE
INSV1-6ba13ca64f547728cbdc93fd,INSV1-b1d0f6afc5ef7767dbe3e0ba,MATERIAL,u,PROVISION E INSTALACION DE SEÑAL VERTICAL INFORMATIVA O REGLAMENTARIA DE ALUMINIO DE 2mm CON VYNIL REFLECTIVO DE GRADO XI NORMA ASTM D4956 E IMPRESIÓN DIGITAL (INCL. ELEMENTOS DE SUJECION Y ESTRUCTURA Y SOPORTE 75x75 (LIMITE DE VELOCIDAD MAXIMA),"PROVISION E INSTALACION DE SEÑAL VERTICAL INFORMATIVA O REGLAMENTARIA DE ALUMINIO DE 2mm CON VYNIL REFLECTIVO DE GRADO XI NORMA ASTM D4956 E IMPRESIÓN DIGITAL (INCL. ELEMENTOS DE SUJECION, ESTRUCTURA Y SOPORTE 60x60 (SOLO BICICLETAS)",94.61,"2,4956,75,75","2,4956,60,60",False,NO_FUSIONAR_AUTOMATICAMENTE,REVISAR_MANUALMENTE
INSV1-752ed38dd31917bc4b43c59b,INSV1-d4c508a99b6615aabaf3f065,MATERIAL,u,"DISYUNTOR 350 A - 3 POLOS, CAJA MOLDEADA REGULADO","DISYUNTOR 100 A - 3 POLOS, CAJA MOLDEADA",94.59,"350,3","100,3",False,NO_FUSIONAR_AUTOMATICAMENTE,REVISAR_MANUALMENTE
INSV1-44d918f7ed4dd5c44b78ac76,INSV1-752ed38dd31917bc4b43c59b,MATERIAL,u,"DISYUNTOR 250 A - 3 POLOS, CAJA MOLDEADA","DISYUNTOR 350 A - 3 POLOS, CAJA MOLDEADA REGULADO",94.59,"350,3","250,3",False,NO_FUSIONAR_AUTOMATICAMENTE,REVISAR_MANUALMENTE
INSV1-370ba4f76c775bc57d9b2c66,INSV1-8df933ecf8440e953273eebc,MATERIAL,u,"DISYUNTOR 500 A - 3 POLOS, CAJA MOLDEADA REGULADO","DISYUNTOR 125 A - 3 POLOS, CAJA MOLDEADA",94.59,"125,3","500,3",False,NO_FUSIONAR_AUTOMATICAMENTE,REVISAR_MANUALMENTE
INSV1-370ba4f76c775bc57d9b2c66,INSV1-99d5e5d855b46ca85053a053,MATERIAL,u,"DISYUNTOR 500 A - 3 POLOS, CAJA MOLDEADA REGULADO","DISYUNTOR 300 A - 3 POLOS, CAJA MOLDEADA",94.59,"300,3","500,3",False,NO_FUSIONAR_AUTOMATICAMENTE,REVISAR_MANUALMENTE
INSV1-370ba4f76c775bc57d9b2c66,INSV1-44d918f7ed4dd5c44b78ac76,MATERIAL,u,"DISYUNTOR 500 A - 3 POLOS, CAJA MOLDEADA REGULADO","DISYUNTOR 250 A - 3 POLOS, CAJA MOLDEADA",94.59,"500,3","250,3",False,NO_FUSIONAR_AUTOMATICAMENTE,REVISAR_MANUALMENTE
INSV1-370ba4f76c775bc57d9b2c66,INSV1-d4c508a99b6615aabaf3f065,MATERIAL,u,"DISYUNTOR 500 A - 3 POLOS, CAJA MOLDEADA REGULADO","DISYUNTOR 100 A - 3 POLOS, CAJA MOLDEADA",94.59,"500,3","100,3",False,NO_FUSIONAR_AUTOMATICAMENTE,REVISAR_MANUALMENTE
INSV1-5e2982bfb31f2d6e1f9b3f6e,INSV1-9b2ed9c39a8961d283044fd8,MATERIAL,u,"SEÑALETICA VERTICAL ""GIRO EN U"" (INCLUYE POSTE Y ACCESORIOS DE FIJACION)","SEÑALETICA VERTICAL ""CICLISTAS EN LA VIA"" (INCLUYE POSTE Y ACCESORIOS DE FIJACION)",94.57,,,True,NO_FUSIONAR_AUTOMATICAMENTE,REVISAR_MANUALMENTE
INSV1-2979b6df423430464f009d2c,INSV1-b681e82186a300f3622d0c25,MATERIAL,m,CABLE DE COBRE TIPO THHN #10 AWG,CABLE DE COBRE TIPO TW #10 AWG,94.55,10,10,True,NO_FUSIONAR_AUTOMATICAMENTE,REVISAR_MANUALMENTE
INSV1-97d9a214ff787b418db91a9f,INSV1-c476e58387dfece8fe17da46,MATERIAL,m,TUBERIA DESAGUE PVC EC 110mm,TUBERIA DESAGUE PVC EC 50mm,94.55,110,50,False,NO_FUSIONAR_AUTOMATICAMENTE,REVISAR_MANUALMENTE
INSV1-d8440c683de1994e6444e4df,INSV1-f83f4f21e20c24a4327e0d14,MATERIAL,u,TEE PVC INY UZ 90mm PN10 PG,TEE PVC INY UZ 110mm PN10 PG,94.55,"90,10","110,10",False,NO_FUSIONAR_AUTOMATICAMENTE,REVISAR_MANUALMENTE
INSV1-0d6b01d4e811c2c5e8896689,INSV1-eb08b8e7a46517dc95cb9fb6,MATERIAL,glb,ACCESORIOS Y VARIOS,"ACCESORIOS VARIOS (ESPONJA, LLANA, ETC.)",94.44,,,True,NO_FUSIONAR_AUTOMATICAMENTE,REVISAR_MANUALMENTE
INSV1-7fcf1eb12e9d1b32865c4b04,INSV1-c1df6cd0d55ab50d18ced03b,EQUIPO,h,COMPRESOR + SOPLETE,COMPRESOR (INC. SOPLETE),94.44,,,True,NO_FUSIONAR_AUTOMATICAMENTE,REVISAR_MANUALMENTE
INSV1-130cd89e7a45af0253123460,INSV1-d6cbe40cd059eb7bba269568,MATERIAL,u,REDUCTOR DE ACERO ASTM A36 DE 50 A 40mm,REDUCTOR DE ACERO ASTM A36 DE 65 A 50mm,94.44,"36,50,40","36,65,50",False,NO_FUSIONAR_AUTOMATICAMENTE,REVISAR_MANUALMENTE
INSV1-18f534213d5228a399e6d213,INSV1-c5c221555d50bc743a926299,MATERIAL,m,CABLE #12 AWG THHN CU,CABLE #4 AWG THHN CU,94.44,12,4,False,NO_FUSIONAR_AUTOMATICAMENTE,REVISAR_MANUALMENTE
INSV1-935bdd45da4d635d0df7b3e5,INSV1-b465f4c1f3b04f90aaced61e,MATERIAL,u,TIRAS FUSIBLES 4 A,TIRAS FUSIBLES 7 A,94.44,4,7,False,NO_FUSIONAR_AUTOMATICAMENTE,REVISAR_MANUALMENTE
INSV1-357b81dd10b9e844ced27697,INSV1-46fdeeb4d00a996751171d93,MATERIAL,m,CABLE #10 AWG THHN CU,CABLE #6 AWG THHN CU,94.44,10,6,False,NO_FUSIONAR_AUTOMATICAMENTE,REVISAR_MANUALMENTE
INSV1-357b81dd10b9e844ced27697,INSV1-c5c221555d50bc743a926299,MATERIAL,m,CABLE #10 AWG THHN CU,CABLE #4 AWG THHN CU,94.44,10,4,False,NO_FUSIONAR_AUTOMATICAMENTE,REVISAR_MANUALMENTE
INSV1-357b81dd10b9e844ced27697,INSV1-416d130cd3b69afa4f6f1fc2,MATERIAL,m,CABLE #10 AWG THHN CU,CABLE #2 AWG THHN CU,94.44,10,2,False,NO_FUSIONAR_AUTOMATICAMENTE,REVISAR_MANUALMENTE
INSV1-0f6a27064161c32bd9c3a454,INSV1-6816972013b2f597b7f36fd5,MATERIAL,m,CABLE #2/0 AWG THHN CU,CABLE #8 AWG THHN CU,94.44,8,"2,0",False,NO_FUSIONAR_AUTOMATICAMENTE,REVISAR_MANUALMENTE
INSV1-0e27637b0ceb59eb1dfda0ec,INSV1-6816972013b2f597b7f36fd5,MATERIAL,m,CABLE #4/0 AWG THHN CU,CABLE #8 AWG THHN CU,94.44,8,"4,0",False,NO_FUSIONAR_AUTOMATICAMENTE,REVISAR_MANUALMENTE
INSV1-18f534213d5228a399e6d213,INSV1-46fdeeb4d00a996751171d93,MATERIAL,m,CABLE #12 AWG THHN CU,CABLE #6 AWG THHN CU,94.44,12,6,False,NO_FUSIONAR_AUTOMATICAMENTE,REVISAR_MANUALMENTE
INSV1-a8b247fea4444e8d5e3ad94b,INSV1-fabd5602240cca5b5e2d2468,MATERIAL,u,VALVULA DE BOLA PVC D= 3/4 plg ROSCABLE,VALVULA DE BOLA PVC D= 2 1/2 plg ROSCABLE,94.44,"3,4","2,1,2",False,NO_FUSIONAR_AUTOMATICAMENTE,REVISAR_MANUALMENTE
INSV1-0e27637b0ceb59eb1dfda0ec,INSV1-416d130cd3b69afa4f6f1fc2,MATERIAL,m,CABLE #4/0 AWG THHN CU,CABLE #2 AWG THHN CU,94.44,"4,0",2,False,NO_FUSIONAR_AUTOMATICAMENTE,REVISAR_MANUALMENTE
INSV1-416d130cd3b69afa4f6f1fc2,INSV1-d8732e5907fc3477d5542f09,MATERIAL,m,CABLE #2 AWG THHN CU,CABLE #1/0 AWG THHN CU,94.44,"1,0",2,False,NO_FUSIONAR_AUTOMATICAMENTE,REVISAR_MANUALMENTE
INSV1-0d6b01d4e811c2c5e8896689,INSV1-9e5e1917627709881cb226ac,MATERIAL,glb,ACCESORIOS Y VARIOS,"ACCESORIOS VARIOS (CINTA ADHESIVA, AGUAFUERTE, ETC.)",94.44,,,True,NO_FUSIONAR_AUTOMATICAMENTE,REVISAR_MANUALMENTE
INSV1-18f534213d5228a399e6d213,INSV1-6816972013b2f597b7f36fd5,MATERIAL,m,CABLE #12 AWG THHN CU,CABLE #8 AWG THHN CU,94.44,12,8,False,NO_FUSIONAR_AUTOMATICAMENTE,REVISAR_MANUALMENTE
INSV1-0f6a27064161c32bd9c3a454,INSV1-c5c221555d50bc743a926299,MATERIAL,m,CABLE #2/0 AWG THHN CU,CABLE #4 AWG THHN CU,94.44,4,"2,0",False,NO_FUSIONAR_AUTOMATICAMENTE,REVISAR_MANUALMENTE
INSV1-0f6a27064161c32bd9c3a454,INSV1-46fdeeb4d00a996751171d93,MATERIAL,m,CABLE #2/0 AWG THHN CU,CABLE #6 AWG THHN CU,94.44,6,"2,0",False,NO_FUSIONAR_AUTOMATICAMENTE,REVISAR_MANUALMENTE
INSV1-a05ff3c9e6d3e5b6b7c2e8dd,INSV1-a8b247fea4444e8d5e3ad94b,MATERIAL,u,VALVULA DE BOLA PVC D= 1 1/2 plg ROSCABLE,VALVULA DE BOLA PVC D= 3/4 plg ROSCABLE,94.44,"3,4","1,1,2",False,NO_FUSIONAR_AUTOMATICAMENTE,REVISAR_MANUALMENTE
INSV1-0e27637b0ceb59eb1dfda0ec,INSV1-46fdeeb4d00a996751171d93,MATERIAL,m,CABLE #4/0 AWG THHN CU,CABLE #6 AWG THHN CU,94.44,6,"4,0",False,NO_FUSIONAR_AUTOMATICAMENTE,REVISAR_MANUALMENTE
INSV1-c5c221555d50bc743a926299,INSV1-d8732e5907fc3477d5542f09,MATERIAL,m,CABLE #4 AWG THHN CU,CABLE #1/0 AWG THHN CU,94.44,"1,0",4,False,NO_FUSIONAR_AUTOMATICAMENTE,REVISAR_MANUALMENTE
INSV1-0d6b01d4e811c2c5e8896689,INSV1-fa8ca00e81f1a3a0e3c6a266,MATERIAL,glb,ACCESORIOS Y VARIOS,"ACCESORIOS VARIOS (COMBUSTIBLE, ACEITE, DILUYENTE, ETC.)",94.44,,,True,NO_FUSIONAR_AUTOMATICAMENTE,REVISAR_MANUALMENTE
INSV1-2ebb8db7b54c9c0ed4b195bd,INSV1-cee8ea4963047af01f4b991d,MATERIAL,u,"TUBERIA METALICA RIGIDA D=2"" (63mm) x 3m","TUBERIA METALICA RIGIDA DE 2""",94.34,2,"2,63,3",False,NO_FUSIONAR_AUTOMATICAMENTE,REVISAR_MANUALMENTE
INSV1-83c96c61008c44d499e953fe,INSV1-8d04b710fa326a19f6e7d1f9,MATERIAL,m2,PLANCHA DE ACERO A36 E=10mm,PLANCHA DE ACERO A36 E=3mm,94.34,"36,3","36,10",False,NO_FUSIONAR_AUTOMATICAMENTE,REVISAR_MANUALMENTE
INSV1-7c7fc245b55265a611447800,INSV1-9b2ed9c39a8961d283044fd8,MATERIAL,u,"SEÑALETICA VERTICAL ""PEATON"" (INCLUYE POSTE Y ACCESORIOS DE FIJACION)","SEÑALETICA VERTICAL ""CICLISTAS EN LA VIA"" (INCLUYE POSTE Y ACCESORIOS DE FIJACION)",94.31,,,True,NO_FUSIONAR_AUTOMATICAMENTE,REVISAR_MANUALMENTE
INSV1-0a2186a371d58ecaa7b804c1,INSV1-7c7fc245b55265a611447800,MATERIAL,u,"SEÑALETICA VERTICAL ""BIFURCACION IZQUIERDA"" (INCLUYE POSTE Y ACCESORIOS DE FIJACION)","SEÑALETICA VERTICAL ""PEATON"" (INCLUYE POSTE Y ACCESORIOS DE FIJACION)",94.31,,,True,NO_FUSIONAR_AUTOMATICAMENTE,REVISAR_MANUALMENTE
INSV1-5e2982bfb31f2d6e1f9b3f6e,INSV1-7c7fc245b55265a611447800,MATERIAL,u,"SEÑALETICA VERTICAL ""GIRO EN U"" (INCLUYE POSTE Y ACCESORIOS DE FIJACION)","SEÑALETICA VERTICAL ""PEATON"" (INCLUYE POSTE Y ACCESORIOS DE FIJACION)",94.31,,,True,NO_FUSIONAR_AUTOMATICAMENTE,REVISAR_MANUALMENTE
INSV1-1c1195fb85b62c6d97b8d97b,INSV1-7c7fc245b55265a611447800,MATERIAL,u,"SEÑALETICA VERTICAL ""LIMITE DE VELOCIDAD"" (INCLUYE POSTE Y ACCESORIOS DE FIJACION)","SEÑALETICA VERTICAL ""PEATON"" (INCLUYE POSTE Y ACCESORIOS DE FIJACION)",94.31,,,True,NO_FUSIONAR_AUTOMATICAMENTE,REVISAR_MANUALMENTE
INSV1-7c7fc245b55265a611447800,INSV1-ad3d846947acc436c5b0a82f,MATERIAL,u,"SEÑALETICA VERTICAL ""PEATON"" (INCLUYE POSTE Y ACCESORIOS DE FIJACION)","SEÑALETICA VERTICAL ""NO DETENER/NO ESTACIONAR"" (INCLUYE POSTE Y ACCESORIOS DE FIJACION)",94.31,,,True,NO_FUSIONAR_AUTOMATICAMENTE,REVISAR_MANUALMENTE
INSV1-597dd9ff18fc99711f511846,INSV1-7c7fc245b55265a611447800,MATERIAL,u,SEÑALETICA VERTICAL DE SENTIDO VIAL (INCLUYE POSTE Y ACCESORIOS DE FIJACION),"SEÑALETICA VERTICAL ""PEATON"" (INCLUYE POSTE Y ACCESORIOS DE FIJACION)",94.31,,,True,NO_FUSIONAR_AUTOMATICAMENTE,REVISAR_MANUALMENTE
INSV1-552aff17b8f06de18dd5863a,INSV1-7c7fc245b55265a611447800,MATERIAL,u,"SEÑALETICA VERTICAL ""APROXIMACION A REDONDEL"" (INCLUYE POSTE Y ACCESORIOS DE FIJACION)","SEÑALETICA VERTICAL ""PEATON"" (INCLUYE POSTE Y ACCESORIOS DE FIJACION)",94.31,,,True,NO_FUSIONAR_AUTOMATICAMENTE,REVISAR_MANUALMENTE
INSV1-7c7fc245b55265a611447800,INSV1-f3bd02245b8e4ed675e21a35,MATERIAL,u,"SEÑALETICA VERTICAL ""PEATON"" (INCLUYE POSTE Y ACCESORIOS DE FIJACION)","SEÑALETICA VERTICAL ""ESTACIONAMIENTO RESERVADO PARA DISCAPACITADOS"" (INCLUYE POSTE Y ACCESORIOS DE FIJACION)",94.31,,,True,NO_FUSIONAR_AUTOMATICAMENTE,REVISAR_MANUALMENTE
INSV1-9043579c1fa05a089e67e34d,INSV1-a97fd3b1ab56884bd7be4962,MATERIAL,u,REDUCTOR DE 2 A 3/4 IN PP ROSCABLE,REDUCTOR DE 2 A 1 1/4 IN PP ROSCABLE,94.29,"2,3,4","2,1,1,4",False,NO_FUSIONAR_AUTOMATICAMENTE,REVISAR_MANUALMENTE
INSV1-21ab6ac99ea21ea83ed58448,INSV1-7a23e5f21e45f90030d27ba7,MATERIAL,u,"TABLERO METALICO DE 80cm DE ALTO x 40cm DE ANCHO x 25cm DE FONDO, EN PLANCHA DE 1/16""","TABLERO METALICO DE 40cm DE ALTO x 60cm DE ANCHO x 30cm DE FONDO, EN PLANCHA DE D= 1/16""",94.29,"40,60,30,1,16","80,40,25,1,16",False,NO_FUSIONAR_AUTOMATICAMENTE,REVISAR_MANUALMENTE
INSV1-331af8923971cccfba2dfb36,INSV1-e43f012367bca13eada2bf14,MATERIAL,u,CODO DESAGUE PVC INY 110mm X 45' EC,CODO DESAGUE PVC INY 110mm X 90' EC,94.29,"110,45","110,90",False,NO_FUSIONAR_AUTOMATICAMENTE,REVISAR_MANUALMENTE
INSV1-4a8176110e221b4ba70fc90f,INSV1-a08df580ab45921517ae849b,MATERIAL,m2,"MALLA ELECTROSOLDADA 10x10 - 8,00mm","MALLA ELECTROSOLDADA 15x15 - 8,00mm",94.29,"15,15,8,00","10,10,8,00",False,NO_FUSIONAR_AUTOMATICAMENTE,REVISAR_MANUALMENTE
INSV1-6db16dcbf94307d214172722,INSV1-bb24d9f292bf69e462bbce4f,MATERIAL,u,"RETENCION PREFORMADA PARA CABLE ACERO GALV 3/8""","RETENCION PREFORMADA PARA CABLE DE ACERO GALVANIZADO DE 9,53mm (3/8"")",94.25,"3,8","9,53,3,8",False,NO_FUSIONAR_AUTOMATICAMENTE,REVISAR_MANUALMENTE
INSV1-6ba13ca64f547728cbdc93fd,INSV1-fdbc1d35f72d19a583ee3a26,MATERIAL,u,PROVISION E INSTALACION DE SEÑAL VERTICAL INFORMATIVA O REGLAMENTARIA DE ALUMINIO DE 2mm CON VYNIL REFLECTIVO DE GRADO XI NORMA ASTM D4956 E IMPRESIÓN DIGITAL (INCL. ELEMENTOS DE SUJECION Y ESTRUCTURA Y SOPORTE 75x75 (LIMITE DE VELOCIDAD MAXIMA),"PROVISION E INSTALACION DE SEÑAL VERTICAL INFORMATIVA O REGLAMENTARIA DE ALUMINIO DE 2mm CON VYNIL REFLECTIVO DE GRADO XI NORMA ASTM D4956 E IMPRESIÓN DIGITAL (INCL. ELEMENTOS DE SUJECION, ESTRUCTURA Y SOPORTE 60x60 (SOLO MOTOCICLETAS))",94.15,"2,4956,75,75","2,4956,60,60",False,NO_FUSIONAR_AUTOMATICAMENTE,REVISAR_MANUALMENTE
INSV1-35c735bfb6d98e21937d3a3a,INSV1-f84ef90ddd0b2c6fc53685ff,MATERIAL,u,UNION UNIVERSAL PP ROSCABLE H 3/4 IN,UNION UNIVERSAL PP ROSCABLE H 1 1/2 IN,94.12,"3,4","1,1,2",False,NO_FUSIONAR_AUTOMATICAMENTE,REVISAR_MANUALMENTE
INSV1-7b76108b86f58df916db404a,INSV1-d3c427701d8b2eb8edcd046a,MATERIAL,u,"PASAMURO PARA TUBERIA DE H.F. 75mm, L =0.40m","PASAMURO PARA TUBERIA DE H.F. 100mm, L=0.40m",94.12,"100,0.40","75,0.40",False,NO_FUSIONAR_AUTOMATICAMENTE,REVISAR_MANUALMENTE
INSV1-3a13d23dd34caa2a10811226,INSV1-e20d34fabe88dc478efc6643,MATERIAL,m,"TUBO RECTANGULAR GALVANIZADO 40x20mm, E=3mm","TUBO RECTANGULAR GALVANIZADO 100x50mm, E=3mm",94.12,"100,50,3","40,20,3",False,NO_FUSIONAR_AUTOMATICAMENTE,REVISAR_MANUALMENTE
INSV1-3fca933a1e18ed49055e29b0,INSV1-e4c96246e93a48d14c54c7f7,MATERIAL,u,CODO DESAGUE PVC INY 50mm X 45' EC,CODO DESAGUE PVC INY 90' X 50mm EC,94.12,"50,45","90,50",False,NO_FUSIONAR_AUTOMATICAMENTE,REVISAR_MANUALMENTE
INSV1-7b76108b86f58df916db404a,INSV1-ee6b32bf080f76d694f4cd98,MATERIAL,u,"PASAMURO PARA TUBERIA DE H.F. 75mm, L =0.40m","PASAMURO PARA TUBERIA DE H.F. 200mm, L=0.40m",94.12,"75,0.40","200,0.40",False,NO_FUSIONAR_AUTOMATICAMENTE,REVISAR_MANUALMENTE
INSV1-7f10edf1f2c12abc99c07c56,INSV1-c8d3746a0ad244344695d6fb,MATERIAL,u,DISYUNTOR 2F 30 A - 2 POLOS,DISYUNTOR 20 A - 2 POLOS,94.12,"20,2","2,30,2",False,NO_FUSIONAR_AUTOMATICAMENTE,REVISAR_MANUALMENTE
INSV1-35c735bfb6d98e21937d3a3a,INSV1-d0d141828c2b2c5b018a78d5,MATERIAL,u,UNION UNIVERSAL PP ROSCABLE H 3/4 IN,UNION UNIVERSAL PP ROSCABLE H 2 1/2 IN,94.12,"3,4","2,1,2",False,NO_FUSIONAR_AUTOMATICAMENTE,REVISAR_MANUALMENTE
INSV1-18c4eb75787b3a1ee5a994a4,INSV1-7df95cc57188d686d17d9cc3,MATERIAL,u,"TAPON PP ROSCABLE H 1/2""","TAPON ROSCABLE H 1""",94.12,"1,2",1,False,NO_FUSIONAR_AUTOMATICAMENTE,REVISAR_MANUALMENTE
INSV1-122f48698c64237be204618d,INSV1-3b5cb5c357b8e2e0e48567f9,MATERIAL,u,"PASAMURO PARA TUBERIA DE H.F. 25mm, L =0.30m","PASAMURO PARA TUBERIA DE H.F. 150mm, L =0.40m",94.12,"25,0.30","150,0.40",False,NO_FUSIONAR_AUTOMATICAMENTE,REVISAR_MANUALMENTE
INSV1-122f48698c64237be204618d,INSV1-ee6b32bf080f76d694f4cd98,MATERIAL,u,"PASAMURO PARA TUBERIA DE H.F. 25mm, L =0.30m","PASAMURO PARA TUBERIA DE H.F. 200mm, L=0.40m",94.12,"25,0.30","200,0.40",False,NO_FUSIONAR_AUTOMATICAMENTE,REVISAR_MANUALMENTE
INSV1-1c40b115b9aa32d8adef74b8,INSV1-e48f75cc0419e651f0d3dc00,MATERIAL,u,"ADAPTADOR 1/2"" PEAD","ADAPTADOR 1"" PEAD",94.12,"1,2",1,False,NO_FUSIONAR_AUTOMATICAMENTE,REVISAR_MANUALMENTE
INSV1-c0117f08afc2bfc00329d523,INSV1-c0cc3d47377be673f5d15384,MATERIAL,u,PROVISION E INSTALACION DE SEÑAL VERTICAL INFORMATIVA O REGLAMENTARIA DE ALUMINIO DE 2mm CON VYNIL REFLECTIVO DE GRADO XI NORMA ASTM D4956 E IMPRESIÓN DIGITAL (INCL. ELEMENTOS DE SUJECION Y ESTRUCTURA Y SOPORTE 60x60 (PROHIBIDO ESTACIONAR),PROVISION E INSTALACION DE SEÑAL VERTICAL INFORMATIVA O REGLAMENTARIA DE ALUMINIO DE 2mm CON VYNIL REFLECTIVO DE GRADO XI NORMA ASTM D4956 E IMPRESIÓN DIGITAL (INCL. ELEMENTO DE SUJECCION Y ESTRUCTURA Y SOPORTE 60x30 (GRAFICO DE GRUA),93.98,"2,4956,60,30","2,4956,60,60",False,NO_FUSIONAR_AUTOMATICAMENTE,REVISAR_MANUALMENTE
INSV1-0e4868298366dfcdc99c147c,INSV1-f794e33c757f8d043996ae13,MATERIAL,m,TUBERIA PVC ESTRUCTURADA DI=110mm,TUBERIA PVC ESTRUCTURADA DI=600mm,93.94,110,600,False,NO_FUSIONAR_AUTOMATICAMENTE,REVISAR_MANUALMENTE
INSV1-0e4868298366dfcdc99c147c,INSV1-e80f02ce93fc5edea5b8ecba,MATERIAL,m,TUBERIA PVC ESTRUCTURADA DI=110mm,TUBERIA PVC ESTRUCTURADA DI=250mm,93.94,110,250,False,NO_FUSIONAR_AUTOMATICAMENTE,REVISAR_MANUALMENTE
INSV1-1ad441f43111d99894bb84cb,INSV1-c11c4503debc8788740e7f2a,MATERIAL,u,"PERNO MAQUINA DE ACERO GALVANIZADO DE D=5/8"" (16mm) x 2"" (63mm) DE LONGITUD, CON TUERCA, ARANDELA PLANA Y DE PRESION","TUERCA DE OJO ACERO GALVANIZADO 5/8""",93.94,"5,8","5,8,16,2,63",False,NO_FUSIONAR_AUTOMATICAMENTE,REVISAR_MANUALMENTE
INSV1-8892b8b7c047da9d5240c810,INSV1-c2100f1f7220515dee37717f,MATERIAL,m,CABLE DE COBRE TIPO THHN # 250 MCM AWG,CABLE DE COBRE TIPO TTU #250 MCM AWG,93.94,250,250,True,NO_FUSIONAR_AUTOMATICAMENTE,REVISAR_MANUALMENTE
INSV1-6f73cd7a2653609448313509,INSV1-c11c4503debc8788740e7f2a,MATERIAL,u,"VARILLA DE ANCLAJE DE ACERO GALVANIZADO, TUERCA Y ARANDELA DE 16x1800mm (5/8"" x 71"")","TUERCA DE OJO ACERO GALVANIZADO 5/8""",93.94,"5,8","16,1800,5,8,71",False,NO_FUSIONAR_AUTOMATICAMENTE,REVISAR_MANUALMENTE
INSV1-4778e72633fd44dd4ff6c51d,INSV1-c11c4503debc8788740e7f2a,MATERIAL,u,"VARILLA DE ANCLAJE DE ACERO GALVANIZADO, TUERCA Y ARANDELA, 16 x 1800mm (5/8"" x 71"")","TUERCA DE OJO ACERO GALVANIZADO 5/8""",93.94,"5,8","16,1800,5,8,71",False,NO_FUSIONAR_AUTOMATICAMENTE,REVISAR_MANUALMENTE
INSV1-30a42b72d82d97ef1dfee3e7,INSV1-df462a8ebcd3400152113162,MATERIAL,m3,HORMIGON PREMEZCLADO F´C= 280 Kg/cm2 BOMBEABLE,HORMIGON PREMEZCLADO F'C= 280 KG/CM2,93.94,"280,2","280,2",True,NO_FUSIONAR_AUTOMATICAMENTE,REVISAR_MANUALMENTE
INSV1-6ad77539f2193a077eec52ca,INSV1-e80f02ce93fc5edea5b8ecba,MATERIAL,m,TUBERIA PVC ESTRUCTURADA DI=700mm,TUBERIA PVC ESTRUCTURADA DI=250mm,93.94,250,700,False,NO_FUSIONAR_AUTOMATICAMENTE,REVISAR_MANUALMENTE
INSV1-6ad77539f2193a077eec52ca,INSV1-abaed161e9fb1fb56af49198,MATERIAL,m,TUBERIA PVC ESTRUCTURADA DI=700mm,TUBERIA PVC ESTRUCTURADA DI=160mm,93.94,700,160,False,NO_FUSIONAR_AUTOMATICAMENTE,REVISAR_MANUALMENTE
INSV1-29e00a9064a7f97dd56e0a8e,INSV1-abaed161e9fb1fb56af49198,MATERIAL,m,TUBERIA PVC ESTRUCTURADA DI=500mm,TUBERIA PVC ESTRUCTURADA DI=160mm,93.94,160,500,False,NO_FUSIONAR_AUTOMATICAMENTE,REVISAR_MANUALMENTE
INSV1-abaed161e9fb1fb56af49198,INSV1-e80f02ce93fc5edea5b8ecba,MATERIAL,m,TUBERIA PVC ESTRUCTURADA DI=160mm,TUBERIA PVC ESTRUCTURADA DI=250mm,93.94,160,250,False,NO_FUSIONAR_AUTOMATICAMENTE,REVISAR_MANUALMENTE
INSV1-21ea431d6761b5fe1f6073a7,INSV1-abaed161e9fb1fb56af49198,MATERIAL,m,TUBERIA PVC ESTRUCTURADA DI=200mm,TUBERIA PVC ESTRUCTURADA DI=160mm,93.94,160,200,False,NO_FUSIONAR_AUTOMATICAMENTE,REVISAR_MANUALMENTE
INSV1-e80f02ce93fc5edea5b8ecba,INSV1-f794e33c757f8d043996ae13,MATERIAL,m,TUBERIA PVC ESTRUCTURADA DI=250mm,TUBERIA PVC ESTRUCTURADA DI=600mm,93.94,250,600,False,NO_FUSIONAR_AUTOMATICAMENTE,REVISAR_MANUALMENTE
INSV1-0e4868298366dfcdc99c147c,INSV1-21ea431d6761b5fe1f6073a7,MATERIAL,m,TUBERIA PVC ESTRUCTURADA DI=110mm,TUBERIA PVC ESTRUCTURADA DI=200mm,93.94,110,200,False,NO_FUSIONAR_AUTOMATICAMENTE,REVISAR_MANUALMENTE
INSV1-0e4868298366dfcdc99c147c,INSV1-29e00a9064a7f97dd56e0a8e,MATERIAL,m,TUBERIA PVC ESTRUCTURADA DI=110mm,TUBERIA PVC ESTRUCTURADA DI=500mm,93.94,110,500,False,NO_FUSIONAR_AUTOMATICAMENTE,REVISAR_MANUALMENTE
INSV1-18204bdd046b97cd5d566d53,INSV1-6905b98eb5e7f82e542d88b9,MANO_OBRA,h,OPERADOR MINI EXCAVADORA / MINI CARGADORA CON SUS ADITAMENTOS,OPERADOR MINI EXCAVADORA/MINI CARGADORA CON SUS ADITAMENTOS,93.91,,,True,NO_FUSIONAR_AUTOMATICAMENTE,REVISAR_MANUALMENTE
INSV1-0e983686295d811c7eef8c7e,INSV1-89d42bc9731a9dda823549d9,MATERIAL,m,"TUBO EN ACERO INOXIDABLE 2""","TUBO CUADRADO DE ACERO INOXIDABLE DE D=2"" (63mm), E=2mm",93.88,2,"2,63,2",False,NO_FUSIONAR_AUTOMATICAMENTE,REVISAR_MANUALMENTE
INSV1-457626201a7dacb9b0eb05ad,INSV1-84678d53fe8c6bb4aa398be7,MATERIAL,u,"CODO DE D=3"" (Ø90mm) x 90˚","CODO DE D=3"" (Ø90mm) x 45˚",93.88,"3,90,90","3,90,45",False,NO_FUSIONAR_AUTOMATICAMENTE,REVISAR_MANUALMENTE
INSV1-4e68dfb648aa3d5ab8c4b423,INSV1-b0941219c40aa5c18f86b431,MATERIAL,m2,PORCELANATO 30x60cm GRIS/ANTRACITA/ARENA,PORCELANATO 60x120cm GRIS/ANTRACITA/ARENA,93.83,"30,60","60,120",False,NO_FUSIONAR_AUTOMATICAMENTE,REVISAR_MANUALMENTE
INSV1-723dfb6a2aeae6c7907b39d1,INSV1-9a99fa6f766523f4d6c7ee6a,MATERIAL,m,CABLE DE COBRE DESNUDO #4 / 7 HILOS,CABLE DE COBRE DESNUDO #2 / 19 HILOS,93.75,"2,19","4,7",False,NO_FUSIONAR_AUTOMATICAMENTE,REVISAR_MANUALMENTE
INSV1-723dfb6a2aeae6c7907b39d1,INSV1-9d857e0d32a3ee20bc0b04d7,MATERIAL,m,CABLE DE COBRE DESNUDO #4 / 7 HILOS,CABLE DE COBRE DESNUDO #2/0 / 19 HILOS,93.75,"2,0,19","4,7",False,NO_FUSIONAR_AUTOMATICAMENTE,REVISAR_MANUALMENTE
INSV1-5d725059bfb1c7cb7180e70c,INSV1-fb625e7e6e28ff6b8dc5f5b6,MATERIAL,u,PILOTE DE HORMIGON ARMADO PRETENSADO F´C=350Kg/cm2 40X40 L=17.0m,PILOTE DE HORMIGON ARMADO PRETENSADO F´C=350Kg/cm2 45X45 L=25.0m,93.75,"350,2,40,40,17.0","350,2,45,45,25.0",False,NO_FUSIONAR_AUTOMATICAMENTE,REVISAR_MANUALMENTE
INSV1-5c8d43b53ed9b9e55defce4a,INSV1-fb625e7e6e28ff6b8dc5f5b6,MATERIAL,u,PILOTE DE HORMIGON ARMADO PRETENSADO F´C=350Kg/cm2 40X40 L=13.0m,PILOTE DE HORMIGON ARMADO PRETENSADO F´C=350Kg/cm2 45X45 L=25.0m,93.75,"350,2,40,40,13.0","350,2,45,45,25.0",False,NO_FUSIONAR_AUTOMATICAMENTE,REVISAR_MANUALMENTE
INSV1-4d983e48f2bba49a99bf4a77,INSV1-b20c203f1827e3331cb075d5,MATERIAL,u,"TABLERO METALICO DE 80cm DE ALTO x 90cm DE ANCHO x 30cm DE FONDO, EN UN PLANCHA DE 1/16""","TABLERO METALICO DE 60cm DE ALTO x 40cm DE ANCHO x 20cm DE FONDO, EN PLANCHA DE D= 1/16""",93.71,"80,90,30,1,16","60,40,20,1,16",False,NO_FUSIONAR_AUTOMATICAMENTE,REVISAR_MANUALMENTE
INSV1-c0cc3d47377be673f5d15384,INSV1-fdbc1d35f72d19a583ee3a26,MATERIAL,u,PROVISION E INSTALACION DE SEÑAL VERTICAL INFORMATIVA O REGLAMENTARIA DE ALUMINIO DE 2mm CON VYNIL REFLECTIVO DE GRADO XI NORMA ASTM D4956 E IMPRESIÓN DIGITAL (INCL. ELEMENTO DE SUJECCION Y ESTRUCTURA Y SOPORTE 60x30 (GRAFICO DE GRUA),"PROVISION E INSTALACION DE SEÑAL VERTICAL INFORMATIVA O REGLAMENTARIA DE ALUMINIO DE 2mm CON VYNIL REFLECTIVO DE GRADO XI NORMA ASTM D4956 E IMPRESIÓN DIGITAL (INCL. ELEMENTOS DE SUJECION, ESTRUCTURA Y SOPORTE 60x60 (SOLO MOTOCICLETAS))",93.71,"2,4956,60,30","2,4956,60,60",False,NO_FUSIONAR_AUTOMATICAMENTE,REVISAR_MANUALMENTE
INSV1-0999e119db1a3ac3acd7dde1,INSV1-ed7eb23b9d2a99bb5256ac24,MATERIAL,m,TUBERIA PVC/UE 50mm 1.00 MPA (INCLUYE UNION ELASTOMERICA),TUBERIA PVC/UE 200mm 0.80 MPA (INCLUYE UNION ELASTOMERICA),93.69,"200,0.80","50,1.00",False,NO_FUSIONAR_AUTOMATICAMENTE,REVISAR_MANUALMENTE
INSV1-0999e119db1a3ac3acd7dde1,INSV1-e5729e9cf68baa73a7671704,MATERIAL,m,TUBERIA PVC/UE 50mm 1.00 MPA (INCLUYE UNION ELASTOMERICA),TUBERIA PVC/UE 110mm 0.80 MPA (INCLUYE UNION ELASTOMERICA),93.69,"110,0.80","50,1.00",False,NO_FUSIONAR_AUTOMATICAMENTE,REVISAR_MANUALMENTE
INSV1-7cfe7151d9fe75668c573974,INSV1-99db61a59988e52b3e7ea296,MATERIAL,m2,MALLA ELECTROSOLDADA 15x15cm Ø5.5mm,MALLA ELECTROSOLDADA 15x15cm Ø8.00mm,93.67,"15,15,8.00","15,15,5.5",False,NO_FUSIONAR_AUTOMATICAMENTE,REVISAR_MANUALMENTE
INSV1-7cfe7151d9fe75668c573974,INSV1-bf9bf8cc4703af07ba5ffd53,MATERIAL,m2,MALLA ELECTROSOLDADA 15x15cm Ø5.5mm,MALLA ELECTROSOLDADA 15x15cm Ø7.00mm,93.67,"15,15,5.5","15,15,7.00",False,NO_FUSIONAR_AUTOMATICAMENTE,REVISAR_MANUALMENTE
INSV1-8b2a6a7f93d5bcd401144534,INSV1-9f1f099f87a8bca4fc93a31d,MATERIAL,u,"CRUCETA DE ACERO GALVANIZADO, PERFIL L 2.4m","CRUCETA DE ACERO GALVANIZADO PERFIL""L"" UNIVERSAL 75x75x6x2000mm (2 61/64x2 61/64x 1/4x79) CRUCETA MULT. GALVANIZADA (3x1/4x2.4m) CON HUECOS PERNOS PIN DE 3/4""",93.67,2.4,"75,75,6,2000,2,61,64,2,61,64,1,4,79,3,1,4,2.4,3,4",False,NO_FUSIONAR_AUTOMATICAMENTE,REVISAR_MANUALMENTE
INSV1-6425144931a1c26c0e466722,INSV1-dfe349b081cbfefd02c5f638,MATERIAL,u,"CODO METALICO RIGIDO DE 2""","CODO METALICO RIGIDO D=2"" (63mm)",93.62,2,"2,63",False,NO_FUSIONAR_AUTOMATICAMENTE,REVISAR_MANUALMENTE
INSV1-1afb04610a76c737fa730750,INSV1-a59bb7f9e6c743392c9be666,MATERIAL,u,YEE DESAGUE PVC EC 110mm,YEE DESAGUE PVC EC 50mm,93.62,110,50,False,NO_FUSIONAR_AUTOMATICAMENTE,REVISAR_MANUALMENTE
INSV1-21ab6ac99ea21ea83ed58448,INSV1-4d983e48f2bba49a99bf4a77,MATERIAL,u,"TABLERO METALICO DE 80cm DE ALTO x 40cm DE ANCHO x 25cm DE FONDO, EN PLANCHA DE 1/16""","TABLERO METALICO DE 80cm DE ALTO x 90cm DE ANCHO x 30cm DE FONDO, EN UN PLANCHA DE 1/16""",93.62,"80,90,30,1,16","80,40,25,1,16",False,NO_FUSIONAR_AUTOMATICAMENTE,REVISAR_MANUALMENTE
INSV1-0ef94894e47396549b788939,INSV1-3a7356c53d1f164da75070b0,MATERIAL,u,BASE SOCKET 3F CLASE 20,BASE SOCKET 3F CLASE 100,93.62,"3,20","3,100",False,NO_FUSIONAR_AUTOMATICAMENTE,REVISAR_MANUALMENTE
INSV1-5016e7220b834d069fbe05cc,INSV1-91d7fcb7572c01efb06b9445,MATERIAL,u,DISYUNTOR 30 A - 2 POLOS,DISYUNTOR 40 A -2 POLOS,93.62,"40,2","30,2",False,NO_FUSIONAR_AUTOMATICAMENTE,REVISAR_MANUALMENTE
INSV1-91d7fcb7572c01efb06b9445,INSV1-c8d3746a0ad244344695d6fb,MATERIAL,u,DISYUNTOR 40 A -2 POLOS,DISYUNTOR 20 A - 2 POLOS,93.62,"40,2","20,2",False,NO_FUSIONAR_AUTOMATICAMENTE,REVISAR_MANUALMENTE
INSV1-8844e116b63471d5f2f57333,INSV1-c0cc3d47377be673f5d15384,MATERIAL,u,PROVISION E INSTALACION DE SEÑAL VERTICAL INFORMATIVA O REGLAMENTARIA DE ALUMINIO DE 2mm CON VYNIL REFLECTIVO DE GRADO XI NORMA ASTM D4956 E IMPRESIÓN DIGITAL (INCL. ELEMENTOS DE SUJECION Y ESTRUCTURA Y SOPORTE 90x30 (DOBLE VIA),PROVISION E INSTALACION DE SEÑAL VERTICAL INFORMATIVA O REGLAMENTARIA DE ALUMINIO DE 2mm CON VYNIL REFLECTIVO DE GRADO XI NORMA ASTM D4956 E IMPRESIÓN DIGITAL (INCL. ELEMENTO DE SUJECCION Y ESTRUCTURA Y SOPORTE 60x30 (GRAFICO DE GRUA),93.59,"2,4956,60,30","2,4956,90,30",False,NO_FUSIONAR_AUTOMATICAMENTE,REVISAR_MANUALMENTE
INSV1-b1ceb1d2104778df28bbbb75,INSV1-ba8287197ad51cd723ac7e89,MATERIAL,u,"ABRAZADERA AG 4 PERNOS DE 6 1/2""","ABRAZADERA AG 3 PERNOS DE 7 1/2""",93.55,"4,6,1,2","3,7,1,2",False,NO_FUSIONAR_AUTOMATICAMENTE,REVISAR_MANUALMENTE
INSV1-47b1328e043d837124d5bd9d,INSV1-99d5e5d855b46ca85053a053,MATERIAL,u,"DISYUNTOR 50 A - 2 POLOS, CAJA MOLDEADA","DISYUNTOR 300 A - 3 POLOS, CAJA MOLDEADA",93.51,"50,2","300,3",False,NO_FUSIONAR_AUTOMATICAMENTE,REVISAR_MANUALMENTE
INSV1-47b1328e043d837124d5bd9d,INSV1-8df933ecf8440e953273eebc,MATERIAL,u,"DISYUNTOR 50 A - 2 POLOS, CAJA MOLDEADA","DISYUNTOR 125 A - 3 POLOS, CAJA MOLDEADA",93.51,"50,2","125,3",False,NO_FUSIONAR_AUTOMATICAMENTE,REVISAR_MANUALMENTE
INSV1-4cfb4d38bdff20ca46cd5f23,INSV1-c641d4cd371ec56ae0a47614,MANO_OBRA,h,CHOFER DE VOLQUETA (ESTR. OC. C1),CHOFER: VOLQUETAS (ESTR. OC. C1),93.33,1,1,True,NO_FUSIONAR_AUTOMATICAMENTE,REVISAR_MANUALMENTE
INSV1-5cb5aefb74b99441b9b5ed50,INSV1-7c6a865624bfd883278e2d62,MATERIAL,u,"PERNO DE OJO DE ACERO GALVANIZADO DE D=5/8"" (16mm) X 10"" (254mm) DE LONGITUD, CON 4 TUERCAS, 2 ARANDELAS PLANAS Y 2 DE PRESION","PERNO ESPARRAGO O DE ROSCA CORRIDA DE ACERO GALVANIZADO DE D=5/8"" (16mm) x 12"" (300mm) DE LONGITUD, CON 4 TUERCAS, 2 ARANDELAS PLANAS Y 2 DE PRESION",93.33,"5,8,16,10,254,4,2,2","5,8,16,12,300,4,2,2",False,NO_FUSIONAR_AUTOMATICAMENTE,REVISAR_MANUALMENTE
INSV1-4875810312d718f30e6a2d7b,INSV1-4ef720e2ef7cdb4c521ae59a,MATERIAL,kg,PERFIL L 50X4mm,PERFIL L 40X4mm,93.33,"40,4","50,4",False,NO_FUSIONAR_AUTOMATICAMENTE,REVISAR_MANUALMENTE
INSV1-1221813d59a79e6fa171bca4,INSV1-8dc21316ec88ac1b3ef6ee44,MATERIAL,m,"TUBERIA PVC ROSCABLE 1/2"" (420PSI)","TUBERIA PVC ROSCABLE 1"" (320PSI)",93.33,"1,2,420","1,320",False,NO_FUSIONAR_AUTOMATICAMENTE,REVISAR_MANUALMENTE
INSV1-74f60a726eb50128dc4bd6da,INSV1-ae5ad8e04d33305771eaaaca,MATERIAL,u,BASE SOCKET 1F CLASE 100,BASE SOCKET MONOFASICA CLASE 100,93.33,"1,100",100,False,NO_FUSIONAR_AUTOMATICAMENTE,REVISAR_MANUALMENTE
INSV1-92292921e9231ad709d174ea,INSV1-fe9537c34546450ae6faef3a,MATERIAL,u,"CONECTOR EMT 3/4""","CONECTOR EMT 4""",93.33,4,"3,4",False,NO_FUSIONAR_AUTOMATICAMENTE,REVISAR_MANUALMENTE
INSV1-344b9420f72a13fb72f02723,INSV1-e48f75cc0419e651f0d3dc00,MATERIAL,u,"ADAPTADOR 3/4"" PEAD","ADAPTADOR 1"" PEAD",93.33,1,"3,4",False,NO_FUSIONAR_AUTOMATICAMENTE,REVISAR_MANUALMENTE
INSV1-47b1328e043d837124d5bd9d,INSV1-c8d3746a0ad244344695d6fb,MATERIAL,u,"DISYUNTOR 50 A - 2 POLOS, CAJA MOLDEADA",DISYUNTOR 20 A - 2 POLOS,93.33,"20,2","50,2",False,NO_FUSIONAR_AUTOMATICAMENTE,REVISAR_MANUALMENTE
INSV1-8fa88aa9c5cd2873643fe5bf,INSV1-9afa158300e9fda3597224f0,MATERIAL,u,"CONECTOR EMT 2""","CONECTOR EMT 1/2""",93.33,2,"1,2",False,NO_FUSIONAR_AUTOMATICAMENTE,REVISAR_MANUALMENTE
INSV1-47b1328e043d837124d5bd9d,INSV1-5016e7220b834d069fbe05cc,MATERIAL,u,"DISYUNTOR 50 A - 2 POLOS, CAJA MOLDEADA",DISYUNTOR 30 A - 2 POLOS,93.33,"30,2","50,2",False,NO_FUSIONAR_AUTOMATICAMENTE,REVISAR_MANUALMENTE
INSV1-5016e7220b834d069fbe05cc,INSV1-87d77fe3d688f727b9434fc0,MATERIAL,u,DISYUNTOR 30 A - 2 POLOS,DISYUNTOR 2F 20 A - 2 POLOS,93.33,"30,2","2,20,2",False,NO_FUSIONAR_AUTOMATICAMENTE,REVISAR_MANUALMENTE
INSV1-75ef6bd794e43310135dd545,INSV1-e2b929dbe391244ac62a4eb3,MATERIAL,u,"TUBO EMT 3/4"" x 3.00m CON UNION","TUBO EMT 1/2"" x 3.00m CON UNION",93.33,"1,2,3.00","3,4,3.00",False,NO_FUSIONAR_AUTOMATICAMENTE,REVISAR_MANUALMENTE
INSV1-2f78553e4c31f75da9fd44bd,INSV1-91e17f943aa5a0a6b4c48832,MATERIAL,m2,VENTANA DE ALUMINIO Y VIDRIO (VIDRIO 5mm),VENTANA CORREDIZA DE ALUMINIO NATURAL Y VIDRIO CLARO DE E=6.00mm (INCL. TRANSPORTE),93.33,5,6.00,False,NO_FUSIONAR_AUTOMATICAMENTE,REVISAR_MANUALMENTE
INSV1-3a7356c53d1f164da75070b0,INSV1-ae5ad8e04d33305771eaaaca,MATERIAL,u,BASE SOCKET 3F CLASE 100,BASE SOCKET MONOFASICA CLASE 100,93.33,"3,100",100,False,NO_FUSIONAR_AUTOMATICAMENTE,REVISAR_MANUALMENTE
INSV1-1cf4e45327201a09425dbc60,INSV1-77c3493c766a86385c72f5c0,MATERIAL,u,EXTINTOR TIPO K,EXTINTOR TIPO A,93.33,,,True,NO_FUSIONAR_AUTOMATICAMENTE,REVISAR_MANUALMENTE
INSV1-2b9130e38800886420d65988,INSV1-800d53ee5bf7d41ab8d89b5f,MATERIAL,u,SEÑAL INFORMATIVA O REGLAMENTARIA AEREA DE ALUMINIO 2mm CON VYNIL REFLECTIVO DE GRADO XI NORMA ASTM D4956 E IMPRESIÓN DIGITAL (INCL. ELEMENTO DE SUJECCION Y ESTRUCTURA DE SOPORTE Y TRANSPORTE) (PROXIMIDAD DE CRUCE DE CICLOVIA),SEÑAL INFORMATIVA O REGLAMENTARIA AEREA DE ALUMINIO 2mm CON VYNIL REFLECTIVO DE GRADO XI NORMA ASTM D4956 E IMPRESIÓN DIGITAL (INCL. ELEMENTO DE SUJECCION Y ESTRUCTURA DE SOPORTE Y TRANSPORTE) (60x60 PERMITIDO ESTACIONAR),93.23,"2,4956,60,60","2,4956",False,NO_FUSIONAR_AUTOMATICAMENTE,REVISAR_MANUALMENTE
INSV1-b1d0f6afc5ef7767dbe3e0ba,INSV1-c0cc3d47377be673f5d15384,MATERIAL,u,"PROVISION E INSTALACION DE SEÑAL VERTICAL INFORMATIVA O REGLAMENTARIA DE ALUMINIO DE 2mm CON VYNIL REFLECTIVO DE GRADO XI NORMA ASTM D4956 E IMPRESIÓN DIGITAL (INCL. ELEMENTOS DE SUJECION, ESTRUCTURA Y SOPORTE 60x60 (SOLO BICICLETAS)",PROVISION E INSTALACION DE SEÑAL VERTICAL INFORMATIVA O REGLAMENTARIA DE ALUMINIO DE 2mm CON VYNIL REFLECTIVO DE GRADO XI NORMA ASTM D4956 E IMPRESIÓN DIGITAL (INCL. ELEMENTO DE SUJECCION Y ESTRUCTURA Y SOPORTE 60x30 (GRAFICO DE GRUA),93.21,"2,4956,60,30","2,4956,60,60",False,NO_FUSIONAR_AUTOMATICAMENTE,REVISAR_MANUALMENTE
INSV1-390249674975d8d45b2996f7,INSV1-6dfe73154861d9147debb3ac,MATERIAL,u,PUERTA DE MADERA 0.80x2.20m (INCLUYE BATIENTE),PUERTA DE MADERA 0.70x1.00m (INCLUYE BATIENTE),93.18,"0.70,1.00","0.80,2.20",False,NO_FUSIONAR_AUTOMATICAMENTE,REVISAR_MANUALMENTE
INSV1-76d29c60f3c29b682690341d,INSV1-807cab9d5f281a8a10816e91,MATERIAL,u,PUERTA DE MADERA 0.80x1.00m (INCLUYE BATIENTE),PUERTA DE MADERA 0.70x2.20m (INCLUYE BATIENTE),93.18,"0.80,1.00","0.70,2.20",False,NO_FUSIONAR_AUTOMATICAMENTE,REVISAR_MANUALMENTE
INSV1-71cd1d4e55115366643047ea,INSV1-f1d6a7299122b113b5581f56,MATERIAL,m,CABLE DE COBRE TIPO TTU #4/0 AWG,CABLE DE COBRE TIPO TTU #350 MCM AWG,93.10,"4,0",350,False,NO_FUSIONAR_AUTOMATICAMENTE,REVISAR_MANUALMENTE
INSV1-7befb8d849a2ac5d85eccf7c,INSV1-b54eae860684e44646605487,MATERIAL,u,CODO 45' PP 2 1/2 IN ROSCABLE,CODO 90' PP 2 1/2 IN ROSCABLE,93.10,"45,2,1,2","90,2,1,2",False,NO_FUSIONAR_AUTOMATICAMENTE,REVISAR_MANUALMENTE
INSV1-8bfe6863027fbd8e44b08d31,INSV1-d3d3a44cf922e67346ddec4d,MATERIAL,u,BREAKER SOBRE PUESTA 2P - 100,BREAKER SOBRE PUESTA 2P - 70A,93.10,"2,70","2,100",False,NO_FUSIONAR_AUTOMATICAMENTE,REVISAR_MANUALMENTE
INSV1-810c4d0919fdc29bedf04156,INSV1-907652761e33b7dad2f446c5,MATERIAL,u,"ABRAZADERA DOBLE AG 4 PERNOS DE 7 1/2""","ABRAZADERA AG 3 PERNOS DE 6 1/2""",93.10,"3,6,1,2","4,7,1,2",False,NO_FUSIONAR_AUTOMATICAMENTE,REVISAR_MANUALMENTE
INSV1-44ec59a187b380e3b9dab21e,INSV1-fb2e38a1c1902501a7b3dd73,MATERIAL,u,"VALVULA CHECK ROSCADA PVC D=1 1/2""","VALVULA CHECK ROSCADA PVC D=3/4""",93.10,"1,1,2","3,4",False,NO_FUSIONAR_AUTOMATICAMENTE,REVISAR_MANUALMENTE
INSV1-78b2cc2b9ea1a2058a66945e,INSV1-8bfe6863027fbd8e44b08d31,MATERIAL,u,BREAKER SOBRE PUESTA 2P - 50A,BREAKER SOBRE PUESTA 2P - 100,93.10,"2,50","2,100",False,NO_FUSIONAR_AUTOMATICAMENTE,REVISAR_MANUALMENTE
INSV1-71cd1d4e55115366643047ea,INSV1-c2100f1f7220515dee37717f,MATERIAL,m,CABLE DE COBRE TIPO TTU #4/0 AWG,CABLE DE COBRE TIPO TTU #250 MCM AWG,93.10,"4,0",250,False,NO_FUSIONAR_AUTOMATICAMENTE,REVISAR_MANUALMENTE
INSV1-06ce62ab53b8d0fe0573d445,INSV1-d4fdc9a152b7cdac026320e9,MATERIAL,u,SEÑAL INFORMATIVA O REGLAMENTARIA AEREA DE ALUMINIO 2mm CON VYNIL REFLECTIVO DE GRADO XI NORMA ASTM D4956 E IMPRESIÓN DIGITAL (INCL. ELEMENTO DE SUJECCION Y ESTRUCTURA DE SOPORTE (30x45 ESTACIONAMIENTO PERSONAS CON MOVILIDAD REDUCIDA),SEÑAL INFORMATIVA O REGLAMENTARIA AEREA DE ALUMINIO 2mm CON VYNIL REFLECTIVO DE GRADO XI NORMA ASTM D4956 E IMPRESIÓN DIGITAL (INCL. ELEMENTO DE SUJECCION Y ESTRUCTURA DE SOPORTE Y TRANSPORTE) (90x30 UNA VIA),93.07,"2,4956,90,30","2,4956,30,45",False,NO_FUSIONAR_AUTOMATICAMENTE,REVISAR_MANUALMENTE
INSV1-aef9668609035b5622a7be29,INSV1-c84c903beb5da53fa9fcfee7,MATERIAL,u,TEE DESAGUE EC D=50mm,TEE DESAGÜE EC D=110mm,93.02,110,50,False,NO_FUSIONAR_AUTOMATICAMENTE,REVISAR_MANUALMENTE
INSV1-7030c981aa34f80fab29794e,INSV1-c87cdd4a505c4a127f1a64d1,MATERIAL,u,KIT SOLDADURA EXOTERMICA 200,SOLDADURA EXOTERMICA #90,93.02,200,90,False,NO_FUSIONAR_AUTOMATICAMENTE,REVISAR_MANUALMENTE
INSV1-6332977f8544f2852f9648ad,INSV1-66982c09397f4ed6c8f519cc,MATERIAL,u,TAPA DE GRAFITO ESFEROIDAL DE 60cm DE DIAMETRO CON RESISTENCIA 125 KN,TAPA DE GRAFITO ESFEROIDAL DE 60cm DIAMETRO 125KN,93.02,"60,125","60,125",True,NO_FUSIONAR_AUTOMATICAMENTE,REVISAR_MANUALMENTE
INSV1-91d7fcb7572c01efb06b9445,INSV1-efe55a5f94e87dc073b8325a,MATERIAL,u,DISYUNTOR 40 A -2 POLOS,"DISYUNTOR 40 A - 3 POLOS, CAJA MOLDEADA",93.02,"40,2","40,3",False,NO_FUSIONAR_AUTOMATICAMENTE,REVISAR_MANUALMENTE
INSV1-2223d6cb25a93d23a4f6740a,INSV1-d1354f2bf91004ba4b3786ff,MATERIAL,u,GABINETE METALICO CON BARRAS PARA PANEL ADM,GABINETE METALICO CON BARRAS PARA PANELES,92.86,,,True,NO_FUSIONAR_AUTOMATICAMENTE,REVISAR_MANUALMENTE
INSV1-8fa88aa9c5cd2873643fe5bf,INSV1-fe9537c34546450ae6faef3a,MATERIAL,u,"CONECTOR EMT 2""","CONECTOR EMT 4""",92.86,4,2,False,NO_FUSIONAR_AUTOMATICAMENTE,REVISAR_MANUALMENTE
INSV1-7ccd0afc950487e922577bc1,INSV1-a91875efb7ef0456462185bf,MATERIAL,m,"TUBO CUADRADO DE ACERO INOXIDABLE DE D=1"" (32mm), E=3mm",TUBO CUADRADO DE ACERO INOXIDABLE 50x50 E=3mm,92.86,"1,32,3","50,50,3",False,NO_FUSIONAR_AUTOMATICAMENTE,REVISAR_MANUALMENTE
INSV1-41eedf53065f238237ec510b,INSV1-d24cbe0d5b797285e8463ae6,MATERIAL,u,CODO 90' PP 3/4 IN ROSCABLE,CODO 90' PP 1 1/4 IN ROSCABLE,92.86,"90,1,1,4","90,3,4",False,NO_FUSIONAR_AUTOMATICAMENTE,REVISAR_MANUALMENTE
INSV1-5e150d1fde4658cbeae623dc,INSV1-d24cbe0d5b797285e8463ae6,MATERIAL,u,CODO 90' PP 1/2 IN ROSCABLE,CODO 90' PP 1 1/4 IN ROSCABLE,92.86,"90,1,1,4","90,1,2",False,NO_FUSIONAR_AUTOMATICAMENTE,REVISAR_MANUALMENTE
INSV1-492caebc9b5eed5b39f5cce1,INSV1-d40385078e05574fe9177130,MATERIAL,m3,HORMIGON SIMPLE F´C= 210 Kg/cm2 (INCLUYE ENCOFRADO),HORMIGON SIMPLE F´C=180 Kg/cm2,92.86,"210,2","180,2",False,NO_FUSIONAR_AUTOMATICAMENTE,REVISAR_MANUALMENTE
INSV1-6ac4595af367d789cd4901fa,INSV1-92b1554ed6ce2b80797b2b33,EQUIPO,h,"BOMBA DE AGUA 2"" (INCL. ACCESORIOS)","BOMBA DE AGUA 4""",92.86,4,2,False,NO_FUSIONAR_AUTOMATICAMENTE,REVISAR_MANUALMENTE
INSV1-061b4a5369964ad3c373773d,INSV1-7682d41e46b75c83933b0532,MATERIAL,u,CODO 45' PP 3/4 IN ROSCABLE,CODO 22.5' PP 3/4 IN ROSCABLE,92.86,"22.5,3,4","45,3,4",False,NO_FUSIONAR_AUTOMATICAMENTE,REVISAR_MANUALMENTE
INSV1-1f6190d24dfcb96d201ab8a5,INSV1-c534fd3abb629e9a35f4daf1,MATERIAL,u,"TUBERIA PVC CORRUGADA D=10"" (250mm) x 6m DOBLE PARED","TUBERIA PVC CORRUGADA D=4"" (110mm) x 6m DOBLE PARED",92.78,"10,250,6","4,110,6",False,NO_FUSIONAR_AUTOMATICAMENTE,REVISAR_MANUALMENTE
INSV1-6bf28a0f6389b22dd9738d6a,INSV1-d65dde956da831d4949dfcbf,MATERIAL,kg,ALAMBRE GALVANIZADO Nro. 18,ALAMBRE GALVANIZADO # 16,92.68,16,18,False,NO_FUSIONAR_AUTOMATICAMENTE,REVISAR_MANUALMENTE
INSV1-067218e0173e99721b92e01a,INSV1-18204bdd046b97cd5d566d53,MANO_OBRA,h,OPERADOR DE EXCAVADORA,OPERADOR MINI EXCAVADORA / MINI CARGADORA CON SUS ADITAMENTOS,92.68,,,True,NO_FUSIONAR_AUTOMATICAMENTE,REVISAR_MANUALMENTE
INSV1-466a79e49604492baa755ff1,INSV1-de534945173c38f90dd0f261,MATERIAL,u,CODO DESAGUE CC 160mm X 90',CODO DESAGUE CC 220mm X 90',92.59,"220,90","160,90",False,NO_FUSIONAR_AUTOMATICAMENTE,REVISAR_MANUALMENTE
INSV1-41eedf53065f238237ec510b,INSV1-5e150d1fde4658cbeae623dc,MATERIAL,u,CODO 90' PP 3/4 IN ROSCABLE,CODO 90' PP 1/2 IN ROSCABLE,92.59,"90,3,4","90,1,2",False,NO_FUSIONAR_AUTOMATICAMENTE,REVISAR_MANUALMENTE
INSV1-12150d683dcf5dd4a1dd3dcf,INSV1-ae61f8dfd20878c5eda4dde4,MATERIAL,m,PERFIL ESTRUCTURAL L 40X6mm,PERFIL ESTRUCTURAL L 50x3mm,92.59,"40,6","50,3",False,NO_FUSIONAR_AUTOMATICAMENTE,REVISAR_MANUALMENTE
INSV1-12150d683dcf5dd4a1dd3dcf,INSV1-69cb8215fc14b0d18d0fbf52,MATERIAL,m,PERFIL ESTRUCTURAL L 40X6mm,PERFIL ESTRUCTURAL L 20X3mm,92.59,"40,6","20,3",False,NO_FUSIONAR_AUTOMATICAMENTE,REVISAR_MANUALMENTE
INSV1-061b4a5369964ad3c373773d,INSV1-41eedf53065f238237ec510b,MATERIAL,u,CODO 45' PP 3/4 IN ROSCABLE,CODO 90' PP 3/4 IN ROSCABLE,92.59,"90,3,4","45,3,4",False,NO_FUSIONAR_AUTOMATICAMENTE,REVISAR_MANUALMENTE
INSV1-592eaaeb9e6b55b1f140fb82,INSV1-99db61a59988e52b3e7ea296,MATERIAL,m2,MALLA ELECTROSOLDADA 10x10cm Ø7.00mm,MALLA ELECTROSOLDADA 15x15cm Ø8.00mm,92.50,"15,15,8.00","10,10,7.00",False,NO_FUSIONAR_AUTOMATICAMENTE,REVISAR_MANUALMENTE
INSV1-20cefc34e5a3731489bff2b9,INSV1-a6bc6928eaaf4bf40e8465d9,MANO_OBRA,h,MAESTRO ELECTRICO/LINIERO/SUBESTACIONES,MAESTRO ELECTRICO / LINIERO / SUBESTACIONES,92.50,,,True,NO_FUSIONAR_AUTOMATICAMENTE,REVISAR_MANUALMENTE
INSV1-5b0974fba21d2d8865684579,INSV1-99db61a59988e52b3e7ea296,MATERIAL,m2,MALLA ELECTROSOLDADA 10x10cm Ø5.00mm,MALLA ELECTROSOLDADA 15x15cm Ø8.00mm,92.50,"15,15,8.00","10,10,5.00",False,NO_FUSIONAR_AUTOMATICAMENTE,REVISAR_MANUALMENTE
INSV1-5b0974fba21d2d8865684579,INSV1-bf9bf8cc4703af07ba5ffd53,MATERIAL,m2,MALLA ELECTROSOLDADA 10x10cm Ø5.00mm,MALLA ELECTROSOLDADA 15x15cm Ø7.00mm,92.50,"15,15,7.00","10,10,5.00",False,NO_FUSIONAR_AUTOMATICAMENTE,REVISAR_MANUALMENTE
INSV1-ccd42dee0afc15b0df93f1de,INSV1-fabcebf53a28ed1bb4a3e571,MATERIAL,u,"CONECTOR PVC 2 1/2""","CONECTOR PVC 1""",92.31,"2,1,2",1,False,NO_FUSIONAR_AUTOMATICAMENTE,REVISAR_MANUALMENTE
INSV1-06ce62ab53b8d0fe0573d445,INSV1-c82cdac0b90e3b7f2cf215ae,MATERIAL,u,SEÑAL INFORMATIVA O REGLAMENTARIA AEREA DE ALUMINIO 2mm CON VYNIL REFLECTIVO DE GRADO XI NORMA ASTM D4956 E IMPRESIÓN DIGITAL (INCL. ELEMENTO DE SUJECCION Y ESTRUCTURA DE SOPORTE (30x45 ESTACIONAMIENTO PERSONAS CON MOVILIDAD REDUCIDA),SEÑAL INFORMATIVA O REGLAMENTARIA AEREA DE ALUMINIO 2mm CON VYNIL REFLECTIVO DE GRADO XI NORMA ASTM D4956 E IMPRESIÓN DIGITAL (INCL. ELEMENTO DE SUJECCION Y ESTRUCTURA DE SOPORTE Y TRANSPORTE) (60x60 DISCO PARE),92.31,"2,4956,60,60","2,4956,30,45",False,NO_FUSIONAR_AUTOMATICAMENTE,REVISAR_MANUALMENTE
INSV1-9afa158300e9fda3597224f0,INSV1-fe9537c34546450ae6faef3a,MATERIAL,u,"CONECTOR EMT 1/2""","CONECTOR EMT 4""",92.31,4,"1,2",False,NO_FUSIONAR_AUTOMATICAMENTE,REVISAR_MANUALMENTE
INSV1-64e316849efc8bcf46f27b16,INSV1-9bbb7aa46b75153449f9fe8b,MATERIAL,u,POSTE 12m X 2000 KGF,POSTE 12m X 500 KGF,92.31,"12,500","12,2000",False,NO_FUSIONAR_AUTOMATICAMENTE,REVISAR_MANUALMENTE
INSV1-8fa88aa9c5cd2873643fe5bf,INSV1-92292921e9231ad709d174ea,MATERIAL,u,"CONECTOR EMT 2""","CONECTOR EMT 3/4""",92.31,2,"3,4",False,NO_FUSIONAR_AUTOMATICAMENTE,REVISAR_MANUALMENTE
INSV1-8fa88aa9c5cd2873643fe5bf,INSV1-be291c361761ca7f571ab30c,MATERIAL,u,"CONECTOR EMT 2""","CONECTOR EMT D=1/2"" (20mm)",92.31,2,"1,2,20",False,NO_FUSIONAR_AUTOMATICAMENTE,REVISAR_MANUALMENTE
INSV1-0fcdc4c4dc1fafc94069e9ab,INSV1-4d09cb3eee5de9fdf0377eec,MATERIAL,u,UNION MECANICA 200mm,UNION MECANICA 90mm,92.31,90,200,False,NO_FUSIONAR_AUTOMATICAMENTE,REVISAR_MANUALMENTE
INSV1-8892b8b7c047da9d5240c810,INSV1-8f43c61e5ca96efa617ab4b5,MATERIAL,m,CABLE DE COBRE TIPO THHN # 250 MCM AWG,CABLE #250 MCM THHN CU,92.31,250,250,True,NO_FUSIONAR_AUTOMATICAMENTE,REVISAR_MANUALMENTE
INSV1-71fafaca7e3ea55e3397b7dc,INSV1-addd2e9f54adf6db11e56fc4,MATERIAL,u,"VARILLA PUESTA A TIERRA BAJADA CAMADA 2,40x5/8""",VARILLA PUESTA A TIERRA ALTA CAMADA,92.31,,"2,40,5,8",False,NO_FUSIONAR_AUTOMATICAMENTE,REVISAR_MANUALMENTE
INSV1-86f07dbb8a1c2170ea34bb1a,INSV1-f08462b01b798bdf283cd4e6,MATERIAL,kg,MICROESFERA TIPO IV,MICROESFERA TIPO III,92.31,,,True,NO_FUSIONAR_AUTOMATICAMENTE,REVISAR_MANUALMENTE
INSV1-0fcdc4c4dc1fafc94069e9ab,INSV1-d7bb5fd94845712e36804cc9,MATERIAL,u,UNION MECANICA 200mm,UNION MECANICA 50mm,92.31,50,200,False,NO_FUSIONAR_AUTOMATICAMENTE,REVISAR_MANUALMENTE
INSV1-466d1d3f2823ab268162ac7c,INSV1-5af02a7ee76fcc6a64686e24,EQUIPO,h,GRUA DE 10 Tn,GRUA DE 20 Tn,92.31,20,10,False,NO_FUSIONAR_AUTOMATICAMENTE,REVISAR_MANUALMENTE
INSV1-1476145cbc90a0b2ce5df8da,INSV1-abf488ccefbd429b59072986,MATERIAL,u,"CODO PVC ROSCABLE 1/2"" x 90'","CODO PVC 2 1/2""",92.31,"1,2,90","2,1,2",False,NO_FUSIONAR_AUTOMATICAMENTE,REVISAR_MANUALMENTE
INSV1-49dfc0aa4069ed5d6a1234e3,INSV1-6e7a4fac98395a8c69a766b1,MATERIAL,u,CODO 45' PP 2 IN ROSCABLE,CODO 22.5' PP 2 IN ROSCABLE,92.31,"22.5,2","45,2",False,NO_FUSIONAR_AUTOMATICAMENTE,REVISAR_MANUALMENTE
INSV1-e88d9df6caba3d301b17bcc5,INSV1-fabcebf53a28ed1bb4a3e571,MATERIAL,u,"CONECTOR PVC 3/4""","CONECTOR PVC 1""",92.31,"3,4",1,False,NO_FUSIONAR_AUTOMATICAMENTE,REVISAR_MANUALMENTE
INSV1-be291c361761ca7f571ab30c,INSV1-fe9537c34546450ae6faef3a,MATERIAL,u,"CONECTOR EMT D=1/2"" (20mm)","CONECTOR EMT 4""",92.31,4,"1,2,20",False,NO_FUSIONAR_AUTOMATICAMENTE,REVISAR_MANUALMENTE
INSV1-597dd9ff18fc99711f511846,INSV1-5e2982bfb31f2d6e1f9b3f6e,MATERIAL,u,SEÑALETICA VERTICAL DE SENTIDO VIAL (INCLUYE POSTE Y ACCESORIOS DE FIJACION),"SEÑALETICA VERTICAL ""GIRO EN U"" (INCLUYE POSTE Y ACCESORIOS DE FIJACION)",92.09,,,True,NO_FUSIONAR_AUTOMATICAMENTE,REVISAR_MANUALMENTE
INSV1-5e2982bfb31f2d6e1f9b3f6e,INSV1-f3bd02245b8e4ed675e21a35,MATERIAL,u,"SEÑALETICA VERTICAL ""GIRO EN U"" (INCLUYE POSTE Y ACCESORIOS DE FIJACION)","SEÑALETICA VERTICAL ""ESTACIONAMIENTO RESERVADO PARA DISCAPACITADOS"" (INCLUYE POSTE Y ACCESORIOS DE FIJACION)",92.06,,,True,NO_FUSIONAR_AUTOMATICAMENTE,REVISAR_MANUALMENTE
INSV1-1c1195fb85b62c6d97b8d97b,INSV1-5e2982bfb31f2d6e1f9b3f6e,MATERIAL,u,"SEÑALETICA VERTICAL ""LIMITE DE VELOCIDAD"" (INCLUYE POSTE Y ACCESORIOS DE FIJACION)","SEÑALETICA VERTICAL ""GIRO EN U"" (INCLUYE POSTE Y ACCESORIOS DE FIJACION)",92.06,,,True,NO_FUSIONAR_AUTOMATICAMENTE,REVISAR_MANUALMENTE
INSV1-0a2186a371d58ecaa7b804c1,INSV1-5e2982bfb31f2d6e1f9b3f6e,MATERIAL,u,"SEÑALETICA VERTICAL ""BIFURCACION IZQUIERDA"" (INCLUYE POSTE Y ACCESORIOS DE FIJACION)","SEÑALETICA VERTICAL ""GIRO EN U"" (INCLUYE POSTE Y ACCESORIOS DE FIJACION)",92.06,,,True,NO_FUSIONAR_AUTOMATICAMENTE,REVISAR_MANUALMENTE
INSV1-552aff17b8f06de18dd5863a,INSV1-5e2982bfb31f2d6e1f9b3f6e,MATERIAL,u,"SEÑALETICA VERTICAL ""APROXIMACION A REDONDEL"" (INCLUYE POSTE Y ACCESORIOS DE FIJACION)","SEÑALETICA VERTICAL ""GIRO EN U"" (INCLUYE POSTE Y ACCESORIOS DE FIJACION)",92.06,,,True,NO_FUSIONAR_AUTOMATICAMENTE,REVISAR_MANUALMENTE
INSV1-5e2982bfb31f2d6e1f9b3f6e,INSV1-ad3d846947acc436c5b0a82f,MATERIAL,u,"SEÑALETICA VERTICAL ""GIRO EN U"" (INCLUYE POSTE Y ACCESORIOS DE FIJACION)","SEÑALETICA VERTICAL ""NO DETENER/NO ESTACIONAR"" (INCLUYE POSTE Y ACCESORIOS DE FIJACION)",92.06,,,True,NO_FUSIONAR_AUTOMATICAMENTE,REVISAR_MANUALMENTE
INSV1-5e150d1fde4658cbeae623dc,INSV1-7befb8d849a2ac5d85eccf7c,MATERIAL,u,CODO 90' PP 1/2 IN ROSCABLE,CODO 45' PP 2 1/2 IN ROSCABLE,92.00,"45,2,1,2","90,1,2",False,NO_FUSIONAR_AUTOMATICAMENTE,REVISAR_MANUALMENTE
INSV1-061b4a5369964ad3c373773d,INSV1-7befb8d849a2ac5d85eccf7c,MATERIAL,u,CODO 45' PP 3/4 IN ROSCABLE,CODO 45' PP 2 1/2 IN ROSCABLE,92.00,"45,2,1,2","45,3,4",False,NO_FUSIONAR_AUTOMATICAMENTE,REVISAR_MANUALMENTE
INSV1-41eedf53065f238237ec510b,INSV1-7682d41e46b75c83933b0532,MATERIAL,u,CODO 90' PP 3/4 IN ROSCABLE,CODO 22.5' PP 3/4 IN ROSCABLE,92.00,"22.5,3,4","90,3,4",False,NO_FUSIONAR_AUTOMATICAMENTE,REVISAR_MANUALMENTE
INSV1-086b987b6bdbeaa73c32772c,INSV1-49dfc0aa4069ed5d6a1234e3,MATERIAL,u,CODO 90' PP 2 IN ROSCABLE,CODO 45' PP 2 IN ROSCABLE,92.00,"45,2","90,2",False,NO_FUSIONAR_AUTOMATICAMENTE,REVISAR_MANUALMENTE
INSV1-b2ff905410180303f6cc4b65,INSV1-d2b954901b67aebc50eeca5b,MATERIAL,u,TABLA DE ENCOFRADO,"TABLA DE ENCOFRADO SEMIDURA (20,00cm X 2,00 cm X 4,00m)",100.00,,"20,00,2,00,4,00",False,NO_FUSIONAR_AUTOMATICAMENTE,REVISAR_MANUALMENTE
INSV1-4688e165c7aa869a9bc318a0,INSV1-f91d37e379e1829967ffee06,MATERIAL,u,DISCO DE CORTE D=180mm,DISCO DE CORTE,100.00,180,,False,NO_FUSIONAR_AUTOMATICAMENTE,REVISAR_MANUALMENTE
INSV1-5016e7220b834d069fbe05cc,INSV1-7f10edf1f2c12abc99c07c56,MATERIAL,u,DISYUNTOR 30 A - 2 POLOS,DISYUNTOR 2F 30 A - 2 POLOS,100.00,"30,2","2,30,2",False,NO_FUSIONAR_AUTOMATICAMENTE,REVISAR_MANUALMENTE
INSV1-08063c3a351aefd8efafd009,INSV1-fdbc1d35f72d19a583ee3a26,MATERIAL,u,ELEMENTOS DE SUJECION,"PROVISION E INSTALACION DE SEÑAL VERTICAL INFORMATIVA O REGLAMENTARIA DE ALUMINIO DE 2mm CON VYNIL REFLECTIVO DE GRADO XI NORMA ASTM D4956 E IMPRESIÓN DIGITAL (INCL. ELEMENTOS DE SUJECION, ESTRUCTURA Y SOPORTE 60x60 (SOLO MOTOCICLETAS))",100.00,"2,4956,60,60",,False,NO_FUSIONAR_AUTOMATICAMENTE,REVISAR_MANUALMENTE
INSV1-9afa158300e9fda3597224f0,INSV1-be291c361761ca7f571ab30c,MATERIAL,u,"CONECTOR EMT 1/2""","CONECTOR EMT D=1/2"" (20mm)",100.00,"1,2","1,2,20",False,NO_FUSIONAR_AUTOMATICAMENTE,REVISAR_MANUALMENTE
INSV1-87d77fe3d688f727b9434fc0,INSV1-c8d3746a0ad244344695d6fb,MATERIAL,u,DISYUNTOR 2F 20 A - 2 POLOS,DISYUNTOR 20 A - 2 POLOS,100.00,"20,2","2,20,2",False,NO_FUSIONAR_AUTOMATICAMENTE,REVISAR_MANUALMENTE
INSV1-00685de80864fb99666efe93,INSV1-2fd9cf289218ccf771ba937a,MATERIAL,u,GABINETE METALICO,"GABINETE METALICO CON BARRAS PARA TABLEROS TCB, TDB",100.00,,,True,NO_FUSIONAR_AUTOMATICAMENTE,REVISAR_MANUALMENTE
INSV1-78c060a776bfdaf66e9318b4,INSV1-abf488ccefbd429b59072986,MATERIAL,u,"CODO PVC PRESION E/C DE D=2 1/2"" (Ø75mm) x 90°","CODO PVC 2 1/2""",100.00,"2,1,2","2,1,2,75,90",False,NO_FUSIONAR_AUTOMATICAMENTE,REVISAR_MANUALMENTE
INSV1-10c502af96146311cc3b2323,INSV1-55a8e8deaf67762e9ad712b0,MATERIAL,u,VARIOS,"ACCESORIOS VARIOS (TIRAFONDO, GANCHOS, TUERCAS GALVANIZADA, ETC)",100.00,,,True,NO_FUSIONAR_AUTOMATICAMENTE,REVISAR_MANUALMENTE
INSV1-10c502af96146311cc3b2323,INSV1-b57cbf220a5ee8d054b2acc1,MATERIAL,u,VARIOS,"DISEÑO ""MINUSVALIDO"" 1,7x1,8m EN TERMOPLASTICO PREFORMADO DE E=2,3mm COLOR BLANCO O AMARILLO (INCL. INSUMO VARIOS)",100.00,,"1,7,1,8,2,3",False,NO_FUSIONAR_AUTOMATICAMENTE,REVISAR_MANUALMENTE
INSV1-069cc942dd55c73352cf4ca6,INSV1-10c502af96146311cc3b2323,MATERIAL,u,VARIOS ELEMENTOS DE SUJECION,VARIOS,100.00,,,True,NO_FUSIONAR_AUTOMATICAMENTE,REVISAR_MANUALMENTE
INSV1-08063c3a351aefd8efafd009,INSV1-6ba13ca64f547728cbdc93fd,MATERIAL,u,ELEMENTOS DE SUJECION,PROVISION E INSTALACION DE SEÑAL VERTICAL INFORMATIVA O REGLAMENTARIA DE ALUMINIO DE 2mm CON VYNIL REFLECTIVO DE GRADO XI NORMA ASTM D4956 E IMPRESIÓN DIGITAL (INCL. ELEMENTOS DE SUJECION Y ESTRUCTURA Y SOPORTE 75x75 (LIMITE DE VELOCIDAD MAXIMA),100.00,,"2,4956,75,75",False,NO_FUSIONAR_AUTOMATICAMENTE,REVISAR_MANUALMENTE
INSV1-79bdca02909ab01a9cd96152,INSV1-e8c3a5cfd7ae623020324af7,MATERIAL,u,"CODO RIGIDO 1 1/4""","CODO METALICO RIGIDO D= 1 1/4"" (Ø40mm)",100.00,"1,1,4","1,1,4,40",False,NO_FUSIONAR_AUTOMATICAMENTE,REVISAR_MANUALMENTE
INSV1-08063c3a351aefd8efafd009,INSV1-c0117f08afc2bfc00329d523,MATERIAL,u,ELEMENTOS DE SUJECION,PROVISION E INSTALACION DE SEÑAL VERTICAL INFORMATIVA O REGLAMENTARIA DE ALUMINIO DE 2mm CON VYNIL REFLECTIVO DE GRADO XI NORMA ASTM D4956 E IMPRESIÓN DIGITAL (INCL. ELEMENTOS DE SUJECION Y ESTRUCTURA Y SOPORTE 60x60 (PROHIBIDO ESTACIONAR),100.00,,"2,4956,60,60",False,NO_FUSIONAR_AUTOMATICAMENTE,REVISAR_MANUALMENTE
INSV1-08063c3a351aefd8efafd009,INSV1-8844e116b63471d5f2f57333,MATERIAL,u,ELEMENTOS DE SUJECION,PROVISION E INSTALACION DE SEÑAL VERTICAL INFORMATIVA O REGLAMENTARIA DE ALUMINIO DE 2mm CON VYNIL REFLECTIVO DE GRADO XI NORMA ASTM D4956 E IMPRESIÓN DIGITAL (INCL. ELEMENTOS DE SUJECION Y ESTRUCTURA Y SOPORTE 90x30 (DOBLE VIA),100.00,,"2,4956,90,30",False,NO_FUSIONAR_AUTOMATICAMENTE,REVISAR_MANUALMENTE
INSV1-44e1f3e147858da47900d227,INSV1-d9877a05471cb0d1695fb8a9,MATERIAL,u,"TUBO CONDUIT EMT METAL D=2"" (63mm) x 3m","TUBO EMT 2""",100.00,2,"2,63,3",False,NO_FUSIONAR_AUTOMATICAMENTE,REVISAR_MANUALMENTE
INSV1-08063c3a351aefd8efafd009,INSV1-9acc8e71d48c855806792aa2,MATERIAL,u,ELEMENTOS DE SUJECION,"PROVISION E INSTALACION DE SEÑAL VERTICAL INFORMATIVA O REGLAMENTARIA DE ALUMINIO DE 2mm CON VYNIL REFLECTIVO DE GRADO XI NORMA ASTM D4956 E IMPRESIÓN DIGITAL (INCL. ELEMENTOS DE SUJECION, ESTRUCTURA Y SOPORTE 60x60 (NO ENTRE)",100.00,,"2,4956,60,60",False,NO_FUSIONAR_AUTOMATICAMENTE,REVISAR_MANUALMENTE
INSV1-8b479e90784ef699ff53536c,INSV1-b049f2184c597608f2d7723f,MATERIAL,u,SUSTRATO ORGANICO (TIERRA VEGETAL 60% CON LIMO O ARCILLA FINA 40%),SUSTRATO ORGANICO (TIERRA VEGETAL 40%),100.00,40,"60,40",False,NO_FUSIONAR_AUTOMATICAMENTE,REVISAR_MANUALMENTE
INSV1-00685de80864fb99666efe93,INSV1-7af010f9d46fed17f69a3635,MATERIAL,u,GABINETE METALICO,GABINETE METALICO CON BARRAS PARA PANEL PSG Y PDK,100.00,,,True,NO_FUSIONAR_AUTOMATICAMENTE,REVISAR_MANUALMENTE
INSV1-08063c3a351aefd8efafd009,INSV1-b1d0f6afc5ef7767dbe3e0ba,MATERIAL,u,ELEMENTOS DE SUJECION,"PROVISION E INSTALACION DE SEÑAL VERTICAL INFORMATIVA O REGLAMENTARIA DE ALUMINIO DE 2mm CON VYNIL REFLECTIVO DE GRADO XI NORMA ASTM D4956 E IMPRESIÓN DIGITAL (INCL. ELEMENTOS DE SUJECION, ESTRUCTURA Y SOPORTE 60x60 (SOLO BICICLETAS)",100.00,,"2,4956,60,60",False,NO_FUSIONAR_AUTOMATICAMENTE,REVISAR_MANUALMENTE
INSV1-00685de80864fb99666efe93,INSV1-d1354f2bf91004ba4b3786ff,MATERIAL,u,GABINETE METALICO,GABINETE METALICO CON BARRAS PARA PANELES,100.00,,,True,NO_FUSIONAR_AUTOMATICAMENTE,REVISAR_MANUALMENTE
INSV1-00685de80864fb99666efe93,INSV1-2223d6cb25a93d23a4f6740a,MATERIAL,u,GABINETE METALICO,GABINETE METALICO CON BARRAS PARA PANEL ADM,100.00,,,True,NO_FUSIONAR_AUTOMATICAMENTE,REVISAR_MANUALMENTE
INSV1-56dad810329b2f5ddaa64171,INSV1-cd253709a95317e268e72c47,EQUIPO,%MO,HERRAMIENTA MENOR (5% MO),HERRAMIENTA MENOR,100.00,5,,False,NO_FUSIONAR_AUTOMATICAMENTE,REVISAR_MANUALMENTE
INSV1-71ef05584d4b3efc726d752d,INSV1-e3f04d5e4a4f754a0880f595,MATERIAL,u,TEE DE 3” PVC,"TEE DE PVC D= 4"" (Ø110mm) x 3"" (Ø90mm)",100.00,3,"4,110,3,90",False,NO_FUSIONAR_AUTOMATICAMENTE,REVISAR_MANUALMENTE
INSV1-92e68f56bbbcd0f1b054aa2f,INSV1-d76a5379cc8dd909573d5c3d,MATERIAL,u,BASE DE HORMIGON,"PROVISION E INSTALACION DE MODULO PARA PARQUEO DE BICICLETAS TUBO DE ACERO INOXIDABLE D=2"" E=2mm (INCL. BASE DE HORMIGON)",100.00,,"2,2",False,NO_FUSIONAR_AUTOMATICAMENTE,REVISAR_MANUALMENTE
INSV1-5c39998864a5646442cfb616,INSV1-ac942737a85126b8aba4f47f,MATERIAL,m,TUBERIA PP UNION ROSCABLE DI=1/2 plg 1.25 MPA,TUBERIA PP UNION ROSCABLE DI=1 1/2 plg 1.25 MPA,100.00,"1,1,2,1.25","1,2,1.25",False,NO_FUSIONAR_AUTOMATICAMENTE,REVISAR_MANUALMENTE
INSV1-1d5e21c4106779af04936551,INSV1-aab942070419e33cc784fdb9,MATERIAL,m2,ENCOFRADO,ENCOFRADO METALICO PARA VIAS,100.00,,,True,NO_FUSIONAR_AUTOMATICAMENTE,REVISAR_MANUALMENTE
INSV1-0c0f31070f8ec0335fd8e5da,INSV1-6e32846a4977a6e76cea719d,MATERIAL,m2,CERAMICA DE PARED COLOR CAFE 30x60cm,CERAMICA DE PARED 30x60cm,100.00,"30,60","30,60",True,NO_FUSIONAR_AUTOMATICAMENTE,REVISAR_MANUALMENTE
INSV1-d77e9d0a85b88451ee58ed31,INSV1-f07b65a5021b13a77665ecc9,MATERIAL,m2,"PORCELANATO , CERAMICA, BALDOSA 30x30cm",CERAMICA 30x30cm,100.00,"30,30","30,30",True,NO_FUSIONAR_AUTOMATICAMENTE,REVISAR_MANUALMENTE
INSV1-1f79b505cd784a0e8a562c8e,INSV1-4e68dfb648aa3d5ab8c4b423,MATERIAL,m2,PORCELANATO 30x60cm,PORCELANATO 30x60cm GRIS/ANTRACITA/ARENA,100.00,"30,60","30,60",True,NO_FUSIONAR_AUTOMATICAMENTE,REVISAR_MANUALMENTE
INSV1-69cb8215fc14b0d18d0fbf52,INSV1-d75bc4b25de0e4e19876754c,MATERIAL,m,PERFIL ESTRUCTURAL L 20X3mm,PERFIL ESTRUCTURAL L 20x3mm ACERO INOXIDABLE,100.00,"20,3","20,3",True,NO_FUSIONAR_AUTOMATICAMENTE,REVISAR_MANUALMENTE
INSV1-5c39998864a5646442cfb616,INSV1-7de9ac4f51cb827e407b26d3,MATERIAL,m,TUBERIA PP UNION ROSCABLE DI=1/2 plg 1.25 MPA,TUBERIA PP UNION ROSCABLE DI=2 1/2 plg 1.25 MPA,100.00,"1,2,1.25","2,1,2,1.25",False,NO_FUSIONAR_AUTOMATICAMENTE,REVISAR_MANUALMENTE
INSV1-7de9ac4f51cb827e407b26d3,INSV1-d31f39739052d50f5581250e,MATERIAL,m,TUBERIA PP UNION ROSCABLE DI=2 1/2 plg 1.25 MPA,TUBERIA PP UNION ROSCABLE DI=2 plg 1.25 MPA,100.00,"2,1.25","2,1,2,1.25",False,NO_FUSIONAR_AUTOMATICAMENTE,REVISAR_MANUALMENTE
INSV1-1d9d04f4a4624e1da6a1cd9e,INSV1-a8a16aa255013ed14e59c60a,MATERIAL,m2,PLACA DE ACERO INOXIDABLE E=6mm,PLACA 6mm,100.00,6,6,True,NO_FUSIONAR_AUTOMATICAMENTE,REVISAR_MANUALMENTE
INSV1-2ef93473625a0fb55a2bf1e3,INSV1-3b4795e9fe668dfd88e65740,MATERIAL,m,TUBERIA PP UNION ROSCABLE DI=1 1/4 plg 1.25 MPA,TUBERIA PP UNION ROSCABLE DI=1 plg 1.25 MPA,100.00,"1,1.25","1,1,4,1.25",False,NO_FUSIONAR_AUTOMATICAMENTE,REVISAR_MANUALMENTE
INSV1-3b4795e9fe668dfd88e65740,INSV1-ac942737a85126b8aba4f47f,MATERIAL,m,TUBERIA PP UNION ROSCABLE DI=1 plg 1.25 MPA,TUBERIA PP UNION ROSCABLE DI=1 1/2 plg 1.25 MPA,100.00,"1,1.25","1,1,2,1.25",False,NO_FUSIONAR_AUTOMATICAMENTE,REVISAR_MANUALMENTE
INSV1-6bf28a0f6389b22dd9738d6a,INSV1-a02dac399444a4262343581d,MATERIAL,kg,ALAMBRE GALVANIZADO Nro. 18,ALAMBRE GALVANIZADO # 18,100.00,18,18,True,NO_FUSIONAR_AUTOMATICAMENTE,REVISAR_MANUALMENTE
INSV1-fbdb6f4a9a2426c31001fb07,INSV1-ffdee1241660e674bf48e081,MATERIAL,kg,MORTERO DE PORCELANATO,"MORTERO SIN ARENA CON POLIMERO PARA EMPORAR JUNTAS DE 1.5mm A 6.00mm PARA PORCELANATO, CERAMICA Y BALDOSA",100.00,,"1.5,6.00",False,NO_FUSIONAR_AUTOMATICAMENTE,REVISAR_MANUALMENTE
INSV1-2b1fd68a00050d2f37674891,INSV1-dfd9503543b700e0993a7692,MATERIAL,kg,ACERO DE REFUERZO FY=4200 Kg/cm2,ACERO DE REFUERZO EN BARRAS FY=4200 Kg/cm2,100.00,"4200,2","4200,2",True,NO_FUSIONAR_AUTOMATICAMENTE,REVISAR_MANUALMENTE
INSV1-3e6e72469e98f50a4b294b19,INSV1-a9f4304ab8b6ac10007a39a0,MATERIAL,kg,SOLDADURA,SOLDADURA E-6011,100.00,,6011,False,NO_FUSIONAR_AUTOMATICAMENTE,REVISAR_MANUALMENTE
INSV1-1d5e21c4106779af04936551,INSV1-77306c0f5ea47963c0515aaf,MATERIAL,m2,ENCOFRADO,ENCOFRADO METALICO,100.00,,,True,NO_FUSIONAR_AUTOMATICAMENTE,REVISAR_MANUALMENTE
INSV1-77306c0f5ea47963c0515aaf,INSV1-aab942070419e33cc784fdb9,MATERIAL,m2,ENCOFRADO METALICO,ENCOFRADO METALICO PARA VIAS,100.00,,,True,NO_FUSIONAR_AUTOMATICAMENTE,REVISAR_MANUALMENTE
INSV1-5c5eafca1aae4f4f8945cf95,INSV1-5e2982bfb31f2d6e1f9b3f6e,MATERIAL,u,ACCESORIOS DE FIJACION,"SEÑALETICA VERTICAL ""GIRO EN U"" (INCLUYE POSTE Y ACCESORIOS DE FIJACION)",100.00,,,True,NO_FUSIONAR_AUTOMATICAMENTE,REVISAR_MANUALMENTE
INSV1-5c5eafca1aae4f4f8945cf95,INSV1-d5c91fed6e9245bbf548c7bb,MATERIAL,u,ACCESORIOS DE FIJACION,"LETRAS CORPOREAS AUTOILUMINADAS ""MALECON AURORA"" SOBRE PILARES DE INGRESO PRINCIPAL (INCLUYE ACCESORIOS DE FIJACION)",100.00,,,True,NO_FUSIONAR_AUTOMATICAMENTE,REVISAR_MANUALMENTE
INSV1-0a2186a371d58ecaa7b804c1,INSV1-5c5eafca1aae4f4f8945cf95,MATERIAL,u,"SEÑALETICA VERTICAL ""BIFURCACION IZQUIERDA"" (INCLUYE POSTE Y ACCESORIOS DE FIJACION)",ACCESORIOS DE FIJACION,100.00,,,True,NO_FUSIONAR_AUTOMATICAMENTE,REVISAR_MANUALMENTE
INSV1-597dd9ff18fc99711f511846,INSV1-5c5eafca1aae4f4f8945cf95,MATERIAL,u,SEÑALETICA VERTICAL DE SENTIDO VIAL (INCLUYE POSTE Y ACCESORIOS DE FIJACION),ACCESORIOS DE FIJACION,100.00,,,True,NO_FUSIONAR_AUTOMATICAMENTE,REVISAR_MANUALMENTE
INSV1-40e767dd453e2328f6b45661,INSV1-5c5eafca1aae4f4f8945cf95,MATERIAL,u,"SEÑALETICA VERTICAL ""PARE"" (INCLUYE POSTE Y ACCESORIOS DE FIJACION)",ACCESORIOS DE FIJACION,100.00,,,True,NO_FUSIONAR_AUTOMATICAMENTE,REVISAR_MANUALMENTE
INSV1-5c5eafca1aae4f4f8945cf95,INSV1-7c7fc245b55265a611447800,MATERIAL,u,ACCESORIOS DE FIJACION,"SEÑALETICA VERTICAL ""PEATON"" (INCLUYE POSTE Y ACCESORIOS DE FIJACION)",100.00,,,True,NO_FUSIONAR_AUTOMATICAMENTE,REVISAR_MANUALMENTE
INSV1-5c5eafca1aae4f4f8945cf95,INSV1-ad3d846947acc436c5b0a82f,MATERIAL,u,ACCESORIOS DE FIJACION,"SEÑALETICA VERTICAL ""NO DETENER/NO ESTACIONAR"" (INCLUYE POSTE Y ACCESORIOS DE FIJACION)",100.00,,,True,NO_FUSIONAR_AUTOMATICAMENTE,REVISAR_MANUALMENTE
INSV1-1c1195fb85b62c6d97b8d97b,INSV1-5c5eafca1aae4f4f8945cf95,MATERIAL,u,"SEÑALETICA VERTICAL ""LIMITE DE VELOCIDAD"" (INCLUYE POSTE Y ACCESORIOS DE FIJACION)",ACCESORIOS DE FIJACION,100.00,,,True,NO_FUSIONAR_AUTOMATICAMENTE,REVISAR_MANUALMENTE
INSV1-5c5eafca1aae4f4f8945cf95,INSV1-63a9c5bd449400d326941157,MATERIAL,u,ACCESORIOS DE FIJACION,DELINEADOR VERTICAL (INCLUYE ACCESORIOS DE FIJACION),100.00,,,True,NO_FUSIONAR_AUTOMATICAMENTE,REVISAR_MANUALMENTE
INSV1-0db8625bf787b7ef61edff42,INSV1-f9ec6f80214f44d52f622b32,MATERIAL,m3,HORMIGON PREMEZCLADO BOMBEABLE AUTOCOMPACTANTE F´C=350 Kg/cm2 CON INHIBIDOR DE CORROSION DE ALTA RESISTENCIA INICIAL,HORMIGON PREMEZCLADO F´C= 350 Kg/cm2 BOMBEABLE,100.00,"350,2","350,2",True,NO_FUSIONAR_AUTOMATICAMENTE,REVISAR_MANUALMENTE
INSV1-51171b85f75dd64c0cfa2969,INSV1-91c3c39c04cfbe44f5181478,MATERIAL,u,LIJA #240,LIJA DE AGUA # 240,100.00,240,240,True,NO_FUSIONAR_AUTOMATICAMENTE,REVISAR_MANUALMENTE
INSV1-bef504fe434a284df4ab131f,INSV1-d7dd616ef657bd73b9c60bde,MATERIAL,u,CAÑAS,CAÑAS PICADAS,100.00,,,True,NO_FUSIONAR_AUTOMATICAMENTE,REVISAR_MANUALMENTE
INSV1-47c8fbd276f102b3b95bdbce,INSV1-d9e266c454d4905f38a6a818,MATERIAL,m3,ARENA FINA; PUESTA EN SITIO,ARENA FINA,100.00,,,True,NO_FUSIONAR_AUTOMATICAMENTE,REVISAR_MANUALMENTE
INSV1-43e7c429e5b3dd5af6d92997,INSV1-47c8fbd276f102b3b95bdbce,MATERIAL,m3,ARENA PUESTA EN SITIO,ARENA FINA; PUESTA EN SITIO,100.00,,,True,NO_FUSIONAR_AUTOMATICAMENTE,REVISAR_MANUALMENTE
INSV1-08ea5486625e86b5b1aebcd1,INSV1-b95e439967a54a26a7980e3c,MATERIAL,m3,HORMIGON PREMEZCLADO 4.5 MPA,HORMIGON 4.5 MPA,100.00,4.5,4.5,True,NO_FUSIONAR_AUTOMATICAMENTE,REVISAR_MANUALMENTE
INSV1-96bd0c9f6c2874f39885f971,INSV1-da1350265cc0d2aea5ca04ed,MATERIAL,m3,MATERIAL SUB BASE CLASE 1A PUESTO EN SITIO,MATERIAL BASE CLASE 1A PUESTO EN SITIO,100.00,1,1,True,NO_FUSIONAR_AUTOMATICAMENTE,REVISAR_MANUALMENTE
INSV1-3e6e72469e98f50a4b294b19,INSV1-892e1456e183f75da548d5ff,MATERIAL,kg,SOLDADURA,"SOLDADURA 60/11X1/8""",100.00,,"60,11,1,8",False,NO_FUSIONAR_AUTOMATICAMENTE,REVISAR_MANUALMENTE
INSV1-3e6e72469e98f50a4b294b19,INSV1-5b10d17847c73ece00657e86,MATERIAL,kg,SOLDADURA,SOLDADURA E 6011,100.00,,6011,False,NO_FUSIONAR_AUTOMATICAMENTE,REVISAR_MANUALMENTE
INSV1-05afe3c67a71d219cd80920a,INSV1-3e6e72469e98f50a4b294b19,MATERIAL,kg,SOLDADURA INOXIDABLE,SOLDADURA,100.00,,,True,NO_FUSIONAR_AUTOMATICAMENTE,REVISAR_MANUALMENTE
INSV1-56db915a08387177b46e28e0,INSV1-94cbb27b20338002aa3a192b,EQUIPO,h,AMOLADORA,AMOLADORA DE DISCO PARA HORMIGON,100.00,,,True,NO_FUSIONAR_AUTOMATICAMENTE,REVISAR_MANUALMENTE
INSV1-0ebc369d8dc4b3c67097ec5b,INSV1-bcf16c5b8a6e9177df695316,EQUIPO,h,ESCALERA,ESCALERA TELESCOPICA CON CINTURON DE SEGURIDAD,100.00,,,True,NO_FUSIONAR_AUTOMATICAMENTE,REVISAR_MANUALMENTE
INSV1-45312f775316965bcdc0c8c4,INSV1-91237982d3b34743eca66720,EQUIPO,h,CAMION PARA ABASTECIMIENTO Y SUPERVISION,CAMION,100.00,,,True,NO_FUSIONAR_AUTOMATICAMENTE,REVISAR_MANUALMENTE
INSV1-91237982d3b34743eca66720,INSV1-c97f0cad41a425805dc0c725,EQUIPO,h,CAMION,CAMION DISTRIBUIDOR DE ASFALTO,100.00,,,True,NO_FUSIONAR_AUTOMATICAMENTE,REVISAR_MANUALMENTE
INSV1-3201e1792fa8f42ff43a89a1,INSV1-91237982d3b34743eca66720,EQUIPO,h,CAMION GRUA,CAMION,100.00,,,True,NO_FUSIONAR_AUTOMATICAMENTE,REVISAR_MANUALMENTE
INSV1-d28905ba0439009ea834b5b0,INSV1-e9a8fe709865612fcdfe0134,EQUIPO,h,SOPLADORA DE ALTO DESEMPEÑO 2 HP,SOPLADORA DE ALTO DESEMPEÑO,100.00,,2,False,NO_FUSIONAR_AUTOMATICAMENTE,REVISAR_MANUALMENTE
INSV1-b31a936441887422285fff03,INSV1-ecaf735172cc35a085004631,EQUIPO,h,MINICARGADOR CON MARTILLO ROMPEDOR,MINICARGADOR,100.00,,,True,NO_FUSIONAR_AUTOMATICAMENTE,REVISAR_MANUALMENTE
INSV1-7c6ea3c042958c72a92da750,INSV1-a57420f0d1babf0465870c69,EQUIPO,h,VIBRADOR,VIBRADOR CON MANGUERA,100.00,,,True,NO_FUSIONAR_AUTOMATICAMENTE,REVISAR_MANUALMENTE
INSV1-3e6e72469e98f50a4b294b19,INSV1-94cb93d16a8b6592d390d8fb,MATERIAL,kg,SOLDADURA,SOLDADURA E 7018,100.00,,7018,False,NO_FUSIONAR_AUTOMATICAMENTE,REVISAR_MANUALMENTE
INSV1-7c6ea3c042958c72a92da750,INSV1-af835662328dfccdc76013a8,EQUIPO,h,VIBRADOR,VIBRADOR DE MANGUERA,100.00,,,True,NO_FUSIONAR_AUTOMATICAMENTE,REVISAR_MANUALMENTE
INSV1-25d046dbfa2f6d3b4788f1f5,INSV1-d8feae23aef2cc3f444b83f7,EQUIPO,h,GRUA MOVIL,GRUA PLUMA MOVIL,100.00,,,True,NO_FUSIONAR_AUTOMATICAMENTE,REVISAR_MANUALMENTE
INSV1-78e332f7cdb942a8d19d5dfd,INSV1-c6175a6474cdb875a533f1bf,EQUIPO,h,SOLDADORA,SOLDADORA ELECTRICA 300 A,100.00,,300,False,NO_FUSIONAR_AUTOMATICAMENTE,REVISAR_MANUALMENTE
INSV1-3aafb0d3fb39354724fd1708,INSV1-7fcf1eb12e9d1b32865c4b04,EQUIPO,h,COMPRESOR,COMPRESOR + SOPLETE,100.00,,,True,NO_FUSIONAR_AUTOMATICAMENTE,REVISAR_MANUALMENTE
INSV1-3aafb0d3fb39354724fd1708,INSV1-c1df6cd0d55ab50d18ced03b,EQUIPO,h,COMPRESOR,COMPRESOR (INC. SOPLETE),100.00,,,True,NO_FUSIONAR_AUTOMATICAMENTE,REVISAR_MANUALMENTE
INSV1-82068bdb5cf375419fd4c814,INSV1-fce8616639286680f4e652e9,EQUIPO,h,TANQUERO,TANQUERO DE AGUA,100.00,,,True,NO_FUSIONAR_AUTOMATICAMENTE,REVISAR_MANUALMENTE
INSV1-25373e7148a8cb0802cc05a9,INSV1-26bc4be30a20b37f6016bfa1,EQUIPO,h,ANDAMIO,ANDAMIO METALICO,100.00,,,True,NO_FUSIONAR_AUTOMATICAMENTE,REVISAR_MANUALMENTE
INSV1-5ddbb8abcf94bc340e3849a3,INSV1-cba4a0cb3ef55699a0d77ce4,EQUIPO,h,CONCRETERA DE 1 SACO,CONCRETERA,100.00,1,,False,NO_FUSIONAR_AUTOMATICAMENTE,REVISAR_MANUALMENTE
INSV1-465f5c4b026975b41f3caa57,INSV1-590b35cd0cccad0020a1bd20,EQUIPO,h,RODILLO DOBLE TAMBOR,RODILLO DOBLE TAMBOR MANUAL,100.00,,,True,NO_FUSIONAR_AUTOMATICAMENTE,REVISAR_MANUALMENTE
INSV1-c557c174d674a5fb625dedba,INSV1-d417aab8e1723e8885aa6b20,EQUIPO,h,TALADRO,TALADRO ELECTRICO,100.00,,,True,NO_FUSIONAR_AUTOMATICAMENTE,REVISAR_MANUALMENTE
INSV1-0ebc369d8dc4b3c67097ec5b,INSV1-359b8ab91e76fdca117f0287,EQUIPO,h,ESCALERA,ESCALERA TELESCOPICA DE 32 PIES,100.00,32,,False,NO_FUSIONAR_AUTOMATICAMENTE,REVISAR_MANUALMENTE
INSV1-0ebc369d8dc4b3c67097ec5b,INSV1-3a1c75e46e2630c6a12ff6a4,EQUIPO,h,ESCALERA,ESCALERA DE TIJERAS,100.00,,,True,NO_FUSIONAR_AUTOMATICAMENTE,REVISAR_MANUALMENTE
INSV1-0ebc369d8dc4b3c67097ec5b,INSV1-71079b8819f7464588085d86,EQUIPO,h,ESCALERA,ESCALERA TELECOSPICA,100.00,,,True,NO_FUSIONAR_AUTOMATICAMENTE,REVISAR_MANUALMENTE
INSV1-14b3cddcffbfe8c1f95d9333,INSV1-79f6df37c83ed745c7befca0,MANO_OBRA,h,ENCOFRADOR O CARPINTERO DE RIBERA,CARPINTERO,100.00,,,True,NO_FUSIONAR_AUTOMATICAMENTE,REVISAR_MANUALMENTE
INSV1-469aeddca0fa743cbf8edd85,INSV1-79f6df37c83ed745c7befca0,MANO_OBRA,h,AYUDANTE DE CARPINTERO,CARPINTERO,100.00,,,True,NO_FUSIONAR_AUTOMATICAMENTE,REVISAR_MANUALMENTE
INSV1-42bbb2783dfc12a28e2ef7f7,INSV1-4dd2512ac04066974006ccdf,MANO_OBRA,h,AYUDANTE DE ALBAÑIL,ALBAÑIL,100.00,,,True,NO_FUSIONAR_AUTOMATICAMENTE,REVISAR_MANUALMENTE
INSV1-0ad09d0aa96ea7dc9c26efb7,INSV1-9d84af793bf5a52cab06287a,MANO_OBRA,h,CHOFER DE TANQUEROS (ESTR. OC. C1),CHOFER: TANQUEROS (ESTR. OC. C1),100.00,1,1,True,NO_FUSIONAR_AUTOMATICAMENTE,REVISAR_MANUALMENTE
INSV1-1154b21c029f91a74c92dea1,INSV1-7e529640382bd270a9533695,MANO_OBRA,h,AYUDANTE DE FIERRERO,FIERRERO,100.00,,,True,NO_FUSIONAR_AUTOMATICAMENTE,REVISAR_MANUALMENTE
INSV1-aac0d355ae0134d1f6ad8751,INSV1-e6d0c6b25b08878f7a63d627,MANO_OBRA,h,PLOMERO,AYUDANTE DE PLOMERO,100.00,,,True,NO_FUSIONAR_AUTOMATICAMENTE,REVISAR_MANUALMENTE
INSV1-4397895b60cf4155d25bfa7b,INSV1-b35f2e9b85534feac06abb74,MANO_OBRA,h,TECNICO OBRAS CIVILES,TECNICO EN OBRAS CIVILES,100.00,,,True,NO_FUSIONAR_AUTOMATICAMENTE,REVISAR_MANUALMENTE
INSV1-0d6b01d4e811c2c5e8896689,INSV1-729545e0beb11daefa6fce71,MATERIAL,glb,ACCESORIOS Y VARIOS,"ACCESORIOS VARIOS (CODO DE 1/2"" - UNION DE 1/2"" - TEE DE 1/2"" - NUDO DE 1/2""; LAINAS Y ANCLAJES)",100.00,,"1,2,1,2,1,2,1,2",False,NO_FUSIONAR_AUTOMATICAMENTE,REVISAR_MANUALMENTE
INSV1-25783a7741fba24b24b83703,INSV1-4427f38bbe54cc1b3f125e8e,MATERIAL,kg,"CLAVOS DE 2 1/2""","CLAVOS DE 2 1/2"" X 25 Kg",100.00,"2,1,2,25","2,1,2",False,NO_FUSIONAR_AUTOMATICAMENTE,REVISAR_MANUALMENTE
INSV1-af3bec3239b74cf8b2c96dae,INSV1-d4d557257b0c1325f88db85f,MATERIAL,kg,ALAMBRE RECOCIDO #18,ALAMBRE RECOCIDO Nro. 18,100.00,18,18,True,NO_FUSIONAR_AUTOMATICAMENTE,REVISAR_MANUALMENTE
INSV1-5c5eafca1aae4f4f8945cf95,INSV1-9b2ed9c39a8961d283044fd8,MATERIAL,u,ACCESORIOS DE FIJACION,"SEÑALETICA VERTICAL ""CICLISTAS EN LA VIA"" (INCLUYE POSTE Y ACCESORIOS DE FIJACION)",100.00,,,True,NO_FUSIONAR_AUTOMATICAMENTE,REVISAR_MANUALMENTE
INSV1-552aff17b8f06de18dd5863a,INSV1-5c5eafca1aae4f4f8945cf95,MATERIAL,u,"SEÑALETICA VERTICAL ""APROXIMACION A REDONDEL"" (INCLUYE POSTE Y ACCESORIOS DE FIJACION)",ACCESORIOS DE FIJACION,100.00,,,True,NO_FUSIONAR_AUTOMATICAMENTE,REVISAR_MANUALMENTE
INSV1-06e1097ad6a6e316490ab010,INSV1-3ceac4d9d12868b72151e2a2,MATERIAL,u,"GUARDACABO DE ACERO GALVANIZADO PARA CABLE DE ACERO DE 9,51mm (3/8"")","GUARDACABO DE ACERO GALVANIZADO PARA 3/8""",100.00,"3,8","9,51,3,8",False,NO_FUSIONAR_AUTOMATICAMENTE,REVISAR_MANUALMENTE
INSV1-32bfd1ce72e25bd2bae9be09,INSV1-69067d601de54c6183238e29,MATERIAL,u,REDUCTOR DE 1 1/2 A 1/2 IN PP ROSCABLE,REDUCTOR DE 1 1/4 A 1/2 IN PP ROSCABLE,100.00,"1,1,2,1,2","1,1,4,1,2",False,NO_FUSIONAR_AUTOMATICAMENTE,REVISAR_MANUALMENTE
INSV1-31b10c294cca475b227a1f17,INSV1-bad40d48f206fda4326bed93,MATERIAL,u,REDUCTOR DE 2 1/2 A 2 IN PP ROSCABLE,REDUCTOR DE 2 A 1/2 IN PP ROSCABLE,100.00,"2,1,2","2,1,2,2",False,NO_FUSIONAR_AUTOMATICAMENTE,REVISAR_MANUALMENTE
INSV1-a34a9ab399365e43d92d0a52,INSV1-bad40d48f206fda4326bed93,MATERIAL,u,REDUCTOR DE 2 A 1 1/2 IN PP ROSCABLE,REDUCTOR DE 2 A 1/2 IN PP ROSCABLE,100.00,"2,1,1,2","2,1,2",False,NO_FUSIONAR_AUTOMATICAMENTE,REVISAR_MANUALMENTE
INSV1-a97fd3b1ab56884bd7be4962,INSV1-d87252e3c4efb681d8610266,MATERIAL,u,REDUCTOR DE 2 A 1 1/4 IN PP ROSCABLE,REDUCTOR DE 1 1/4 A 1 IN PP ROSCABLE,100.00,"1,1,4,1","2,1,1,4",False,NO_FUSIONAR_AUTOMATICAMENTE,REVISAR_MANUALMENTE
INSV1-69067d601de54c6183238e29,INSV1-d87252e3c4efb681d8610266,MATERIAL,u,REDUCTOR DE 1 1/4 A 1/2 IN PP ROSCABLE,REDUCTOR DE 1 1/4 A 1 IN PP ROSCABLE,100.00,"1,1,4,1","1,1,4,1,2",False,NO_FUSIONAR_AUTOMATICAMENTE,REVISAR_MANUALMENTE
INSV1-32bfd1ce72e25bd2bae9be09,INSV1-8672b65934e3c5fce0ad52ef,MATERIAL,u,REDUCTOR DE 1 1/2 A 1/2 IN PP ROSCABLE,REDUCTOR DE 1 1/2 A 3/4 IN PP ROSCABLE,100.00,"1,1,2,1,2","1,1,2,3,4",False,NO_FUSIONAR_AUTOMATICAMENTE,REVISAR_MANUALMENTE
INSV1-32bfd1ce72e25bd2bae9be09,INSV1-a34a9ab399365e43d92d0a52,MATERIAL,u,REDUCTOR DE 1 1/2 A 1/2 IN PP ROSCABLE,REDUCTOR DE 2 A 1 1/2 IN PP ROSCABLE,100.00,"1,1,2,1,2","2,1,1,2",False,NO_FUSIONAR_AUTOMATICAMENTE,REVISAR_MANUALMENTE
INSV1-177ca35280d216becf4e0d64,INSV1-8672b65934e3c5fce0ad52ef,MATERIAL,u,REDUCTOR DE 1 A 3/4 IN PP ROSCABLE,REDUCTOR DE 1 1/2 A 3/4 IN PP ROSCABLE,100.00,"1,3,4","1,1,2,3,4",False,NO_FUSIONAR_AUTOMATICAMENTE,REVISAR_MANUALMENTE
INSV1-4001524d6b8df28c6202f48a,INSV1-8672b65934e3c5fce0ad52ef,MATERIAL,u,REDUCTOR DE 3/4 A 1/2 IN PP ROSCABLE,REDUCTOR DE 1 1/2 A 3/4 IN PP ROSCABLE,100.00,"3,4,1,2","1,1,2,3,4",False,NO_FUSIONAR_AUTOMATICAMENTE,REVISAR_MANUALMENTE
INSV1-8672b65934e3c5fce0ad52ef,INSV1-b41f86e9ef80ffe26c9665b4,MATERIAL,u,REDUCTOR DE 1 1/2 A 3/4 IN PP ROSCABLE,REDUCTOR DE 1 A 1/2 IN PP ROSCABLE,100.00,"1,1,2","1,1,2,3,4",False,NO_FUSIONAR_AUTOMATICAMENTE,REVISAR_MANUALMENTE
INSV1-a34a9ab399365e43d92d0a52,INSV1-b41f86e9ef80ffe26c9665b4,MATERIAL,u,REDUCTOR DE 2 A 1 1/2 IN PP ROSCABLE,REDUCTOR DE 1 A 1/2 IN PP ROSCABLE,100.00,"1,1,2","2,1,1,2",False,NO_FUSIONAR_AUTOMATICAMENTE,REVISAR_MANUALMENTE
INSV1-69067d601de54c6183238e29,INSV1-b41f86e9ef80ffe26c9665b4,MATERIAL,u,REDUCTOR DE 1 1/4 A 1/2 IN PP ROSCABLE,REDUCTOR DE 1 A 1/2 IN PP ROSCABLE,100.00,"1,1,2","1,1,4,1,2",False,NO_FUSIONAR_AUTOMATICAMENTE,REVISAR_MANUALMENTE
INSV1-32bfd1ce72e25bd2bae9be09,INSV1-b41f86e9ef80ffe26c9665b4,MATERIAL,u,REDUCTOR DE 1 1/2 A 1/2 IN PP ROSCABLE,REDUCTOR DE 1 A 1/2 IN PP ROSCABLE,100.00,"1,1,2","1,1,2,1,2",False,NO_FUSIONAR_AUTOMATICAMENTE,REVISAR_MANUALMENTE
INSV1-5e150d1fde4658cbeae623dc,INSV1-b54eae860684e44646605487,MATERIAL,u,CODO 90' PP 1/2 IN ROSCABLE,CODO 90' PP 2 1/2 IN ROSCABLE,100.00,"90,1,2","90,2,1,2",False,NO_FUSIONAR_AUTOMATICAMENTE,REVISAR_MANUALMENTE
INSV1-061b4a5369964ad3c373773d,INSV1-2d9cc6ac80356facc875465b,MATERIAL,u,CODO 45' PP 3/4 IN ROSCABLE,CODO 45' PP 3/4,100.00,"45,3,4","45,3,4",True,NO_FUSIONAR_AUTOMATICAMENTE,REVISAR_MANUALMENTE
INSV1-31b10c294cca475b227a1f17,INSV1-a34a9ab399365e43d92d0a52,MATERIAL,u,REDUCTOR DE 2 1/2 A 2 IN PP ROSCABLE,REDUCTOR DE 2 A 1 1/2 IN PP ROSCABLE,100.00,"2,1,2,2","2,1,1,2",False,NO_FUSIONAR_AUTOMATICAMENTE,REVISAR_MANUALMENTE
INSV1-9bda71d533ce44c3314e5b1b,INSV1-dd7c82b5dae9b7b230b855d9,MATERIAL,u,TEE 3/4 A 1/2 IN PP ROSCABLE,TEE 3/4 IN PP ROSCABLE,100.00,"3,4","3,4,1,2",False,NO_FUSIONAR_AUTOMATICAMENTE,REVISAR_MANUALMENTE
INSV1-5c5eafca1aae4f4f8945cf95,INSV1-f3bd02245b8e4ed675e21a35,MATERIAL,u,ACCESORIOS DE FIJACION,"SEÑALETICA VERTICAL ""ESTACIONAMIENTO RESERVADO PARA DISCAPACITADOS"" (INCLUYE POSTE Y ACCESORIOS DE FIJACION)",100.00,,,True,NO_FUSIONAR_AUTOMATICAMENTE,REVISAR_MANUALMENTE
INSV1-9dfa0bf9f0c7bd1ce8a60baa,INSV1-faaf2d0d4516f81f5e7c493d,MATERIAL,u,BLOQUE DE 9x19x39cm,BLOQUE DE ARENA CEMENTO PL-9 (9x19x39cm) (LIVIANO),100.00,"9,19,39","9,9,19,39",False,NO_FUSIONAR_AUTOMATICAMENTE,REVISAR_MANUALMENTE
INSV1-7c6a865624bfd883278e2d62,INSV1-a4583cdb0bf014cfc267896b,MATERIAL,u,"PERNO ESPARRAGO O DE ROSCA CORRIDA DE ACERO GALVANIZADO DE D=5/8"" (16mm) x 12"" (300mm) DE LONGITUD, CON 4 TUERCAS, 2 ARANDELAS PLANAS Y 2 DE PRESION","PERNO DE ROSCA CORRIDA DE ACERO GALVANIZADO 5/8"" x 12""",100.00,"5,8,12","5,8,16,12,300,4,2,2",False,NO_FUSIONAR_AUTOMATICAMENTE,REVISAR_MANUALMENTE
INSV1-1ad441f43111d99894bb84cb,INSV1-85a987e4062c7b9910580aad,MATERIAL,u,"PERNO MAQUINA DE ACERO GALVANIZADO DE D=5/8"" (16mm) x 2"" (63mm) DE LONGITUD, CON TUERCA, ARANDELA PLANA Y DE PRESION","PERNO DE MAQUINA DE ACERO GALVANIZADO 5/8"" x 2""",100.00,"5,8,2","5,8,16,2,63",False,NO_FUSIONAR_AUTOMATICAMENTE,REVISAR_MANUALMENTE
INSV1-907652761e33b7dad2f446c5,INSV1-b639606b6ec81ada211fc5ba,MATERIAL,u,"ABRAZADERA AG 3 PERNOS DE 6 1/2""","ABRAZADERA SIMPLE AG 3 PERNOS DE 6 1/2""",100.00,"3,6,1,2","3,6,1,2",True,NO_FUSIONAR_AUTOMATICAMENTE,REVISAR_MANUALMENTE
INSV1-a21c70779a44a7cb77df78b2,INSV1-c11c4503debc8788740e7f2a,MATERIAL,u,"TUERCA DE OJO OVALADO DE ACERO GALVANIZADO PARA PERNOS DE D=5/8"" (16mm)","TUERCA DE OJO ACERO GALVANIZADO 5/8""",100.00,"5,8","5,8,16",False,NO_FUSIONAR_AUTOMATICAMENTE,REVISAR_MANUALMENTE
INSV1-5cb5aefb74b99441b9b5ed50,INSV1-ca10cbd2464915ef4411f846,MATERIAL,u,"PERNO DE OJO DE ACERO GALVANIZADO DE D=5/8"" (16mm) X 10"" (254mm) DE LONGITUD, CON 4 TUERCAS, 2 ARANDELAS PLANAS Y 2 DE PRESION","PERNO DE OJO ACERO GALVANIZADO 5/8"" x 10""",100.00,"5,8,10","5,8,16,10,254,4,2,2",False,NO_FUSIONAR_AUTOMATICAMENTE,REVISAR_MANUALMENTE
INSV1-9dfa0bf9f0c7bd1ce8a60baa,INSV1-d2414a779e455dc10f0c8228,MATERIAL,u,BLOQUE DE 9x19x39cm,BLOQUE PESADO DE HORMIGON SIMPLE (9x19x39cm),100.00,"9,19,39","9,19,39",True,NO_FUSIONAR_AUTOMATICAMENTE,REVISAR_MANUALMENTE
INSV1-ce3a2f0626f9635beb342c59,INSV1-f6cb4e42ef7967418fb8cbe9,MATERIAL,u,CODO DE ACERO INOXIDABLE,CODO DE ACERO INOXIDABLE AISI 304 D =6 IN,100.00,"304,6",,False,NO_FUSIONAR_AUTOMATICAMENTE,REVISAR_MANUALMENTE
INSV1-a1f23bbaf9faf2aa95dff037,INSV1-cde674df0067fd26ef480cef,MATERIAL,u,COLGADOR PARA TUBERIA 2 1/2 IN,COLGADOR PARA TUBERIA 1/2 IN,100.00,"1,2","2,1,2",False,NO_FUSIONAR_AUTOMATICAMENTE,REVISAR_MANUALMENTE
INSV1-257a2030a322ecb378db067d,INSV1-56a1e786fe54a73387cf4d47,MATERIAL,u,TRATAMIENTO FITOSANITARIOS DE ARBOLES,ARBOLES,100.00,,,True,NO_FUSIONAR_AUTOMATICAMENTE,REVISAR_MANUALMENTE
INSV1-c236dabb8094b56e9cff62a5,INSV1-c606d0adbefb4cc2a2e61d42,MATERIAL,u,"VÁLVULA DE CORTE 1 1/2""","VÁLVULA DE CORTE 1""",100.00,1,"1,1,2",False,NO_FUSIONAR_AUTOMATICAMENTE,REVISAR_MANUALMENTE
INSV1-306db6dad99a554c7212a988,INSV1-fc3a3570ad822c2a3b824381,MATERIAL,u,BOTIQUIN DE PRIMEROS AUXILIOS,BOTIQUIN DE PARED PRIMEROS AUXILIOS,100.00,,,True,NO_FUSIONAR_AUTOMATICAMENTE,REVISAR_MANUALMENTE
INSV1-87076f9a81d11519bbcceb9e,INSV1-ed6151a0843a4cdaf83399f0,MATERIAL,u,LETRERO SALIDA,LETRERO SALIDA ESCALERA DERECHA ABAJO,100.00,,,True,NO_FUSIONAR_AUTOMATICAMENTE,REVISAR_MANUALMENTE
INSV1-d0d141828c2b2c5b018a78d5,INSV1-f56d2a4a9dfc73f96e8f1659,MATERIAL,u,UNION UNIVERSAL PP ROSCABLE H 2 1/2 IN,UNION UNIVERSAL PP ROSCABLE 2 IN,100.00,2,"2,1,2",False,NO_FUSIONAR_AUTOMATICAMENTE,REVISAR_MANUALMENTE
INSV1-70258af84cdfbb080f9a0aba,INSV1-fabd5602240cca5b5e2d2468,MATERIAL,u,VALVULA DE BOLA PVC D= 2 plg ROSCABLE,VALVULA DE BOLA PVC D= 2 1/2 plg ROSCABLE,100.00,2,"2,1,2",False,NO_FUSIONAR_AUTOMATICAMENTE,REVISAR_MANUALMENTE
INSV1-49dfc0aa4069ed5d6a1234e3,INSV1-7befb8d849a2ac5d85eccf7c,MATERIAL,u,CODO 45' PP 2 IN ROSCABLE,CODO 45' PP 2 1/2 IN ROSCABLE,100.00,"45,2,1,2","45,2",False,NO_FUSIONAR_AUTOMATICAMENTE,REVISAR_MANUALMENTE
INSV1-7af010f9d46fed17f69a3635,INSV1-857b160b1aa1e104052ad0b2,MATERIAL,u,GABINETE METALICO CON BARRAS PARA PANEL PSG Y PDK,GABINETE METALICO CON BARRAS,100.00,,,True,NO_FUSIONAR_AUTOMATICAMENTE,REVISAR_MANUALMENTE
INSV1-857b160b1aa1e104052ad0b2,INSV1-d1354f2bf91004ba4b3786ff,MATERIAL,u,GABINETE METALICO CON BARRAS,GABINETE METALICO CON BARRAS PARA PANELES,100.00,,,True,NO_FUSIONAR_AUTOMATICAMENTE,REVISAR_MANUALMENTE
INSV1-5781c4c2d37dac0afb7270ee,INSV1-c94da45dea68d43c808cc023,MATERIAL,u,COLGADOR PARA TUBERIA 1 1/4 IN,COLGADOR PARA TUBERIA 1 IN,100.00,1,"1,1,4",False,NO_FUSIONAR_AUTOMATICAMENTE,REVISAR_MANUALMENTE
INSV1-4f3ae1f3225118052a41c92a,INSV1-a05ff3c9e6d3e5b6b7c2e8dd,MATERIAL,u,VALVULA DE BOLA PVC D= 1 plg ROSCABLE,VALVULA DE BOLA PVC D= 1 1/2 plg ROSCABLE,100.00,1,"1,1,2",False,NO_FUSIONAR_AUTOMATICAMENTE,REVISAR_MANUALMENTE
INSV1-44ec59a187b380e3b9dab21e,INSV1-d651721fd30ac2423b0d99ae,MATERIAL,u,"VALVULA CHECK ROSCADA PVC D=1 1/2""","VALVULA CHECK ROSCADA PVC D=1""",100.00,1,"1,1,2",False,NO_FUSIONAR_AUTOMATICAMENTE,REVISAR_MANUALMENTE
INSV1-32bd73df37eb97e122a2512e,INSV1-a97fd3b1ab56884bd7be4962,MATERIAL,u,REDUCTOR DE 2 A 1 IN PP ROSCABLE,REDUCTOR DE 2 A 1 1/4 IN PP ROSCABLE,100.00,"2,1","2,1,1,4",False,NO_FUSIONAR_AUTOMATICAMENTE,REVISAR_MANUALMENTE
INSV1-32bd73df37eb97e122a2512e,INSV1-a34a9ab399365e43d92d0a52,MATERIAL,u,REDUCTOR DE 2 A 1 IN PP ROSCABLE,REDUCTOR DE 2 A 1 1/2 IN PP ROSCABLE,100.00,"2,1","2,1,1,2",False,NO_FUSIONAR_AUTOMATICAMENTE,REVISAR_MANUALMENTE
INSV1-76c1a5e5c1bdb50673f2f969,INSV1-cde674df0067fd26ef480cef,MATERIAL,u,COLGADOR PARA TUBERIA 1 1/2 IN,COLGADOR PARA TUBERIA 1/2 IN,100.00,"1,1,2","1,2",False,NO_FUSIONAR_AUTOMATICAMENTE,REVISAR_MANUALMENTE
INSV1-5df11067e253c0410da944f1,INSV1-af3691c12244c6e150639508,MATERIAL,u,TEE 1 IN PP ROSCABLE,TEE 1 1/2 IN PP ROSCABLE,100.00,1,"1,1,2",False,NO_FUSIONAR_AUTOMATICAMENTE,REVISAR_MANUALMENTE
INSV1-76c1a5e5c1bdb50673f2f969,INSV1-c94da45dea68d43c808cc023,MATERIAL,u,COLGADOR PARA TUBERIA 1 1/2 IN,COLGADOR PARA TUBERIA 1 IN,100.00,1,"1,1,2",False,NO_FUSIONAR_AUTOMATICAMENTE,REVISAR_MANUALMENTE
INSV1-2223d6cb25a93d23a4f6740a,INSV1-857b160b1aa1e104052ad0b2,MATERIAL,u,GABINETE METALICO CON BARRAS PARA PANEL ADM,GABINETE METALICO CON BARRAS,100.00,,,True,NO_FUSIONAR_AUTOMATICAMENTE,REVISAR_MANUALMENTE
INSV1-85bb32faa7ed66ccc9ef6414,INSV1-d24cbe0d5b797285e8463ae6,MATERIAL,u,CODO 90' PP 1 IN ROSCABLE,CODO 90' PP 1 1/4 IN ROSCABLE,100.00,"90,1","90,1,1,4",False,NO_FUSIONAR_AUTOMATICAMENTE,REVISAR_MANUALMENTE
INSV1-79ef23d37bbf7244052cc3b6,INSV1-85bb32faa7ed66ccc9ef6414,MATERIAL,u,CODO 90' PP 1 1/2 IN ROSCABLE,CODO 90' PP 1 IN ROSCABLE,100.00,"90,1","90,1,1,2",False,NO_FUSIONAR_AUTOMATICAMENTE,REVISAR_MANUALMENTE
INSV1-a1f23bbaf9faf2aa95dff037,INSV1-e4a4f0c44f884e216829887c,MATERIAL,u,COLGADOR PARA TUBERIA 2 1/2 IN,COLGADOR PARA TUBERIA 2 IN,100.00,2,"2,1,2",False,NO_FUSIONAR_AUTOMATICAMENTE,REVISAR_MANUALMENTE
INSV1-086b987b6bdbeaa73c32772c,INSV1-b54eae860684e44646605487,MATERIAL,u,CODO 90' PP 2 IN ROSCABLE,CODO 90' PP 2 1/2 IN ROSCABLE,100.00,"90,2","90,2,1,2",False,NO_FUSIONAR_AUTOMATICAMENTE,REVISAR_MANUALMENTE
INSV1-5c5eafca1aae4f4f8945cf95,INSV1-f8309d320b0175f0806b191a,MATERIAL,u,ACCESORIOS DE FIJACION,"LETRAS CORPOREAS AUTOILUMINADAS ""MALECON AURORA"" SOBRE TOTEM DE INGRESO (INCLUYE ACCESORIOS DE FIJACION)",100.00,,,True,NO_FUSIONAR_AUTOMATICAMENTE,REVISAR_MANUALMENTE
INSV1-c86adde4b5543ecd8fb22959,INSV1-d371726e15e9cf2a14018ea6,MATERIAL,u,TUTOR DE MADERA,TUTOR,100.00,,,True,NO_FUSIONAR_AUTOMATICAMENTE,REVISAR_MANUALMENTE
INSV1-dc5b2bff89a2d50cf3be0e1f,INSV1-f84ef90ddd0b2c6fc53685ff,MATERIAL,u,UNION UNIVERSAL PP ROSCABLE H 1 IN,UNION UNIVERSAL PP ROSCABLE H 1 1/2 IN,100.00,1,"1,1,2",False,NO_FUSIONAR_AUTOMATICAMENTE,REVISAR_MANUALMENTE
INSV1-23642ca9aff54d32696789df,INSV1-b41f86e9ef80ffe26c9665b4,MATERIAL,u,REDUCTOR DE 1 1/2 A 1 IN PP ROSCABLE,REDUCTOR DE 1 A 1/2 IN PP ROSCABLE,100.00,"1,1,2,1","1,1,2",False,NO_FUSIONAR_AUTOMATICAMENTE,REVISAR_MANUALMENTE
INSV1-23642ca9aff54d32696789df,INSV1-32bfd1ce72e25bd2bae9be09,MATERIAL,u,REDUCTOR DE 1 1/2 A 1 IN PP ROSCABLE,REDUCTOR DE 1 1/2 A 1/2 IN PP ROSCABLE,100.00,"1,1,2,1","1,1,2,1,2",False,NO_FUSIONAR_AUTOMATICAMENTE,REVISAR_MANUALMENTE
INSV1-23642ca9aff54d32696789df,INSV1-69067d601de54c6183238e29,MATERIAL,u,REDUCTOR DE 1 1/2 A 1 IN PP ROSCABLE,REDUCTOR DE 1 1/4 A 1/2 IN PP ROSCABLE,100.00,"1,1,2,1","1,1,4,1,2",False,NO_FUSIONAR_AUTOMATICAMENTE,REVISAR_MANUALMENTE
INSV1-23642ca9aff54d32696789df,INSV1-a34a9ab399365e43d92d0a52,MATERIAL,u,REDUCTOR DE 1 1/2 A 1 IN PP ROSCABLE,REDUCTOR DE 2 A 1 1/2 IN PP ROSCABLE,100.00,"1,1,2,1","2,1,1,2",False,NO_FUSIONAR_AUTOMATICAMENTE,REVISAR_MANUALMENTE
INSV1-23642ca9aff54d32696789df,INSV1-8672b65934e3c5fce0ad52ef,MATERIAL,u,REDUCTOR DE 1 1/2 A 1 IN PP ROSCABLE,REDUCTOR DE 1 1/2 A 3/4 IN PP ROSCABLE,100.00,"1,1,2,1","1,1,2,3,4",False,NO_FUSIONAR_AUTOMATICAMENTE,REVISAR_MANUALMENTE
INSV1-5e150d1fde4658cbeae623dc,INSV1-79ef23d37bbf7244052cc3b6,MATERIAL,u,CODO 90' PP 1/2 IN ROSCABLE,CODO 90' PP 1 1/2 IN ROSCABLE,100.00,"90,1,1,2","90,1,2",False,NO_FUSIONAR_AUTOMATICAMENTE,REVISAR_MANUALMENTE
INSV1-97a4414fb0f84f741d3ef599,INSV1-c1865c23b74540776666799e,MATERIAL,u,DRENAJE DE FONDO,TAPA DRENAJE DE FONDO,100.00,,,True,NO_FUSIONAR_AUTOMATICAMENTE,REVISAR_MANUALMENTE
INSV1-13a26e56ee499f95b8ba4eca,INSV1-26f234a4635a00e5ae48cbd5,MATERIAL,u,TEE 2 IN PP ROSCABLE,TEE 2 1/2 IN PP ROSCABLE,100.00,2,"2,1,2",False,NO_FUSIONAR_AUTOMATICAMENTE,REVISAR_MANUALMENTE
INSV1-cf3fa49110c2bfede7d4dd68,INSV1-f59f948ca41a438485b56fd0,MATERIAL,u,URINARIO,FLUXOMETRO PARA URINARIO,100.00,,,True,NO_FUSIONAR_AUTOMATICAMENTE,REVISAR_MANUALMENTE
INSV1-5c5eafca1aae4f4f8945cf95,INSV1-a3b8512452b7dafd87732636,MATERIAL,u,ACCESORIOS DE FIJACION,"LETRAS CORPOREAS AUTOILUMINADAS ""LA AURORA"" EN CENTRO COMERCIAL (INCLUYE ACCESORIOS DE FIJACION)",100.00,,,True,NO_FUSIONAR_AUTOMATICAMENTE,REVISAR_MANUALMENTE
INSV1-5c5eafca1aae4f4f8945cf95,INSV1-ca2d7e22265d10890808fab9,MATERIAL,u,ACCESORIOS DE FIJACION,ACCESORIOS DE FIJACION TUMBADO,100.00,,,True,NO_FUSIONAR_AUTOMATICAMENTE,REVISAR_MANUALMENTE
INSV1-dea51e17e9babfa2e0035199,INSV1-f91d37e379e1829967ffee06,MATERIAL,u,DISCO DE CORTE PARA HORMIGON,DISCO DE CORTE,100.00,,,True,NO_FUSIONAR_AUTOMATICAMENTE,REVISAR_MANUALMENTE
INSV1-00a213c6e6451d21bc18a25a,INSV1-7fcd18bd2df02f6ba3f354b5,EQUIPO,h,RETROEXCAVADORA (INCL. MARTILLO),RETROEXCAVADORA,100.00,,,True,NO_FUSIONAR_AUTOMATICAMENTE,REVISAR_MANUALMENTE
INSV1-19fee3dc57581c84aed30b0e,INSV1-ec7ccfa298e80784a9f25487,MATERIAL,u,ELEMENTOS Y CABLES PARA CONEXIONADO INTERNO,CABLES PARA CONEXIONADO INTERNO,100.00,,,True,NO_FUSIONAR_AUTOMATICAMENTE,REVISAR_MANUALMENTE
INSV1-00685de80864fb99666efe93,INSV1-857b160b1aa1e104052ad0b2,MATERIAL,u,GABINETE METALICO,GABINETE METALICO CON BARRAS,100.00,,,True,NO_FUSIONAR_AUTOMATICAMENTE,REVISAR_MANUALMENTE
INSV1-2fd9cf289218ccf771ba937a,INSV1-857b160b1aa1e104052ad0b2,MATERIAL,u,"GABINETE METALICO CON BARRAS PARA TABLEROS TCB, TDB",GABINETE METALICO CON BARRAS,100.00,,,True,NO_FUSIONAR_AUTOMATICAMENTE,REVISAR_MANUALMENTE
INSV1-069cc942dd55c73352cf4ca6,INSV1-08063c3a351aefd8efafd009,MATERIAL,u,VARIOS ELEMENTOS DE SUJECION,ELEMENTOS DE SUJECION,100.00,,,True,NO_FUSIONAR_AUTOMATICAMENTE,REVISAR_MANUALMENTE
