insumo_id,insumo_v1_id,source_id,dataset_origen,tipo,codigo_original,descripcion,unidad,descripcion_norm,unidad_norm,clave_canonica,alias_id,es_alias_principal
D25-3e32e7e489c8242d230a,INSV1-56dad810329b2f5ddaa64171,EC-GAD-DAULE-LPI-GADIMCD-2025-03,MALECON,EQUIPO,E1,HERRAMIENTA MENOR (5% MO),%MO,HERRAMIENTA MENOR 5% MO,%MO,EQUIPO|%MO|1|HERRAMIENTA MENOR 5% MO,ALIAS-d49b08d25d479d0809646ff1,0
D25-0b64fe15f12868cc140b,INSV1-878c8509815469520379932a,EC-GAD-DAULE-LPI-GADIMCD-2025-03,MALECON,EQUIPO,E6,EQUIPO DE TOPOGRAFIA,h,EQUIPO DE TOPOGRAFIA,h,EQUIPO|h|0|EQUIPO DE TOPOGRAFIA,ALIAS-ecfc4e91c997d4853ae7b92e,0
D25-190e888f514a0e8157b8,INSV1-b452dd0c62bbed4f4f30ef1f,EC-GAD-DAULE-LPI-GADIMCD-2025-03,MALECON,MANO_OBRA,MO34,MAESTRO MAYOR EN EJECUCION DE OBRAS CIVILES,h,MAESTRO MAYOR EN EJECUCION DE OBRAS CIVILES,h,MANO_OBRA|h|0|MAESTRO MAYOR EN EJECUCION DE OBRAS CIVILES,ALIAS-f319511d16e467d66f1c1baf,0
D25-2e0824dedc0351d77882,INSV1-ec56478868187928c4ffba6d,EC-GAD-DAULE-LPI-GADIMCD-2025-03,MALECON,MANO_OBRA,MO1,PEON,h,PEON,h,MANO_OBRA|h|0|PEON,ALIAS-e10dab792d41925ebddacc2f,0
D25-dc76f4f7741f66d642a9,INSV1-9c8a472d3a8040573826c6c0,EC-GAD-DAULE-LPI-GADIMCD-2025-03,MALECON,MANO_OBRA,MO42,TOPOGRAFO (EN CONSTRUCCION- ESTR.OC.C1),h,TOPOGRAFO EN CONSTRUCCION- ESTR.OC.C1,h,MANO_OBRA|h|0|TOPOGRAFO EN CONSTRUCCION- ESTR.OC.C1,ALIAS-a149577ebb1f680ace565c20,0
D25-0571b2fa8b7e6e5f36ad,INSV1-e41681f035ba8d1efceb4e60,EC-GAD-DAULE-LPI-GADIMCD-2025-03,MALECON,MANO_OBRA,MO19,CADENERO,h,CADENERO,h,MANO_OBRA|h|0|CADENERO,ALIAS-34e9d8a6a7ceb7f077395804,0
D25-15328913575aa3368c58,INSV1-982e0fc188c143ee39aa9cb9,EC-GAD-DAULE-LPI-GADIMCD-2025-03,MALECON,MATERIAL,M12,"TIRA DE ENCOFRADO 1""X3""X4m",u,TIRA DE ENCOFRADO 1 X3 X4M,u,MATERIAL|u|0|TIRA DE ENCOFRADO 1 X3 X4M,ALIAS-c0725bf8ad24e37925cf178e,0
D25-54b5b312bd9da1ae0adf,INSV1-4427f38bbe54cc1b3f125e8e,EC-GAD-DAULE-LPI-GADIMCD-2025-03,MALECON,MATERIAL,M4,"CLAVOS DE 2 1/2"" X 25 Kg",Kg,CLAVOS DE 2 1/2 X 25 KG,kg,MATERIAL|kg|0|CLAVOS DE 2 1/2 X 25 KG,ALIAS-be9e9d1cabde5e1b1445babd,0
D25-f4cc90ad8f972c0f5b5d,INSV1-3efb67febf0f5d1e1acf1c91,EC-GAD-DAULE-LPI-GADIMCD-2025-03,MALECON,MATERIAL,M2,ESTACAS DE MADERA,u,ESTACAS DE MADERA,u,MATERIAL|u|0|ESTACAS DE MADERA,ALIAS-feb06afd040ee101bba258bd,0
D25-6b527fd9ff5b9db13538,INSV1-7fcd18bd2df02f6ba3f354b5,EC-GAD-DAULE-LPI-GADIMCD-2025-03,MALECON,EQUIPO,E12,RETROEXCAVADORA,h,RETROEXCAVADORA,h,EQUIPO|h|0|RETROEXCAVADORA,ALIAS-eebc98b70cf811353823b961,0
D25-4e5f8da429f12adc6c2f,INSV1-f0aef0d30137bc31b082d1a6,EC-GAD-DAULE-LPI-GADIMCD-2025-03,MALECON,EQUIPO,E4,VOLQUETA 8 m3,h,VOLQUETA 8 M3,h,EQUIPO|h|0|VOLQUETA 8 M3,ALIAS-47fd3d448605cbe9b70ad636,0
D25-5a68bdc38b70224b636b,INSV1-c641d4cd371ec56ae0a47614,EC-GAD-DAULE-LPI-GADIMCD-2025-03,MALECON,MANO_OBRA,MO99,CHOFER: VOLQUETAS (ESTR. OC. C1),h,CHOFER VOLQUETAS ESTR. OC. C1,h,MANO_OBRA|h|0|CHOFER VOLQUETAS ESTR. OC. C1,ALIAS-d52a3c1b18c6f99f97baff08,0
D25-70e6c3e72f36b8ad9986,INSV1-7f008b17c1e265aca46e25f7,EC-GAD-DAULE-LPI-GADIMCD-2025-03,MALECON,MANO_OBRA,MO54,OPERADOR DE RETROEXCAVADORA,h,OPERADOR DE RETROEXCAVADORA,h,MANO_OBRA|h|0|OPERADOR DE RETROEXCAVADORA,ALIAS-d88b9f4716fd1c8bedbf266e,0
D25-e38589a76d2b174d590b,INSV1-73711b0e5d7917c10e34b22e,EC-GAD-DAULE-LPI-GADIMCD-2025-03,MALECON,MATERIAL,M15,LONA BRANDEADA,m2,LONA BRANDEADA,m2,MATERIAL|m2|0|LONA BRANDEADA,ALIAS-d91f1b83e226584cd8664b79,0
D25-a78857816d69a70fa3dc,INSV1-300a09b9094021abe03a21c7,EC-GAD-DAULE-LPI-GADIMCD-2025-03,MALECON,MATERIAL,M8,"CUARTONES DE ENCOFRADO 2""X3""4m",u,CUARTONES DE ENCOFRADO 2 X3 4M,u,MATERIAL|u|0|CUARTONES DE ENCOFRADO 2 X3 4M,ALIAS-a3b226c05ba01ce853288bc4,0
D25-88185fb2fa191e0576f3,INSV1-7ffadf1c200305f25b0b9ba3,EC-GAD-DAULE-LPI-GADIMCD-2025-03,MALECON,MATERIAL,M16,LETRERO INFORMATIVO DE OBRA 3X2.5 m (INCLUYE ESTRUCTURA METALICA Y LONA REFLECTIVA),u,LETRERO INFORMATIVO DE OBRA 3X2.5 M INCLUYE ESTRUCTURA METALICA Y LONA REFLECTIVA,u,MATERIAL|u|0|LETRERO INFORMATIVO DE OBRA 3X2.5 M INCLUYE ESTRUCTURA METALICA Y LONA REFLECTIVA,ALIAS-8a887218df194f6f8c7e31bf,0
D25-02ad4eaf018391280620,INSV1-79f6df37c83ed745c7befca0,EC-GAD-DAULE-LPI-GADIMCD-2025-03,MALECON,MANO_OBRA,MO14,CARPINTERO,h,CARPINTERO,h,MANO_OBRA|h|0|CARPINTERO,ALIAS-c8b7a64397d2b8f0979bc7d2,0
D25-bcb26c70ab5e42e58cb2,INSV1-42bbb2783dfc12a28e2ef7f7,EC-GAD-DAULE-LPI-GADIMCD-2025-03,MALECON,MANO_OBRA,MO2,AYUDANTE DE ALBAÑIL,h,AYUDANTE DE ALBANIL,h,MANO_OBRA|h|0|AYUDANTE DE ALBANIL,ALIAS-b6f0f4c29596fac341b22405,0
D25-ca71a0e1192259d681dc,INSV1-cd10a7a5f491eb4d3e9612d2,EC-GAD-DAULE-LPI-GADIMCD-2025-03,MALECON,MATERIAL,M14,"BISAGRA CROMADA DE 3.5""X3.5"" (INCLUYE TORNILLOS) (PAR)",u,BISAGRA CROMADA DE 3.5 X3.5 INCLUYE TORNILLOS PAR,u,MATERIAL|u|0|BISAGRA CROMADA DE 3.5 X3.5 INCLUYE TORNILLOS PAR,ALIAS-b76470aecf0fc6b248a072f7,0
D25-0397e75b3ebc9f7f247a,INSV1-f4d1adce116d818fe9a1477a,EC-GAD-DAULE-LPI-GADIMCD-2025-03,MALECON,MATERIAL,M10,ALAMBRE DE AMARRE NEGRO #18 (20Kg),Kg,ALAMBRE DE AMARRE NEGRO 18 20KG,kg,MATERIAL|kg|0|ALAMBRE DE AMARRE NEGRO 18 20KG,ALIAS-193f9b4db856562b8414ab2a,0
D25-05269ac18d8225e053a2,INSV1-586692e003a8f9a68764ce96,EC-GAD-DAULE-LPI-GADIMCD-2025-03,MALECON,MATERIAL,M18,CAÑA ROLLIZA,u,CANA ROLLIZA,u,MATERIAL|u|0|CANA ROLLIZA,ALIAS-b1b644826a074369207b1e05,0
D25-43d81d04841119b647f4,INSV1-d7dd616ef657bd73b9c60bde,EC-GAD-DAULE-LPI-GADIMCD-2025-03,MALECON,MATERIAL,M19,CAÑAS PICADAS,u,CANAS PICADAS,u,MATERIAL|u|0|CANAS PICADAS,ALIAS-dded3ca2457f3d35af643956,0
D25-39ce9d8e2566cb4b4873,INSV1-e46c0760d6d3ef82c57cfa35,EC-GAD-DAULE-LPI-GADIMCD-2025-03,MALECON,MATERIAL,M20,"TABLONES DE ENCOFRADO DE 1""X8""X4m",u,TABLONES DE ENCOFRADO DE 1 X8 X4M,u,MATERIAL|u|0|TABLONES DE ENCOFRADO DE 1 X8 X4M,ALIAS-0b4354dea2efb8d0903ae186,0
D25-48a75f0ae7bc5e30a4d0,INSV1-654eb85eaa80f82e0e3b15cd,EC-GAD-DAULE-LPI-GADIMCD-2025-03,MALECON,MATERIAL,M17,"PLANCHA DE ZINC DE 8""",u,PLANCHA DE ZINC DE 8,u,MATERIAL|u|0|PLANCHA DE ZINC DE 8,ALIAS-1bec933ac15ce5576215b951,0
D25-aa03d9ef3bc3d7104b5a,INSV1-2892cf7dfb06f497b71387fb,EC-GAD-DAULE-LPI-GADIMCD-2025-03,MALECON,MATERIAL,M21,ARGOLLAS 12mm CROM.,u,ARGOLLAS 12MM CROM,u,MATERIAL|u|0|ARGOLLAS 12MM CROM,ALIAS-50986e0ff75a59690920da71,0
D25-7669552378b48d5ebd5f,INSV1-ae943c2fd2d3e361ef117438,EC-GAD-DAULE-LPI-GADIMCD-2025-03,MALECON,MATERIAL,M22,CANDADO RECT 30mm BRONCE,u,CANDADO RECT 30MM BRONCE,u,MATERIAL|u|0|CANDADO RECT 30MM BRONCE,ALIAS-2b5a7a9205d8ea32da17afd6,0
D25-5b9fbaca4f8505345882,INSV1-fce8616639286680f4e652e9,EC-GAD-DAULE-LPI-GADIMCD-2025-03,MALECON,EQUIPO,E15,TANQUERO DE AGUA,h,TANQUERO DE AGUA,h,EQUIPO|h|0|TANQUERO DE AGUA,ALIAS-a803d005aba66f492a749539,0
D25-f11c6b36513ddf392ee2,INSV1-544f110943acdd2e84dd3502,EC-GAD-DAULE-LPI-GADIMCD-2025-03,MALECON,EQUIPO,E16,RODILLO LISO VIBRATORIO,h,RODILLO LISO VIBRATORIO,h,EQUIPO|h|0|RODILLO LISO VIBRATORIO,ALIAS-7d049ba70d05066cac4bdc5f,0
D25-437f89b16b6892678f04,INSV1-b2316903008f4aae4b8df8f6,EC-GAD-DAULE-LPI-GADIMCD-2025-03,MALECON,EQUIPO,E2,NIVEL TOPOGRAFICO,h,NIVEL TOPOGRAFICO,h,EQUIPO|h|0|NIVEL TOPOGRAFICO,ALIAS-bec8be6a862dce6dfa928eb3,0
D25-a4960d0d796013b0f8b8,INSV1-64932b074144128fecc8b550,EC-GAD-DAULE-LPI-GADIMCD-2025-03,MALECON,EQUIPO,E3,ESTACION TOTAL,h,ESTACION TOTAL,h,EQUIPO|h|0|ESTACION TOTAL,ALIAS-5ece1efd7bb13208f54b789d,0
D25-c25f0229e7bc787466d9,INSV1-b2ff46ef30de446498b895e0,EC-GAD-DAULE-LPI-GADIMCD-2025-03,MALECON,EQUIPO,E17,MOTONIVELADORA,h,MOTONIVELADORA,h,EQUIPO|h|0|MOTONIVELADORA,ALIAS-ddb183b9e933b03058cc4f84,0
D25-d02d5481fb924ef99555,INSV1-9d84af793bf5a52cab06287a,EC-GAD-DAULE-LPI-GADIMCD-2025-03,MALECON,MANO_OBRA,MO100,CHOFER: TANQUEROS (ESTR. OC. C1),h,CHOFER TANQUEROS ESTR. OC. C1,h,MANO_OBRA|h|0|CHOFER TANQUEROS ESTR. OC. C1,ALIAS-6c8222d752599f440b748753,0
D25-a9e98a0aa07a3b79ae1b,INSV1-613f64f80f871911497f386d,EC-GAD-DAULE-LPI-GADIMCD-2025-03,MALECON,MANO_OBRA,MO73,OPERADOR DE RODILLO AUTOPROPULSADO,h,OPERADOR DE RODILLO AUTOPROPULSADO,h,MANO_OBRA|h|0|OPERADOR DE RODILLO AUTOPROPULSADO,ALIAS-13ea16867563f201c291b3ee,0
D25-d105189ebfffa167fa7f,INSV1-9ba172e0b247189dc0b01ac2,EC-GAD-DAULE-LPI-GADIMCD-2025-03,MALECON,MANO_OBRA,MO44,OPERADOR DE MOTONIVELADORA,h,OPERADOR DE MOTONIVELADORA,h,MANO_OBRA|h|0|OPERADOR DE MOTONIVELADORA,ALIAS-935138bf072881e136eb0d4a,0
D25-fec0a2e6df47bc00faac,INSV1-106deb07d202f0494bb5e902,EC-GAD-DAULE-LPI-GADIMCD-2025-03,MALECON,MATERIAL,M5,AGUA,m3,AGUA,m3,MATERIAL|m3|0|AGUA,ALIAS-018fcdbbef4717c10ec3ab8a,0
D25-b7aae94b274e50a7c1a8,INSV1-9e940d3c8774cd1996a77a94,EC-GAD-DAULE-LPI-GADIMCD-2025-03,MALECON,MATERIAL,M24,CASCAJO DE MEJORAMIENTO IMPORTADO (INCLUYE TRANSPORTE),m3,CASCAJO DE MEJORAMIENTO IMPORTADO INCLUYE TRANSPORTE,m3,MATERIAL|m3|0|CASCAJO DE MEJORAMIENTO IMPORTADO INCLUYE TRANSPORTE,ALIAS-8083f8d53327c7708187ea35,0
D25-835f86a7c6fa1e779958,INSV1-de83312ef633d73f3ca08c90,EC-GAD-DAULE-LPI-GADIMCD-2025-03,MALECON,MATERIAL,M25,PILOTE DE HORMIGON ARMADO PRETENSADO F´C=350Kg/cm2 40X40 L=25.0m,u,PILOTE DE HORMIGON ARMADO PRETENSADO F C 350KG/CM2 40X40 L 25.0M,u,MATERIAL|u|0|PILOTE DE HORMIGON ARMADO PRETENSADO F C 350KG/CM2 40X40 L 25.0M,ALIAS-2123995e4bbe127fcfbd4bea,0
D25-cec55514fabe738958b6,INSV1-4e02a14eb907a3237ad89291,EC-GAD-DAULE-LPI-GADIMCD-2025-03,MALECON,MATERIAL,M26,PILOTE DE HORMIGON ARMADO PRETENSADO F´C=350Kg/cm2 40X40 L=21.0m,u,PILOTE DE HORMIGON ARMADO PRETENSADO F C 350KG/CM2 40X40 L 21.0M,u,MATERIAL|u|0|PILOTE DE HORMIGON ARMADO PRETENSADO F C 350KG/CM2 40X40 L 21.0M,ALIAS-34031225e2d1ec59d8d02870,0
D25-906c03dd84832a124bd7,INSV1-5d725059bfb1c7cb7180e70c,EC-GAD-DAULE-LPI-GADIMCD-2025-03,MALECON,MATERIAL,M27,PILOTE DE HORMIGON ARMADO PRETENSADO F´C=350Kg/cm2 40X40 L=17.0m,u,PILOTE DE HORMIGON ARMADO PRETENSADO F C 350KG/CM2 40X40 L 17.0M,u,MATERIAL|u|0|PILOTE DE HORMIGON ARMADO PRETENSADO F C 350KG/CM2 40X40 L 17.0M,ALIAS-78dcd7bbc2bd98e7d7e1722f,0
D25-ee7cc71822705c52ebc6,INSV1-5c8d43b53ed9b9e55defce4a,EC-GAD-DAULE-LPI-GADIMCD-2025-03,MALECON,MATERIAL,M28,PILOTE DE HORMIGON ARMADO PRETENSADO F´C=350Kg/cm2 40X40 L=13.0m,u,PILOTE DE HORMIGON ARMADO PRETENSADO F C 350KG/CM2 40X40 L 13.0M,u,MATERIAL|u|0|PILOTE DE HORMIGON ARMADO PRETENSADO F C 350KG/CM2 40X40 L 13.0M,ALIAS-3d135a2c4233f41fe79b133a,0
D25-1e42980fe2777058e59c,INSV1-fb625e7e6e28ff6b8dc5f5b6,EC-GAD-DAULE-LPI-GADIMCD-2025-03,MALECON,MATERIAL,M29,PILOTE DE HORMIGON ARMADO PRETENSADO F´C=350Kg/cm2 45X45 L=25.0m,u,PILOTE DE HORMIGON ARMADO PRETENSADO F C 350KG/CM2 45X45 L 25.0M,u,MATERIAL|u|0|PILOTE DE HORMIGON ARMADO PRETENSADO F C 350KG/CM2 45X45 L 25.0M,ALIAS-482af5699daf4edff351fa7b,0
D25-ab8f2f5167065a719169,INSV1-cdc7ee72077345a0a2dc15f5,EC-GAD-DAULE-LPI-GADIMCD-2025-03,MALECON,EQUIPO,E18,MARTILLO PARA HINCADO,h,MARTILLO PARA HINCADO,h,EQUIPO|h|0|MARTILLO PARA HINCADO,ALIAS-f7514a6b47d31ab13e727ac8,0
D25-a9da888570992ed09996,INSV1-64d252a22f905cb77aa9d5ef,EC-GAD-DAULE-LPI-GADIMCD-2025-03,MALECON,EQUIPO,E19,GRUA DE 120 Tn,h,GRUA DE 120 TN,h,EQUIPO|h|0|GRUA DE 120 TN,ALIAS-0cc3c99f03ecba9cdbd2f060,0
D25-ccf0d179d24618665df4,INSV1-92b1554ed6ce2b80797b2b33,EC-GAD-DAULE-LPI-GADIMCD-2025-03,MALECON,EQUIPO,E20,"BOMBA DE AGUA 4""",h,BOMBA DE AGUA 4,h,EQUIPO|h|0|BOMBA DE AGUA 4,ALIAS-587c41e5a1dd8afb2caf221e,0
D25-f3c9ff2683bf3edd82e2,INSV1-3aafb0d3fb39354724fd1708,EC-GAD-DAULE-LPI-GADIMCD-2025-03,MALECON,EQUIPO,E21,COMPRESOR,h,COMPRESOR,h,EQUIPO|h|0|COMPRESOR,ALIAS-b974c337dc7b3f0b77e5fab0,0
D25-6109bbaff0fd4346ffbf,INSV1-46f04db693df544f7615ff68,EC-GAD-DAULE-LPI-GADIMCD-2025-03,MALECON,MANO_OBRA,MO46,OPERADOR DE GRUA PUENTE DE ELEVACION,h,OPERADOR DE GRUA PUENTE DE ELEVACION,h,MANO_OBRA|h|0|OPERADOR DE GRUA PUENTE DE ELEVACION,ALIAS-2d07034c45e953a1a2a41614,0
D25-c514a3fe2bd6157dcba0,INSV1-58cf155b4c30b6041c57df64,EC-GAD-DAULE-LPI-GADIMCD-2025-03,MALECON,EQUIPO,E22,PLATAFORMA METALICA (INCLUYE REMOLCADOR),h,PLATAFORMA METALICA INCLUYE REMOLCADOR,h,EQUIPO|h|0|PLATAFORMA METALICA INCLUYE REMOLCADOR,ALIAS-3362c8d18e2f1244703c1fa2,0
D25-e0330df4ea7ba9b3e714,INSV1-1c63dd0c157889304c651cdd,EC-GAD-DAULE-LPI-GADIMCD-2025-03,MALECON,EQUIPO,E23,EQUIPO DE IZAJE,h,EQUIPO DE IZAJE,h,EQUIPO|h|0|EQUIPO DE IZAJE,ALIAS-520f8ac8d9a3d929b347410c,0
D25-792e6b78315f4c5c75a2,INSV1-f95566efd6911d37efb95501,EC-GAD-DAULE-LPI-GADIMCD-2025-03,MALECON,EQUIPO,E24,MAESTRA DE ACOPLE,h,MAESTRA DE ACOPLE,h,EQUIPO|h|0|MAESTRA DE ACOPLE,ALIAS-a60e9e9f2e08234166990c7c,0
D25-273171935a2a54c711c0,INSV1-1863875e0834bfb8cd2c25fb,EC-GAD-DAULE-LPI-GADIMCD-2025-03,MALECON,MATERIAL,M31,PRUEBA DE CARGA DINAMICA PDA EN PILOTE D=0.60m,u,PRUEBA DE CARGA DINAMICA PDA EN PILOTE D 0.60M,u,MATERIAL|u|0|PRUEBA DE CARGA DINAMICA PDA EN PILOTE D 0.60M,ALIAS-1efae7fca5634913a52c9c9c,0
D25-e192241dce0edb31e614,INSV1-6206be68150f1c8c7ff90b7d,EC-GAD-DAULE-LPI-GADIMCD-2025-03,MALECON,EQUIPO,E25,ROTOMARTILLO,h,ROTOMARTILLO,h,EQUIPO|h|0|ROTOMARTILLO,ALIAS-c016e6fad66289329be09ace,0
D25-3e3742ae13d26a6df0f5,INSV1-d8082defdb8f16416e3753b1,EC-GAD-DAULE-LPI-GADIMCD-2025-03,MALECON,EQUIPO,E26,ESTRUCTURA METALICA TEMPORAL AUTOSOPORTANTE,h,ESTRUCTURA METALICA TEMPORAL AUTOSOPORTANTE,h,EQUIPO|h|0|ESTRUCTURA METALICA TEMPORAL AUTOSOPORTANTE,ALIAS-c2b7e0e620e6dbe68776fa7e,0
D25-d858907608e14b9c389f,INSV1-37b8af6f88857339e200cb4e,EC-GAD-DAULE-LPI-GADIMCD-2025-03,MALECON,EQUIPO,E28,MARTILLO NEUMATICO PARA PILOTES,h,MARTILLO NEUMATICO PARA PILOTES,h,EQUIPO|h|0|MARTILLO NEUMATICO PARA PILOTES,ALIAS-893c0286eac00cfb277d9a15,0
D25-8d276e21efb683a1769e,INSV1-49b9feec03a6ef52bf6ea6a2,EC-GAD-DAULE-LPI-GADIMCD-2025-03,MALECON,EQUIPO,E5,EQUIPO DE OXICORTE,h,EQUIPO DE OXICORTE,h,EQUIPO|h|0|EQUIPO DE OXICORTE,ALIAS-ca58e44d169204be03637774,0
D25-519dae7d9a250082ce2f,INSV1-78e332f7cdb942a8d19d5dfd,EC-GAD-DAULE-LPI-GADIMCD-2025-03,MALECON,EQUIPO,E27,SOLDADORA,h,SOLDADORA,h,EQUIPO|h|0|SOLDADORA,ALIAS-cb2c518aca2fb4bfed090ef7,0
D25-110935dbb8cb97d36d9c,INSV1-ae64c7e507ee716b3349a2f1,EC-GAD-DAULE-LPI-GADIMCD-2025-03,MALECON,MANO_OBRA,MO28,OPERADOR DE PERFORADOR (EN CONSTRUCCION),h,OPERADOR DE PERFORADOR EN CONSTRUCCION,h,MANO_OBRA|h|0|OPERADOR DE PERFORADOR EN CONSTRUCCION,ALIAS-d9fff2ff7d7baa470b0bbb3e,0
D25-03a1023142e2194028c1,INSV1-2f2624a08958fe1391e338e7,EC-GAD-DAULE-LPI-GADIMCD-2025-03,MALECON,MANO_OBRA,MO35,MAESTRO SOLDADOR ESPECIALIZADO (EN CONSTRUCCION- ESTR. OC.C1),h,MAESTRO SOLDADOR ESPECIALIZADO EN CONSTRUCCION- ESTR. OC.C1,h,MANO_OBRA|h|0|MAESTRO SOLDADOR ESPECIALIZADO EN CONSTRUCCION- ESTR. OC.C1,ALIAS-c647c640ecf5fa895563a20a,0
D25-2e0d458279c9eb46ad49,INSV1-af3bec3239b74cf8b2c96dae,EC-GAD-DAULE-LPI-GADIMCD-2025-03,MALECON,MATERIAL,M461,ALAMBRE RECOCIDO #18,Kg,ALAMBRE RECOCIDO 18,kg,MATERIAL|kg|0|ALAMBRE RECOCIDO 18,ALIAS-a6c39af4cb646e8aa946a7e2,0
D25-84ab197e9c8ff23e9315,INSV1-3b4795e9fe668dfd88e65740,EC-GAD-DAULE-LPI-GADIMCD-2025-03,MALECON,MATERIAL,M33,TUBERIA PP UNION ROSCABLE DI=1 plg 1.25 MPA,m,TUBERIA PP UNION ROSCABLE DI 1 PLG 1.25 MPA,m,MATERIAL|m|0|TUBERIA PP UNION ROSCABLE DI 1 PLG 1.25 MPA,ALIAS-e110f9f22292b9159d2e23e4,0
D25-d9387e7f9cbb9f9e7be5,INSV1-1f1e8bc7aeb3b6824f2c1ba3,EC-GAD-DAULE-LPI-GADIMCD-2025-03,MALECON,MATERIAL,M34,CONECTORES PARA VARILLAS DE REF. PARA D= 25 mm,u,CONECTORES PARA VARILLAS DE REF. PARA D 25 MM,u,MATERIAL|u|0|CONECTORES PARA VARILLAS DE REF. PARA D 25 MM,ALIAS-3644f69a087e2fada601ea25,0
D25-94da2ed1fb9bc98e2b7f,INSV1-47cc737fc2c9c5e593b29343,EC-GAD-DAULE-LPI-GADIMCD-2025-03,MALECON,MATERIAL,M35,CAMISA METALICA DE ACERO A-588 PARA PILOTE D=0.60m E=15mm,m,CAMISA METALICA DE ACERO A-588 PARA PILOTE D 0.60M E 15MM,m,MATERIAL|m|0|CAMISA METALICA DE ACERO A-588 PARA PILOTE D 0.60M E 15MM,ALIAS-c5bafd85a9634673b7d6e830,0
D25-cf3b69b2552671dffce6,INSV1-665db03eddee8eb5942222ba,EC-GAD-DAULE-LPI-GADIMCD-2025-03,MALECON,MATERIAL,M36,ACETILENO,Kg,ACETILENO,kg,MATERIAL|kg|0|ACETILENO,ALIAS-31cee4668ff32a6be072a4f2,0
D25-e9378516a2dece9a853a,INSV1-5ed064e29e618f8a94e493ce,EC-GAD-DAULE-LPI-GADIMCD-2025-03,MALECON,MATERIAL,M37,OXIGENO,m3,OXIGENO,m3,MATERIAL|m3|0|OXIGENO,ALIAS-39d914357a8a9ac88c17b36a,0
D25-5e913cce1d03e18a31f6,INSV1-3e6e72469e98f50a4b294b19,EC-GAD-DAULE-LPI-GADIMCD-2025-03,MALECON,MATERIAL,M38,SOLDADURA,Kg,SOLDADURA,kg,MATERIAL|kg|0|SOLDADURA,ALIAS-95bc2a276d644f0bd952a231,0
D25-4001971ea0f172828b6b,INSV1-a80442e7e6489c0a0e09d542,EC-GAD-DAULE-LPI-GADIMCD-2025-03,MALECON,EQUIPO,E29,CORTADORA DE HIERRO,h,CORTADORA DE HIERRO,h,EQUIPO|h|0|CORTADORA DE HIERRO,ALIAS-9b6da4f969752e978856d85c,0
D25-63cccc8bd7a43c5ccd70,INSV1-7e529640382bd270a9533695,EC-GAD-DAULE-LPI-GADIMCD-2025-03,MALECON,MANO_OBRA,MO13,FIERRERO,h,FIERRERO,h,MANO_OBRA|h|0|FIERRERO,ALIAS-8545b6b0030dd8a564a2a3d7,0
D25-ad539d29e5510f4733da,INSV1-dfd9503543b700e0993a7692,EC-GAD-DAULE-LPI-GADIMCD-2025-03,MALECON,MATERIAL,M39,ACERO DE REFUERZO EN BARRAS FY=4200 Kg/cm2,Kg,ACERO DE REFUERZO EN BARRAS FY 4200 KG/CM2,kg,MATERIAL|kg|0|ACERO DE REFUERZO EN BARRAS FY 4200 KG/CM2,ALIAS-69ef695a044119720f884d66,0
D25-212827278b6a1d49510a,INSV1-cf8fea534f1bbba59fbc0738,EC-GAD-DAULE-LPI-GADIMCD-2025-03,MALECON,EQUIPO,E30,ESTRUCTURA TEMPORAL PARA FUNDICION EN ELEMENTOS EN AGUA,h,ESTRUCTURA TEMPORAL PARA FUNDICION EN ELEMENTOS EN AGUA,h,EQUIPO|h|0|ESTRUCTURA TEMPORAL PARA FUNDICION EN ELEMENTOS EN AGUA,ALIAS-22281735d8daca2cd4126697,0
D25-8a82f39f99270a7d819f,INSV1-4dd2512ac04066974006ccdf,EC-GAD-DAULE-LPI-GADIMCD-2025-03,MALECON,MANO_OBRA,MO8,ALBAÑIL,h,ALBANIL,h,MANO_OBRA|h|0|ALBANIL,ALIAS-5b6bfb9a2c542781d1af9138,0
D25-14ed8817694c7b32085a,INSV1-0db8625bf787b7ef61edff42,EC-GAD-DAULE-LPI-GADIMCD-2025-03,MALECON,MATERIAL,M40,HORMIGON PREMEZCLADO BOMBEABLE AUTOCOMPACTANTE F´C=350 Kg/cm2 CON INHIBIDOR DE CORROSION DE ALTA RESISTENCIA INICIAL,m3,HORMIGON PREMEZCLADO BOMBEABLE AUTOCOMPACTANTE F C 350 KG/CM2 CON INHIBIDOR DE CORROSION DE ALTA RESISTENCIA INICIAL,m3,MATERIAL|m3|0|HORMIGON PREMEZCLADO BOMBEABLE AUTOCOMPACTANTE F C 350 KG/CM2 CON INHIBIDOR DE CORROSION DE ALTA RESISTENCIA INICIAL,ALIAS-5780df0becee3bd6845dd34c,0
D25-7c20745cd5215cb0aa5e,INSV1-6e8a9ec7511393ad8452f66a,EC-GAD-DAULE-LPI-GADIMCD-2025-03,MALECON,EQUIPO,E31,ENCOFRADO,h,ENCOFRADO,h,EQUIPO|h|0|ENCOFRADO,ALIAS-3eff13c9d9f810f080172613,0
D25-543f928f7e4ef1ef93d4,INSV1-14b3cddcffbfe8c1f95d9333,EC-GAD-DAULE-LPI-GADIMCD-2025-03,MALECON,MANO_OBRA,MO15,ENCOFRADOR O CARPINTERO DE RIBERA,h,ENCOFRADOR O CARPINTERO DE RIBERA,h,MANO_OBRA|h|0|ENCOFRADOR O CARPINTERO DE RIBERA,ALIAS-c64e7609ca14a06817a866b0,0
D25-0189185e4805b7105f13,INSV1-f9ec6f80214f44d52f622b32,EC-GAD-DAULE-LPI-GADIMCD-2025-03,MALECON,MATERIAL,M41,HORMIGON PREMEZCLADO F´C= 350 Kg/cm2 BOMBEABLE,m3,HORMIGON PREMEZCLADO F C 350 KG/CM2 BOMBEABLE,m3,MATERIAL|m3|0|HORMIGON PREMEZCLADO F C 350 KG/CM2 BOMBEABLE,ALIAS-4c91e24be1ea61e36f5b821e,0
D25-4ce1f1912ac0c5bb5c2d,INSV1-39a9aecf6e82be943d453c5c,EC-GAD-DAULE-LPI-GADIMCD-2025-03,MALECON,MATERIAL,M42,CURADOR PARA HORMIGON Y MORTERO,Kg,CURADOR PARA HORMIGON Y MORTERO,kg,MATERIAL|kg|0|CURADOR PARA HORMIGON Y MORTERO,ALIAS-dda606c6a25fb86d28fb686b,0
D25-64aeae42973b81c07427,INSV1-5dbdad09bae882a0c4c68aac,EC-GAD-DAULE-LPI-GADIMCD-2025-03,MALECON,MATERIAL,M43,FABRICACION DE VIGA T SEGUN DISEÑO,m,FABRICACION DE VIGA T SEGUN DISENO,m,MATERIAL|m|0|FABRICACION DE VIGA T SEGUN DISENO,ALIAS-d149ad930b1d3129bc4d5583,0
D25-b1841c559a028f05c35e,INSV1-59ef98e735101c174291ec31,EC-GAD-DAULE-LPI-GADIMCD-2025-03,MALECON,MATERIAL,M44,"FABRICACION DE VIGA DOBLE T ANCHO= 1,40m A 1,70m",u,FABRICACION DE VIGA DOBLE T ANCHO 1 40M A 1 70M,u,MATERIAL|u|0|FABRICACION DE VIGA DOBLE T ANCHO 1 40M A 1 70M,ALIAS-690c73a5ace931b439d52185,0
D25-446a11d553cebae49013,INSV1-bc641b77505934568e903e9a,EC-GAD-DAULE-LPI-GADIMCD-2025-03,MALECON,MATERIAL,M45,"FABRICACION DE VIGA DOBLE T TIPO X, ANCHO= 1,71m A 2,11 m",u,FABRICACION DE VIGA DOBLE T TIPO X ANCHO 1 71M A 2 11 M,u,MATERIAL|u|0|FABRICACION DE VIGA DOBLE T TIPO X ANCHO 1 71M A 2 11 M,ALIAS-07841f681bc2ab0e92135aa3,0
D25-f8da3e586c54c7ec7d80,INSV1-2d6e69bfe126b634119f1232,EC-GAD-DAULE-LPI-GADIMCD-2025-03,MALECON,MATERIAL,M47,FABRICACION DE VIGA L SEGUN DISEÑO,u,FABRICACION DE VIGA L SEGUN DISENO,u,MATERIAL|u|0|FABRICACION DE VIGA L SEGUN DISENO,ALIAS-b235bdb9360b725d9b4b893d,0
D25-548f598082bacc416a27,INSV1-b82635ff8666c942d924708d,EC-GAD-DAULE-LPI-GADIMCD-2025-03,MALECON,MATERIAL,M48,FABRICACION DE VIGA RECTANGULAR 250 X 470,m,FABRICACION DE VIGA RECTANGULAR 250 X 470,m,MATERIAL|m|0|FABRICACION DE VIGA RECTANGULAR 250 X 470,ALIAS-f3107d2c1af7427bee4a3d75,0
D25-b1300150d8a09c9a8222,INSV1-5a9c825abaa71eb4a638f171,EC-GAD-DAULE-LPI-GADIMCD-2025-03,MALECON,MATERIAL,M49,FABRICACION DE VIGA R19R,m,FABRICACION DE VIGA R19R,m,MATERIAL|m|0|FABRICACION DE VIGA R19R,ALIAS-d4df91542e3f8c1d99dd6ff9,0
D25-5d506f3edfd64085a959,INSV1-d8feae23aef2cc3f444b83f7,EC-GAD-DAULE-LPI-GADIMCD-2025-03,MALECON,EQUIPO,E32,GRUA PLUMA MOVIL,h,GRUA PLUMA MOVIL,h,EQUIPO|h|0|GRUA PLUMA MOVIL,ALIAS-aff290751db2eb7b8b8ecf6e,0
D25-2617ba63be8793d15ff5,INSV1-2d28c1e58b2d40ccef7096f7,EC-GAD-DAULE-LPI-GADIMCD-2025-03,MALECON,TRANSPORTE,M46,TRANSPORTE DE VIGAS,1,TRANSPORTE DE VIGAS,1,TRANSPORTE|1|0|TRANSPORTE DE VIGAS,ALIAS-5e7e3332cb2bc213820d8035,0
D25-4e9b2344578a7cc0d3ec,INSV1-c1d83e5e831252249b9bccac,EC-GAD-DAULE-LPI-GADIMCD-2025-03,MALECON,MATERIAL,M50,FABRICACION DE VIGA R14R,m,FABRICACION DE VIGA R14R,m,MATERIAL|m|0|FABRICACION DE VIGA R14R,ALIAS-cef29e76f0b1d51dfdf0f74b,0
D25-28b6f8498045b4409a86,INSV1-44ef89f469c1dcfa47e5c9ee,EC-GAD-DAULE-LPI-GADIMCD-2025-03,MALECON,MATERIAL,M51,JUNTA DILATACION DE NEOPRENO JCV-300 (432X54X1830) mm,m,JUNTA DILATACION DE NEOPRENO JCV-300 432X54X1830 MM,m,MATERIAL|m|0|JUNTA DILATACION DE NEOPRENO JCV-300 432X54X1830 MM,ALIAS-11b11dd71882a9895828c228,0
D25-432898f920f321ce7583,INSV1-7c6ea3c042958c72a92da750,EC-GAD-DAULE-LPI-GADIMCD-2025-03,MALECON,EQUIPO,E33,VIBRADOR,h,VIBRADOR,h,EQUIPO|h|0|VIBRADOR,ALIAS-236e482c7497212ae9c485f8,0
D25-8bd72e580e399d2d790b,INSV1-640ace25bc39930b9fcb9da8,EC-GAD-DAULE-LPI-GADIMCD-2025-03,MALECON,MANO_OBRA,MO9,OPERADOR DE EQUIPO LIVIANO,h,OPERADOR DE EQUIPO LIVIANO,h,MANO_OBRA|h|0|OPERADOR DE EQUIPO LIVIANO,ALIAS-12443cde7dfb30eee120ae40,0
D25-ce55faaa350c7e5f9281,INSV1-f4a1b37ca8e856db26be8dfa,EC-GAD-DAULE-LPI-GADIMCD-2025-03,MALECON,MATERIAL,M52,HORMIGON PREMEZCLADO F´C= 180 Kg/cm2 BOMBEABLE,m3,HORMIGON PREMEZCLADO F C 180 KG/CM2 BOMBEABLE,m3,MATERIAL|m3|0|HORMIGON PREMEZCLADO F C 180 KG/CM2 BOMBEABLE,ALIAS-58a243cac15929973a772b81,0
D25-96e90f466abd0a6fea3c,INSV1-f36760bc9f1a1e29a0ab8fcf,EC-GAD-DAULE-LPI-GADIMCD-2025-03,MALECON,MATERIAL,M53,DESMOLDANTE,Kg,DESMOLDANTE,kg,MATERIAL|kg|0|DESMOLDANTE,ALIAS-26cc49e1e5e68ebd805eb5b9,0
D25-532203ade6c3d3736e54,INSV1-66950b862d63406d4c228052,EC-GAD-DAULE-LPI-GADIMCD-2025-03,MALECON,MANO_OBRA,MO17,ELECTRICISTA O INSTALADOR DE REVESTIMIENTO EN GENERAL,h,ELECTRICISTA O INSTALADOR DE REVESTIMIENTO EN GENERAL,h,MANO_OBRA|h|0|ELECTRICISTA O INSTALADOR DE REVESTIMIENTO EN GENERAL,ALIAS-5b3f5d3fb798e03a6c508e57,0
D25-1c83ce873fed61cd4425,INSV1-b6cc111202ee6c433f8fcf3f,EC-GAD-DAULE-LPI-GADIMCD-2025-03,MALECON,MANO_OBRA,MO92,SOLDADOR EN CONSTRUCCION,h,SOLDADOR EN CONSTRUCCION,h,MANO_OBRA|h|0|SOLDADOR EN CONSTRUCCION,ALIAS-8ff0459f9f916fe49842ec37,0
D25-111e0c2d85111461e55e,INSV1-019b26b9ea115e3362542b0d,EC-GAD-DAULE-LPI-GADIMCD-2025-03,MALECON,MATERIAL,M54,ELECTRODOS E-6011,Kg,ELECTRODOS E-6011,kg,MATERIAL|kg|0|ELECTRODOS E-6011,ALIAS-21c2fba773ec06f6ddaf23fb,0
D25-f42605549de7b4428992,INSV1-ef48368e3e77fdd0f178c9b6,EC-GAD-DAULE-LPI-GADIMCD-2025-03,MALECON,MATERIAL,M55,"MALLA ELECTROSOLDADA 15x15 - 5,5mm",m2,MALLA ELECTROSOLDADA 15X15 - 5 5MM,m2,MATERIAL|m2|0|MALLA ELECTROSOLDADA 15X15 - 5 5MM,ALIAS-c7624d40bcea77b3c05cedf9,0
D25-c96ae5d0f47f9c8a76a4,INSV1-65b6eeebd85f6081949edaa9,EC-GAD-DAULE-LPI-GADIMCD-2025-03,MALECON,EQUIPO,E34,WINCHE,h,WINCHE,h,EQUIPO|h|0|WINCHE,ALIAS-b7d46212ce8852139ef98c91,0
D25-476936e4fbeee98f6ca0,INSV1-991cd6d35201ee2635459b2e,EC-GAD-DAULE-LPI-GADIMCD-2025-03,MALECON,EQUIPO,E35,ESMERIL,h,ESMERIL,h,EQUIPO|h|0|ESMERIL,ALIAS-3dc0b42a3cc31083634bb7ac,0
D25-e45cdd0c5d27db0e6201,INSV1-42ae88b7db8484ef106773c5,EC-GAD-DAULE-LPI-GADIMCD-2025-03,MALECON,MANO_OBRA,MO25,TECNICO ELECTROMECANICO DE CONSTRUCCION,h,TECNICO ELECTROMECANICO DE CONSTRUCCION,h,MANO_OBRA|h|0|TECNICO ELECTROMECANICO DE CONSTRUCCION,ALIAS-43f238810ec3d5db8ec319ae,0
D25-6770bc2fe73e2f2b0ec0,INSV1-94cb93d16a8b6592d390d8fb,EC-GAD-DAULE-LPI-GADIMCD-2025-03,MALECON,MATERIAL,M56,SOLDADURA E 7018,Kg,SOLDADURA E 7018,kg,MATERIAL|kg|0|SOLDADURA E 7018,ALIAS-f74846310e14ddc9023a1dad,0
D25-3f6831ce600062bd0121,INSV1-10d2e0991dc99e6ba0706146,EC-GAD-DAULE-LPI-GADIMCD-2025-03,MALECON,MATERIAL,M57,DILUYENTE,galón (US),DILUYENTE,galón (us),MATERIAL|galón (us)|0|DILUYENTE,ALIAS-02ae827c402006ea574e96fb,0
D25-b47b3f64908c061362af,INSV1-b75db1bdd03f3d7fc6b41c2e,EC-GAD-DAULE-LPI-GADIMCD-2025-03,MALECON,MATERIAL,M58,WYPE BLANCO,lb,WYPE BLANCO,lb,MATERIAL|lb|0|WYPE BLANCO,ALIAS-04cf467a11ca43c81b40f4ad,0
D25-d55fc21521d50e874de7,INSV1-21196fd0bd660f993bd0abd8,EC-GAD-DAULE-LPI-GADIMCD-2025-03,MALECON,MATERIAL,M59,ANTICORROSIVO GRIS 507 4 LITROS,galón (US),ANTICORROSIVO GRIS 507 4 LITROS,galón (us),MATERIAL|galón (us)|0|ANTICORROSIVO GRIS 507 4 LITROS,ALIAS-47d349f250de8ffbc9c82996,0
D25-e1b8e7b76b6b2ff9fcdd,INSV1-f8a9867228c0de7e109f13b9,EC-GAD-DAULE-LPI-GADIMCD-2025-03,MALECON,MATERIAL,M60,ACERO ESTRUCTURAL ASTM A-588,Kg,ACERO ESTRUCTURAL ASTM A-588,kg,MATERIAL|kg|0|ACERO ESTRUCTURAL ASTM A-588,ALIAS-76c1df86fa0cbdcef49c41c3,0
D25-5d5c0fdbd2ca1d8e6c48,INSV1-34a0b53903044dd07da8a3e2,EC-GAD-DAULE-LPI-GADIMCD-2025-03,MALECON,MANO_OBRA,MO95,ENGRASADOR O ABASTECEDOR RESPONSABLE EN CONSTRUCCION (EN CONSTRUCCION - ESTR. OC. D2),h,ENGRASADOR O ABASTECEDOR RESPONSABLE EN CONSTRUCCION EN CONSTRUCCION - ESTR. OC. D2,h,MANO_OBRA|h|0|ENGRASADOR O ABASTECEDOR RESPONSABLE EN CONSTRUCCION EN CONSTRUCCION - ESTR. OC. D2,ALIAS-49f663d4e90ec5a68fd3932c,0
D25-4bc85017cc0554ced39f,INSV1-0395ca91e2501c400f2c3d35,EC-GAD-DAULE-LPI-GADIMCD-2025-03,MALECON,MANO_OBRA,MO36,INSPECTOR DE OBRA,h,INSPECTOR DE OBRA,h,MANO_OBRA|h|0|INSPECTOR DE OBRA,ALIAS-1f2e6967da1582f1849baf4f,0
D25-f3147eb2269801dfeb44,INSV1-6e7fd35de2492210365a1afb,EC-GAD-DAULE-LPI-GADIMCD-2025-03,MALECON,MATERIAL,M61,CORNAMUSAS GALVANIZADAS,u,CORNAMUSAS GALVANIZADAS,u,MATERIAL|u|0|CORNAMUSAS GALVANIZADAS,ALIAS-93625535c0f717a2a767ed4e,0
D25-eb41f241d3072739bb1d,INSV1-fac014a7129b7233a8ef32e7,EC-GAD-DAULE-LPI-GADIMCD-2025-03,MALECON,MATERIAL,M62,ELEMENTOS DE FIJACION,u,ELEMENTOS DE FIJACION,u,MATERIAL|u|0|ELEMENTOS DE FIJACION,ALIAS-51a00565113f32c3f6014282,0
D25-fe0e32535e2bd0b3d761,INSV1-ad47868907a4348489e813e1,EC-GAD-DAULE-LPI-GADIMCD-2025-03,MALECON,MATERIAL,M63,DECK DE MADERA PLASTICA PARA PISO,m2,DECK DE MADERA PLASTICA PARA PISO,m2,MATERIAL|m2|0|DECK DE MADERA PLASTICA PARA PISO,ALIAS-2035db587e78adfefecac987,0
D25-6dca74c1c066185d06ba,INSV1-56db915a08387177b46e28e0,EC-GAD-DAULE-LPI-GADIMCD-2025-03,MALECON,EQUIPO,E37,AMOLADORA,h,AMOLADORA,h,EQUIPO|h|0|AMOLADORA,ALIAS-4013c504e5be6f359d3b9c13,0
D25-3322a21f21b737b08a14,INSV1-fbdb6f4a9a2426c31001fb07,EC-GAD-DAULE-LPI-GADIMCD-2025-03,MALECON,MATERIAL,M261,MORTERO DE PORCELANATO,Kg,MORTERO DE PORCELANATO,kg,MATERIAL|kg|0|MORTERO DE PORCELANATO,ALIAS-89b550d7ae1bc634b77ba6b5,0
D25-f3aa16ff17954ae17c55,INSV1-fea047f0f909ca24cddfe470,EC-GAD-DAULE-LPI-GADIMCD-2025-03,MALECON,MATERIAL,M65,POLVO PARA SELLAR JUNTAS DE CERAMICA O PORCELANATO,Kg,POLVO PARA SELLAR JUNTAS DE CERAMICA O PORCELANATO,kg,MATERIAL|kg|0|POLVO PARA SELLAR JUNTAS DE CERAMICA O PORCELANATO,ALIAS-ea2c2ca78fa39f86d0ac2f73,0
D25-32ea03826fb52f041872,INSV1-b2ab8ae8521c58fdd343086d,EC-GAD-DAULE-LPI-GADIMCD-2025-03,MALECON,MATERIAL,M67,PORCELANATO 18.5X150X9mm,m2,PORCELANATO 18.5X150X9MM,m2,MATERIAL|m2|0|PORCELANATO 18.5X150X9MM,ALIAS-52784600065d066ea5275684,0
D25-8551c3292a0e17a87b61,INSV1-713d4393807e38aa3dbf0374,EC-GAD-DAULE-LPI-GADIMCD-2025-03,MALECON,MATERIAL,M68,"TUBERIA GALVANIZADA 2"" X 2.0mm X 6m",m,TUBERIA GALVANIZADA 2 X 2.0MM X 6M,m,MATERIAL|m|0|TUBERIA GALVANIZADA 2 X 2.0MM X 6M,ALIAS-a075970522fa235aed19f3a2,0
D25-e7cfb5e1e3e16e6d17d3,INSV1-d1ac427576b48ec123d5b4fd,EC-GAD-DAULE-LPI-GADIMCD-2025-03,MALECON,MATERIAL,M69,"TUBERIA GALVANIZADA 3"" X 2.0mm X 6m",m,TUBERIA GALVANIZADA 3 X 2.0MM X 6M,m,MATERIAL|m|0|TUBERIA GALVANIZADA 3 X 2.0MM X 6M,ALIAS-fe6a210cbc110319bc1b7658,0
D25-b7f1352257810c5790f2,INSV1-87415f085eaddc67da4f88f5,EC-GAD-DAULE-LPI-GADIMCD-2025-03,MALECON,MATERIAL,M70,"PERNOS GRADO 8 DE ANCLAJE 5/8"" DE 4 1/4"" DE LARGO",u,PERNOS GRADO 8 DE ANCLAJE 5/8 DE 4 1/4 DE LARGO,u,MATERIAL|u|0|PERNOS GRADO 8 DE ANCLAJE 5/8 DE 4 1/4 DE LARGO,ALIAS-ebcdaecffa9bff1322bc3bde,0
D25-75a934038118df29c0c5,INSV1-01b7a6c72ef8ff8ec00a5097,EC-GAD-DAULE-LPI-GADIMCD-2025-03,MALECON,MATERIAL,M71,ELECTRODOS E-7018,Kg,ELECTRODOS E-7018,kg,MATERIAL|kg|0|ELECTRODOS E-7018,ALIAS-994528cd4d1d91fb1b3365b3,0
D25-d6a17cdd0b49b6befc1e,INSV1-5fc0676ab38ab7d76ea6e289,EC-GAD-DAULE-LPI-GADIMCD-2025-03,MALECON,MATERIAL,M72,PINTURA ANTICORROSIVA DE METALES FERROSOS,galón (US),PINTURA ANTICORROSIVA DE METALES FERROSOS,galón (us),MATERIAL|galón (us)|0|PINTURA ANTICORROSIVA DE METALES FERROSOS,ALIAS-d0e21c225e0b6c8497bda745,0
D25-48de21f16513b35d694c,INSV1-5af02a7ee76fcc6a64686e24,EC-GAD-DAULE-LPI-GADIMCD-2025-03,MALECON,EQUIPO,E36,GRUA DE 20 Tn,h,GRUA DE 20 TN,h,EQUIPO|h|0|GRUA DE 20 TN,ALIAS-3e0288f9bb18802412e8eaf2,0
D25-ae2255d7c9ae7d7c1fdd,INSV1-c597fb1e3ec638c1276c2b14,EC-GAD-DAULE-LPI-GADIMCD-2025-03,MALECON,MANO_OBRA,MO10,PINTOR,h,PINTOR,h,MANO_OBRA|h|0|PINTOR,ALIAS-f3bba3b12aecc2b1c8008481,0
D25-14296ba02b8c8e0a8394,INSV1-91c3c39c04cfbe44f5181478,EC-GAD-DAULE-LPI-GADIMCD-2025-03,MALECON,MATERIAL,M73,LIJA DE AGUA # 240,u,LIJA DE AGUA 240,u,MATERIAL|u|0|LIJA DE AGUA 240,ALIAS-0cbccab31e2ff49d1d2cf0bc,0
D25-ae3c7b0a7ebe2dfb5114,INSV1-8b9dd7ff95cca22704f31d4e,EC-GAD-DAULE-LPI-GADIMCD-2025-03,MALECON,MATERIAL,M74,LIJA DE AGUA # 500,u,LIJA DE AGUA 500,u,MATERIAL|u|0|LIJA DE AGUA 500,ALIAS-0c49682763c688476a93304b,0
D25-304754e57adb2408e678,INSV1-b6020d5b3f735229c4e1c017,EC-GAD-DAULE-LPI-GADIMCD-2025-03,MALECON,MATERIAL,M75,ACERO ESTRUCTURAL (A36),Kg,ACERO ESTRUCTURAL A36,kg,MATERIAL|kg|0|ACERO ESTRUCTURAL A36,ALIAS-96d80ee69b782a53d447dbec,0
D25-3d1270b28b051a836013,INSV1-b31a936441887422285fff03,EC-GAD-DAULE-LPI-GADIMCD-2025-03,MALECON,EQUIPO,E7,MINICARGADOR CON MARTILLO ROMPEDOR,h,MINICARGADOR CON MARTILLO ROMPEDOR,h,EQUIPO|h|0|MINICARGADOR CON MARTILLO ROMPEDOR,ALIAS-f3ca1ebf029bb497742aa0e9,0
D25-368c94bfa0ba484f11d8,INSV1-6905b98eb5e7f82e542d88b9,EC-GAD-DAULE-LPI-GADIMCD-2025-03,MALECON,MANO_OBRA,MO87,OPERADOR MINI EXCAVADORA/MINI CARGADORA CON SUS ADITAMENTOS,h,OPERADOR MINI EXCAVADORA/MINI CARGADORA CON SUS ADITAMENTOS,h,MANO_OBRA|h|0|OPERADOR MINI EXCAVADORA/MINI CARGADORA CON SUS ADITAMENTOS,ALIAS-f56a866727893c7b9382fc75,0
D25-57c4c83f2dec31235b87,INSV1-96bd0c9f6c2874f39885f971,EC-GAD-DAULE-LPI-GADIMCD-2025-03,MALECON,MATERIAL,M76,MATERIAL SUB BASE CLASE 1A PUESTO EN SITIO,m3,MATERIAL SUB BASE CLASE 1A PUESTO EN SITIO,m3,MATERIAL|m3|0|MATERIAL SUB BASE CLASE 1A PUESTO EN SITIO,ALIAS-8fbb398ce6c364c5327ca3a2,0
D25-c3828893c87bc74dcf2e,INSV1-da1350265cc0d2aea5ca04ed,EC-GAD-DAULE-LPI-GADIMCD-2025-03,MALECON,MATERIAL,M464,MATERIAL BASE CLASE 1A PUESTO EN SITIO,m3,MATERIAL BASE CLASE 1A PUESTO EN SITIO,m3,MATERIAL|m3|0|MATERIAL BASE CLASE 1A PUESTO EN SITIO,ALIAS-1c7c0f9d7068d15b52423e08,0
D25-900f4216173555b6d042,INSV1-e5709b7b6db9b99743108a4c,EC-GAD-DAULE-LPI-GADIMCD-2025-03,MALECON,MATERIAL,M77,ADITIVO ENDURECIDO QUARZO,Kg,ADITIVO ENDURECIDO QUARZO,kg,MATERIAL|kg|0|ADITIVO ENDURECIDO QUARZO,ALIAS-d544f8aee1de31a8b950ab6b,0
D25-eb8a9c301b2cb458a6d6,INSV1-b95e439967a54a26a7980e3c,EC-GAD-DAULE-LPI-GADIMCD-2025-03,MALECON,MATERIAL,M78,HORMIGON 4.5 MPA,m3,HORMIGON 4.5 MPA,m3,MATERIAL|m3|0|HORMIGON 4.5 MPA,ALIAS-84f1418f6237667e855328f1,0
D25-769596ccfd70eae0eeb4,INSV1-a5fd7f1fa7d5296ea676af03,EC-GAD-DAULE-LPI-GADIMCD-2025-03,MALECON,MATERIAL,M79,ASFALTO RC-250,galón (US),ASFALTO RC-250,galón (us),MATERIAL|galón (us)|0|ASFALTO RC-250,ALIAS-8625b1dfbb19e1823580e845,0
D25-9b5e4d489aac14d103c8,INSV1-863cf63e3a4faf60cc2f7e10,EC-GAD-DAULE-LPI-GADIMCD-2025-03,MALECON,MATERIAL,M80,HORMIGON PREMEZCLADO F´C= 210 Kg/cm2 BOMBEABLE,m3,HORMIGON PREMEZCLADO F C 210 KG/CM2 BOMBEABLE,m3,MATERIAL|m3|0|HORMIGON PREMEZCLADO F C 210 KG/CM2 BOMBEABLE,ALIAS-38795b42789d5da3103ae132,0
D25-41c0160fdc7dfe117571,INSV1-8767b7f7d9d2309a4b2394a3,EC-GAD-DAULE-LPI-GADIMCD-2025-03,MALECON,EQUIPO,E38,EQUIPO MEZCLA BITUMINOSA (TACHA),h,EQUIPO MEZCLA BITUMINOSA TACHA,h,EQUIPO|h|0|EQUIPO MEZCLA BITUMINOSA TACHA,ALIAS-88c11addf23c011f80f86f66,0
D25-75cb7b349cb4234a7474,INSV1-c91dc0b6cda0ea72148e3452,EC-GAD-DAULE-LPI-GADIMCD-2025-03,MALECON,EQUIPO,E39,CAMIONETA,h,CAMIONETA,h,EQUIPO|h|0|CAMIONETA,ALIAS-27b94e15ec830b794ee3dfc0,0
D25-a4f517cb80a88335b4f5,INSV1-c738c96bfd055c5dbdd1a5e1,EC-GAD-DAULE-LPI-GADIMCD-2025-03,MALECON,MANO_OBRA,MO102,CHOFER: OTROS CAMIONES (ESTR. OC. C1),h,CHOFER OTROS CAMIONES ESTR. OC. C1,h,MANO_OBRA|h|0|CHOFER OTROS CAMIONES ESTR. OC. C1,ALIAS-0849efcb4c221031bb80f99c,0
D25-be7a43733e065a03e5fd,INSV1-7baa5244fb51fc34d80d2a3f,EC-GAD-DAULE-LPI-GADIMCD-2025-03,MALECON,MATERIAL,M81,ADHESIVO BITUMINOSO,lb,ADHESIVO BITUMINOSO,lb,MATERIAL|lb|0|ADHESIVO BITUMINOSO,ALIAS-833ec496019b2f74f1c3250b,0
D25-8b85365ab17924128a5c,INSV1-9e178590794f4a93128d39d8,EC-GAD-DAULE-LPI-GADIMCD-2025-03,MALECON,MATERIAL,M82,TACHA RETROREFLECTIVA,u,TACHA RETROREFLECTIVA,u,MATERIAL|u|0|TACHA RETROREFLECTIVA,ALIAS-47937b2c9d9f7fa1acf35be9,0
D25-0e92e760513ba89d95c4,INSV1-63a9c5bd449400d326941157,EC-GAD-DAULE-LPI-GADIMCD-2025-03,MALECON,MATERIAL,M83,DELINEADOR VERTICAL (INCLUYE ACCESORIOS DE FIJACION),u,DELINEADOR VERTICAL INCLUYE ACCESORIOS DE FIJACION,u,MATERIAL|u|0|DELINEADOR VERTICAL INCLUYE ACCESORIOS DE FIJACION,ALIAS-0df2a6725a9a8def42384ea2,0
D25-8a9668109fbe57e2483f,INSV1-47bd5241ede3bb26a3b2b7a5,EC-GAD-DAULE-LPI-GADIMCD-2025-03,MALECON,EQUIPO,E40,CARRO CALDERO,h,CARRO CALDERO,h,EQUIPO|h|0|CARRO CALDERO,ALIAS-d5b74fa2a059d0885075b99b,0
D25-c5d226bcd055598e50c7,INSV1-c9f78f31b9d518588308596f,EC-GAD-DAULE-LPI-GADIMCD-2025-03,MALECON,EQUIPO,E41,FRANJADORA PARA SEÑALIZACION,h,FRANJADORA PARA SENALIZACION,h,EQUIPO|h|0|FRANJADORA PARA SENALIZACION,ALIAS-b1d30e2fc19b24ed2b563e75,0
D25-827ce161e30d3e0a8ace,INSV1-7468a2ed29ec321f4ba051c9,EC-GAD-DAULE-LPI-GADIMCD-2025-03,MALECON,EQUIPO,E42,HIDROLAVADORA,h,HIDROLAVADORA,h,EQUIPO|h|0|HIDROLAVADORA,ALIAS-e8e70d75a1b220a7e3996772,0
D25-9fb59be9824a28c2287c,INSV1-e9a8fe709865612fcdfe0134,EC-GAD-DAULE-LPI-GADIMCD-2025-03,MALECON,EQUIPO,E43,SOPLADORA DE ALTO DESEMPEÑO,h,SOPLADORA DE ALTO DESEMPENO,h,EQUIPO|h|0|SOPLADORA DE ALTO DESEMPENO,ALIAS-f229cd94737eda3112c590d5,0
D25-cdac5c8eb4c0f61c2a7f,INSV1-47995b0cceb55d9a5a06e168,EC-GAD-DAULE-LPI-GADIMCD-2025-03,MALECON,MANO_OBRA,MO81,OPERADOR DE CALDERO PLANTA ASFÁLTICA,h,OPERADOR DE CALDERO PLANTA ASFALTICA,h,MANO_OBRA|h|0|OPERADOR DE CALDERO PLANTA ASFALTICA,ALIAS-630fecd7a08241ecf4df24a8,0
D25-e8ca48b46e5e10b903ec,INSV1-1484905914c9ebb1d72318e4,EC-GAD-DAULE-LPI-GADIMCD-2025-03,MALECON,MANO_OBRA,MO80,"OPERADOR DE TRACTOR DE RUEDAS (BARREDORA, CEGADORA, RODILLO REMOLCADO, FRANJEADORA)",h,OPERADOR DE TRACTOR DE RUEDAS BARREDORA CEGADORA RODILLO REMOLCADO FRANJEADORA,h,MANO_OBRA|h|0|OPERADOR DE TRACTOR DE RUEDAS BARREDORA CEGADORA RODILLO REMOLCADO FRANJEADORA,ALIAS-d37924f2c72d4e0274112934,0
D25-97997223f6c36db8a72b,INSV1-96699735a1ce236e190c4f6d,EC-GAD-DAULE-LPI-GADIMCD-2025-03,MALECON,MATERIAL,M84,PINTURA TERMOPLASTICA AASHTO M249,Kg,PINTURA TERMOPLASTICA AASHTO M249,kg,MATERIAL|kg|0|PINTURA TERMOPLASTICA AASHTO M249,ALIAS-cf25fbb063f880c66dfde173,0
D25-5be29f13bb1d8efcf136,INSV1-f7ced7def770b9e44363e924,EC-GAD-DAULE-LPI-GADIMCD-2025-03,MALECON,MATERIAL,M85,MICROESFERA TIPO I,Kg,MICROESFERA TIPO I,kg,MATERIAL|kg|0|MICROESFERA TIPO I,ALIAS-aeff8ccff397241c5a6b38a6,0
D25-650ea50302bc6a42b2ee,INSV1-f08462b01b798bdf283cd4e6,EC-GAD-DAULE-LPI-GADIMCD-2025-03,MALECON,MATERIAL,M86,MICROESFERA TIPO III,Kg,MICROESFERA TIPO III,kg,MATERIAL|kg|0|MICROESFERA TIPO III,ALIAS-de24d566209b5acab8862331,0
D25-0dd5d99be56ae55d0446,INSV1-548bc2ec6a0aef0f763fd742,EC-GAD-DAULE-LPI-GADIMCD-2025-03,MALECON,MATERIAL,M87,IMPRIMANTE,m3,IMPRIMANTE,m3,MATERIAL|m3|0|IMPRIMANTE,ALIAS-465e5fc789be99bb2067b630,0
D25-08678daaf165fb556c33,INSV1-91237982d3b34743eca66720,EC-GAD-DAULE-LPI-GADIMCD-2025-03,MALECON,EQUIPO,E9,CAMION,h,CAMION,h,EQUIPO|h|0|CAMION,ALIAS-1aae7928b2f84d0a5fb11a4e,0
D25-cf7d4fa9d09067138df6,INSV1-bcf16c5b8a6e9177df695316,EC-GAD-DAULE-LPI-GADIMCD-2025-03,MALECON,EQUIPO,E8,ESCALERA TELESCOPICA CON CINTURON DE SEGURIDAD,h,ESCALERA TELESCOPICA CON CINTURON DE SEGURIDAD,h,EQUIPO|h|0|ESCALERA TELESCOPICA CON CINTURON DE SEGURIDAD,ALIAS-3f6b583783224d2d63b86b6d,0
D25-eedf9c8b7302e3a0481b,INSV1-5c5eafca1aae4f4f8945cf95,EC-GAD-DAULE-LPI-GADIMCD-2025-03,MALECON,MATERIAL,M88,ACCESORIOS DE FIJACION,u,ACCESORIOS DE FIJACION,u,MATERIAL|u|0|ACCESORIOS DE FIJACION,ALIAS-76082e9a0484c33f77504be3,0
D25-6013c9d5918a8518b49c,INSV1-12150d683dcf5dd4a1dd3dcf,EC-GAD-DAULE-LPI-GADIMCD-2025-03,MALECON,MATERIAL,M89,PERFIL ESTRUCTURAL L 40X6mm,m,PERFIL ESTRUCTURAL L 40X6MM,m,MATERIAL|m|0|PERFIL ESTRUCTURAL L 40X6MM,ALIAS-a318d5d97768298ccd486268,0
D25-93b8f48a106f4f0d6d96,INSV1-c3ccd4678192b5134e39697d,EC-GAD-DAULE-LPI-GADIMCD-2025-03,MALECON,MATERIAL,M90,RECUBRIMIENTO PARA METALES,galón (US),RECUBRIMIENTO PARA METALES,galón (us),MATERIAL|galón (us)|0|RECUBRIMIENTO PARA METALES,ALIAS-189cff549956af3336856006,0
D25-291d0ef16851aa17eb5e,INSV1-26bc4be30a20b37f6016bfa1,EC-GAD-DAULE-LPI-GADIMCD-2025-03,MALECON,EQUIPO,E10,ANDAMIO METALICO,h,ANDAMIO METALICO,h,EQUIPO|h|0|ANDAMIO METALICO,ALIAS-019df4931aafc8286eccc06f,0
D25-11ac3a30402c20a3f958,INSV1-d5c91fed6e9245bbf548c7bb,EC-GAD-DAULE-LPI-GADIMCD-2025-03,MALECON,MATERIAL,M91,"LETRAS CORPOREAS AUTOILUMINADAS ""MALECON AURORA"" SOBRE PILARES DE INGRESO PRINCIPAL (INCLUYE ACCESORIOS DE FIJACION)",u,LETRAS CORPOREAS AUTOILUMINADAS MALECON AURORA SOBRE PILARES DE INGRESO PRINCIPAL INCLUYE ACCESORIOS DE FIJACION,u,MATERIAL|u|0|LETRAS CORPOREAS AUTOILUMINADAS MALECON AURORA SOBRE PILARES DE INGRESO PRINCIPAL INCLUYE ACCESORIOS DE FIJACION,ALIAS-58ee0fa16f73024e38dd0320,0
D25-1ccc3692b87c06ac560a,INSV1-6a9d29baf42688332c29fa83,EC-GAD-DAULE-LPI-GADIMCD-2025-03,MALECON,MATERIAL,M92,"BISAGRA EN ACERO INOXIDABLE 2""(PAR)",u,BISAGRA EN ACERO INOXIDABLE 2 PAR,u,MATERIAL|u|0|BISAGRA EN ACERO INOXIDABLE 2 PAR,ALIAS-76e3a549f997c398108089b9,0
D25-dca628795e85c09c4ed3,INSV1-e20d34fabe88dc478efc6643,EC-GAD-DAULE-LPI-GADIMCD-2025-03,MALECON,MATERIAL,M93,"TUBO RECTANGULAR GALVANIZADO 100x50mm, E=3mm",m,TUBO RECTANGULAR GALVANIZADO 100X50MM E 3MM,m,MATERIAL|m|0|TUBO RECTANGULAR GALVANIZADO 100X50MM E 3MM,ALIAS-a3041a97dbf88e06179191c2,0
D25-6a2740ee79dcf88f0c8a,INSV1-3a13d23dd34caa2a10811226,EC-GAD-DAULE-LPI-GADIMCD-2025-03,MALECON,MATERIAL,M94,"TUBO RECTANGULAR GALVANIZADO 40x20mm, E=3mm",m,TUBO RECTANGULAR GALVANIZADO 40X20MM E 3MM,m,MATERIAL|m|0|TUBO RECTANGULAR GALVANIZADO 40X20MM E 3MM,ALIAS-30d269a96560d902ac8e9b9c,0
D25-d5de6b2cc7638de07ba1,INSV1-9106f681456f57ba5dc3c7b1,EC-GAD-DAULE-LPI-GADIMCD-2025-03,MALECON,MATERIAL,M95,CERRADURA DE PUERTA METALICA,u,CERRADURA DE PUERTA METALICA,u,MATERIAL|u|0|CERRADURA DE PUERTA METALICA,ALIAS-b02489cd1701fb7d68d58c36,0
D25-ca092d9cdb7eb654b9e2,INSV1-6106dbb7e08dd4d749846302,EC-GAD-DAULE-LPI-GADIMCD-2025-03,MALECON,MATERIAL,M96,RUEDA 78 mm,u,RUEDA 78 MM,u,MATERIAL|u|0|RUEDA 78 MM,ALIAS-b58177a079d5066025d1a3af,0
D25-7510238e17739354f430,INSV1-1c1195fb85b62c6d97b8d97b,EC-GAD-DAULE-LPI-GADIMCD-2025-03,MALECON,MATERIAL,M97,"SEÑALETICA VERTICAL ""LIMITE DE VELOCIDAD"" (INCLUYE POSTE Y ACCESORIOS DE FIJACION)",u,SENALETICA VERTICAL LIMITE DE VELOCIDAD INCLUYE POSTE Y ACCESORIOS DE FIJACION,u,MATERIAL|u|0|SENALETICA VERTICAL LIMITE DE VELOCIDAD INCLUYE POSTE Y ACCESORIOS DE FIJACION,ALIAS-43dd12eeecf606f9dc6587fc,0
D25-2f1afac1186792549527,INSV1-ad3d846947acc436c5b0a82f,EC-GAD-DAULE-LPI-GADIMCD-2025-03,MALECON,MATERIAL,M98,"SEÑALETICA VERTICAL ""NO DETENER/NO ESTACIONAR"" (INCLUYE POSTE Y ACCESORIOS DE FIJACION)",u,SENALETICA VERTICAL NO DETENER/NO ESTACIONAR INCLUYE POSTE Y ACCESORIOS DE FIJACION,u,MATERIAL|u|0|SENALETICA VERTICAL NO DETENER/NO ESTACIONAR INCLUYE POSTE Y ACCESORIOS DE FIJACION,ALIAS-b91e29857d050fb6daa932fa,0
D25-4269abfa5dd94c4271ba,INSV1-7c7fc245b55265a611447800,EC-GAD-DAULE-LPI-GADIMCD-2025-03,MALECON,MATERIAL,M99,"SEÑALETICA VERTICAL ""PEATON"" (INCLUYE POSTE Y ACCESORIOS DE FIJACION)",u,SENALETICA VERTICAL PEATON INCLUYE POSTE Y ACCESORIOS DE FIJACION,u,MATERIAL|u|0|SENALETICA VERTICAL PEATON INCLUYE POSTE Y ACCESORIOS DE FIJACION,ALIAS-eb99871cebaf2b8d3a5285b9,0
D25-a60245973546586f5a0f,INSV1-40e767dd453e2328f6b45661,EC-GAD-DAULE-LPI-GADIMCD-2025-03,MALECON,MATERIAL,M100,"SEÑALETICA VERTICAL ""PARE"" (INCLUYE POSTE Y ACCESORIOS DE FIJACION)",u,SENALETICA VERTICAL PARE INCLUYE POSTE Y ACCESORIOS DE FIJACION,u,MATERIAL|u|0|SENALETICA VERTICAL PARE INCLUYE POSTE Y ACCESORIOS DE FIJACION,ALIAS-c42983d03af531db90d85d18,0
D25-c75e885aa166f80a64e4,INSV1-597dd9ff18fc99711f511846,EC-GAD-DAULE-LPI-GADIMCD-2025-03,MALECON,MATERIAL,M101,SEÑALETICA VERTICAL DE SENTIDO VIAL (INCLUYE POSTE Y ACCESORIOS DE FIJACION),u,SENALETICA VERTICAL DE SENTIDO VIAL INCLUYE POSTE Y ACCESORIOS DE FIJACION,u,MATERIAL|u|0|SENALETICA VERTICAL DE SENTIDO VIAL INCLUYE POSTE Y ACCESORIOS DE FIJACION,ALIAS-85b503e81acc6b2d3a61aff7,0
D25-571b7eb3df43073baf00,INSV1-0a2186a371d58ecaa7b804c1,EC-GAD-DAULE-LPI-GADIMCD-2025-03,MALECON,MATERIAL,M102,"SEÑALETICA VERTICAL ""BIFURCACION IZQUIERDA"" (INCLUYE POSTE Y ACCESORIOS DE FIJACION)",u,SENALETICA VERTICAL BIFURCACION IZQUIERDA INCLUYE POSTE Y ACCESORIOS DE FIJACION,u,MATERIAL|u|0|SENALETICA VERTICAL BIFURCACION IZQUIERDA INCLUYE POSTE Y ACCESORIOS DE FIJACION,ALIAS-181970dd7b9cdf5e36f80b07,0
D25-28d2465d2e08e49c31b8,INSV1-9b2ed9c39a8961d283044fd8,EC-GAD-DAULE-LPI-GADIMCD-2025-03,MALECON,MATERIAL,M103,"SEÑALETICA VERTICAL ""CICLISTAS EN LA VIA"" (INCLUYE POSTE Y ACCESORIOS DE FIJACION)",u,SENALETICA VERTICAL CICLISTAS EN LA VIA INCLUYE POSTE Y ACCESORIOS DE FIJACION,u,MATERIAL|u|0|SENALETICA VERTICAL CICLISTAS EN LA VIA INCLUYE POSTE Y ACCESORIOS DE FIJACION,ALIAS-5a8e28a1fbcb9db4107dd1e9,0
D25-c817ebe4def035f26fb4,INSV1-5e2982bfb31f2d6e1f9b3f6e,EC-GAD-DAULE-LPI-GADIMCD-2025-03,MALECON,MATERIAL,M104,"SEÑALETICA VERTICAL ""GIRO EN U"" (INCLUYE POSTE Y ACCESORIOS DE FIJACION)",u,SENALETICA VERTICAL GIRO EN U INCLUYE POSTE Y ACCESORIOS DE FIJACION,u,MATERIAL|u|0|SENALETICA VERTICAL GIRO EN U INCLUYE POSTE Y ACCESORIOS DE FIJACION,ALIAS-14ba9f250a565f088523ecee,0
D25-fdfb5ce98376d2f01abb,INSV1-552aff17b8f06de18dd5863a,EC-GAD-DAULE-LPI-GADIMCD-2025-03,MALECON,MATERIAL,M105,"SEÑALETICA VERTICAL ""APROXIMACION A REDONDEL"" (INCLUYE POSTE Y ACCESORIOS DE FIJACION)",u,SENALETICA VERTICAL APROXIMACION A REDONDEL INCLUYE POSTE Y ACCESORIOS DE FIJACION,u,MATERIAL|u|0|SENALETICA VERTICAL APROXIMACION A REDONDEL INCLUYE POSTE Y ACCESORIOS DE FIJACION,ALIAS-cf7a58c7866415e700f40580,0
D25-14845ca2bc646e6fdf2e,INSV1-f3bd02245b8e4ed675e21a35,EC-GAD-DAULE-LPI-GADIMCD-2025-03,MALECON,MATERIAL,M106,"SEÑALETICA VERTICAL ""ESTACIONAMIENTO RESERVADO PARA DISCAPACITADOS"" (INCLUYE POSTE Y ACCESORIOS DE FIJACION)",u,SENALETICA VERTICAL ESTACIONAMIENTO RESERVADO PARA DISCAPACITADOS INCLUYE POSTE Y ACCESORIOS DE FIJACION,u,MATERIAL|u|0|SENALETICA VERTICAL ESTACIONAMIENTO RESERVADO PARA DISCAPACITADOS INCLUYE POSTE Y ACCESORIOS DE FIJACION,ALIAS-f9a0c2043de19ce0a4710806,0
D25-44c153c21bbc1e8c7e55,INSV1-35bd0bbe241791d141abd01a,EC-GAD-DAULE-LPI-GADIMCD-2025-03,MALECON,MATERIAL,M107,TIERRA VEGETAL,m3,TIERRA VEGETAL,m3,MATERIAL|m3|0|TIERRA VEGETAL,ALIAS-d8104a1d507fca8a5d0954bb,0
D25-1d85e9a78e1c531bf08c,INSV1-deab94b19da43d9add843807,EC-GAD-DAULE-LPI-GADIMCD-2025-03,MALECON,MATERIAL,M112,ARBOL DE LEUCAENA H=2m,u,ARBOL DE LEUCAENA H 2M,u,MATERIAL|u|0|ARBOL DE LEUCAENA H 2M,ALIAS-ed9889b7816060bc0875dbed,0
D25-9f36b69a28c2036d11c1,INSV1-c895b116bc5805f72898eaff,EC-GAD-DAULE-LPI-GADIMCD-2025-03,MALECON,MATERIAL,M108,PIOLA DE 250 m,rl,PIOLA DE 250 M,rl,MATERIAL|rl|0|PIOLA DE 250 M,ALIAS-3f3a10a04f93059a4b4592c0,0
D25-b9c19cca50cff7977910,INSV1-c86adde4b5543ecd8fb22959,EC-GAD-DAULE-LPI-GADIMCD-2025-03,MALECON,MATERIAL,M109,TUTOR DE MADERA,u,TUTOR DE MADERA,u,MATERIAL|u|0|TUTOR DE MADERA,ALIAS-d4ee40859894faedd17b1ecf,0
D25-be1065bef648e5a46dc0,INSV1-f1eee6d6dc575f3f234ca233,EC-GAD-DAULE-LPI-GADIMCD-2025-03,MALECON,MATERIAL,M110,HUMUS DE LOMBRIZ DE 40 Kg,sc,HUMUS DE LOMBRIZ DE 40 KG,sc,MATERIAL|sc|0|HUMUS DE LOMBRIZ DE 40 KG,ALIAS-4faf04ce0bd4cc5e530495f5,0
D25-9254d0faf3acab66d20b,INSV1-e289f74cb8d75f7170773af7,EC-GAD-DAULE-LPI-GADIMCD-2025-03,MALECON,MATERIAL,M111,FERTILIZANTE (10-30-10) 50 Kg,sc,FERTILIZANTE 10-30-10 50 KG,sc,MATERIAL|sc|0|FERTILIZANTE 10-30-10 50 KG,ALIAS-2ec56d21b7b1d0c47319967b,0
D25-fd0782c9ce2406873b65,INSV1-f8d27d486f761cbd010c2372,EC-GAD-DAULE-LPI-GADIMCD-2025-03,MALECON,MATERIAL,M113,ARBOL TABEBUIA CHRYSANTHA H=2m,u,ARBOL TABEBUIA CHRYSANTHA H 2M,u,MATERIAL|u|0|ARBOL TABEBUIA CHRYSANTHA H 2M,ALIAS-e2da8c6b541521f519fc4feb,0
D25-12467ed102154a92b445,INSV1-0f020cec4cbfff658d524c5e,EC-GAD-DAULE-LPI-GADIMCD-2025-03,MALECON,MATERIAL,M114,ARBOL TABEBUIA ROSEA H=2m,u,ARBOL TABEBUIA ROSEA H 2M,u,MATERIAL|u|0|ARBOL TABEBUIA ROSEA H 2M,ALIAS-0fdde5d61ae53f91b8a2605f,0
D25-dc40165c6736b63b958d,INSV1-1752d92185b0fb9124287d6e,EC-GAD-DAULE-LPI-GADIMCD-2025-03,MALECON,MATERIAL,M115,ARBOL CENTROLOBIUM OCHROXYLUM H=2m,u,ARBOL CENTROLOBIUM OCHROXYLUM H 2M,u,MATERIAL|u|0|ARBOL CENTROLOBIUM OCHROXYLUM H 2M,ALIAS-e8d0747980d0441715ffd0a3,0
D25-4ccad3de0d3f7f145971,INSV1-4a993c5a4d93298ce364f82e,EC-GAD-DAULE-LPI-GADIMCD-2025-03,MALECON,MATERIAL,M116,ARBOL TRIPLARIS CUMINGIANA H=2m,u,ARBOL TRIPLARIS CUMINGIANA H 2M,u,MATERIAL|u|0|ARBOL TRIPLARIS CUMINGIANA H 2M,ALIAS-3a66832f4de1a7f51a840179,0
D25-5c8bdedf8d43057e411c,INSV1-64c71625d26ffe4d2d60e42f,EC-GAD-DAULE-LPI-GADIMCD-2025-03,MALECON,MATERIAL,M117,ARBOL ALBIZIA PISTACIIFOLIA H=2m,u,ARBOL ALBIZIA PISTACIIFOLIA H 2M,u,MATERIAL|u|0|ARBOL ALBIZIA PISTACIIFOLIA H 2M,ALIAS-6e317a6f4f75d3be9a4c0793,0
D25-300674d1008cf5d8a007,INSV1-2e5f88c88fe19c4a19ecb8e3,EC-GAD-DAULE-LPI-GADIMCD-2025-03,MALECON,MATERIAL,M118,"PLANTA FITTONIA ALBIVENSIS H= 0,15m; PUESTA EN SITIO",u,PLANTA FITTONIA ALBIVENSIS H 0 15M PUESTA EN SITIO,u,MATERIAL|u|0|PLANTA FITTONIA ALBIVENSIS H 0 15M PUESTA EN SITIO,ALIAS-800ccd395bf579353f7bf947,0
D25-b876c3a7af52883b356d,INSV1-3f9c2cfcef8d9c677c0d1151,EC-GAD-DAULE-LPI-GADIMCD-2025-03,MALECON,MATERIAL,M119,TIERRA DE SEMBRADO DE 10 Kg,sc,TIERRA DE SEMBRADO DE 10 KG,sc,MATERIAL|sc|0|TIERRA DE SEMBRADO DE 10 KG,ALIAS-ba9c926267572fb4ac991076,0
D25-3c93ce0e109a91a889a9,INSV1-534dcad304a38edf3a4a51ba,EC-GAD-DAULE-LPI-GADIMCD-2025-03,MALECON,MATERIAL,M120,"PLANTA AJUGA REPTANS PURPUREA H=0,20m; PUESTA EN SITIO",u,PLANTA AJUGA REPTANS PURPUREA H 0 20M PUESTA EN SITIO,u,MATERIAL|u|0|PLANTA AJUGA REPTANS PURPUREA H 0 20M PUESTA EN SITIO,ALIAS-479de7a26f57f3e5c9b862af,0
D25-f243c7d1d7669bd97af7,INSV1-8622216f2b5ff7771c39d702,EC-GAD-DAULE-LPI-GADIMCD-2025-03,MALECON,MATERIAL,M121,CESPED SAN AGUSTIN; PUESTA EN SITIO,m2,CESPED SAN AGUSTIN PUESTA EN SITIO,m2,MATERIAL|m2|0|CESPED SAN AGUSTIN PUESTA EN SITIO,ALIAS-d830f56af9bfd1f4909705c3,0
D25-7398c8934a5b9b33099a,INSV1-43e7c429e5b3dd5af6d92997,EC-GAD-DAULE-LPI-GADIMCD-2025-03,MALECON,MATERIAL,M122,ARENA PUESTA EN SITIO,m3,ARENA PUESTA EN SITIO,m3,MATERIAL|m3|0|ARENA PUESTA EN SITIO,ALIAS-4dfad3f0919006a5c53791f3,0
D25-fee985c6478e3c6ce1d9,INSV1-280d61a70e03157e7b83c108,EC-GAD-DAULE-LPI-GADIMCD-2025-03,MALECON,MATERIAL,M123,"PLANTA SOLEIROLIA SOLEIROLII H=0,10m; PUESTA EN SITIO",u,PLANTA SOLEIROLIA SOLEIROLII H 0 10M PUESTA EN SITIO,u,MATERIAL|u|0|PLANTA SOLEIROLIA SOLEIROLII H 0 10M PUESTA EN SITIO,ALIAS-af0cf446c2dc69600c93a84d,0
D25-b7e544a677874182dbe6,INSV1-a2920020ef31190c95f9b85b,EC-GAD-DAULE-LPI-GADIMCD-2025-03,MALECON,MATERIAL,M124,"PLANTA PLECTRANTHRUS AUSTRALIS H=0,15m; PUESTA EN SITIO",u,PLANTA PLECTRANTHRUS AUSTRALIS H 0 15M PUESTA EN SITIO,u,MATERIAL|u|0|PLANTA PLECTRANTHRUS AUSTRALIS H 0 15M PUESTA EN SITIO,ALIAS-2ebbf99c4cea3864129234e8,0
D25-2b9f8a6f7b1593926b0e,INSV1-faa985f1599adff7aa505fdf,EC-GAD-DAULE-LPI-GADIMCD-2025-03,MALECON,MATERIAL,M125,"PLANTA PILEA CADIEREI H=0,20m; PUESTA EN SITIO",u,PLANTA PILEA CADIEREI H 0 20M PUESTA EN SITIO,u,MATERIAL|u|0|PLANTA PILEA CADIEREI H 0 20M PUESTA EN SITIO,ALIAS-3e6d8b0a43bb9d0e087243d6,0
D25-7227b1863123c8cc2b54,INSV1-f8f67947443b9d388dd528b1,EC-GAD-DAULE-LPI-GADIMCD-2025-03,MALECON,MATERIAL,M126,"PLANTA PILEA PEPEROMIOIDES H=0,20m; PUESTA EN SITIO",u,PLANTA PILEA PEPEROMIOIDES H 0 20M PUESTA EN SITIO,u,MATERIAL|u|0|PLANTA PILEA PEPEROMIOIDES H 0 20M PUESTA EN SITIO,ALIAS-301ced02705a63afd3494147,0
D25-a5b055c9723910cddb94,INSV1-d0ce46e4051716e33939be2f,EC-GAD-DAULE-LPI-GADIMCD-2025-03,MALECON,MATERIAL,M127,"PLANTA OXALIS REGNELLI ATROPURPUREA H=0,30m; PUESTA EN SITIO",u,PLANTA OXALIS REGNELLI ATROPURPUREA H 0 30M PUESTA EN SITIO,u,MATERIAL|u|0|PLANTA OXALIS REGNELLI ATROPURPUREA H 0 30M PUESTA EN SITIO,ALIAS-18d8d7d6c9ac668690992e64,0
D25-8df2cb76a3eb413585fb,INSV1-0ed4133e2381cc4fc80d18c2,EC-GAD-DAULE-LPI-GADIMCD-2025-03,MALECON,MATERIAL,M128,"PLANTA THULBALGIA VIOLACEA H=0,40m; PUESTA EN SITIO",u,PLANTA THULBALGIA VIOLACEA H 0 40M PUESTA EN SITIO,u,MATERIAL|u|0|PLANTA THULBALGIA VIOLACEA H 0 40M PUESTA EN SITIO,ALIAS-3829ef3ac868b386de9988e2,0
D25-660b2c1d38f7a9c6c704,INSV1-eb655cb9083c43c1ef04de43,EC-GAD-DAULE-LPI-GADIMCD-2025-03,MALECON,MATERIAL,M129,"PLANTA RUELLIA BRITTONIANA H=0,10m; PUESTA EN SITIO",u,PLANTA RUELLIA BRITTONIANA H 0 10M PUESTA EN SITIO,u,MATERIAL|u|0|PLANTA RUELLIA BRITTONIANA H 0 10M PUESTA EN SITIO,ALIAS-45dc8a31d68c363755b1a97e,0
D25-0a615857138244e69e24,INSV1-aadea2c14615919480f6ff2c,EC-GAD-DAULE-LPI-GADIMCD-2025-03,MALECON,MATERIAL,M130,"PLANTA CRINUM XANTHOPHYLLUM H=0,10m; PUESTA EN SITIO",u,PLANTA CRINUM XANTHOPHYLLUM H 0 10M PUESTA EN SITIO,u,MATERIAL|u|0|PLANTA CRINUM XANTHOPHYLLUM H 0 10M PUESTA EN SITIO,ALIAS-6d5cc34169ea07074cdae8c1,0
D25-742c4760305e7a09e1a9,INSV1-450a6949ea35be741dc409b1,EC-GAD-DAULE-LPI-GADIMCD-2025-03,MALECON,MATERIAL,M131,"PLANTA HYMENOCALLIS LITTORALIS H=0,30m; PUESTA EN SITIO",u,PLANTA HYMENOCALLIS LITTORALIS H 0 30M PUESTA EN SITIO,u,MATERIAL|u|0|PLANTA HYMENOCALLIS LITTORALIS H 0 30M PUESTA EN SITIO,ALIAS-811b077433110252279827da,0
D25-ecdb484434a10f319768,INSV1-091382ece1f6ec8f8c4220d8,EC-GAD-DAULE-LPI-GADIMCD-2025-03,MALECON,MATERIAL,M132,"PLANTA RUSSELIA EQUISETIFORMIS H=1,00m; PUESTA EN SITIO",u,PLANTA RUSSELIA EQUISETIFORMIS H 1 00M PUESTA EN SITIO,u,MATERIAL|u|0|PLANTA RUSSELIA EQUISETIFORMIS H 1 00M PUESTA EN SITIO,ALIAS-7d90d298268bc3a1b20c17a8,0
D25-d9cdf233d583b6a4588c,INSV1-4794634c9609aa64c8a05b5e,EC-GAD-DAULE-LPI-GADIMCD-2025-03,MALECON,MATERIAL,M133,"PLANTA HELICONIA ROSTRATA H=1,00m; PUESTA EN SITIO",u,PLANTA HELICONIA ROSTRATA H 1 00M PUESTA EN SITIO,u,MATERIAL|u|0|PLANTA HELICONIA ROSTRATA H 1 00M PUESTA EN SITIO,ALIAS-86c883b45f9120968972b09f,0
D25-bf7850b1cbc0c5bee843,INSV1-c7a80f5bd604aa543270841f,EC-GAD-DAULE-LPI-GADIMCD-2025-03,MALECON,MATERIAL,M134,"PLANTA TILLANDSIA CLAVIGERA H=0,70m; PUESTA EN SITIO",u,PLANTA TILLANDSIA CLAVIGERA H 0 70M PUESTA EN SITIO,u,MATERIAL|u|0|PLANTA TILLANDSIA CLAVIGERA H 0 70M PUESTA EN SITIO,ALIAS-c7cb7cd4c58a7b68017a8720,0
D25-8abea77bcb503ae9b358,INSV1-f4584713ea2b2d541e68ca21,EC-GAD-DAULE-LPI-GADIMCD-2025-03,MALECON,MATERIAL,M135,"PLANTA GUZMANIA SP. H=0,25m; PUESTA EN SITIO",u,PLANTA GUZMANIA SP. H 0 25M PUESTA EN SITIO,u,MATERIAL|u|0|PLANTA GUZMANIA SP. H 0 25M PUESTA EN SITIO,ALIAS-6040d00d33ca4d092fd60044,0
D25-eafaca0d2ac08fd06554,INSV1-dfdd75b739f00b7c7a50d3f4,EC-GAD-DAULE-LPI-GADIMCD-2025-03,MALECON,MATERIAL,M136,"PLANTA RAPHIS EXCELSA H=1,70m; PUESTA EN SITIO",u,PLANTA RAPHIS EXCELSA H 1 70M PUESTA EN SITIO,u,MATERIAL|u|0|PLANTA RAPHIS EXCELSA H 1 70M PUESTA EN SITIO,ALIAS-eb067fc09334db410a868017,0
D25-7bd545ad19ef89371585,INSV1-543fca077698caef5e8781e2,EC-GAD-DAULE-LPI-GADIMCD-2025-03,MALECON,MATERIAL,M137,"PLANTA CALATHEA LUTEA H=0,80m; PUESTA EN SITIO",u,PLANTA CALATHEA LUTEA H 0 80M PUESTA EN SITIO,u,MATERIAL|u|0|PLANTA CALATHEA LUTEA H 0 80M PUESTA EN SITIO,ALIAS-e47f0914a01d2d603fce5036,0
D25-989ac6c5189672a9000d,INSV1-7e96b2841c2b63d88784c50b,EC-GAD-DAULE-LPI-GADIMCD-2025-03,MALECON,MATERIAL,M138,"INSECTICIDA CON DOS INGREDIENTES ACTIVOS, CON 2 MODOS DE ACCION, DE INGESTION Y CONTACTO 500cc",u,INSECTICIDA CON DOS INGREDIENTES ACTIVOS CON 2 MODOS DE ACCION DE INGESTION Y CONTACTO 500CC,u,MATERIAL|u|0|INSECTICIDA CON DOS INGREDIENTES ACTIVOS CON 2 MODOS DE ACCION DE INGESTION Y CONTACTO 500CC,ALIAS-e5e20cb3ad5ee8da890994d9,0
D25-09428133184c41c3d62b,INSV1-0f862c75b675bb4cfff3fd1f,EC-GAD-DAULE-LPI-GADIMCD-2025-03,MALECON,MATERIAL,M139,"FERTILIZANTE FOLIAR NPK 30-10-10, 800 gr",u,FERTILIZANTE FOLIAR NPK 30-10-10 800 GR,u,MATERIAL|u|0|FERTILIZANTE FOLIAR NPK 30-10-10 800 GR,ALIAS-8b98eea9ecedc46fc1608a8f,0
D25-09e271f249b8a686862c,INSV1-fee6ef142cb959fc0502ab95,EC-GAD-DAULE-LPI-GADIMCD-2025-03,MALECON,MATERIAL,M140,ACEITE 2 TIEMPOS,l,ACEITE 2 TIEMPOS,l,MATERIAL|l|0|ACEITE 2 TIEMPOS,ALIAS-157abeb0322c5a54bc48fa1e,0
D25-76387e757625733f4332,INSV1-2ef3b061a971e2cd838dc10c,EC-GAD-DAULE-LPI-GADIMCD-2025-03,MALECON,MATERIAL,M141,GASOLINA,l,GASOLINA,l,MATERIAL|l|0|GASOLINA,ALIAS-2b080cee5b6dbd7b70eeaec1,0
D25-ca46497ff3b6677acdc7,INSV1-4eabc2169c5d971606950527,EC-GAD-DAULE-LPI-GADIMCD-2025-03,MALECON,EQUIPO,E44,CARRETILLA,h,CARRETILLA,h,EQUIPO|h|0|CARRETILLA,ALIAS-7d380bd06376294889ddef12,0
D25-5cb42367c6d1af8031c6,INSV1-ebfed926ff94463183313651,EC-GAD-DAULE-LPI-GADIMCD-2025-03,MALECON,EQUIPO,E45,MASCARILLAS DE CARBON ACTIVADO,h,MASCARILLAS DE CARBON ACTIVADO,h,EQUIPO|h|0|MASCARILLAS DE CARBON ACTIVADO,ALIAS-ad348afea6de1eb3fc022716,0
D25-fca959dadf9fd633cca5,INSV1-4d9fdd33cf57395505ec0522,EC-GAD-DAULE-LPI-GADIMCD-2025-03,MALECON,EQUIPO,E46,GUANTES DE NITRILO,h,GUANTES DE NITRILO,h,EQUIPO|h|0|GUANTES DE NITRILO,ALIAS-4e86d8f958a36c54078cdc15,0
D25-2a82b9a66bf88dc3b7f8,INSV1-9ab3dfbbb0980958e18b513c,EC-GAD-DAULE-LPI-GADIMCD-2025-03,MALECON,EQUIPO,E47,LENTES DE SEGURIDAD,h,LENTES DE SEGURIDAD,h,EQUIPO|h|0|LENTES DE SEGURIDAD,ALIAS-64ab397835e274af13354495,0
D25-95711e06fb18c2adf505,INSV1-37b31679fa66ef5cb5eeaf66,EC-GAD-DAULE-LPI-GADIMCD-2025-03,MALECON,MATERIAL,M142,TIERRA LIMO,m3,TIERRA LIMO,m3,MATERIAL|m3|0|TIERRA LIMO,ALIAS-adccc166bb4956a7529daec0,0
D25-b07fbcb9405c57ffd188,INSV1-bd6538db1baa3d5411ea7192,EC-GAD-DAULE-LPI-GADIMCD-2025-03,MALECON,MATERIAL,M143,MEMBRANA DE POLIESTIRENO RECICLADO REFORZADO Y PERFORACIONES EN LA PARTE SUPERIOR,m2,MEMBRANA DE POLIESTIRENO RECICLADO REFORZADO Y PERFORACIONES EN LA PARTE SUPERIOR,m2,MATERIAL|m2|0|MEMBRANA DE POLIESTIRENO RECICLADO REFORZADO Y PERFORACIONES EN LA PARTE SUPERIOR,ALIAS-04d3bbeee5f0bbf1dd594666,0
D25-59b0fee9dec4d95c0b27,INSV1-cb26788bc72b94bf21acd43f,EC-GAD-DAULE-LPI-GADIMCD-2025-03,MALECON,MATERIAL,M144,SISTEMA MODULAR CON BOLSILLOS INDEPENDIENTES PARA JARDINES VERTICALES,m2,SISTEMA MODULAR CON BOLSILLOS INDEPENDIENTES PARA JARDINES VERTICALES,m2,MATERIAL|m2|0|SISTEMA MODULAR CON BOLSILLOS INDEPENDIENTES PARA JARDINES VERTICALES,ALIAS-f63c090014bfb50503d9d471,0
D25-602fb61afa59e97446b4,INSV1-4d8b9f2f5b81bbd1220810d1,EC-GAD-DAULE-LPI-GADIMCD-2025-03,MALECON,MATERIAL,M145,TUBO CUADRADO 25mm E=1.5mm,m,TUBO CUADRADO 25MM E 1.5MM,m,MATERIAL|m|0|TUBO CUADRADO 25MM E 1.5MM,ALIAS-5441611f35426ae1adaeec9c,0
D25-fad39f02442801f9fa0e,INSV1-66de0ca604f87a658e54a143,EC-GAD-DAULE-LPI-GADIMCD-2025-03,MALECON,MATERIAL,M146,TORNILLO AUTORROSCANTE CON CABEZA HEXAGONAL 5.5mmX25mm DE LONG.,u,TORNILLO AUTORROSCANTE CON CABEZA HEXAGONAL 5.5MMX25MM DE LONG,u,MATERIAL|u|0|TORNILLO AUTORROSCANTE CON CABEZA HEXAGONAL 5.5MMX25MM DE LONG,ALIAS-f8b3ac22ade654d41824e6fe,0
D25-d3678d0c2da071a920ec,INSV1-48c596bed92f63fb274bfe6b,EC-GAD-DAULE-LPI-GADIMCD-2025-03,MALECON,MATERIAL,M147,"ANCLAJE MECANICO CON TACO DE NYLON Y TORNILLO D=5mm, L=50mm",u,ANCLAJE MECANICO CON TACO DE NYLON Y TORNILLO D 5MM L 50MM,u,MATERIAL|u|0|ANCLAJE MECANICO CON TACO DE NYLON Y TORNILLO D 5MM L 50MM,ALIAS-b52988152142036dce71a28d,0
D25-ab31d93479faa90fde39,INSV1-8b5113c478da1a74b72e0a4c,EC-GAD-DAULE-LPI-GADIMCD-2025-03,MALECON,MATERIAL,M148,SYNGONIUM PODOPHYLLUM 20 cm,u,SYNGONIUM PODOPHYLLUM 20 CM,u,MATERIAL|u|0|SYNGONIUM PODOPHYLLUM 20 CM,ALIAS-3c2d7651ca7afbaaf9f2328d,0
D25-3337d05920b80318f372,INSV1-ceb32c9f79d38d27be8797f9,EC-GAD-DAULE-LPI-GADIMCD-2025-03,MALECON,MATERIAL,M149,HORMONAS DE ENRAIZAMIENTO,l,HORMONAS DE ENRAIZAMIENTO,l,MATERIAL|l|0|HORMONAS DE ENRAIZAMIENTO,ALIAS-9aa6291426035a35862b13d2,0
D25-654d933e43921ed2a3b8,INSV1-72fe441cb0105ec0df2cdb65,EC-GAD-DAULE-LPI-GADIMCD-2025-03,MALECON,MATERIAL,M150,MEMBRANA ANTIRRAICES DE POLIETILENO DE BAJA DENSIDAD,m2,MEMBRANA ANTIRRAICES DE POLIETILENO DE BAJA DENSIDAD,m2,MATERIAL|m2|0|MEMBRANA ANTIRRAICES DE POLIETILENO DE BAJA DENSIDAD,ALIAS-32ccec4238bc1499ea20b399,0
D25-8a3c09010e216cb7469e,INSV1-95a133814bc449d4b1bdf8ef,EC-GAD-DAULE-LPI-GADIMCD-2025-03,MALECON,MATERIAL,M151,SUSTRATO DE LANA MINERAL 40 mm DE ESPESOR,m2,SUSTRATO DE LANA MINERAL 40 MM DE ESPESOR,m2,MATERIAL|m2|0|SUSTRATO DE LANA MINERAL 40 MM DE ESPESOR,ALIAS-7cadc29962e7c229c6464750,0
D25-d1bf94678af0a5bf0df2,INSV1-1725b9588a162aaf1a40bb86,EC-GAD-DAULE-LPI-GADIMCD-2025-03,MALECON,MATERIAL,M152,TEPE BIODEGRADABLE (VEGETACION),m2,TEPE BIODEGRADABLE VEGETACION,m2,MATERIAL|m2|0|TEPE BIODEGRADABLE VEGETACION,ALIAS-6d4dd15dd3d1e14477f6703e,0
D25-263f5371b795b32cbb71,INSV1-4e68dfb648aa3d5ab8c4b423,EC-GAD-DAULE-LPI-GADIMCD-2025-03,MALECON,MATERIAL,M153,PORCELANATO 30x60cm GRIS/ANTRACITA/ARENA,m2,PORCELANATO 30X60CM GRIS/ANTRACITA/ARENA,m2,MATERIAL|m2|0|PORCELANATO 30X60CM GRIS/ANTRACITA/ARENA,ALIAS-6a8ea3e2416366de2ded0293,0
D25-54d0a94c69926b3634c2,INSV1-b0941219c40aa5c18f86b431,EC-GAD-DAULE-LPI-GADIMCD-2025-03,MALECON,MATERIAL,M154,PORCELANATO 60x120cm GRIS/ANTRACITA/ARENA,m2,PORCELANATO 60X120CM GRIS/ANTRACITA/ARENA,m2,MATERIAL|m2|0|PORCELANATO 60X120CM GRIS/ANTRACITA/ARENA,ALIAS-91a598cf6477d42f6ee4bed2,0
D25-5572154f731abd1c55a6,INSV1-b2e6eb221c2ca5eb9e589978,EC-GAD-DAULE-LPI-GADIMCD-2025-03,MALECON,EQUIPO,E48,PARIHUELAS,h,PARIHUELAS,h,EQUIPO|h|0|PARIHUELAS,ALIAS-7c59a8ce08a1d2918e565cee,0
D25-36328b2a0b2e99cdbd28,INSV1-5ddbb8abcf94bc340e3849a3,EC-GAD-DAULE-LPI-GADIMCD-2025-03,MALECON,EQUIPO,E49,CONCRETERA DE 1 SACO,h,CONCRETERA DE 1 SACO,h,EQUIPO|h|0|CONCRETERA DE 1 SACO,ALIAS-ff5422996ce63b3f3c4322d2,0
D25-24087649390c8539fc92,INSV1-a8253a8a27049716daa16a2d,EC-GAD-DAULE-LPI-GADIMCD-2025-03,MALECON,MATERIAL,M155,CEMENTO PORTLAND TIPO IP,sc,CEMENTO PORTLAND TIPO IP,sc,MATERIAL|sc|0|CEMENTO PORTLAND TIPO IP,ALIAS-dc5994f5f54431d4216f3a89,0
D25-bf8bb941c102630c1c1c,INSV1-8ce05f3bcedc28ff37019dc8,EC-GAD-DAULE-LPI-GADIMCD-2025-03,MALECON,MATERIAL,M156,PIEDRA MARTELINADA 30x30cm E=6mm,m2,PIEDRA MARTELINADA 30X30CM E 6MM,m2,MATERIAL|m2|0|PIEDRA MARTELINADA 30X30CM E 6MM,ALIAS-91d2de7673b3137b51694cf2,0
D25-6faf45f2d3bfad36d779,INSV1-8affe226d29d23f164bd2707,EC-GAD-DAULE-LPI-GADIMCD-2025-03,MALECON,MATERIAL,M157,ADHESIVO ACRILICO PARA MORTEROS,Kg,ADHESIVO ACRILICO PARA MORTEROS,kg,MATERIAL|kg|0|ADHESIVO ACRILICO PARA MORTEROS,ALIAS-06fd8aab151f4555895c3bbe,0
D25-65d892f65a44a9996871,INSV1-30a42b72d82d97ef1dfee3e7,EC-GAD-DAULE-LPI-GADIMCD-2025-03,MALECON,MATERIAL,M158,HORMIGON PREMEZCLADO F´C= 280 Kg/cm2 BOMBEABLE,m3,HORMIGON PREMEZCLADO F C 280 KG/CM2 BOMBEABLE,m3,MATERIAL|m3|0|HORMIGON PREMEZCLADO F C 280 KG/CM2 BOMBEABLE,ALIAS-65289688d7cad036dd0846f2,0
D25-b9910c9f1888da239437,INSV1-30d99541a76d1dd859a6bf47,EC-GAD-DAULE-LPI-GADIMCD-2025-03,MALECON,MATERIAL,M159,"PERNO ASTM A325 D=1/2"" L=30cm FU=105KSI",u,PERNO ASTM A325 D 1/2 L 30CM FU 105KSI,u,MATERIAL|u|0|PERNO ASTM A325 D 1/2 L 30CM FU 105KSI,ALIAS-7ba5d48a01ce3d29e366d725,0
D25-6e084b5e3ed793ab2cdf,INSV1-3a465a7a0009a96871dda3f5,EC-GAD-DAULE-LPI-GADIMCD-2025-03,MALECON,MATERIAL,M160,ESCULTURA METALICA EN ACERO INOXIDABLE H=8.50m,u,ESCULTURA METALICA EN ACERO INOXIDABLE H 8.50M,u,MATERIAL|u|0|ESCULTURA METALICA EN ACERO INOXIDABLE H 8.50M,ALIAS-fc7518316368a9ebc16d363b,0
D25-f4af91dc90bd135638c1,INSV1-f8309d320b0175f0806b191a,EC-GAD-DAULE-LPI-GADIMCD-2025-03,MALECON,MATERIAL,M161,"LETRAS CORPOREAS AUTOILUMINADAS ""MALECON AURORA"" SOBRE TOTEM DE INGRESO (INCLUYE ACCESORIOS DE FIJACION)",u,LETRAS CORPOREAS AUTOILUMINADAS MALECON AURORA SOBRE TOTEM DE INGRESO INCLUYE ACCESORIOS DE FIJACION,u,MATERIAL|u|0|LETRAS CORPOREAS AUTOILUMINADAS MALECON AURORA SOBRE TOTEM DE INGRESO INCLUYE ACCESORIOS DE FIJACION,ALIAS-59c793d77820ef95dcfc1383,0
D25-6b9a4338151f57a3cc05,INSV1-41b3a5408c9dda215923891e,EC-GAD-DAULE-LPI-GADIMCD-2025-03,MALECON,MATERIAL,M162,STENOTAPHRUM SECUNDATUM (CESPED SAN AGUSTIN),m2,STENOTAPHRUM SECUNDATUM CESPED SAN AGUSTIN,m2,MATERIAL|m2|0|STENOTAPHRUM SECUNDATUM CESPED SAN AGUSTIN,ALIAS-6fb3feb2a92bc29505f2e95d,0
D25-4bde4d44aeabec074260,INSV1-acd9a3fbd5ab9f3a5f3085d5,EC-GAD-DAULE-LPI-GADIMCD-2025-03,MALECON,EQUIPO,E50,CORTADORA/DOBLADORA,h,CORTADORA/DOBLADORA,h,EQUIPO|h|0|CORTADORA/DOBLADORA,ALIAS-70bc19427853f0e402e98136,0
D25-4f3e645856ee4b0a924c,INSV1-05afe3c67a71d219cd80920a,EC-GAD-DAULE-LPI-GADIMCD-2025-03,MALECON,MATERIAL,M163,SOLDADURA INOXIDABLE,Kg,SOLDADURA INOXIDABLE,kg,MATERIAL|kg|0|SOLDADURA INOXIDABLE,ALIAS-8305f6ca1cf367a153038786,0
D25-ad1cf60b53b7699b95dd,INSV1-f59d2176cdd6dc4ad60d1696,EC-GAD-DAULE-LPI-GADIMCD-2025-03,MALECON,MATERIAL,M164,PLANCHA EN ACERO INOXIDABLE E=4mm,m2,PLANCHA EN ACERO INOXIDABLE E 4MM,m2,MATERIAL|m2|0|PLANCHA EN ACERO INOXIDABLE E 4MM,ALIAS-b0709342e00b85ffea00b9fd,0
D25-0b6c2e50bc6ae07fad0a,INSV1-94012b2737ef16e999a55d0f,EC-GAD-DAULE-LPI-GADIMCD-2025-03,MALECON,MATERIAL,M165,"JUEGO DE ARANDELAS, TUERCA Y CONTRATUERCA, PARA PERNOS DE ANCLAJE DE ACERO INOXIDABLE 1/2""",u,JUEGO DE ARANDELAS TUERCA Y CONTRATUERCA PARA PERNOS DE ANCLAJE DE ACERO INOXIDABLE 1/2,u,MATERIAL|u|0|JUEGO DE ARANDELAS TUERCA Y CONTRATUERCA PARA PERNOS DE ANCLAJE DE ACERO INOXIDABLE 1/2,ALIAS-41a374848e2f69aaaf1fa24c,0
D25-888dce6af101df72054e,INSV1-1003de3ed50da8e018cfa7fe,EC-GAD-DAULE-LPI-GADIMCD-2025-03,MALECON,MATERIAL,M166,PIEDRA ANDESITA BUSARDEADA GRIS 30X30X3cm,m2,PIEDRA ANDESITA BUSARDEADA GRIS 30X30X3CM,m2,MATERIAL|m2|0|PIEDRA ANDESITA BUSARDEADA GRIS 30X30X3CM,ALIAS-23f29218d3a9c5558ed4ab10,0
D25-746566cd9ad12ccd9e92,INSV1-8133110f73884c685adcb5b7,EC-GAD-DAULE-LPI-GADIMCD-2025-03,MALECON,MATERIAL,M167,BANCA CIRCULAR DE HORMIGON SEGUN DISEÑO,u,BANCA CIRCULAR DE HORMIGON SEGUN DISENO,u,MATERIAL|u|0|BANCA CIRCULAR DE HORMIGON SEGUN DISENO,ALIAS-f5015de86eebb1765fcc2559,0
D25-4323c1cc2deecbabf8ec,INSV1-4608be4753a0ad8112a876cc,EC-GAD-DAULE-LPI-GADIMCD-2025-03,MALECON,MATERIAL,M168,TACHO DE BASURA DE HORMIGON SEGUN DISEÑO,u,TACHO DE BASURA DE HORMIGON SEGUN DISENO,u,MATERIAL|u|0|TACHO DE BASURA DE HORMIGON SEGUN DISENO,ALIAS-a49a6a49def54581e947be86,0
D25-0a386192b9b70cc25b59,INSV1-ce964ae09bc481e811d485ef,EC-GAD-DAULE-LPI-GADIMCD-2025-03,MALECON,MATERIAL,M169,MACETA TIPO ASIENTO DE HORMIGON SEGUN DISEÑO,u,MACETA TIPO ASIENTO DE HORMIGON SEGUN DISENO,u,MATERIAL|u|0|MACETA TIPO ASIENTO DE HORMIGON SEGUN DISENO,ALIAS-17b2c865ca1d54bbe9c396cf,0
D25-ee568fb85696417b9cec,INSV1-7f84210068ce0a06d13171e8,EC-GAD-DAULE-LPI-GADIMCD-2025-03,MALECON,MATERIAL,M170,BANCA TIPO SERPENTINA DE HORMIGON SEGUN DISEÑO,u,BANCA TIPO SERPENTINA DE HORMIGON SEGUN DISENO,u,MATERIAL|u|0|BANCA TIPO SERPENTINA DE HORMIGON SEGUN DISENO,ALIAS-634ab99a53726ca7f2f948f5,0
D25-954fb62fb68d8edc45e4,INSV1-a99406a3873259c64638af73,EC-GAD-DAULE-LPI-GADIMCD-2025-03,MALECON,MATERIAL,M171,BANCA SEMICIRCULAR DE HORMIGON SEGUN DISEÑO,u,BANCA SEMICIRCULAR DE HORMIGON SEGUN DISENO,u,MATERIAL|u|0|BANCA SEMICIRCULAR DE HORMIGON SEGUN DISENO,ALIAS-aad58ce6276d40bd3ee2d9f6,0
D25-06b8b7fcd637c6d1d714,INSV1-3201e1792fa8f42ff43a89a1,EC-GAD-DAULE-LPI-GADIMCD-2025-03,MALECON,EQUIPO,E64,CAMION GRUA,h,CAMION GRUA,h,EQUIPO|h|0|CAMION GRUA,ALIAS-fb560306ce370c405beeed7c,0
D25-b24c19332eec2d9bfe4a,INSV1-26126bdfb81df65dba9b52ae,EC-GAD-DAULE-LPI-GADIMCD-2025-03,MALECON,MATERIAL,M172,JUEGO MULTIPLE INFANTIL (MODELO 1: 1000x630x460cm),u,JUEGO MULTIPLE INFANTIL MODELO 1 1000X630X460CM,u,MATERIAL|u|0|JUEGO MULTIPLE INFANTIL MODELO 1 1000X630X460CM,ALIAS-0d4d0d28cfa8c583ed5d88a4,0
D25-cf80ecf3a813651521ee,INSV1-466d1d3f2823ab268162ac7c,EC-GAD-DAULE-LPI-GADIMCD-2025-03,MALECON,EQUIPO,E51,GRUA DE 10 Tn,h,GRUA DE 10 TN,h,EQUIPO|h|0|GRUA DE 10 TN,ALIAS-8bec7629ca67797b79939166,0
D25-f667e805028794e30f7c,INSV1-30c69462d56940de309dbe22,EC-GAD-DAULE-LPI-GADIMCD-2025-03,MALECON,MATERIAL,M173,JUEGO MULTIPLE INFANTIL (MODELO 2: 800x600cm),u,JUEGO MULTIPLE INFANTIL MODELO 2 800X600CM,u,MATERIAL|u|0|JUEGO MULTIPLE INFANTIL MODELO 2 800X600CM,ALIAS-0a64c81c1a2bb8bd120d9119,0
D25-8703301be0f394ab7732,INSV1-89869597787a414d3f82a68e,EC-GAD-DAULE-LPI-GADIMCD-2025-03,MALECON,MATERIAL,M174,"FIJACION COMPUESTA POR TACOS, ARANDELAS Y TORNILLO DE ACERO",u,FIJACION COMPUESTA POR TACOS ARANDELAS Y TORNILLO DE ACERO,u,MATERIAL|u|0|FIJACION COMPUESTA POR TACOS ARANDELAS Y TORNILLO DE ACERO,ALIAS-d09a55727d19e40affc1e152,0
D25-06e857325fb1c75e46eb,INSV1-869a1a962171030b681e73d8,EC-GAD-DAULE-LPI-GADIMCD-2025-03,MALECON,MATERIAL,M175,JUEGO INFANTIL COLUMPIO DE TRES ASIENTOS,u,JUEGO INFANTIL COLUMPIO DE TRES ASIENTOS,u,MATERIAL|u|0|JUEGO INFANTIL COLUMPIO DE TRES ASIENTOS,ALIAS-fc5a16b138180f49e3ec1ef1,0
D25-0b1429c6ce8afc469c4b,INSV1-31467c0106a7c4dbe985f493,EC-GAD-DAULE-LPI-GADIMCD-2025-03,MALECON,MATERIAL,M176,MOSAICO VITREO 20x20 mm,u,MOSAICO VITREO 20X20 MM,u,MATERIAL|u|0|MOSAICO VITREO 20X20 MM,ALIAS-92ba52c1a593481b35c0a01c,0
D25-48d3c37aed97b62d284c,INSV1-22d43160c1e800a137ac44e6,EC-GAD-DAULE-LPI-GADIMCD-2025-03,MALECON,MATERIAL,M177,GRANITO LAVADO PARA PISCINA,m2,GRANITO LAVADO PARA PISCINA,m2,MATERIAL|m2|0|GRANITO LAVADO PARA PISCINA,ALIAS-d314e43eb126344610e8a94d,0
D25-69669ef4390f6bc5d66b,INSV1-93515fe5f95e62445c9748b5,EC-GAD-DAULE-LPI-GADIMCD-2025-03,MALECON,MATERIAL,M178,LITOPON,Kg,LITOPON,kg,MATERIAL|kg|0|LITOPON,ALIAS-bebb023b11e16f0d5ba16b5b,0
D25-719f29fbc8b479e24b51,INSV1-aac0d355ae0134d1f6ad8751,EC-GAD-DAULE-LPI-GADIMCD-2025-03,MALECON,MANO_OBRA,MO16,PLOMERO,h,PLOMERO,h,MANO_OBRA|h|0|PLOMERO,ALIAS-124f080735d3fb7e69b525ed,0
D25-72b4b44bf27c45cfa14b,INSV1-75b07072b3a32841169926c8,EC-GAD-DAULE-LPI-GADIMCD-2025-03,MALECON,MANO_OBRA,MO37,SUPERVISOR ELECTRICO GENERAL / SUPERVISOR SANITARIO GENERAL,h,SUPERVISOR ELECTRICO GENERAL / SUPERVISOR SANITARIO GENERAL,h,MANO_OBRA|h|0|SUPERVISOR ELECTRICO GENERAL / SUPERVISOR SANITARIO GENERAL,ALIAS-ce5e0d2038700c82b2439b38,0
D25-e38c6203de28cd62b409,INSV1-e769af67d6024d0ca0566c6b,EC-GAD-DAULE-LPI-GADIMCD-2025-03,MALECON,MATERIAL,M179,BOMBA CENTRIFUGA 2 HP,u,BOMBA CENTRIFUGA 2 HP,u,MATERIAL|u|0|BOMBA CENTRIFUGA 2 HP,ALIAS-5039d03d175b2e5e8fa4a28d,0
D25-0a8fb5f3c8b22abf6fb0,INSV1-25d046dbfa2f6d3b4788f1f5,EC-GAD-DAULE-LPI-GADIMCD-2025-03,MALECON,EQUIPO,E65,GRUA MOVIL,h,GRUA MOVIL,h,EQUIPO|h|0|GRUA MOVIL,ALIAS-3b4e598e276b43c89c2d572c,0
D25-84bc6713e1d629069a06,INSV1-13ae176a451d8aa746acf913,EC-GAD-DAULE-LPI-GADIMCD-2025-03,MALECON,MATERIAL,M180,BOMBA CENTRIFUGA 5 HP TRIFASICA,u,BOMBA CENTRIFUGA 5 HP TRIFASICA,u,MATERIAL|u|0|BOMBA CENTRIFUGA 5 HP TRIFASICA,ALIAS-851c654197719973daa39b99,0
D25-5487ca22fa56a8561866,INSV1-086b987b6bdbeaa73c32772c,EC-GAD-DAULE-LPI-GADIMCD-2025-03,MALECON,MATERIAL,M182,CODO 90' PP 2 IN ROSCABLE,u,CODO 90' PP 2 IN ROSCABLE,u,MATERIAL|u|0|CODO 90' PP 2 IN ROSCABLE,ALIAS-8e3e17b02af4a11723defb8e,0
D25-6c3f6f26b165429c66dc,INSV1-d31f39739052d50f5581250e,EC-GAD-DAULE-LPI-GADIMCD-2025-03,MALECON,MATERIAL,M183,TUBERIA PP UNION ROSCABLE DI=2 plg 1.25 MPA,m,TUBERIA PP UNION ROSCABLE DI 2 PLG 1.25 MPA,m,MATERIAL|m|0|TUBERIA PP UNION ROSCABLE DI 2 PLG 1.25 MPA,ALIAS-5deb61b38aca4dbf1c3e8ac2,0
D25-53c749243b6cdf3903a3,INSV1-ee555a884ab973b8d4009e8d,EC-GAD-DAULE-LPI-GADIMCD-2025-03,MALECON,TRANSPORTE,M193,TRANSPORTE DE TUBERIA,m/km,TRANSPORTE DE TUBERIA,m/km,TRANSPORTE|m/km|0|TRANSPORTE DE TUBERIA,ALIAS-0c0d203c00f2b7706e145be5,0
D25-d68cd874acb2adb10d0b,INSV1-64cd3d064ce933c4227f2523,EC-GAD-DAULE-LPI-GADIMCD-2025-03,MALECON,MANO_OBRA,MO110,TUBERO (EN CONSTRUCCION),h,TUBERO EN CONSTRUCCION,h,MANO_OBRA|h|0|TUBERO EN CONSTRUCCION,ALIAS-11b6d8dfd2902823affb5ac0,0
D25-aebc21700a8450e6ae09,INSV1-e4a4f0c44f884e216829887c,EC-GAD-DAULE-LPI-GADIMCD-2025-03,MALECON,MATERIAL,M184,COLGADOR PARA TUBERIA 2 IN,u,COLGADOR PARA TUBERIA 2 IN,u,MATERIAL|u|0|COLGADOR PARA TUBERIA 2 IN,ALIAS-4ed7b2b92c46505ca4b18ddd,0
D25-2fb5a07f32ba1e069e2a,INSV1-77aba549a9f095cecb3b2e65,EC-GAD-DAULE-LPI-GADIMCD-2025-03,MALECON,MATERIAL,M185,"MANOMETRO 1/2"" Ø80 70BAR (EN GLICERINA)",u,MANOMETRO 1/2 DIAM 80 70BAR EN GLICERINA,u,MATERIAL|u|0|MANOMETRO 1/2 DIAM 80 70BAR EN GLICERINA,ALIAS-20f70aa2ca3c77f7bb009cbc,0
D25-60002bb1f6496355dcc0,INSV1-85bb32faa7ed66ccc9ef6414,EC-GAD-DAULE-LPI-GADIMCD-2025-03,MALECON,MATERIAL,M186,CODO 90' PP 1 IN ROSCABLE,u,CODO 90' PP 1 IN ROSCABLE,u,MATERIAL|u|0|CODO 90' PP 1 IN ROSCABLE,ALIAS-7e8ecaaeac68f5a3b6e9c5b5,0
D25-568622a3381b1f6f6cf4,INSV1-c94da45dea68d43c808cc023,EC-GAD-DAULE-LPI-GADIMCD-2025-03,MALECON,MATERIAL,M187,COLGADOR PARA TUBERIA 1 IN,u,COLGADOR PARA TUBERIA 1 IN,u,MATERIAL|u|0|COLGADOR PARA TUBERIA 1 IN,ALIAS-724a46f70edb85347b003159,0
D25-c893bfd61f9e1a5d878d,INSV1-5df11067e253c0410da944f1,EC-GAD-DAULE-LPI-GADIMCD-2025-03,MALECON,MATERIAL,M188,TEE 1 IN PP ROSCABLE,u,TEE 1 IN PP ROSCABLE,u,MATERIAL|u|0|TEE 1 IN PP ROSCABLE,ALIAS-0555b7cd63193675a803639d,0
D25-ae1a03597d41433313c2,INSV1-01796dcd3095a5bb388c1a46,EC-GAD-DAULE-LPI-GADIMCD-2025-03,MALECON,MATERIAL,M189,"VALVULA DE AIRE 1/2"" DOBLE ACCION DE PVC",u,VALVULA DE AIRE 1/2 DOBLE ACCION DE PVC,u,MATERIAL|u|0|VALVULA DE AIRE 1/2 DOBLE ACCION DE PVC,ALIAS-0d82de556a53cd932fb677bb,0
D25-1c256ef0297ed31562ad,INSV1-1221813d59a79e6fa171bca4,EC-GAD-DAULE-LPI-GADIMCD-2025-03,MALECON,MATERIAL,M190,"TUBERIA PVC ROSCABLE 1/2"" (420PSI)",m,TUBERIA PVC ROSCABLE 1/2 420PSI,m,MATERIAL|m|0|TUBERIA PVC ROSCABLE 1/2 420PSI,ALIAS-3135bca41ffdae3922d957b3,0
D25-6a14a0e76a43808e838c,INSV1-1476145cbc90a0b2ce5df8da,EC-GAD-DAULE-LPI-GADIMCD-2025-03,MALECON,MATERIAL,M191,"CODO PVC ROSCABLE 1/2"" x 90'",u,CODO PVC ROSCABLE 1/2 X 90',u,MATERIAL|u|0|CODO PVC ROSCABLE 1/2 X 90',ALIAS-e8f5c77cee1242e9b6b2798a,0
D25-56e091cb76ea0d1b74a4,INSV1-ac942737a85126b8aba4f47f,EC-GAD-DAULE-LPI-GADIMCD-2025-03,MALECON,MATERIAL,M192,TUBERIA PP UNION ROSCABLE DI=1 1/2 plg 1.25 MPA,m,TUBERIA PP UNION ROSCABLE DI 1 1/2 PLG 1.25 MPA,m,MATERIAL|m|0|TUBERIA PP UNION ROSCABLE DI 1 1/2 PLG 1.25 MPA,ALIAS-f248b92579875d22c06c87da,0
D25-51088e6cc5dd0d0f6bb5,INSV1-76c1a5e5c1bdb50673f2f969,EC-GAD-DAULE-LPI-GADIMCD-2025-03,MALECON,MATERIAL,M181,COLGADOR PARA TUBERIA 1 1/2 IN,u,COLGADOR PARA TUBERIA 1 1/2 IN,u,MATERIAL|u|0|COLGADOR PARA TUBERIA 1 1/2 IN,ALIAS-5701031418216a55b7aeeb18,0
D25-f08ed88e91bfa9e1af11,INSV1-32bd73df37eb97e122a2512e,EC-GAD-DAULE-LPI-GADIMCD-2025-03,MALECON,MATERIAL,M194,REDUCTOR DE 2 A 1 IN PP ROSCABLE,u,REDUCTOR DE 2 A 1 IN PP ROSCABLE,u,MATERIAL|u|0|REDUCTOR DE 2 A 1 IN PP ROSCABLE,ALIAS-eb7d48707e8eced1ec61d511,0
D25-d6c9a62ec96a9bfbfd74,INSV1-d651721fd30ac2423b0d99ae,EC-GAD-DAULE-LPI-GADIMCD-2025-03,MALECON,MATERIAL,M195,"VALVULA CHECK ROSCADA PVC D=1""",u,VALVULA CHECK ROSCADA PVC D 1,u,MATERIAL|u|0|VALVULA CHECK ROSCADA PVC D 1,ALIAS-a94265db7ab0401c6c91e422,0
D25-d9a11acef9696b306f40,INSV1-4f3ae1f3225118052a41c92a,EC-GAD-DAULE-LPI-GADIMCD-2025-03,MALECON,MATERIAL,M880,VALVULA DE BOLA PVC D= 1 plg ROSCABLE,u,VALVULA DE BOLA PVC D 1 PLG ROSCABLE,u,MATERIAL|u|0|VALVULA DE BOLA PVC D 1 PLG ROSCABLE,ALIAS-218bc7ff62050cd5051e9364,0
D25-aed022156298aa93e4ce,INSV1-dc5b2bff89a2d50cf3be0e1f,EC-GAD-DAULE-LPI-GADIMCD-2025-03,MALECON,MATERIAL,M197,UNION UNIVERSAL PP ROSCABLE H 1 IN,u,UNION UNIVERSAL PP ROSCABLE H 1 IN,u,MATERIAL|u|0|UNION UNIVERSAL PP ROSCABLE H 1 IN,ALIAS-05b11e21d54e9f58e04bcb1a,0
D25-0b43e6b73b980be75f08,INSV1-23642ca9aff54d32696789df,EC-GAD-DAULE-LPI-GADIMCD-2025-03,MALECON,MATERIAL,M198,REDUCTOR DE 1 1/2 A 1 IN PP ROSCABLE,u,REDUCTOR DE 1 1/2 A 1 IN PP ROSCABLE,u,MATERIAL|u|0|REDUCTOR DE 1 1/2 A 1 IN PP ROSCABLE,ALIAS-0bb41305961751884cc8e51e,0
D25-3e105aacb4deb8df48ad,INSV1-79ef23d37bbf7244052cc3b6,EC-GAD-DAULE-LPI-GADIMCD-2025-03,MALECON,MATERIAL,M199,CODO 90' PP 1 1/2 IN ROSCABLE,u,CODO 90' PP 1 1/2 IN ROSCABLE,u,MATERIAL|u|0|CODO 90' PP 1 1/2 IN ROSCABLE,ALIAS-e089a4e09d8ab828832555f6,0
D25-85a94d98a12eedb57aec,INSV1-519a3e6a95b1da6aa7d0426d,EC-GAD-DAULE-LPI-GADIMCD-2025-03,MALECON,MATERIAL,M200,"FILTRO 16""",u,FILTRO 16,u,MATERIAL|u|0|FILTRO 16,ALIAS-23c7172780e93744010b5873,0
D25-f77952568b879ff89060,INSV1-a4c47972564c08225ff97e12,EC-GAD-DAULE-LPI-GADIMCD-2025-03,MALECON,MATERIAL,M201,"FILTRO 12""",u,FILTRO 12,u,MATERIAL|u|0|FILTRO 12,ALIAS-25c619b810e16b641cb95244,0
D25-f408075391434a10c686,INSV1-9919214d91339519683769e3,EC-GAD-DAULE-LPI-GADIMCD-2025-03,MALECON,MATERIAL,M202,ARENA DE CUARZO PARA FILTRO (0.5 - 1 mm),Kg,ARENA DE CUARZO PARA FILTRO 0.5 - 1 MM,kg,MATERIAL|kg|0|ARENA DE CUARZO PARA FILTRO 0.5 - 1 MM,ALIAS-4435765e49b8ced203f50118,0
D25-004478fb339e8da7baf7,INSV1-7682859800a67ff487f0b173,EC-GAD-DAULE-LPI-GADIMCD-2025-03,MALECON,MATERIAL,M203,GRAVA PARA FILTRO (6-12mm),Kg,GRAVA PARA FILTRO 6-12MM,kg,MATERIAL|kg|0|GRAVA PARA FILTRO 6-12MM,ALIAS-1c3b298cef221b4e1d84985b,0
D25-1f4061bfac3f03d90b5a,INSV1-9dc4e8c0259419d8c98a3b54,EC-GAD-DAULE-LPI-GADIMCD-2025-03,MALECON,MATERIAL,M204,GRAVA PARA FILTRO (12-18mm),Kg,GRAVA PARA FILTRO 12-18MM,kg,MATERIAL|kg|0|GRAVA PARA FILTRO 12-18MM,ALIAS-4fdb8363e58967ff1a0e46b5,0
D25-3f863153fc3918e0500a,INSV1-3a71b95d5d4e165971bfd188,EC-GAD-DAULE-LPI-GADIMCD-2025-03,MALECON,MATERIAL,M205,BOQUILLA TIPO CHORRO DE PISO 1x1/2,u,BOQUILLA TIPO CHORRO DE PISO 1X1/2,u,MATERIAL|u|0|BOQUILLA TIPO CHORRO DE PISO 1X1/2,ALIAS-bf81a62808c45f018e81ee7e,0
D25-acb1e737e9d1b7d12fa1,INSV1-d08432f7057c1f7394a29c6a,EC-GAD-DAULE-LPI-GADIMCD-2025-03,MALECON,MATERIAL,M206,SKIMMER PEQUEÑO,u,SKIMMER PEQUENO,u,MATERIAL|u|0|SKIMMER PEQUENO,ALIAS-92a9aba23f401675af76c527,0
D25-d2da0bcebd12a6401c97,INSV1-97a4414fb0f84f741d3ef599,EC-GAD-DAULE-LPI-GADIMCD-2025-03,MALECON,MATERIAL,M207,DRENAJE DE FONDO,u,DRENAJE DE FONDO,u,MATERIAL|u|0|DRENAJE DE FONDO,ALIAS-88d6f89f8fb69fe3550377aa,0
D25-08fbc64afb5ce01c7b3f,INSV1-13a26e56ee499f95b8ba4eca,EC-GAD-DAULE-LPI-GADIMCD-2025-03,MALECON,MATERIAL,M208,TEE 2 IN PP ROSCABLE,u,TEE 2 IN PP ROSCABLE,u,MATERIAL|u|0|TEE 2 IN PP ROSCABLE,ALIAS-3e222b675ae84dbc6283ec14,0
D25-42d0156be2ab20e517d4,INSV1-af3691c12244c6e150639508,EC-GAD-DAULE-LPI-GADIMCD-2025-03,MALECON,MATERIAL,M209,TEE 1 1/2 IN PP ROSCABLE,u,TEE 1 1/2 IN PP ROSCABLE,u,MATERIAL|u|0|TEE 1 1/2 IN PP ROSCABLE,ALIAS-2df473a3e49d100877337b1e,0
D25-a4f6e9b6fb163604411f,INSV1-acceaa326761cddfa56962ee,EC-GAD-DAULE-LPI-GADIMCD-2025-03,MALECON,MANO_OBRA,MO41,LABORATORISTA (EN CONSTRUCCION- ESTR. OC. C1),h,LABORATORISTA EN CONSTRUCCION- ESTR. OC. C1,h,MANO_OBRA|h|0|LABORATORISTA EN CONSTRUCCION- ESTR. OC. C1,ALIAS-d4b927dcdc9c487528ef8912,0
D25-155d32080d4ce3af4167,INSV1-ad99cd89de1d3534de53eafc,EC-GAD-DAULE-LPI-GADIMCD-2025-03,MALECON,MATERIAL,M210,KIT DE PRUEBA DE AGUA PARA PISCINA,u,KIT DE PRUEBA DE AGUA PARA PISCINA,u,MATERIAL|u|0|KIT DE PRUEBA DE AGUA PARA PISCINA,ALIAS-423c2a75cada16c03f807e1b,0
D25-3f5612336e8bb1302972,INSV1-467be0765720494fc0fde8bc,EC-GAD-DAULE-LPI-GADIMCD-2025-03,MALECON,MANO_OBRA,MO40,RESIDENTE DE OBRA,h,RESIDENTE DE OBRA,h,MANO_OBRA|h|0|RESIDENTE DE OBRA,ALIAS-c2b860a764973f6b8ce5b43c,0
D25-401c491e48035784e5ce,INSV1-800388ff3d1edc780bf513b8,EC-GAD-DAULE-LPI-GADIMCD-2025-03,MALECON,MATERIAL,M211,"DOMOS O SOMBRILLAS DE AGUA DE 2,00m DE DIAMETRO",u,DOMOS O SOMBRILLAS DE AGUA DE 2 00M DE DIAMETRO,u,MATERIAL|u|0|DOMOS O SOMBRILLAS DE AGUA DE 2 00M DE DIAMETRO,ALIAS-ece5023a8a102da80916706c,0
D25-219e9ce5e3d42d2f5a00,INSV1-eeffb648d736838265d25e70,EC-GAD-DAULE-LPI-GADIMCD-2025-03,MALECON,MATERIAL,M212,"ABRAZADERA GALVANIZADA DE 1""",u,ABRAZADERA GALVANIZADA DE 1,u,MATERIAL|u|0|ABRAZADERA GALVANIZADA DE 1,ALIAS-b8e03ca8865984dbc2283736,0
D25-29f504a7c09a668aac2b,INSV1-54da5fbf741b1ed11eaac603,EC-GAD-DAULE-LPI-GADIMCD-2025-03,MALECON,MATERIAL,M213,"ABRAZADERA GALVANIZADA DE 2""",u,ABRAZADERA GALVANIZADA DE 2,u,MATERIAL|u|0|ABRAZADERA GALVANIZADA DE 2,ALIAS-b0f07716a5463de2c15ad71c,0
D25-276702faa5f94b2c41db,INSV1-c6175a6474cdb875a533f1bf,EC-GAD-DAULE-LPI-GADIMCD-2025-03,MALECON,EQUIPO,E83,SOLDADORA ELECTRICA 300 A,h,SOLDADORA ELECTRICA 300 A,h,EQUIPO|h|0|SOLDADORA ELECTRICA 300 A,ALIAS-1589f330052cbdc9e14248cf,0
D25-bec3ccf7a5168f96b843,INSV1-609889537a94ae348f6c4ff4,EC-GAD-DAULE-LPI-GADIMCD-2025-03,MALECON,MATERIAL,M214,CUBIERTA METALICA CON AISLAMIENTO DE POLIURETANO E=30mm,m2,CUBIERTA METALICA CON AISLAMIENTO DE POLIURETANO E 30MM,m2,MATERIAL|m2|0|CUBIERTA METALICA CON AISLAMIENTO DE POLIURETANO E 30MM,ALIAS-ca661327c3108371da32f68a,0
D25-94d6cdaaeacad9a73b01,INSV1-5b10d17847c73ece00657e86,EC-GAD-DAULE-LPI-GADIMCD-2025-03,MALECON,MATERIAL,M697,SOLDADURA E 6011,Kg,SOLDADURA E 6011,kg,MATERIAL|kg|0|SOLDADURA E 6011,ALIAS-cdb4e0bfb481e194a2a68030,0
D25-63c154a9048f677557c8,INSV1-2771b03697f79ee2d73aecbb,EC-GAD-DAULE-LPI-GADIMCD-2025-03,MALECON,MATERIAL,M215,FLASHING DE 61cm,m,FLASHING DE 61CM,m,MATERIAL|m|0|FLASHING DE 61CM,ALIAS-ab62fa7fb1dce246384d9a59,0
D25-582abf5f34784a955709,INSV1-c16094ad65235b9a4d0c9ba4,EC-GAD-DAULE-LPI-GADIMCD-2025-03,MALECON,MATERIAL,M216,"MALLA ELECTROSOLDADA 15x15 - 4,5mm",m2,MALLA ELECTROSOLDADA 15X15 - 4 5MM,m2,MATERIAL|m2|0|MALLA ELECTROSOLDADA 15X15 - 4 5MM,ALIAS-61b4d341db5a120644dda7f9,0
D25-4967f075e92dbbe9cdbf,INSV1-0faaf003a63bd6405523317d,EC-GAD-DAULE-LPI-GADIMCD-2025-03,MALECON,MATERIAL,M6,ACCESORIOS Y VARIOS,m,ACCESORIOS Y VARIOS,m,MATERIAL|m|0|ACCESORIOS Y VARIOS,ALIAS-8366eb635533c794093ab675,0
D25-12151cc9d14820b7b11a,INSV1-ad1c4558d38ef3f7ea866480,EC-GAD-DAULE-LPI-GADIMCD-2025-03,MALECON,MATERIAL,M217,PLACA-ACERO COLABORANTE GALVAN. G90 E=0.65mm,m2,PLACA-ACERO COLABORANTE GALVAN. G90 E 0.65MM,m2,MATERIAL|m2|0|PLACA-ACERO COLABORANTE GALVAN. G90 E 0.65MM,ALIAS-b5d8c8aa7d22556876bec7ac,0
D25-bc6377ac9b921020af23,INSV1-764733a23362fe94fc0a068d,EC-GAD-DAULE-LPI-GADIMCD-2025-03,MALECON,MATERIAL,M218,CONECTOR DE CORTE STUD 1/2 x 3 1/2,u,CONECTOR DE CORTE STUD 1/2 X 3 1/2,u,MATERIAL|u|0|CONECTOR DE CORTE STUD 1/2 X 3 1/2,ALIAS-952300d6eb27f46ca2e46636,0
D25-3ce15a7d68aab98b7d7d,INSV1-b6424b677392dbc036838c3c,EC-GAD-DAULE-LPI-GADIMCD-2025-03,MALECON,MATERIAL,M219,"PERNO ASTM A325 D=5/8"" L=25 cm",u,PERNO ASTM A325 D 5/8 L 25 CM,u,MATERIAL|u|0|PERNO ASTM A325 D 5/8 L 25 CM,ALIAS-2f33198bb9d38b90f3342431,0
D25-aaa0d56c58b5f4e41730,INSV1-31c69791409f97ac5f9325cf,EC-GAD-DAULE-LPI-GADIMCD-2025-03,MALECON,MATERIAL,M220,PLANCHA DE ALUCOBOND 4mm PARA EXTERIOR,m2,PLANCHA DE ALUCOBOND 4MM PARA EXTERIOR,m2,MATERIAL|m2|0|PLANCHA DE ALUCOBOND 4MM PARA EXTERIOR,ALIAS-acd1c001a2dd0e4840b7d686,0
D25-427d13e65c195a74b604,INSV1-3879fc0d0e569a78d5ec35bf,EC-GAD-DAULE-LPI-GADIMCD-2025-03,MALECON,MATERIAL,M221,"ESTRUCTURA DE ALUMINIO, CINTAS, PEGANTES Y TORNILLERIA",u,ESTRUCTURA DE ALUMINIO CINTAS PEGANTES Y TORNILLERIA,u,MATERIAL|u|0|ESTRUCTURA DE ALUMINIO CINTAS PEGANTES Y TORNILLERIA,ALIAS-b371c949545e0ced671add2a,0
D25-f679deaa8aff18b5a334,INSV1-f07b65a5021b13a77665ecc9,EC-GAD-DAULE-LPI-GADIMCD-2025-03,MALECON,MATERIAL,M222,CERAMICA 30x30cm,m2,CERAMICA 30X30CM,m2,MATERIAL|m2|0|CERAMICA 30X30CM,ALIAS-f91f8c8fdedc9c4a9493fb6c,0
D25-9854126d3852ed538727,INSV1-527e3d90735a6e3f25aedf4d,EC-GAD-DAULE-LPI-GADIMCD-2025-03,MALECON,MATERIAL,M223,PORCELANATO 60x60cm,m2,PORCELANATO 60X60CM,m2,MATERIAL|m2|0|PORCELANATO 60X60CM,ALIAS-d4c856e4f1dad2bf22df558b,0
D25-df9002dc107caa5cf2da,INSV1-81e4f97f16a02324f606e429,EC-GAD-DAULE-LPI-GADIMCD-2025-03,MALECON,MATERIAL,M225,GRANITO PULIDO,m2,GRANITO PULIDO,m2,MATERIAL|m2|0|GRANITO PULIDO,ALIAS-368711e29fb737d864972c89,0
D25-74930fe70294832e206d,INSV1-101010cfe135fa4b0e8ac6ca,EC-GAD-DAULE-LPI-GADIMCD-2025-03,MALECON,MATERIAL,M226,PORCELANATO 100x300mm,m2,PORCELANATO 100X300MM,m2,MATERIAL|m2|0|PORCELANATO 100X300MM,ALIAS-4de2417007dbbf630510b833,0
D25-3420a37778c2b41b133c,INSV1-7b46d9aab759653cdbe827b0,EC-GAD-DAULE-LPI-GADIMCD-2025-03,MALECON,MATERIAL,M227,BLOQUE LIVIANO DE 10x20x40cm,u,BLOQUE LIVIANO DE 10X20X40CM,u,MATERIAL|u|0|BLOQUE LIVIANO DE 10X20X40CM,ALIAS-cce28f6f768e32feb0fc2e25,0
D25-d71b9327f4e68f352e48,INSV1-656f2707875ba3be07dbabc0,EC-GAD-DAULE-LPI-GADIMCD-2025-03,MALECON,MATERIAL,M228,BLOQUE LIVIANO DE 20x20x40cm,u,BLOQUE LIVIANO DE 20X20X40CM,u,MATERIAL|u|0|BLOQUE LIVIANO DE 20X20X40CM,ALIAS-3d875e1e37e43cbe34c3951e,0
D25-69018ab56a06a724abc8,INSV1-7fb140223efe796836d49882,EC-GAD-DAULE-LPI-GADIMCD-2025-03,MALECON,MATERIAL,M229,MORTERO PARA ENLUCIDO,Kg,MORTERO PARA ENLUCIDO,kg,MATERIAL|kg|0|MORTERO PARA ENLUCIDO,ALIAS-e1e0282b91de7299bc982f04,0
D25-3faffd000851d4889376,INSV1-492caebc9b5eed5b39f5cce1,EC-GAD-DAULE-LPI-GADIMCD-2025-03,MALECON,MATERIAL,M233,HORMIGON SIMPLE F´C= 210 Kg/cm2 (INCLUYE ENCOFRADO),m3,HORMIGON SIMPLE F C 210 KG/CM2 INCLUYE ENCOFRADO,m3,MATERIAL|m3|0|HORMIGON SIMPLE F C 210 KG/CM2 INCLUYE ENCOFRADO,ALIAS-4cc5cf6aaac739dc8a1ca8b4,0
D25-51cfdd86f546253df44c,INSV1-212beb8dabb880fbeb8d18e9,EC-GAD-DAULE-LPI-GADIMCD-2025-03,MALECON,MATERIAL,M230,PINTURA PARA EXTERIOR,galón (US),PINTURA PARA EXTERIOR,galón (us),MATERIAL|galón (us)|0|PINTURA PARA EXTERIOR,ALIAS-ba4d54bb01a839dc296b6f06,0
D25-ccfe7edaf6af53bb820a,INSV1-a0a8ba5fd361c60d68bda0b7,EC-GAD-DAULE-LPI-GADIMCD-2025-03,MALECON,MATERIAL,M231,EMPASTE EXTERIOR,Kg,EMPASTE EXTERIOR,kg,MATERIAL|kg|0|EMPASTE EXTERIOR,ALIAS-db2e772b71bb8a1d32d4820d,0
D25-37b780d50c446f9fd239,INSV1-2cae10b2de447be55ae1885f,EC-GAD-DAULE-LPI-GADIMCD-2025-03,MALECON,MATERIAL,M232,PINTURA PARA INTERIOR,galón (US),PINTURA PARA INTERIOR,galón (us),MATERIAL|galón (us)|0|PINTURA PARA INTERIOR,ALIAS-5b7556086c5bef0557563d82,0
D25-235436837d268ec96cb7,INSV1-3af42f79f985ff25a6de282f,EC-GAD-DAULE-LPI-GADIMCD-2025-03,MALECON,MATERIAL,M234,DUELA DE MADERA SEIQUE MACHIMBRADA 0.10x2.40m,u,DUELA DE MADERA SEIQUE MACHIMBRADA 0.10X2.40M,u,MATERIAL|u|0|DUELA DE MADERA SEIQUE MACHIMBRADA 0.10X2.40M,ALIAS-db302237f57b5665a7e4f511,0
D25-f18367f7de3b74eec5e0,INSV1-409ed96dde5a7207739ef872,EC-GAD-DAULE-LPI-GADIMCD-2025-03,MALECON,MATERIAL,M235,"ACCESORIOS: TACOS DE NYLON PARA ANCLAJE, TORNILLOS, ETC",u,ACCESORIOS TACOS DE NYLON PARA ANCLAJE TORNILLOS ETC,u,MATERIAL|u|0|ACCESORIOS TACOS DE NYLON PARA ANCLAJE TORNILLOS ETC,ALIAS-9e811aabafe8e960d0d5d868,0
D25-f0ec20dd32467678213e,INSV1-aa6bff46be88b9210b0de77e,EC-GAD-DAULE-LPI-GADIMCD-2025-03,MALECON,MATERIAL,M236,LACA PARA MADERA BRILLANTE,galón (US),LACA PARA MADERA BRILLANTE,galón (us),MATERIAL|galón (us)|0|LACA PARA MADERA BRILLANTE,ALIAS-ddc0160b110d9e047a48058d,0
D25-4c389bf9a1cb17596a31,INSV1-4ffa1272d9a972fcebd9e7e5,EC-GAD-DAULE-LPI-GADIMCD-2025-03,MALECON,MATERIAL,M237,SELLADOR PARA MADERA,galón (US),SELLADOR PARA MADERA,galón (us),MATERIAL|galón (us)|0|SELLADOR PARA MADERA,ALIAS-962f9e69c8f370505552e25b,0
D25-42244fe61cfc3f971067,INSV1-f1eb6b80e839427bc26c57e1,EC-GAD-DAULE-LPI-GADIMCD-2025-03,MALECON,MATERIAL,M238,LIJA DE MADERA,u,LIJA DE MADERA,u,MATERIAL|u|0|LIJA DE MADERA,ALIAS-9348249c0e43478aaebc7519,0
D25-52ec40212eebd5fc8b66,INSV1-72cd4e2a1bd551d15ba323de,EC-GAD-DAULE-LPI-GADIMCD-2025-03,MALECON,MATERIAL,M239,PEGAMENTO PARA MADERA,l,PEGAMENTO PARA MADERA,l,MATERIAL|l|0|PEGAMENTO PARA MADERA,ALIAS-191345b83a415194809d3b87,0
D25-c1dec817027b0179dc1e,INSV1-1f79b505cd784a0e8a562c8e,EC-GAD-DAULE-LPI-GADIMCD-2025-03,MALECON,MATERIAL,M240,PORCELANATO 30x60cm,m2,PORCELANATO 30X60CM,m2,MATERIAL|m2|0|PORCELANATO 30X60CM,ALIAS-5cc5d266eca9c08ad57cb070,0
D25-e9f0a34e7d7afe6755dd,INSV1-8e74c14d3156c60fa0d094b9,EC-GAD-DAULE-LPI-GADIMCD-2025-03,MALECON,MATERIAL,M241,TUMBADO DE PVC MADERADO LAMINADO 8mm,m2,TUMBADO DE PVC MADERADO LAMINADO 8MM,m2,MATERIAL|m2|0|TUMBADO DE PVC MADERADO LAMINADO 8MM,ALIAS-65aee5cb4f2031ad90cb1a62,0
D25-e375ed4c845e6384657c,INSV1-b5a76b204f9934ce0810cdf1,EC-GAD-DAULE-LPI-GADIMCD-2025-03,MALECON,MATERIAL,M242,PERFILERIA METALICA PARA TUMBADOS,m2,PERFILERIA METALICA PARA TUMBADOS,m2,MATERIAL|m2|0|PERFILERIA METALICA PARA TUMBADOS,ALIAS-584bd3ffacc9c608546f09bd,0
D25-77e978776400b3cdf8ef,INSV1-5af769723bc903a3ba2818ff,EC-GAD-DAULE-LPI-GADIMCD-2025-03,MALECON,MATERIAL,M243,TORNILLO AUTORROSCANTE REDONDO Nº 6,u,TORNILLO AUTORROSCANTE REDONDO N 6,u,MATERIAL|u|0|TORNILLO AUTORROSCANTE REDONDO N 6,ALIAS-a608404deb2fffca2fd2fac8,0
D25-8bdeb07518bcbe2a4745,INSV1-2ce15b021b2e2445d4d57e89,EC-GAD-DAULE-LPI-GADIMCD-2025-03,MALECON,MATERIAL,M244,TORNILLO T1 PUNTA AGUJA,u,TORNILLO T1 PUNTA AGUJA,u,MATERIAL|u|0|TORNILLO T1 PUNTA AGUJA,ALIAS-f5344eb69344e206c043fd0d,0
D25-ed74c271d6b89a644ed5,INSV1-2c020759880fa5d567cfc831,EC-GAD-DAULE-LPI-GADIMCD-2025-03,MALECON,MATERIAL,M245,LAVAMANOS DE EMPOTRAR,u,LAVAMANOS DE EMPOTRAR,u,MATERIAL|u|0|LAVAMANOS DE EMPOTRAR,ALIAS-1dd34294b04fd0f1c8d20967,0
D25-17eca15ae2aa360edeb2,INSV1-e43624d886a66925f44126a9,EC-GAD-DAULE-LPI-GADIMCD-2025-03,MALECON,MATERIAL,M246,KIT DE INSTALACION DE CIERRE AUTOMATICO PARA LAVABO,u,KIT DE INSTALACION DE CIERRE AUTOMATICO PARA LAVABO,u,MATERIAL|u|0|KIT DE INSTALACION DE CIERRE AUTOMATICO PARA LAVABO,ALIAS-e680fc2f60561974527d8e46,0
D25-1cb8e57f0cdf356c65f7,INSV1-6e8116c12116ea8fe58a68d6,EC-GAD-DAULE-LPI-GADIMCD-2025-03,MALECON,MATERIAL,M247,LLAVE DE CIERRE AUTOMATICO PARA LAVABO,u,LLAVE DE CIERRE AUTOMATICO PARA LAVABO,u,MATERIAL|u|0|LLAVE DE CIERRE AUTOMATICO PARA LAVABO,ALIAS-e6772fec79e202faef1bcba9,0
D25-58ed8e9cd71df13f8354,INSV1-430cdf9f9bf8a5cee6a0992f,EC-GAD-DAULE-LPI-GADIMCD-2025-03,MALECON,MATERIAL,M248,LAVACOPA DE EMPOTRAR (INCLUYE ACCESORIOS),u,LAVACOPA DE EMPOTRAR INCLUYE ACCESORIOS,u,MATERIAL|u|0|LAVACOPA DE EMPOTRAR INCLUYE ACCESORIOS,ALIAS-a0183f8d36dee00108796581,0
D25-11a20d6b89b0a3cfcbbb,INSV1-f80d7cecf2c788c6d0860d9c,EC-GAD-DAULE-LPI-GADIMCD-2025-03,MALECON,MATERIAL,M249,TEFLON,rl,TEFLON,rl,MATERIAL|rl|0|TEFLON,ALIAS-49f739720cfe6a7b3c3de2d6,0
D25-92320e559bad43f58b19,INSV1-cb6b2da10cb4349def219523,EC-GAD-DAULE-LPI-GADIMCD-2025-03,MALECON,MATERIAL,M250,INODORO COLOR BLANCO,u,INODORO COLOR BLANCO,u,MATERIAL|u|0|INODORO COLOR BLANCO,ALIAS-0d78b20bd81dcb1e71d8c26f,0
D25-52afc5d8b9dd7fec1f25,INSV1-5114b70a7383e9d66989793a,EC-GAD-DAULE-LPI-GADIMCD-2025-03,MALECON,MATERIAL,M251,LLAVE ANGULAR PARA INODORO,u,LLAVE ANGULAR PARA INODORO,u,MATERIAL|u|0|LLAVE ANGULAR PARA INODORO,ALIAS-5b647c912c69dd8078233ee5,0
D25-9afd2a0c3fbb961eebf2,INSV1-6a37bcbe3d655ce3e794b76c,EC-GAD-DAULE-LPI-GADIMCD-2025-03,MALECON,MATERIAL,M252,FLUXOMETRO PARA INODORO,u,FLUXOMETRO PARA INODORO,u,MATERIAL|u|0|FLUXOMETRO PARA INODORO,ALIAS-9440ae710e6af28ec76ac3cd,0
D25-a45f8bb1077c187fb116,INSV1-31d1a0c09ec2657a531d7c72,EC-GAD-DAULE-LPI-GADIMCD-2025-03,MALECON,MATERIAL,M254,BARRA DE APOYO RECTO,u,BARRA DE APOYO RECTO,u,MATERIAL|u|0|BARRA DE APOYO RECTO,ALIAS-d1430908722a9cb18229045f,0
D25-39d71fc1917ba8c72604,INSV1-9559be7b619ac49721020e3d,EC-GAD-DAULE-LPI-GADIMCD-2025-03,MALECON,MATERIAL,M255,"LLAVE DE PASO 1/2""",u,LLAVE DE PASO 1/2,u,MATERIAL|u|0|LLAVE DE PASO 1/2,ALIAS-9dfd1b83c441e99122c0a38a,0
D25-ae4272769a9191ab57e4,INSV1-cf3fa49110c2bfede7d4dd68,EC-GAD-DAULE-LPI-GADIMCD-2025-03,MALECON,MATERIAL,M256,URINARIO,u,URINARIO,u,MATERIAL|u|0|URINARIO,ALIAS-8fa2dd6ac5e50f061f2979a8,0
D25-d7cd3cdccfbb5492232a,INSV1-f59f948ca41a438485b56fd0,EC-GAD-DAULE-LPI-GADIMCD-2025-03,MALECON,MATERIAL,M253,FLUXOMETRO PARA URINARIO,u,FLUXOMETRO PARA URINARIO,u,MATERIAL|u|0|FLUXOMETRO PARA URINARIO,ALIAS-09eacd152ea333a673bff83c,0
D25-f758633e334795e49556,INSV1-bc71f872286d7ce879f2ac9b,EC-GAD-DAULE-LPI-GADIMCD-2025-03,MALECON,MATERIAL,M257,DISPENSADOR DE JABON LIQUIDO,u,DISPENSADOR DE JABON LIQUIDO,u,MATERIAL|u|0|DISPENSADOR DE JABON LIQUIDO,ALIAS-81461bf03133b91248828e1e,0
D25-f6a95612e655d196f78a,INSV1-4b0d2759cf8c9dbc211dbbd5,EC-GAD-DAULE-LPI-GADIMCD-2025-03,MALECON,MATERIAL,M258,DISPENSADOR DE PAPEL HIGIENICO,u,DISPENSADOR DE PAPEL HIGIENICO,u,MATERIAL|u|0|DISPENSADOR DE PAPEL HIGIENICO,ALIAS-954e088913e3e6c963de99fd,0
D25-36857b631e76106376c8,INSV1-ef753e89849e78c33fbe95fc,EC-GAD-DAULE-LPI-GADIMCD-2025-03,MALECON,MATERIAL,M259,ESPEJOS,m2,ESPEJOS,m2,MATERIAL|m2|0|ESPEJOS,ALIAS-8a1468a70311592a9e35cffd,0
D25-65af5fc23ca2a512850a,INSV1-37e62b4c8fbca53e61aa8099,EC-GAD-DAULE-LPI-GADIMCD-2025-03,MALECON,MATERIAL,M260,SECADOR DE AIRE,u,SECADOR DE AIRE,u,MATERIAL|u|0|SECADOR DE AIRE,ALIAS-89fcba3bbf5a5c335d779108,0
D25-5c27486e9469389261d2,INSV1-8655067ae21977c2940873f2,EC-GAD-DAULE-LPI-GADIMCD-2025-03,MALECON,MATERIAL,M262,PLANCHA DE GRANITO,m2,PLANCHA DE GRANITO,m2,MATERIAL|m2|0|PLANCHA DE GRANITO,ALIAS-ffbe2352a6ecc5b94c3e1af5,0
D25-f542040b55f92d70308a,INSV1-7707381252364439d48bb516,EC-GAD-DAULE-LPI-GADIMCD-2025-03,MALECON,MATERIAL,M263,SILICON,tubo,SILICON,tubo,MATERIAL|tubo|0|SILICON,ALIAS-73b3d5c274a67d8ffcee783a,0
D25-6c8602a78e40cc416f9a,INSV1-93473c892710d3e71f55299a,EC-GAD-DAULE-LPI-GADIMCD-2025-03,MALECON,MATERIAL,M264,"PIEDRA 3/4"" PUESTA EN SITIO",m3,PIEDRA 3/4 PUESTA EN SITIO,m3,MATERIAL|m3|0|PIEDRA 3/4 PUESTA EN SITIO,ALIAS-1f4f784a454d539d146f67f6,0
D25-851c20888537cecff58b,INSV1-f3e8575d2d18a29755ef7c25,EC-GAD-DAULE-LPI-GADIMCD-2025-03,MALECON,MATERIAL,M265,LOUVER METALICO ELIPTICO,m2,LOUVER METALICO ELIPTICO,m2,MATERIAL|m2|0|LOUVER METALICO ELIPTICO,ALIAS-e8f8cdd9ffaae873840966b3,0
D25-01051dfc0afb77ea8465,INSV1-2f78553e4c31f75da9fd44bd,EC-GAD-DAULE-LPI-GADIMCD-2025-03,MALECON,MATERIAL,M266,VENTANA DE ALUMINIO Y VIDRIO (VIDRIO 5mm),m2,VENTANA DE ALUMINIO Y VIDRIO VIDRIO 5MM,m2,MATERIAL|m2|0|VENTANA DE ALUMINIO Y VIDRIO VIDRIO 5MM,ALIAS-08f4cd471c07303c152b64f0,0
D25-ef4165a4b04346f13a8b,INSV1-91aea9036aa16ff085f70827,EC-GAD-DAULE-LPI-GADIMCD-2025-03,MALECON,MANO_OBRA,MO29,PERFILERO (EN CONSTRUCCION),h,PERFILERO EN CONSTRUCCION,h,MANO_OBRA|h|0|PERFILERO EN CONSTRUCCION,ALIAS-a8eafc2fb6255213d7e7340e,0
D25-09983758da447c4feca3,INSV1-2cdf7a271efddf8f095ad3e8,EC-GAD-DAULE-LPI-GADIMCD-2025-03,MALECON,MATERIAL,M267,BISAGRA PARA PUERTA METALICA (PAR),u,BISAGRA PARA PUERTA METALICA PAR,u,MATERIAL|u|0|BISAGRA PARA PUERTA METALICA PAR,ALIAS-9130e823509a356a3e0b9261,0
D25-20dbf7165e5501abe359,INSV1-8d04b710fa326a19f6e7d1f9,EC-GAD-DAULE-LPI-GADIMCD-2025-03,MALECON,MATERIAL,M270,PLANCHA DE ACERO A36 E=3mm,m2,PLANCHA DE ACERO A36 E 3MM,m2,MATERIAL|m2|0|PLANCHA DE ACERO A36 E 3MM,ALIAS-764b162f95d5ef9f404ad7b5,0
D25-9f0068c8ce6a7b63dc44,INSV1-6d577ae091266d7c47fac4e0,EC-GAD-DAULE-LPI-GADIMCD-2025-03,MALECON,MATERIAL,M268,PUERTA DE ALUMINIO NATURAL Y VIDRIO CLARO DE 6mm,m2,PUERTA DE ALUMINIO NATURAL Y VIDRIO CLARO DE 6MM,m2,MATERIAL|m2|0|PUERTA DE ALUMINIO NATURAL Y VIDRIO CLARO DE 6MM,ALIAS-39e5281c297f57bf0a37a89a,0
D25-ab12e0e37b0b8691ff54,INSV1-98d810f0fda33f3927998157,EC-GAD-DAULE-LPI-GADIMCD-2025-03,MALECON,MATERIAL,M269,DIVISION EN ACERO INOXIDABLE E=12mm,m2,DIVISION EN ACERO INOXIDABLE E 12MM,m2,MATERIAL|m2|0|DIVISION EN ACERO INOXIDABLE E 12MM,ALIAS-f3f519346e5d1841b4c03ead,0
D25-89dbde824e06b7c5a9f5,INSV1-4447dddb6d00cef90c3d41cf,EC-GAD-DAULE-LPI-GADIMCD-2025-03,MALECON,MATERIAL,M271,CERRADURA EN ACERO INOXIDABLE,u,CERRADURA EN ACERO INOXIDABLE,u,MATERIAL|u|0|CERRADURA EN ACERO INOXIDABLE,ALIAS-8d915752fed904d62705b2c8,0
D25-06ae9e1d11b160408da4,INSV1-a3b8512452b7dafd87732636,EC-GAD-DAULE-LPI-GADIMCD-2025-03,MALECON,MATERIAL,M272,"LETRAS CORPOREAS AUTOILUMINADAS ""LA AURORA"" EN CENTRO COMERCIAL (INCLUYE ACCESORIOS DE FIJACION)",u,LETRAS CORPOREAS AUTOILUMINADAS LA AURORA EN CENTRO COMERCIAL INCLUYE ACCESORIOS DE FIJACION,u,MATERIAL|u|0|LETRAS CORPOREAS AUTOILUMINADAS LA AURORA EN CENTRO COMERCIAL INCLUYE ACCESORIOS DE FIJACION,ALIAS-70752ece124eacc90bdce863,0
D25-a532172455ef8fdf8a4b,INSV1-45eced97316fd9647ba3299b,EC-GAD-DAULE-LPI-GADIMCD-2025-03,MALECON,MATERIAL,M273,CERRADURA PARA PUERTA DE MADERA,u,CERRADURA PARA PUERTA DE MADERA,u,MATERIAL|u|0|CERRADURA PARA PUERTA DE MADERA,ALIAS-0c92d82a9e9331ba771d2073,0
D25-f1f3c379491062b66e27,INSV1-6dfe73154861d9147debb3ac,EC-GAD-DAULE-LPI-GADIMCD-2025-03,MALECON,MATERIAL,M274,PUERTA DE MADERA 0.70x1.00m (INCLUYE BATIENTE),u,PUERTA DE MADERA 0.70X1.00M INCLUYE BATIENTE,u,MATERIAL|u|0|PUERTA DE MADERA 0.70X1.00M INCLUYE BATIENTE,ALIAS-8699cf5ac87d4e6ab652bef4,0
D25-34956ccea6aa7f4bf495,INSV1-dc86156b8f05ebef88737e89,EC-GAD-DAULE-LPI-GADIMCD-2025-03,MALECON,MATERIAL,M275,PORCELANATO 298x2398x9 mm,m2,PORCELANATO 298X2398X9 MM,m2,MATERIAL|m2|0|PORCELANATO 298X2398X9 MM,ALIAS-8976731facecc1b4bba3b416,0
D25-b32b26d2ff66c22c5ade,INSV1-04aa841d48e96a3b6e2a32ea,EC-GAD-DAULE-LPI-GADIMCD-2025-03,MALECON,MATERIAL,M276,FACHALETAS TIPO LADRILLO,m2,FACHALETAS TIPO LADRILLO,m2,MATERIAL|m2|0|FACHALETAS TIPO LADRILLO,ALIAS-66d0baf16caebaac94a1cf1e,0
D25-081cfba1dfa7295a1ba8,INSV1-fa567e6c731c5d222c825a64,EC-GAD-DAULE-LPI-GADIMCD-2025-03,MALECON,MATERIAL,M277,"LADRILLO VISTO 27,5x12x8,5cm",u,LADRILLO VISTO 27 5X12X8 5CM,u,MATERIAL|u|0|LADRILLO VISTO 27 5X12X8 5CM,ALIAS-c160be98917070956be2c522,0
D25-dd9dfc96c48a12eba5e0,INSV1-0c0f31070f8ec0335fd8e5da,EC-GAD-DAULE-LPI-GADIMCD-2025-03,MALECON,MATERIAL,M278,CERAMICA DE PARED COLOR CAFE 30x60cm,m2,CERAMICA DE PARED COLOR CAFE 30X60CM,m2,MATERIAL|m2|0|CERAMICA DE PARED COLOR CAFE 30X60CM,ALIAS-98f80f4e70d209b4021d6605,0
D25-e1fba451bbb42973ae86,INSV1-47c8fbd276f102b3b95bdbce,EC-GAD-DAULE-LPI-GADIMCD-2025-03,MALECON,MATERIAL,M224,ARENA FINA; PUESTA EN SITIO,m3,ARENA FINA PUESTA EN SITIO,m3,MATERIAL|m3|0|ARENA FINA PUESTA EN SITIO,ALIAS-6d0d5a277c489b0a61e8b94f,0
D25-e12054b48e32d781411b,INSV1-76d29c60f3c29b682690341d,EC-GAD-DAULE-LPI-GADIMCD-2025-03,MALECON,MATERIAL,M279,PUERTA DE MADERA 0.80x1.00m (INCLUYE BATIENTE),u,PUERTA DE MADERA 0.80X1.00M INCLUYE BATIENTE,u,MATERIAL|u|0|PUERTA DE MADERA 0.80X1.00M INCLUYE BATIENTE,ALIAS-c1a22735b09b4c76424c7f8e,0
D25-4c660fb8d02b2c02153d,INSV1-53179c120fa92445dec734e1,EC-GAD-DAULE-LPI-GADIMCD-2025-03,MALECON,MATERIAL,M280,PERFIL U 300x50x3,m,PERFIL U 300X50X3,m,MATERIAL|m|0|PERFIL U 300X50X3,ALIAS-556bf9153c98f6cb49d6fa27,0
D25-00f391e84cf34952238a,INSV1-a08df580ab45921517ae849b,EC-GAD-DAULE-LPI-GADIMCD-2025-03,MALECON,MATERIAL,M281,"MALLA ELECTROSOLDADA 15x15 - 8,00mm",m2,MALLA ELECTROSOLDADA 15X15 - 8 00MM,m2,MATERIAL|m2|0|MALLA ELECTROSOLDADA 15X15 - 8 00MM,ALIAS-e9e86ea7bbafe5c87730f1a8,0
D25-a4afb50483c517b7012c,INSV1-95a1c94d8a5302f5c1879cc3,EC-GAD-DAULE-LPI-GADIMCD-2025-03,MALECON,MATERIAL,M282,"TABLAS DE ENCOFRADO 1""x4m",u,TABLAS DE ENCOFRADO 1 X4M,u,MATERIAL|u|0|TABLAS DE ENCOFRADO 1 X4M,ALIAS-ce23ead111b8bafe8ffb153e,0
D25-faf05738f45e064aee15,INSV1-d2456b0371798858cafebdb9,EC-GAD-DAULE-LPI-GADIMCD-2025-03,MALECON,MATERIAL,M283,LISTONES DE MADERA 2x2cm X 1.5m,u,LISTONES DE MADERA 2X2CM X 1.5M,u,MATERIAL|u|0|LISTONES DE MADERA 2X2CM X 1.5M,ALIAS-e14b388aeea596d07461ba4d,0
D25-62299bd64c31ad75e576,INSV1-0acf5c80aebb315e5fd32d2d,EC-GAD-DAULE-LPI-GADIMCD-2025-03,MALECON,MATERIAL,M284,CERAMICA DE PARED 8x30cm,u,CERAMICA DE PARED 8X30CM,u,MATERIAL|u|0|CERAMICA DE PARED 8X30CM,ALIAS-b5797acdb9e5a8e25de28a99,0
D25-beb8d5cb653fa630e7ab,INSV1-4f1c060a98b4712a4b099a1c,EC-GAD-DAULE-LPI-GADIMCD-2025-03,MALECON,MATERIAL,M285,PANEL PVC PARA PARED E=2mm,m2,PANEL PVC PARA PARED E 2MM,m2,MATERIAL|m2|0|PANEL PVC PARA PARED E 2MM,ALIAS-18d774926e8112fa3b57c5c4,0
D25-d841ef756f89dc1ee988,INSV1-6e32846a4977a6e76cea719d,EC-GAD-DAULE-LPI-GADIMCD-2025-03,MALECON,MATERIAL,M286,CERAMICA DE PARED 30x60cm,m2,CERAMICA DE PARED 30X60CM,m2,MATERIAL|m2|0|CERAMICA DE PARED 30X60CM,ALIAS-202a26c6e7f25c6dc1e072a2,0
D25-462ca73023d8383128f2,INSV1-45b71f73c272bcd7d7b264d8,EC-GAD-DAULE-LPI-GADIMCD-2025-03,MALECON,MATERIAL,M287,PLANCHA YESO GYPSUM E=12 cm,m2,PLANCHA YESO GYPSUM E 12 CM,m2,MATERIAL|m2|0|PLANCHA YESO GYPSUM E 12 CM,ALIAS-bc5b8fe41d7022561944d423,0
D25-c52867324745ae230017,INSV1-ca2d7e22265d10890808fab9,EC-GAD-DAULE-LPI-GADIMCD-2025-03,MALECON,MATERIAL,M288,ACCESORIOS DE FIJACION TUMBADO,u,ACCESORIOS DE FIJACION TUMBADO,u,MATERIAL|u|0|ACCESORIOS DE FIJACION TUMBADO,ALIAS-f3b31562d5c11f39aa8ae41e,0
D25-613823a30f8c58424c09,INSV1-6be95f120042e01f1ef7e0f9,EC-GAD-DAULE-LPI-GADIMCD-2025-03,MALECON,MATERIAL,M289,MASILLA DE SECADO RAPIDO,Kg,MASILLA DE SECADO RAPIDO,kg,MATERIAL|kg|0|MASILLA DE SECADO RAPIDO,ALIAS-5596e15a8503380af2d9d3bb,0
D25-0b345e2d4d857ff57233,INSV1-966339a0fd3db42aa68f735b,EC-GAD-DAULE-LPI-GADIMCD-2025-03,MALECON,MATERIAL,M290,EMPASTE ACABADO LISO,Kg,EMPASTE ACABADO LISO,kg,MATERIAL|kg|0|EMPASTE ACABADO LISO,ALIAS-9397c57955bd259e5420f936,0
D25-3eb153f41c34e18f9144,INSV1-feeb1fd489bb0471af4473ea,EC-GAD-DAULE-LPI-GADIMCD-2025-03,MALECON,MATERIAL,M291,PINTURA MATE LISA INTERIOR,galón (US),PINTURA MATE LISA INTERIOR,galón (us),MATERIAL|galón (us)|0|PINTURA MATE LISA INTERIOR,ALIAS-8d79aabe629ec0a1dedd1d38,0
D25-07c1f356ab6cf4fb904b,INSV1-807cab9d5f281a8a10816e91,EC-GAD-DAULE-LPI-GADIMCD-2025-03,MALECON,MATERIAL,M292,PUERTA DE MADERA 0.70x2.20m (INCLUYE BATIENTE),u,PUERTA DE MADERA 0.70X2.20M INCLUYE BATIENTE,u,MATERIAL|u|0|PUERTA DE MADERA 0.70X2.20M INCLUYE BATIENTE,ALIAS-187f9b757f7185f28a96eca9,0
D25-0c60d78342e779d9856b,INSV1-390249674975d8d45b2996f7,EC-GAD-DAULE-LPI-GADIMCD-2025-03,MALECON,MATERIAL,M294,PUERTA DE MADERA 0.80x2.20m (INCLUYE BATIENTE),u,PUERTA DE MADERA 0.80X2.20M INCLUYE BATIENTE,u,MATERIAL|u|0|PUERTA DE MADERA 0.80X2.20M INCLUYE BATIENTE,ALIAS-415e187365570195b6731f57,0
D25-23b47e1b5b2d9516cf68,INSV1-c1df6cd0d55ab50d18ced03b,EC-GAD-DAULE-LPI-GADIMCD-2025-03,MALECON,EQUIPO,E52,COMPRESOR (INC. SOPLETE),h,COMPRESOR INC. SOPLETE,h,EQUIPO|h|0|COMPRESOR INC. SOPLETE,ALIAS-8fffd6bd78a7473f2cd9b5e1,0
D25-b80f6a6344e768d8f94a,INSV1-51c632db81ec5bdba316337e,EC-GAD-DAULE-LPI-GADIMCD-2025-03,MALECON,MATERIAL,M296,PUERTA ENROLLABLE METALICA CON APERTURA MANUAL,m2,PUERTA ENROLLABLE METALICA CON APERTURA MANUAL,m2,MATERIAL|m2|0|PUERTA ENROLLABLE METALICA CON APERTURA MANUAL,ALIAS-122e3b28d5459db53b9ed2e9,0
D25-4bc2107e6580fdde0485,INSV1-654cd65d244f3c13a1bd6878,EC-GAD-DAULE-LPI-GADIMCD-2025-03,MALECON,MATERIAL,M297,CANDADO PARA PUERTA METALICA ENROLLABLE,u,CANDADO PARA PUERTA METALICA ENROLLABLE,u,MATERIAL|u|0|CANDADO PARA PUERTA METALICA ENROLLABLE,ALIAS-cc48461cf07445388c55c32c,0
D25-3ade1602771973bddd92,INSV1-8a565e284b8eb2f35a92e796,EC-GAD-DAULE-LPI-GADIMCD-2025-03,MALECON,MATERIAL,M298,SILLON PARA TRES PERSONAS,u,SILLON PARA TRES PERSONAS,u,MATERIAL|u|0|SILLON PARA TRES PERSONAS,ALIAS-9ad351c85148a313daa5bc1d,0
D25-fb5c6a939dcc7fcf83dc,INSV1-0404acc97cfd1b280a71c5c9,EC-GAD-DAULE-LPI-GADIMCD-2025-03,MALECON,MATERIAL,M299,ESCRITORIO DE RECEPCION EN L 1.80x1.80m,u,ESCRITORIO DE RECEPCION EN L 1.80X1.80M,u,MATERIAL|u|0|ESCRITORIO DE RECEPCION EN L 1.80X1.80M,ALIAS-464b25bff62a4799550c07a8,0
D25-56a3d27913e8262d5b78,INSV1-1e0c41385adcfb94979a94dc,EC-GAD-DAULE-LPI-GADIMCD-2025-03,MALECON,MATERIAL,M300,ESCRITORIO PARA OFICINA 1.50x0.60m,u,ESCRITORIO PARA OFICINA 1.50X0.60M,u,MATERIAL|u|0|ESCRITORIO PARA OFICINA 1.50X0.60M,ALIAS-553019e5a41cbc46b90440db,0
D25-e40a2304665afcef3684,INSV1-9da143b2b5d84d23678350b7,EC-GAD-DAULE-LPI-GADIMCD-2025-03,MALECON,MATERIAL,M301,ESCRITORIO EN L 2.20x2.10m,u,ESCRITORIO EN L 2.20X2.10M,u,MATERIAL|u|0|ESCRITORIO EN L 2.20X2.10M,ALIAS-4f4049bfe2940cd4e249f973,0
D25-f183b1a322844eb45124,INSV1-04bfef75809a52c6d4cd9dab,EC-GAD-DAULE-LPI-GADIMCD-2025-03,MALECON,MATERIAL,M302,SILLA GIRATORIA,u,SILLA GIRATORIA,u,MATERIAL|u|0|SILLA GIRATORIA,ALIAS-d3d6c2d698b1ffc5fe8b3a03,0
D25-75cca06afeeb6b4b5948,INSV1-d8fdb80224f2f5b6b706c102,EC-GAD-DAULE-LPI-GADIMCD-2025-03,MALECON,MATERIAL,M303,ESTANTERIA,u,ESTANTERIA,u,MATERIAL|u|0|ESTANTERIA,ALIAS-df8d1e0b6aea50c32e078f30,0
D25-5612e52d065c7a13b3db,INSV1-8f7a015e7a588bdab7b95a3d,EC-GAD-DAULE-LPI-GADIMCD-2025-03,MALECON,MATERIAL,M304,PANEL METALICO 0.4 mm,m2,PANEL METALICO 0.4 MM,m2,MATERIAL|m2|0|PANEL METALICO 0.4 MM,ALIAS-ac997aa4ec9bf35806e8eeee,0
D25-85f3ec9356a7279e9b42,INSV1-e1c82ed97e05c85d69c03a10,EC-GAD-DAULE-LPI-GADIMCD-2025-03,MALECON,MATERIAL,M305,"BISAGRA PARA VENTANA PROYECTABLE 8""",u,BISAGRA PARA VENTANA PROYECTABLE 8,u,MATERIAL|u|0|BISAGRA PARA VENTANA PROYECTABLE 8,ALIAS-97949f2dca7b915f4b9a09e6,0
D25-67387b473744b682e0a0,INSV1-7fa09034913f36e403bc83ae,EC-GAD-DAULE-LPI-GADIMCD-2025-03,MALECON,MATERIAL,M306,RIEL 6.40m,m,RIEL 6.40M,m,MATERIAL|m|0|RIEL 6.40M,ALIAS-848d91ed580e2ef21d5d33d5,0
D25-19c2ae2b0032206c2788,INSV1-14990cd7e0c8c663ac837152,EC-GAD-DAULE-LPI-GADIMCD-2025-03,MALECON,MATERIAL,M307,OPERADOR DE VENTANA DE CELOSIA,u,OPERADOR DE VENTANA DE CELOSIA,u,MATERIAL|u|0|OPERADOR DE VENTANA DE CELOSIA,ALIAS-b89c25b53deeaefab9f518eb,0
D25-2d2c280d851db2b802f7,INSV1-7af8dd686abd7e4a5be84707,EC-GAD-DAULE-LPI-GADIMCD-2025-03,MALECON,MATERIAL,M308,BASE LATERAL,m,BASE LATERAL,m,MATERIAL|m|0|BASE LATERAL,ALIAS-d6494cef415f9a958a5ec433,0
D25-f2e6f92298a12709f2f3,INSV1-10e36f199ea60ba6e1518f87,EC-GAD-DAULE-LPI-GADIMCD-2025-03,MALECON,MATERIAL,M309,TUBO CUADRADO 40x60mm E=1.5mm,m,TUBO CUADRADO 40X60MM E 1.5MM,m,MATERIAL|m|0|TUBO CUADRADO 40X60MM E 1.5MM,ALIAS-3a67885d8db63377c68ea9f8,0
D25-990274b473f391f85ca2,INSV1-bd0f29ec0eb6d7c3842c87c1,EC-GAD-DAULE-LPI-GADIMCD-2025-03,MALECON,MATERIAL,M311,GRANITO NATURAL,m,GRANITO NATURAL,m,MATERIAL|m|0|GRANITO NATURAL,ALIAS-0ba2eb2682d2856fb4a2a561,0
D25-69d967a59b0cdcc840ad,INSV1-68d49e2a987bbec25b4a7a58,EC-GAD-DAULE-LPI-GADIMCD-2025-03,MALECON,MATERIAL,M312,RESINA,m2,RESINA,m2,MATERIAL|m2|0|RESINA,ALIAS-d92951110f8077a286d7c72c,0
D25-8dc282ae202ee0100ad5,INSV1-dea51e17e9babfa2e0035199,EC-GAD-DAULE-LPI-GADIMCD-2025-03,MALECON,MATERIAL,M13,DISCO DE CORTE PARA HORMIGON,u,DISCO DE CORTE PARA HORMIGON,u,MATERIAL|u|0|DISCO DE CORTE PARA HORMIGON,ALIAS-836b60e8cac51be54530cbaa,0
D25-8d068e40a56a33cc1a2e,INSV1-b46e140bd5699d1bc4c2608a,EC-GAD-DAULE-LPI-GADIMCD-2025-03,MALECON,MATERIAL,M310,CERAMICA DE PARED TIPO MADERA 15x60cm,m2,CERAMICA DE PARED TIPO MADERA 15X60CM,m2,MATERIAL|m2|0|CERAMICA DE PARED TIPO MADERA 15X60CM,ALIAS-6e2b20d9b7223e70f161d2dc,0
D25-cffb3256f08040d9c5d2,INSV1-9957136929915558d2da262f,EC-GAD-DAULE-LPI-GADIMCD-2025-03,MALECON,MATERIAL,M295,PUERTA DE MADERA 0.56x1.00m (INCLUYE BATIENTE),u,PUERTA DE MADERA 0.56X1.00M INCLUYE BATIENTE,u,MATERIAL|u|0|PUERTA DE MADERA 0.56X1.00M INCLUYE BATIENTE,ALIAS-decd42b237d44d7797757970,0
D25-dcce34d2e4d486352ce9,INSV1-9cf0e8757d82eebd37a56c10,EC-GAD-DAULE-LPI-GADIMCD-2025-03,MALECON,MATERIAL,M313,PUERTA DE ALUMINIO TIPO LOUVER,m2,PUERTA DE ALUMINIO TIPO LOUVER,m2,MATERIAL|m2|0|PUERTA DE ALUMINIO TIPO LOUVER,ALIAS-c7ed9669ba2dba5ac7c59e07,0
D25-5d6226d2b6ffac25dbe2,INSV1-da6a41f7b647c6d464afaf18,EC-GAD-DAULE-LPI-GADIMCD-2025-03,MALECON,MATERIAL,M314,CERRADURA PARA PUERTA DE ALUMINIO,u,CERRADURA PARA PUERTA DE ALUMINIO,u,MATERIAL|u|0|CERRADURA PARA PUERTA DE ALUMINIO,ALIAS-274e9d92b4fb4ad9eb2e8300,0
D25-dd795707cb7f0cc8d7b9,INSV1-6ef7fc40e8d6773fb7463354,EC-GAD-DAULE-LPI-GADIMCD-2025-03,MALECON,MATERIAL,M316,VENTANAS DE PVC COLOR GRIS,m2,VENTANAS DE PVC COLOR GRIS,m2,MATERIAL|m2|0|VENTANAS DE PVC COLOR GRIS,ALIAS-291b0e790e2dfa95ad2e00f9,0
D25-4f7ea74bdbe2077fc18e,INSV1-614b6d74616e0fe42db99251,EC-GAD-DAULE-LPI-GADIMCD-2025-03,MALECON,EQUIPO,E53,HERRAMIENTA ESPECIAL,h,HERRAMIENTA ESPECIAL,h,EQUIPO|h|0|HERRAMIENTA ESPECIAL,ALIAS-6db4356f0ba0b483b869e9f2,0
D25-f0e0abf5e87363d563de,INSV1-86c80b0578ef10412983b4f3,EC-GAD-DAULE-LPI-GADIMCD-2025-03,MALECON,EQUIPO,E54,EQUIPO DE PROTECCION PERSONAL,h,EQUIPO DE PROTECCION PERSONAL,h,EQUIPO|h|0|EQUIPO DE PROTECCION PERSONAL,ALIAS-03c58eb8780a4c9ce092ef0b,0
D25-4aa640adb3b204d1f914,INSV1-68f4fd5f634f748e1ad070b6,EC-GAD-DAULE-LPI-GADIMCD-2025-03,MALECON,EQUIPO,E55,CARRO CANASTA,h,CARRO CANASTA,h,EQUIPO|h|0|CARRO CANASTA,ALIAS-af15e1f16ca2440c4979b23a,0
D25-39c934067a77d215251b,INSV1-adf1d82e1a81a874bb5d1985,EC-GAD-DAULE-LPI-GADIMCD-2025-03,MALECON,MATERIAL,M317,ESTRIBO CU-SN PARA DERIVACION,u,ESTRIBO CU-SN PARA DERIVACION,u,MATERIAL|u|0|ESTRIBO CU-SN PARA DERIVACION,ALIAS-f5e206f973abdb5c33033b79,0
D25-4566095d3cdbea7ef39c,INSV1-820d2f96d074cb02c32f66ca,EC-GAD-DAULE-LPI-GADIMCD-2025-03,MALECON,MATERIAL,M318,GRAPA LINEA VIVA # 2/0,u,GRAPA LINEA VIVA 2/0,u,MATERIAL|u|0|GRAPA LINEA VIVA 2/0,ALIAS-124fc9ae83f14a10f85f911e,0
D25-89f44d84c71c755e28cd,INSV1-c7af6ede8c3de6dbd2be7ac7,EC-GAD-DAULE-LPI-GADIMCD-2025-03,MALECON,MATERIAL,M319,TIRAFUSIBLE,u,TIRAFUSIBLE,u,MATERIAL|u|0|TIRAFUSIBLE,ALIAS-23de5c0b3d3e832580416c04,0
D25-50909e27f935862894e6,INSV1-eed476ab2fe2bd9aceaaa746,EC-GAD-DAULE-LPI-GADIMCD-2025-03,MALECON,MATERIAL,M320,SECCIONADOR PORTAFUSIBLE 100A - 27KV,u,SECCIONADOR PORTAFUSIBLE 100A - 27KV,u,MATERIAL|u|0|SECCIONADOR PORTAFUSIBLE 100A - 27KV,ALIAS-fc664e3c3f5b5c91433d6812,0
D25-b9c8a4af6381da93227b,INSV1-f9a5ce3f34cfe48cfd39ecb7,EC-GAD-DAULE-LPI-GADIMCD-2025-03,MALECON,MATERIAL,M321,CHORRO DE PUNTA DE LANZA DE 1 1/2” ENTRADA Y 16 mm DE SALIDA,u,CHORRO DE PUNTA DE LANZA DE 1 1/2 ENTRADA Y 16 MM DE SALIDA,u,MATERIAL|u|0|CHORRO DE PUNTA DE LANZA DE 1 1/2 ENTRADA Y 16 MM DE SALIDA,ALIAS-0a57aa0104d416bddfe16f15,0
D25-6ca8634746f5e3240d34,INSV1-b35eccac24cd5b4c487948c8,EC-GAD-DAULE-LPI-GADIMCD-2025-03,MALECON,MATERIAL,M322,"BOMBA SUMERGIBLE 7.5 KW DE ACERO INOXIDABLE (INCLUYE TABLERO, BASE AUTOACOPLABLE Y BRIDA DE DESCARGA)",u,BOMBA SUMERGIBLE 7.5 KW DE ACERO INOXIDABLE INCLUYE TABLERO BASE AUTOACOPLABLE Y BRIDA DE DESCARGA,u,MATERIAL|u|0|BOMBA SUMERGIBLE 7.5 KW DE ACERO INOXIDABLE INCLUYE TABLERO BASE AUTOACOPLABLE Y BRIDA DE DESCARGA,ALIAS-ca1d1e0e3b45c1059f8fe4de,0
D25-bfb63165a217ba591fec,INSV1-d36c052d7ae8b9e2ac8afabb,EC-GAD-DAULE-LPI-GADIMCD-2025-03,MALECON,MATERIAL,M330,"BOMBA SUMERGIBLE 6 KW DE ACERO INOXIDABLE (INCLUYE TABLERO, BASE AUTOACOPLABLE Y BRIDA DE DESCARGA)",u,BOMBA SUMERGIBLE 6 KW DE ACERO INOXIDABLE INCLUYE TABLERO BASE AUTOACOPLABLE Y BRIDA DE DESCARGA,u,MATERIAL|u|0|BOMBA SUMERGIBLE 6 KW DE ACERO INOXIDABLE INCLUYE TABLERO BASE AUTOACOPLABLE Y BRIDA DE DESCARGA,ALIAS-bdca6fc69847f60ee95a128c,0
D25-16623d3124ad0694b471,INSV1-1b522aff9526534f952c9036,EC-GAD-DAULE-LPI-GADIMCD-2025-03,MALECON,MATERIAL,M323,TUBO EN ACERO INOXIDABLE DE 6” DE 20 METROS DE LONGITUD CON 36 SALIDAS DE 1 1/2” Y 6 ENTRADAS DE 4”,m,TUBO EN ACERO INOXIDABLE DE 6 DE 20 METROS DE LONGITUD CON 36 SALIDAS DE 1 1/2 Y 6 ENTRADAS DE 4,m,MATERIAL|m|0|TUBO EN ACERO INOXIDABLE DE 6 DE 20 METROS DE LONGITUD CON 36 SALIDAS DE 1 1/2 Y 6 ENTRADAS DE 4,ALIAS-8dd8095737d2b295b92ba27b,0
D25-e7ba78cf09048ab832a5,INSV1-651d28caea354378725fb2d9,EC-GAD-DAULE-LPI-GADIMCD-2025-03,MALECON,MATERIAL,M324,PANTALLA DE AGUA PULVERIZADA,u,PANTALLA DE AGUA PULVERIZADA,u,MATERIAL|u|0|PANTALLA DE AGUA PULVERIZADA,ALIAS-10c4554a5e8f92cbf5e189af,0
D25-b13095a188a3bd5ae591,INSV1-0147d7530367c10735e423b5,EC-GAD-DAULE-LPI-GADIMCD-2025-03,MALECON,MATERIAL,M325,ACCESORIOS DE INSTALACION,u,ACCESORIOS DE INSTALACION,u,MATERIAL|u|0|ACCESORIOS DE INSTALACION,ALIAS-def139062fbbf75512b7b663,0
D25-0ca1d426da8e3d901b0d,INSV1-8ae4cc1438044abbd0449d14,EC-GAD-DAULE-LPI-GADIMCD-2025-03,MALECON,EQUIPO,E56,EQUIPO PARA INSTALACION ELECTRICA,h,EQUIPO PARA INSTALACION ELECTRICA,h,EQUIPO|h|0|EQUIPO PARA INSTALACION ELECTRICA,ALIAS-208ae80cb9087c929efcd91b,0
D25-4d08bfa85c13b6f24cbf,INSV1-20cefc34e5a3731489bff2b9,EC-GAD-DAULE-LPI-GADIMCD-2025-03,MALECON,MANO_OBRA,MO33,MAESTRO ELECTRICO/LINIERO/SUBESTACIONES,h,MAESTRO ELECTRICO/LINIERO/SUBESTACIONES,h,MANO_OBRA|h|0|MAESTRO ELECTRICO/LINIERO/SUBESTACIONES,ALIAS-2561c36133c65e15a9b8f1af,0
D25-fd2a7c3178607e317e40,INSV1-498ae781c588122689603c61,EC-GAD-DAULE-LPI-GADIMCD-2025-03,MALECON,MATERIAL,M326,FAROS DE 108 WATTS DE 24 V,u,FAROS DE 108 WATTS DE 24 V,u,MATERIAL|u|0|FAROS DE 108 WATTS DE 24 V,ALIAS-08c5569117f66d77f983efb0,0
D25-680b275da3d65112fb31,INSV1-851c68421f9019e28cf4d1d6,EC-GAD-DAULE-LPI-GADIMCD-2025-03,MALECON,MATERIAL,M327,INTERFAX DMX PARA CONTROLAR LOS TONOS DE LOS FAROS,u,INTERFAX DMX PARA CONTROLAR LOS TONOS DE LOS FAROS,u,MATERIAL|u|0|INTERFAX DMX PARA CONTROLAR LOS TONOS DE LOS FAROS,ALIAS-4e91d1913829557d9a02e9d9,0
D25-fd1784de1262f8d55502,INSV1-1c9b1aed2edc6eccda5cee4a,EC-GAD-DAULE-LPI-GADIMCD-2025-03,MALECON,MATERIAL,M328,DECODIFICADOR DE 8 SALIDAS,u,DECODIFICADOR DE 8 SALIDAS,u,MATERIAL|u|0|DECODIFICADOR DE 8 SALIDAS,ALIAS-cf05b05fd94fa6a69c69dbdc,0
D25-ed1835379d56ab9aa060,INSV1-e69413e28e302954c18b10ca,EC-GAD-DAULE-LPI-GADIMCD-2025-03,MALECON,MATERIAL,M329,FUENTES DE PODER DE 1200W PARA TRANSFORMAR DE 220 O 110V A 24V,u,FUENTES DE PODER DE 1200W PARA TRANSFORMAR DE 220 O 110V A 24V,u,MATERIAL|u|0|FUENTES DE PODER DE 1200W PARA TRANSFORMAR DE 220 O 110V A 24V,ALIAS-933966f371d79f0833871506,0
D25-f2f091d2393f083226fd,INSV1-1212047f0c4132a05205f73b,EC-GAD-DAULE-LPI-GADIMCD-2025-03,MALECON,MATERIAL,M331,TUBO DE PVC 3” x 6m. CED.40,m,TUBO DE PVC 3 X 6M. CED.40,m,MATERIAL|m|0|TUBO DE PVC 3 X 6M. CED.40,ALIAS-1aa02ceb5218c5ccb35fddab,0
D25-39b7d9fe3b8e7d58de8b,INSV1-dc6f101cc47e59ee9c2f25f6,EC-GAD-DAULE-LPI-GADIMCD-2025-03,MALECON,MATERIAL,M332,PEGAMENTO DE SECADO RAPIDO,l,PEGAMENTO DE SECADO RAPIDO,l,MATERIAL|l|0|PEGAMENTO DE SECADO RAPIDO,ALIAS-af5bd67e979ba2ce68943e45,0
D25-c4ea4fec586961f937ae,INSV1-dbedcb01e91c310d439a5264,EC-GAD-DAULE-LPI-GADIMCD-2025-03,MALECON,MATERIAL,M334,"NUDOS UNIVERSALES PVC 3""",u,NUDOS UNIVERSALES PVC 3,u,MATERIAL|u|0|NUDOS UNIVERSALES PVC 3,ALIAS-500145fcbbd04002087ca6fa,0
D25-2769ad6bb9a63396e8cf,INSV1-71ef05584d4b3efc726d752d,EC-GAD-DAULE-LPI-GADIMCD-2025-03,MALECON,MATERIAL,M335,TEE DE 3” PVC,u,TEE DE 3 PVC,u,MATERIAL|u|0|TEE DE 3 PVC,ALIAS-fd0178b6448e5d4307113c0f,0
D25-77a961a745a1985830a7,INSV1-81ca5961787ca9b05cb7c436,EC-GAD-DAULE-LPI-GADIMCD-2025-03,MALECON,MATERIAL,M333,REDUCTOR DE 6 A 3 IN PVC ROSCABLE,u,REDUCTOR DE 6 A 3 IN PVC ROSCABLE,u,MATERIAL|u|0|REDUCTOR DE 6 A 3 IN PVC ROSCABLE,ALIAS-b1b8522019e9db22ba66952e,0
D25-d269e341c5bcb664d443,INSV1-dec3cd8d1cb02ba579141947,EC-GAD-DAULE-LPI-GADIMCD-2025-03,MALECON,MATERIAL,M336,"CODO PVC ROSCABLE 3"" x 90'",u,CODO PVC ROSCABLE 3 X 90',u,MATERIAL|u|0|CODO PVC ROSCABLE 3 X 90',ALIAS-bcc771f44a24147763cc0621,0
D25-0bfa2702f7916719a8a9,INSV1-1154b21c029f91a74c92dea1,EC-GAD-DAULE-LPI-GADIMCD-2025-03,MALECON,MANO_OBRA,MO5,AYUDANTE DE FIERRERO,h,AYUDANTE DE FIERRERO,h,MANO_OBRA|h|0|AYUDANTE DE FIERRERO,ALIAS-c5f9caa67caed1a37397d0e9,0
D25-06c13a6fc4d1ec4299bd,INSV1-791529a1968313cc892b5996,EC-GAD-DAULE-LPI-GADIMCD-2025-03,MALECON,MATERIAL,M337,SELLADOR ADHESIVO (290),g,SELLADOR ADHESIVO 290,g,MATERIAL|g|0|SELLADOR ADHESIVO 290,ALIAS-8ab2997ac249c786f7164ad6,0
D25-4213e8c7ec50c7a99df2,INSV1-87230b16e8a4910d3c440d12,EC-GAD-DAULE-LPI-GADIMCD-2025-03,MALECON,MATERIAL,M338,ADAPTADOR MACHO 3 IN PVC ROSCABLE,u,ADAPTADOR MACHO 3 IN PVC ROSCABLE,u,MATERIAL|u|0|ADAPTADOR MACHO 3 IN PVC ROSCABLE,ALIAS-4f7981aa96535c1627b386c3,0
D25-8fe365997f4632d1a8c9,INSV1-f2a67e6b07cf302b9946008f,EC-GAD-DAULE-LPI-GADIMCD-2025-03,MALECON,MATERIAL,M339,ADAPTADOR MACHO 6 IN PVC ROSCABLE,u,ADAPTADOR MACHO 6 IN PVC ROSCABLE,u,MATERIAL|u|0|ADAPTADOR MACHO 6 IN PVC ROSCABLE,ALIAS-774b7379ff26086f0f1c2515,0
D25-c13e610415e829abfd71,INSV1-99a5f6605ec5cd0d7b159185,EC-GAD-DAULE-LPI-GADIMCD-2025-03,MALECON,MATERIAL,M340,"LLAVE NUDO 3"" PVC ROSCABLE",u,LLAVE NUDO 3 PVC ROSCABLE,u,MATERIAL|u|0|LLAVE NUDO 3 PVC ROSCABLE,ALIAS-3e44f130dcdf14d2bcc7b85f,0
D25-1b83c53676e1532a2125,INSV1-5267e34e8bc3be78866fa53d,EC-GAD-DAULE-LPI-GADIMCD-2025-03,MALECON,MATERIAL,M341,"PROYECTOR DE LASER PARA PANTALLA, CON ALCANCE A UNA DISTANCIA DE 40m, PROYECCION DE 15m",u,PROYECTOR DE LASER PARA PANTALLA CON ALCANCE A UNA DISTANCIA DE 40M PROYECCION DE 15M,u,MATERIAL|u|0|PROYECTOR DE LASER PARA PANTALLA CON ALCANCE A UNA DISTANCIA DE 40M PROYECCION DE 15M,ALIAS-0570b432e3c1beee9c9bccad,0
D25-5eda0abc1b72885f5bad,INSV1-3d1e215e7eae3472dc431de8,EC-GAD-DAULE-LPI-GADIMCD-2025-03,MALECON,MANO_OBRA,MO4,AYUDANTE DE ELECTRICISTA,h,AYUDANTE DE ELECTRICISTA,h,MANO_OBRA|h|0|AYUDANTE DE ELECTRICISTA,ALIAS-72abd8c1b8c03ed687773c8e,0
D25-ff451a76d59c3224ff3a,INSV1-ec7ccfa298e80784a9f25487,EC-GAD-DAULE-LPI-GADIMCD-2025-03,MALECON,MATERIAL,M342,CABLES PARA CONEXIONADO INTERNO,u,CABLES PARA CONEXIONADO INTERNO,u,MATERIAL|u|0|CABLES PARA CONEXIONADO INTERNO,ALIAS-3f165dd699bd1acf8668fc4a,0
D25-e98aacd57201d3b365b1,INSV1-857b160b1aa1e104052ad0b2,EC-GAD-DAULE-LPI-GADIMCD-2025-03,MALECON,MATERIAL,M343,GABINETE METALICO CON BARRAS,u,GABINETE METALICO CON BARRAS,u,MATERIAL|u|0|GABINETE METALICO CON BARRAS,ALIAS-fa823e0221fe843ecd6dc707,0
D25-2ce603b36af10bd45101,INSV1-d4c508a99b6615aabaf3f065,EC-GAD-DAULE-LPI-GADIMCD-2025-03,MALECON,MATERIAL,M344,"DISYUNTOR 100 A - 3 POLOS, CAJA MOLDEADA",u,DISYUNTOR 100 A - 3 POLOS CAJA MOLDEADA,u,MATERIAL|u|0|DISYUNTOR 100 A - 3 POLOS CAJA MOLDEADA,ALIAS-1999c2d27f84b947c4b1b874,0
D25-11b13393a9716890e7e0,INSV1-efe55a5f94e87dc073b8325a,EC-GAD-DAULE-LPI-GADIMCD-2025-03,MALECON,MATERIAL,M345,"DISYUNTOR 40 A - 3 POLOS, CAJA MOLDEADA",u,DISYUNTOR 40 A - 3 POLOS CAJA MOLDEADA,u,MATERIAL|u|0|DISYUNTOR 40 A - 3 POLOS CAJA MOLDEADA,ALIAS-cd89cbb9d36b03e4e045216f,0
D25-d32c3715ffa887760ea1,INSV1-b40caf00f08656435d9368ba,EC-GAD-DAULE-LPI-GADIMCD-2025-03,MALECON,MATERIAL,M346,TABLERO DE CONTROL Y AUTOMATIZACION DE LUCES ACUATICAS (INCLUYE PLC Y VARIADORES DE FRECUENCIA),u,TABLERO DE CONTROL Y AUTOMATIZACION DE LUCES ACUATICAS INCLUYE PLC Y VARIADORES DE FRECUENCIA,u,MATERIAL|u|0|TABLERO DE CONTROL Y AUTOMATIZACION DE LUCES ACUATICAS INCLUYE PLC Y VARIADORES DE FRECUENCIA,ALIAS-941a5e5c47807d9c39eae961,0
D25-d2429557fd324797e4d3,INSV1-fa87f821220a8a8d824b1da1,EC-GAD-DAULE-LPI-GADIMCD-2025-03,MALECON,MATERIAL,M347,"TABLERO PARA BOMBAS (INCLUYE EL CABLE DESDE EL CUARTO DE MAQUINAS HASTA LA UBICACION DE LAS BOMBAS SUMERGIBLES Y LOS FAROS LED, CONTROLADORES DE AUTOMATIZACION Y VARIADORES DE FRECUENCIA PARA CADA BOMBA)",u,TABLERO PARA BOMBAS INCLUYE EL CABLE DESDE EL CUARTO DE MAQUINAS HASTA LA UBICACION DE LAS BOMBAS SUMERGIBLES Y LOS FAROS LED CONTROLADORES DE AUTOMATIZACION Y VARIADORES DE FRECUENCIA PARA CADA BOMBA,u,MATERIAL|u|0|TABLERO PARA BOMBAS INCLUYE EL CABLE DESDE EL CUARTO DE MAQUINAS HASTA LA UBICACION DE LAS BOMBAS SUMERGIBLES Y LOS FAROS LED CONTROLADORES DE AUTOMATIZACION Y VARIADORES DE FRECUENCIA PARA CADA BOMBA,ALIAS-a29606be8536e48f7d70eee2,0
D25-fda398a0f1b25cef0768,INSV1-a7c3450d052406b11f47510a,EC-GAD-DAULE-LPI-GADIMCD-2025-03,MALECON,EQUIPO,E57,PERFILADORA,h,PERFILADORA,h,EQUIPO|h|0|PERFILADORA,ALIAS-f8b3be9065e4ef8da4eac792,0
D25-69409e7d04751b100eb9,INSV1-be328aca53bb9bc5b44e3aa9,EC-GAD-DAULE-LPI-GADIMCD-2025-03,MALECON,EQUIPO,E58,CARGADORA FRONTAL,h,CARGADORA FRONTAL,h,EQUIPO|h|0|CARGADORA FRONTAL,ALIAS-b6eba3a91b876d0f60016c28,0
D25-afe0b18976627f7b350a,INSV1-50109d7a0e604778fab0ef3e,EC-GAD-DAULE-LPI-GADIMCD-2025-03,MALECON,MANO_OBRA,MO53,OPERADOR DE CARGADORA FRONTAL (PAYLOADER SOBRE RUEDAS U ORUGAS),h,OPERADOR DE CARGADORA FRONTAL PAYLOADER SOBRE RUEDAS U ORUGAS,h,MANO_OBRA|h|0|OPERADOR DE CARGADORA FRONTAL PAYLOADER SOBRE RUEDAS U ORUGAS,ALIAS-c4ee37bb914deb0fff238352,0
D25-ace6aed8e8cef3ac42e1,INSV1-4fa2c6f9df6f2fa85f0e8144,EC-GAD-DAULE-LPI-GADIMCD-2025-03,MALECON,MATERIAL,M348,PINTURA ESMALTE E.18 AMARILLO,l,PINTURA ESMALTE E.18 AMARILLO,l,MATERIAL|l|0|PINTURA ESMALTE E.18 AMARILLO,ALIAS-52b4ad2bdbbbe0066d1cc1ad,0
D25-348d8117211b58144f2e,INSV1-49406da118920131b982102f,EC-GAD-DAULE-LPI-GADIMCD-2025-03,MALECON,MATERIAL,M349,TUBERIA PP UNION ROSCABLE DI=3/4 plg 1.25 MPA,m,TUBERIA PP UNION ROSCABLE DI 3/4 PLG 1.25 MPA,m,MATERIAL|m|0|TUBERIA PP UNION ROSCABLE DI 3/4 PLG 1.25 MPA,ALIAS-b630067a0cf0683e8740cb7f,0
D25-2106141b58d76ebcab64,INSV1-5c39998864a5646442cfb616,EC-GAD-DAULE-LPI-GADIMCD-2025-03,MALECON,MATERIAL,M350,TUBERIA PP UNION ROSCABLE DI=1/2 plg 1.25 MPA,m,TUBERIA PP UNION ROSCABLE DI 1/2 PLG 1.25 MPA,m,MATERIAL|m|0|TUBERIA PP UNION ROSCABLE DI 1/2 PLG 1.25 MPA,ALIAS-996d8d9780ba0b3e807bf4a8,0
D25-c19f6515f8728980b6d5,INSV1-2ef93473625a0fb55a2bf1e3,EC-GAD-DAULE-LPI-GADIMCD-2025-03,MALECON,MATERIAL,M351,TUBERIA PP UNION ROSCABLE DI=1 1/4 plg 1.25 MPA,m,TUBERIA PP UNION ROSCABLE DI 1 1/4 PLG 1.25 MPA,m,MATERIAL|m|0|TUBERIA PP UNION ROSCABLE DI 1 1/4 PLG 1.25 MPA,ALIAS-d808e799d65eb6146b34292e,0
D25-5a466707598b07a2681b,INSV1-7de9ac4f51cb827e407b26d3,EC-GAD-DAULE-LPI-GADIMCD-2025-03,MALECON,MATERIAL,M352,TUBERIA PP UNION ROSCABLE DI=2 1/2 plg 1.25 MPA,m,TUBERIA PP UNION ROSCABLE DI 2 1/2 PLG 1.25 MPA,m,MATERIAL|m|0|TUBERIA PP UNION ROSCABLE DI 2 1/2 PLG 1.25 MPA,ALIAS-9c05a5f3ce466bc71a1bccf9,0
D25-4f145fe2431f33b2415c,INSV1-66860ef9ae2fc1e605071e3e,EC-GAD-DAULE-LPI-GADIMCD-2025-03,MALECON,MATERIAL,M353,CLORO,cc,CLORO,cc,MATERIAL|cc|0|CLORO,ALIAS-38657cfce4684d1e314a47ba,0
D25-3162c970fb62842e9bcf,INSV1-7682d41e46b75c83933b0532,EC-GAD-DAULE-LPI-GADIMCD-2025-03,MALECON,MATERIAL,M354,CODO 22.5' PP 3/4 IN ROSCABLE,u,CODO 22.5' PP 3/4 IN ROSCABLE,u,MATERIAL|u|0|CODO 22.5' PP 3/4 IN ROSCABLE,ALIAS-6866a1aee43ff6e0fdf5afb4,0
D25-fb90f19794ea035831b4,INSV1-6e7a4fac98395a8c69a766b1,EC-GAD-DAULE-LPI-GADIMCD-2025-03,MALECON,MATERIAL,M355,CODO 22.5' PP 2 IN ROSCABLE,u,CODO 22.5' PP 2 IN ROSCABLE,u,MATERIAL|u|0|CODO 22.5' PP 2 IN ROSCABLE,ALIAS-26759257eda765151d201673,0
D25-cf2b021ac575d42e7877,INSV1-7befb8d849a2ac5d85eccf7c,EC-GAD-DAULE-LPI-GADIMCD-2025-03,MALECON,MATERIAL,M356,CODO 45' PP 2 1/2 IN ROSCABLE,u,CODO 45' PP 2 1/2 IN ROSCABLE,u,MATERIAL|u|0|CODO 45' PP 2 1/2 IN ROSCABLE,ALIAS-23c4915627efc4fb5fabd2f4,0
D25-7780953672e1685c31d0,INSV1-49dfc0aa4069ed5d6a1234e3,EC-GAD-DAULE-LPI-GADIMCD-2025-03,MALECON,MATERIAL,M357,CODO 45' PP 2 IN ROSCABLE,u,CODO 45' PP 2 IN ROSCABLE,u,MATERIAL|u|0|CODO 45' PP 2 IN ROSCABLE,ALIAS-4d8089dc927e3955aa9f6d74,0
D25-4dd82ca62cb14b5a894b,INSV1-2d9cc6ac80356facc875465b,EC-GAD-DAULE-LPI-GADIMCD-2025-03,MALECON,MATERIAL,M879,CODO 45' PP 3/4,u,CODO 45' PP 3/4,u,MATERIAL|u|0|CODO 45' PP 3/4,ALIAS-b5a173d61f629a81f286833c,0
D25-854a245c3a9a7d245865,INSV1-d24cbe0d5b797285e8463ae6,EC-GAD-DAULE-LPI-GADIMCD-2025-03,MALECON,MATERIAL,M359,CODO 90' PP 1 1/4 IN ROSCABLE,u,CODO 90' PP 1 1/4 IN ROSCABLE,u,MATERIAL|u|0|CODO 90' PP 1 1/4 IN ROSCABLE,ALIAS-c12469fb4d3402422c567aa8,0
D25-5ae8293cbfe020eec6e9,INSV1-5e150d1fde4658cbeae623dc,EC-GAD-DAULE-LPI-GADIMCD-2025-03,MALECON,MATERIAL,M360,CODO 90' PP 1/2 IN ROSCABLE,u,CODO 90' PP 1/2 IN ROSCABLE,u,MATERIAL|u|0|CODO 90' PP 1/2 IN ROSCABLE,ALIAS-96b937015311e591f6e85f2f,0
D25-c77e54ad250544c3ba1c,INSV1-b54eae860684e44646605487,EC-GAD-DAULE-LPI-GADIMCD-2025-03,MALECON,MATERIAL,M361,CODO 90' PP 2 1/2 IN ROSCABLE,u,CODO 90' PP 2 1/2 IN ROSCABLE,u,MATERIAL|u|0|CODO 90' PP 2 1/2 IN ROSCABLE,ALIAS-73c2c9e5e43e67c2ae627880,0
D25-5bfe2c9c7cd10baf1f73,INSV1-41eedf53065f238237ec510b,EC-GAD-DAULE-LPI-GADIMCD-2025-03,MALECON,MATERIAL,M362,CODO 90' PP 3/4 IN ROSCABLE,u,CODO 90' PP 3/4 IN ROSCABLE,u,MATERIAL|u|0|CODO 90' PP 3/4 IN ROSCABLE,ALIAS-17d6440c8be1951a865e5324,0
D25-1c7272d1aa33f22834a0,INSV1-b41f86e9ef80ffe26c9665b4,EC-GAD-DAULE-LPI-GADIMCD-2025-03,MALECON,MATERIAL,M363,REDUCTOR DE 1 A 1/2 IN PP ROSCABLE,u,REDUCTOR DE 1 A 1/2 IN PP ROSCABLE,u,MATERIAL|u|0|REDUCTOR DE 1 A 1/2 IN PP ROSCABLE,ALIAS-9ba0e4d67ab8f749e34d8954,0
D25-a89201062a6523db56e8,INSV1-177ca35280d216becf4e0d64,EC-GAD-DAULE-LPI-GADIMCD-2025-03,MALECON,MATERIAL,M364,REDUCTOR DE 1 A 3/4 IN PP ROSCABLE,u,REDUCTOR DE 1 A 3/4 IN PP ROSCABLE,u,MATERIAL|u|0|REDUCTOR DE 1 A 3/4 IN PP ROSCABLE,ALIAS-46422e2ead541567d92d57eb,0
D25-31e56438db5654172fc2,INSV1-32bfd1ce72e25bd2bae9be09,EC-GAD-DAULE-LPI-GADIMCD-2025-03,MALECON,MATERIAL,M365,REDUCTOR DE 1 1/2 A 1/2 IN PP ROSCABLE,u,REDUCTOR DE 1 1/2 A 1/2 IN PP ROSCABLE,u,MATERIAL|u|0|REDUCTOR DE 1 1/2 A 1/2 IN PP ROSCABLE,ALIAS-4a15e4e51383062cde71f189,0
D25-1a70aa5a149c3bcc385c,INSV1-d87252e3c4efb681d8610266,EC-GAD-DAULE-LPI-GADIMCD-2025-03,MALECON,MATERIAL,M366,REDUCTOR DE 1 1/4 A 1 IN PP ROSCABLE,u,REDUCTOR DE 1 1/4 A 1 IN PP ROSCABLE,u,MATERIAL|u|0|REDUCTOR DE 1 1/4 A 1 IN PP ROSCABLE,ALIAS-f6e7dd50c987bb167d8b5b7c,0
D25-8e23664bf9f9a3840301,INSV1-69067d601de54c6183238e29,EC-GAD-DAULE-LPI-GADIMCD-2025-03,MALECON,MATERIAL,M367,REDUCTOR DE 1 1/4 A 1/2 IN PP ROSCABLE,u,REDUCTOR DE 1 1/4 A 1/2 IN PP ROSCABLE,u,MATERIAL|u|0|REDUCTOR DE 1 1/4 A 1/2 IN PP ROSCABLE,ALIAS-3124afb09f7b3fa2136cba4f,0
D25-06ce7ee1d772157fdbb1,INSV1-a34a9ab399365e43d92d0a52,EC-GAD-DAULE-LPI-GADIMCD-2025-03,MALECON,MATERIAL,M368,REDUCTOR DE 2 A 1 1/2 IN PP ROSCABLE,u,REDUCTOR DE 2 A 1 1/2 IN PP ROSCABLE,u,MATERIAL|u|0|REDUCTOR DE 2 A 1 1/2 IN PP ROSCABLE,ALIAS-3ea12a0369431a8b2e046906,0
D25-069a7c8c22916aead6f3,INSV1-a97fd3b1ab56884bd7be4962,EC-GAD-DAULE-LPI-GADIMCD-2025-03,MALECON,MATERIAL,M369,REDUCTOR DE 2 A 1 1/4 IN PP ROSCABLE,u,REDUCTOR DE 2 A 1 1/4 IN PP ROSCABLE,u,MATERIAL|u|0|REDUCTOR DE 2 A 1 1/4 IN PP ROSCABLE,ALIAS-5958e87578868571ed280b6d,0
D25-088b481891836bf2e3da,INSV1-bad40d48f206fda4326bed93,EC-GAD-DAULE-LPI-GADIMCD-2025-03,MALECON,MATERIAL,M370,REDUCTOR DE 2 A 1/2 IN PP ROSCABLE,u,REDUCTOR DE 2 A 1/2 IN PP ROSCABLE,u,MATERIAL|u|0|REDUCTOR DE 2 A 1/2 IN PP ROSCABLE,ALIAS-b41182114c62ded6694473b1,0
D25-bb66514ed1703ee2b6aa,INSV1-9043579c1fa05a089e67e34d,EC-GAD-DAULE-LPI-GADIMCD-2025-03,MALECON,MATERIAL,M371,REDUCTOR DE 2 A 3/4 IN PP ROSCABLE,u,REDUCTOR DE 2 A 3/4 IN PP ROSCABLE,u,MATERIAL|u|0|REDUCTOR DE 2 A 3/4 IN PP ROSCABLE,ALIAS-d5a837cdb06aa84232a13712,0
D25-f4e8e5615da7d9d133c3,INSV1-31b10c294cca475b227a1f17,EC-GAD-DAULE-LPI-GADIMCD-2025-03,MALECON,MATERIAL,M372,REDUCTOR DE 2 1/2 A 2 IN PP ROSCABLE,u,REDUCTOR DE 2 1/2 A 2 IN PP ROSCABLE,u,MATERIAL|u|0|REDUCTOR DE 2 1/2 A 2 IN PP ROSCABLE,ALIAS-84bdbc448c57c32cca0c9add,0
D25-0a82ef30746a7f7267d2,INSV1-4001524d6b8df28c6202f48a,EC-GAD-DAULE-LPI-GADIMCD-2025-03,MALECON,MATERIAL,M373,REDUCTOR DE 3/4 A 1/2 IN PP ROSCABLE,u,REDUCTOR DE 3/4 A 1/2 IN PP ROSCABLE,u,MATERIAL|u|0|REDUCTOR DE 3/4 A 1/2 IN PP ROSCABLE,ALIAS-7e782d9f6fbc465d10200461,0
D25-6c1aba24c710991d9b8d,INSV1-26f234a4635a00e5ae48cbd5,EC-GAD-DAULE-LPI-GADIMCD-2025-03,MALECON,MATERIAL,M374,TEE 2 1/2 IN PP ROSCABLE,u,TEE 2 1/2 IN PP ROSCABLE,u,MATERIAL|u|0|TEE 2 1/2 IN PP ROSCABLE,ALIAS-c29814c53b434c71a3f69013,0
D25-d451791f1c574d36cc08,INSV1-dd7c82b5dae9b7b230b855d9,EC-GAD-DAULE-LPI-GADIMCD-2025-03,MALECON,MATERIAL,M375,TEE 3/4 IN PP ROSCABLE,u,TEE 3/4 IN PP ROSCABLE,u,MATERIAL|u|0|TEE 3/4 IN PP ROSCABLE,ALIAS-b85a5dace0806bd6f33b9483,0
D25-86532318a6e443b4032d,INSV1-a18fcc2482e7b6d40dee88db,EC-GAD-DAULE-LPI-GADIMCD-2025-03,MALECON,MATERIAL,M376,COLGADOR PARA TUBERIA 3/4 IN,u,COLGADOR PARA TUBERIA 3/4 IN,u,MATERIAL|u|0|COLGADOR PARA TUBERIA 3/4 IN,ALIAS-c13322c4292a2a1a49d3c949,0
D25-577a28a19faec2f948e9,INSV1-cde674df0067fd26ef480cef,EC-GAD-DAULE-LPI-GADIMCD-2025-03,MALECON,MATERIAL,M377,COLGADOR PARA TUBERIA 1/2 IN,u,COLGADOR PARA TUBERIA 1/2 IN,u,MATERIAL|u|0|COLGADOR PARA TUBERIA 1/2 IN,ALIAS-75819df85aef2c8fef1e8667,0
D25-68067ece9512a159acbf,INSV1-5781c4c2d37dac0afb7270ee,EC-GAD-DAULE-LPI-GADIMCD-2025-03,MALECON,MATERIAL,M378,COLGADOR PARA TUBERIA 1 1/4 IN,u,COLGADOR PARA TUBERIA 1 1/4 IN,u,MATERIAL|u|0|COLGADOR PARA TUBERIA 1 1/4 IN,ALIAS-620060102a66feff6aba3eba,0
D25-e665b13e64da5581f1d6,INSV1-a1f23bbaf9faf2aa95dff037,EC-GAD-DAULE-LPI-GADIMCD-2025-03,MALECON,MATERIAL,M379,COLGADOR PARA TUBERIA 2 1/2 IN,u,COLGADOR PARA TUBERIA 2 1/2 IN,u,MATERIAL|u|0|COLGADOR PARA TUBERIA 2 1/2 IN,ALIAS-43487e1728ea3bdaec2649bd,0
D25-e1da18bcb4b73ba88efe,INSV1-a8b247fea4444e8d5e3ad94b,EC-GAD-DAULE-LPI-GADIMCD-2025-03,MALECON,MATERIAL,M380,VALVULA DE BOLA PVC D= 3/4 plg ROSCABLE,u,VALVULA DE BOLA PVC D 3/4 PLG ROSCABLE,u,MATERIAL|u|0|VALVULA DE BOLA PVC D 3/4 PLG ROSCABLE,ALIAS-6975d481c4a020a422def421,0
D25-864d4b726789e3aaa327,INSV1-35c735bfb6d98e21937d3a3a,EC-GAD-DAULE-LPI-GADIMCD-2025-03,MALECON,MATERIAL,M381,UNION UNIVERSAL PP ROSCABLE H 3/4 IN,u,UNION UNIVERSAL PP ROSCABLE H 3/4 IN,u,MATERIAL|u|0|UNION UNIVERSAL PP ROSCABLE H 3/4 IN,ALIAS-329735b76e33e8530a25b1c8,0
D25-69be328f1de5f32fc2fd,INSV1-a05ff3c9e6d3e5b6b7c2e8dd,EC-GAD-DAULE-LPI-GADIMCD-2025-03,MALECON,MATERIAL,M382,VALVULA DE BOLA PVC D= 1 1/2 plg ROSCABLE,u,VALVULA DE BOLA PVC D 1 1/2 PLG ROSCABLE,u,MATERIAL|u|0|VALVULA DE BOLA PVC D 1 1/2 PLG ROSCABLE,ALIAS-e1d6d07730d8436c56d8c6ef,0
D25-ca6f10a98648d9554035,INSV1-f84ef90ddd0b2c6fc53685ff,EC-GAD-DAULE-LPI-GADIMCD-2025-03,MALECON,MATERIAL,M383,UNION UNIVERSAL PP ROSCABLE H 1 1/2 IN,u,UNION UNIVERSAL PP ROSCABLE H 1 1/2 IN,u,MATERIAL|u|0|UNION UNIVERSAL PP ROSCABLE H 1 1/2 IN,ALIAS-0673b972f7ec9eba0c41564f,0
D25-98c2f17a0e1525f95971,INSV1-70258af84cdfbb080f9a0aba,EC-GAD-DAULE-LPI-GADIMCD-2025-03,MALECON,MATERIAL,M384,VALVULA DE BOLA PVC D= 2 plg ROSCABLE,u,VALVULA DE BOLA PVC D 2 PLG ROSCABLE,u,MATERIAL|u|0|VALVULA DE BOLA PVC D 2 PLG ROSCABLE,ALIAS-4fe63ef3f17000daf97a476c,0
D25-c955da98e5679552015c,INSV1-f56d2a4a9dfc73f96e8f1659,EC-GAD-DAULE-LPI-GADIMCD-2025-03,MALECON,MATERIAL,M385,UNION UNIVERSAL PP ROSCABLE 2 IN,u,UNION UNIVERSAL PP ROSCABLE 2 IN,u,MATERIAL|u|0|UNION UNIVERSAL PP ROSCABLE 2 IN,ALIAS-c4a94ac25115f6e29bbd2b31,0
D25-556040559b88a8d79e9a,INSV1-fabd5602240cca5b5e2d2468,EC-GAD-DAULE-LPI-GADIMCD-2025-03,MALECON,MATERIAL,M386,VALVULA DE BOLA PVC D= 2 1/2 plg ROSCABLE,u,VALVULA DE BOLA PVC D 2 1/2 PLG ROSCABLE,u,MATERIAL|u|0|VALVULA DE BOLA PVC D 2 1/2 PLG ROSCABLE,ALIAS-3ed1fa83cca1cb52d151277a,0
D25-e4f2a4bce8f564adec85,INSV1-d0d141828c2b2c5b018a78d5,EC-GAD-DAULE-LPI-GADIMCD-2025-03,MALECON,MATERIAL,M387,UNION UNIVERSAL PP ROSCABLE H 2 1/2 IN,u,UNION UNIVERSAL PP ROSCABLE H 2 1/2 IN,u,MATERIAL|u|0|UNION UNIVERSAL PP ROSCABLE H 2 1/2 IN,ALIAS-c1b03b2eed2aa6c316d78d07,0
D25-84ab7c6a0e340b6e4be9,INSV1-5fd2b64a0328ab27cdb8f7f2,EC-GAD-DAULE-LPI-GADIMCD-2025-03,MALECON,MATERIAL,M388,IMPERMEABILIZANTE PARA HORMIGON (IN SITU),Kg,IMPERMEABILIZANTE PARA HORMIGON IN SITU,kg,MATERIAL|kg|0|IMPERMEABILIZANTE PARA HORMIGON IN SITU,ALIAS-06ac73aca1de049a6e6280cf,0
D25-dd381b274a388859f75e,INSV1-9249d2647973e1bca2779817,EC-GAD-DAULE-LPI-GADIMCD-2025-03,MALECON,EQUIPO,E59,VIBROAPISONADOR,h,VIBROAPISONADOR,h,EQUIPO|h|0|VIBROAPISONADOR,ALIAS-6632a0b59983c204988d78b6,0
D25-9d415ffbb5e940f92edf,INSV1-047e6339438e17d56b2eed3c,EC-GAD-DAULE-LPI-GADIMCD-2025-03,MALECON,EQUIPO,E60,CORTADORA DE ASFALTO,h,CORTADORA DE ASFALTO,h,EQUIPO|h|0|CORTADORA DE ASFALTO,ALIAS-ef873267a645bc0481e46df7,0
D25-2f35d3af75da13b448b2,INSV1-1d5e21c4106779af04936551,EC-GAD-DAULE-LPI-GADIMCD-2025-03,MALECON,MATERIAL,M449,ENCOFRADO,m2,ENCOFRADO,m2,MATERIAL|m2|0|ENCOFRADO,ALIAS-2418f90ec7496200db3cdfc5,0
D25-aba87f31b2a663d8b599,INSV1-19ff274435ad42c54f9d6cc5,EC-GAD-DAULE-LPI-GADIMCD-2025-03,MALECON,MATERIAL,M389,PLATINA 50X3mm,m,PLATINA 50X3MM,m,MATERIAL|m|0|PLATINA 50X3MM,ALIAS-04bd9f2efd39518d9ced17e4,0
D25-7133d5685a67205b99e2,INSV1-4ef720e2ef7cdb4c521ae59a,EC-GAD-DAULE-LPI-GADIMCD-2025-03,MALECON,MATERIAL,M390,PERFIL L 40X4mm,Kg,PERFIL L 40X4MM,kg,MATERIAL|kg|0|PERFIL L 40X4MM,ALIAS-916ad39696e8201301b75b11,0
D25-788555c6fc5b074e365e,INSV1-4875810312d718f30e6a2d7b,EC-GAD-DAULE-LPI-GADIMCD-2025-03,MALECON,MATERIAL,M391,PERFIL L 50X4mm,Kg,PERFIL L 50X4MM,kg,MATERIAL|kg|0|PERFIL L 50X4MM,ALIAS-449df5a5fbfffad6eb539475,0
D25-ba353dba9dd0ee461d26,INSV1-860b9a3ab1adb0d1e14e4d8c,EC-GAD-DAULE-LPI-GADIMCD-2025-03,MALECON,MATERIAL,M393,HIDRANTE TIPO TRÁFICO D=110 mm (INCLUYE ACCESORIOS),u,HIDRANTE TIPO TRAFICO D 110 MM INCLUYE ACCESORIOS,u,MATERIAL|u|0|HIDRANTE TIPO TRAFICO D 110 MM INCLUYE ACCESORIOS,ALIAS-0b6a9b06bd2da5515214092a,0
D25-62a0bc4081bfb41ef904,INSV1-dec5f95938d3adef68bbeaa4,EC-GAD-DAULE-LPI-GADIMCD-2025-03,MALECON,MATERIAL,M394,"ADAPTADOR BRIDA PVC 110mm/4""",u,ADAPTADOR BRIDA PVC 110MM/4,u,MATERIAL|u|0|ADAPTADOR BRIDA PVC 110MM/4,ALIAS-cd13c9bed955cdd3754c1e49,0
D25-a0ca88587ee0d1d40da0,INSV1-880c7a55cb0d99a5875d197c,EC-GAD-DAULE-LPI-GADIMCD-2025-03,MALECON,MATERIAL,M395,CODO LR PVC E-UZ 45° X 110mm PN10,u,CODO LR PVC E-UZ 45 X 110MM PN10,u,MATERIAL|u|0|CODO LR PVC E-UZ 45 X 110MM PN10,ALIAS-14647e97ccc1382835f5b5ce,0
D25-352e3c9d5d97747b567f,INSV1-e5729e9cf68baa73a7671704,EC-GAD-DAULE-LPI-GADIMCD-2025-03,MALECON,MATERIAL,M397,TUBERIA PVC/UE 110mm 0.80 MPA (INCLUYE UNION ELASTOMERICA),m,TUBERIA PVC/UE 110MM 0.80 MPA INCLUYE UNION ELASTOMERICA,m,MATERIAL|m|0|TUBERIA PVC/UE 110MM 0.80 MPA INCLUYE UNION ELASTOMERICA,ALIAS-fd49de2f452af1f0839b1afa,0
D25-5a54a063a881261262de,INSV1-339cc0397d5a23a71ed72304,EC-GAD-DAULE-LPI-GADIMCD-2025-03,MALECON,MATERIAL,M398,REDUCTOR DE PVC INY UZ DE 110 A 90mm,u,REDUCTOR DE PVC INY UZ DE 110 A 90MM,u,MATERIAL|u|0|REDUCTOR DE PVC INY UZ DE 110 A 90MM,ALIAS-863df1eeaa018fad849209b0,0
D25-ee48dd1e715697cfa992,INSV1-4d09cb3eee5de9fdf0377eec,EC-GAD-DAULE-LPI-GADIMCD-2025-03,MALECON,MATERIAL,M399,UNION MECANICA 90mm,u,UNION MECANICA 90MM,u,MATERIAL|u|0|UNION MECANICA 90MM,ALIAS-a0636a07981922fe4bc3776b,0
D25-b191696b0554ebfaef8b,INSV1-9bd62a4f022ad2ab098ff0c2,EC-GAD-DAULE-LPI-GADIMCD-2025-03,MALECON,MATERIAL,M400,"TAPA DE FUNDICION 8""",u,TAPA DE FUNDICION 8,u,MATERIAL|u|0|TAPA DE FUNDICION 8,ALIAS-29aa942f5044f3ad0e42ec41,0
D25-5a9838ab795b8b7e43fe,INSV1-2ed3cce1adb013cb1bad12a1,EC-GAD-DAULE-LPI-GADIMCD-2025-03,MALECON,MATERIAL,M401,UNION UNIVERSAL DE HD RANGO (108-128) DN100mm,u,UNION UNIVERSAL DE HD RANGO 108-128 DN100MM,u,MATERIAL|u|0|UNION UNIVERSAL DE HD RANGO 108-128 DN100MM,ALIAS-49065534b76b94fd5c8796e6,0
D25-42bf868134e16d1da01f,INSV1-ed7eb23b9d2a99bb5256ac24,EC-GAD-DAULE-LPI-GADIMCD-2025-03,MALECON,MATERIAL,M402,TUBERIA PVC/UE 200mm 0.80 MPA (INCLUYE UNION ELASTOMERICA),m,TUBERIA PVC/UE 200MM 0.80 MPA INCLUYE UNION ELASTOMERICA,m,MATERIAL|m|0|TUBERIA PVC/UE 200MM 0.80 MPA INCLUYE UNION ELASTOMERICA,ALIAS-6c081347266967fb3bdf4084,0
D25-dd400ec9e61227d18e1f,INSV1-ec1df010f7a6d7d48c0dc51a,EC-GAD-DAULE-LPI-GADIMCD-2025-03,MALECON,MATERIAL,M403,VALVULA DE COMPUERTA VASTAGO FIJO EXTREMO LISO PVC 110mm,u,VALVULA DE COMPUERTA VASTAGO FIJO EXTREMO LISO PVC 110MM,u,MATERIAL|u|0|VALVULA DE COMPUERTA VASTAGO FIJO EXTREMO LISO PVC 110MM,ALIAS-cfb8425d284137ed80e0c672,0
D25-f6c75f1f56bfa6c31eca,INSV1-146be2257c19b86890bad41c,EC-GAD-DAULE-LPI-GADIMCD-2025-03,MALECON,MATERIAL,M404,"TAPA DE H.F. 3""",u,TAPA DE H.F. 3,u,MATERIAL|u|0|TAPA DE H.F. 3,ALIAS-71bccd528c3096dec18407a1,0
D25-356ee81e8f79f90236b7,INSV1-d40385078e05574fe9177130,EC-GAD-DAULE-LPI-GADIMCD-2025-03,MALECON,MATERIAL,M405,HORMIGON SIMPLE F´C=180 Kg/cm2,m3,HORMIGON SIMPLE F C 180 KG/CM2,m3,MATERIAL|m3|0|HORMIGON SIMPLE F C 180 KG/CM2,ALIAS-b452523025aa668c2215868c,0
D25-2694d6b80cd59180aed9,INSV1-b4253f448d3a30ad2df87da5,EC-GAD-DAULE-LPI-GADIMCD-2025-03,MALECON,MATERIAL,M406,CODO 45' PVC 110 mm UZ,u,CODO 45' PVC 110 MM UZ,u,MATERIAL|u|0|CODO 45' PVC 110 MM UZ,ALIAS-f3b4cfb1a7e247674aa772d9,0
D25-ec4836b53dcb87a6a8c2,INSV1-d8440c683de1994e6444e4df,EC-GAD-DAULE-LPI-GADIMCD-2025-03,MALECON,MATERIAL,M407,TEE PVC INY UZ 90mm PN10 PG,u,TEE PVC INY UZ 90MM PN10 PG,u,MATERIAL|u|0|TEE PVC INY UZ 90MM PN10 PG,ALIAS-58f97c706b5bc0cdacbf11b6,0
D25-fcc9f4cf844334afa7c1,INSV1-f83f4f21e20c24a4327e0d14,EC-GAD-DAULE-LPI-GADIMCD-2025-03,MALECON,MATERIAL,M408,TEE PVC INY UZ 110mm PN10 PG,u,TEE PVC INY UZ 110MM PN10 PG,u,MATERIAL|u|0|TEE PVC INY UZ 110MM PN10 PG,ALIAS-99569f998698d7a0d5e31aee,0
D25-511087f0f3065f7f8c0b,INSV1-2bc624c705a1ac3b17ae092d,EC-GAD-DAULE-LPI-GADIMCD-2025-03,MALECON,MATERIAL,M411,TUBERIA PVC/UE 200mm 1MPA (INCLUYE UNION ELASTOMERICA),m,TUBERIA PVC/UE 200MM 1MPA INCLUYE UNION ELASTOMERICA,m,MATERIAL|m|0|TUBERIA PVC/UE 200MM 1MPA INCLUYE UNION ELASTOMERICA,ALIAS-9ddbbb5a5c499655d68e590d,0
D25-6d60435e39ed0640e1a9,INSV1-1c40b115b9aa32d8adef74b8,EC-GAD-DAULE-LPI-GADIMCD-2025-03,MALECON,MATERIAL,M409,"ADAPTADOR 1/2"" PEAD",u,ADAPTADOR 1/2 PEAD,u,MATERIAL|u|0|ADAPTADOR 1/2 PEAD,ALIAS-fa57bd7207969b5bf1a79d17,0
D25-bd8a16b80fe2fc8616b0,INSV1-eb7f7c67b6090399aa6c4f54,EC-GAD-DAULE-LPI-GADIMCD-2025-03,MALECON,MATERIAL,M412,"LLAVE DE CORTE INVIOLABLE D= 1/2"" H-H TIPO BOLA LATÓN/CROMADO",u,LLAVE DE CORTE INVIOLABLE D 1/2 H-H TIPO BOLA LATON/CROMADO,u,MATERIAL|u|0|LLAVE DE CORTE INVIOLABLE D 1/2 H-H TIPO BOLA LATON/CROMADO,ALIAS-36e57afa1c4b2b71928d4fa9,0
D25-f71d9a26f1601a40f3cc,INSV1-686f51639650787090beaac0,EC-GAD-DAULE-LPI-GADIMCD-2025-03,MALECON,MATERIAL,M414,"CAJA PORTAMEDIDOR DE POLIPROPILENO, CON VISOR",u,CAJA PORTAMEDIDOR DE POLIPROPILENO CON VISOR,u,MATERIAL|u|0|CAJA PORTAMEDIDOR DE POLIPROPILENO CON VISOR,ALIAS-6b14e30cc063439503cfec6c,0
D25-16f93fa04db68fea1259,INSV1-e9becdb0041f7bd5f1639d83,EC-GAD-DAULE-LPI-GADIMCD-2025-03,MALECON,MATERIAL,M415,"MEDIDOR 1/2"" DN15/115 R100 CHORRO UNICO - COMPOSITE VIDRIO-METAL",u,MEDIDOR 1/2 DN15/115 R100 CHORRO UNICO - COMPOSITE VIDRIO-METAL,u,MATERIAL|u|0|MEDIDOR 1/2 DN15/115 R100 CHORRO UNICO - COMPOSITE VIDRIO-METAL,ALIAS-d22f89dcd3802c890ae26f74,0
D25-0dd9e604010dd6f83efa,INSV1-d126f6e0f07f62d4d0712864,EC-GAD-DAULE-LPI-GADIMCD-2025-03,MALECON,MATERIAL,M418,"KIT DE CONEXION COMPOSITE PARA MEDIDOR DE 1/2"" (SE CONSIDERA EL PAR)",u,KIT DE CONEXION COMPOSITE PARA MEDIDOR DE 1/2 SE CONSIDERA EL PAR,u,MATERIAL|u|0|KIT DE CONEXION COMPOSITE PARA MEDIDOR DE 1/2 SE CONSIDERA EL PAR,ALIAS-7bdec443d0b56ffadf319de7,0
D25-c043cba06e42587bb368,INSV1-4bc1192aa439f1f066d5687b,EC-GAD-DAULE-LPI-GADIMCD-2025-03,MALECON,MATERIAL,M419,"UNION PVC ROSCABLE 1/2""",u,UNION PVC ROSCABLE 1/2,u,MATERIAL|u|0|UNION PVC ROSCABLE 1/2,ALIAS-5e195aa78913d2fd3cb9a1c0,0
D25-714492cba17e1596c038,INSV1-18c4eb75787b3a1ee5a994a4,EC-GAD-DAULE-LPI-GADIMCD-2025-03,MALECON,MATERIAL,M420,"TAPON PP ROSCABLE H 1/2""",u,TAPON PP ROSCABLE H 1/2,u,MATERIAL|u|0|TAPON PP ROSCABLE H 1/2,ALIAS-89a6b2a52a46d44f3d6707c6,0
D25-8c2e5f24b2bad8660504,INSV1-e48f75cc0419e651f0d3dc00,EC-GAD-DAULE-LPI-GADIMCD-2025-03,MALECON,MATERIAL,M410,"ADAPTADOR 1"" PEAD",u,ADAPTADOR 1 PEAD,u,MATERIAL|u|0|ADAPTADOR 1 PEAD,ALIAS-dad9a6b05071bbb9d40d7fcb,0
D25-a6156b9725006514ffbc,INSV1-884bbad122d0b83a75f07b94,EC-GAD-DAULE-LPI-GADIMCD-2025-03,MALECON,MATERIAL,M413,"LLAVE DE CORTE INVIOLABLE D=1"" H-H TIPO BOLA LATÓN/CROMADO",u,LLAVE DE CORTE INVIOLABLE D 1 H-H TIPO BOLA LATON/CROMADO,u,MATERIAL|u|0|LLAVE DE CORTE INVIOLABLE D 1 H-H TIPO BOLA LATON/CROMADO,ALIAS-b1dbd55d9f7f5f44a81a9a1c,0
D25-900f9676e154cd7b00ef,INSV1-8733b0ada3dbece7a0811456,EC-GAD-DAULE-LPI-GADIMCD-2025-03,MALECON,MATERIAL,M416,"MEDIDOR 1"" R160 VOLUMETRICO REGISTRO COBRE VIDRIO",u,MEDIDOR 1 R160 VOLUMETRICO REGISTRO COBRE VIDRIO,u,MATERIAL|u|0|MEDIDOR 1 R160 VOLUMETRICO REGISTRO COBRE VIDRIO,ALIAS-a7dfd7e69356998cc2d2509e,0
D25-d8ce3c5c74ffc0fe41c1,INSV1-9301a2ac3542c76516408d7f,EC-GAD-DAULE-LPI-GADIMCD-2025-03,MALECON,MATERIAL,M417,"KIT DE CONEXION COMPOSITE PARA MEDIDOR DE 1"" (SE CONSIDERA EL PAR)",u,KIT DE CONEXION COMPOSITE PARA MEDIDOR DE 1 SE CONSIDERA EL PAR,u,MATERIAL|u|0|KIT DE CONEXION COMPOSITE PARA MEDIDOR DE 1 SE CONSIDERA EL PAR,ALIAS-be2e30fcbbad46643526d1ae,0
D25-389e74ef542142e6c29b,INSV1-8dc21316ec88ac1b3ef6ee44,EC-GAD-DAULE-LPI-GADIMCD-2025-03,MALECON,MATERIAL,M421,"TUBERIA PVC ROSCABLE 1"" (320PSI)",m,TUBERIA PVC ROSCABLE 1 320PSI,m,MATERIAL|m|0|TUBERIA PVC ROSCABLE 1 320PSI,ALIAS-e2a5e84c8a04b2e48a0434ce,0
D25-ada51c526c2f99be67f5,INSV1-6867265544951e8a1168a510,EC-GAD-DAULE-LPI-GADIMCD-2025-03,MALECON,MATERIAL,M422,"UNION PVC ROSCABLE 1""",u,UNION PVC ROSCABLE 1,u,MATERIAL|u|0|UNION PVC ROSCABLE 1,ALIAS-dc92ce0d4fca07760fbaa57b,0
D25-06c6aaf6c3aadf755a4d,INSV1-7df95cc57188d686d17d9cc3,EC-GAD-DAULE-LPI-GADIMCD-2025-03,MALECON,MATERIAL,M423,"TAPON ROSCABLE H 1""",u,TAPON ROSCABLE H 1,u,MATERIAL|u|0|TAPON ROSCABLE H 1,ALIAS-1da4f36ff64196bbb6631ad7,0
D25-fbb8cd9edc35bd1e63e7,INSV1-ecaf735172cc35a085004631,EC-GAD-DAULE-LPI-GADIMCD-2025-03,MALECON,EQUIPO,E66,MINICARGADOR,h,MINICARGADOR,h,EQUIPO|h|0|MINICARGADOR,ALIAS-4e0a78f9ff4e19c0533085db,0
D25-d8f351e47b322d588173,INSV1-590b35cd0cccad0020a1bd20,EC-GAD-DAULE-LPI-GADIMCD-2025-03,MALECON,EQUIPO,E61,RODILLO DOBLE TAMBOR MANUAL,h,RODILLO DOBLE TAMBOR MANUAL,h,EQUIPO|h|0|RODILLO DOBLE TAMBOR MANUAL,ALIAS-a301927cb4183cc2cc03be4c,0
D25-f5b7b74a4dc927c31eba,INSV1-684fc896f109a6966da03ecc,EC-GAD-DAULE-LPI-GADIMCD-2025-03,MALECON,MATERIAL,M392,PIEDRA BOLA (100-250mm) PUESTA EN SITIO,m3,PIEDRA BOLA 100-250MM PUESTA EN SITIO,m3,MATERIAL|m3|0|PIEDRA BOLA 100-250MM PUESTA EN SITIO,ALIAS-969c6f807117d25f4f9ee3b9,0
D25-ee18a311edead83d70e6,INSV1-379100625b69dc0116b554dc,EC-GAD-DAULE-LPI-GADIMCD-2025-03,MALECON,EQUIPO,E62,BOBCAT- CON MARTILLO ROMPEPAVIMENTO,h,BOBCAT- CON MARTILLO ROMPEPAVIMENTO,h,EQUIPO|h|0|BOBCAT- CON MARTILLO ROMPEPAVIMENTO,ALIAS-611da8e4e6ce88445e3a7612,0
D25-bfc91335d52140f918b7,INSV1-ade8a717eb590e474eec377b,EC-GAD-DAULE-LPI-GADIMCD-2025-03,MALECON,MATERIAL,M425,ADITIVO ANTISOL,Kg,ADITIVO ANTISOL,kg,MATERIAL|kg|0|ADITIVO ANTISOL,ALIAS-a4dc88a03918fb43f5459fe2,0
D25-1f5f3ff1970b73aab3f1,INSV1-5cbfa168cca045112a884a80,EC-GAD-DAULE-LPI-GADIMCD-2025-03,MALECON,MATERIAL,M426,TUBERIA PVC LISA DESAGUE DI=50 mm,m,TUBERIA PVC LISA DESAGUE DI 50 MM,m,MATERIAL|m|0|TUBERIA PVC LISA DESAGUE DI 50 MM,ALIAS-b50497c984aeea6fad56f6c6,0
D25-e45f0aaf7a28d4638cd1,INSV1-57150ac429dbd986cc37b6e2,EC-GAD-DAULE-LPI-GADIMCD-2025-03,MALECON,MATERIAL,M427,TUBERIA PVC LISA DESAGUE DI=110 mm,m,TUBERIA PVC LISA DESAGUE DI 110 MM,m,MATERIAL|m|0|TUBERIA PVC LISA DESAGUE DI 110 MM,ALIAS-4565be5d5b154ed19bb00632,0
D25-995ad08c63b90a254965,INSV1-abaed161e9fb1fb56af49198,EC-GAD-DAULE-LPI-GADIMCD-2025-03,MALECON,MATERIAL,M428,TUBERIA PVC ESTRUCTURADA DI=160mm,m,TUBERIA PVC ESTRUCTURADA DI 160MM,m,MATERIAL|m|0|TUBERIA PVC ESTRUCTURADA DI 160MM,ALIAS-ca1ad04fb40927e39b4ff50f,0
D25-6b078524608ddbe27e69,INSV1-21ea431d6761b5fe1f6073a7,EC-GAD-DAULE-LPI-GADIMCD-2025-03,MALECON,MATERIAL,M429,TUBERIA PVC ESTRUCTURADA DI=200mm,m,TUBERIA PVC ESTRUCTURADA DI 200MM,m,MATERIAL|m|0|TUBERIA PVC ESTRUCTURADA DI 200MM,ALIAS-0c361879467c9d34e1eeaf40,0
D25-2aeb2353d1ebf22ea04d,INSV1-798c3fe604e2c661fc42ad38,EC-GAD-DAULE-LPI-GADIMCD-2025-03,MALECON,MATERIAL,M430,TAPON INFLABLE D<800mm,u,TAPON INFLABLE D 800MM,u,MATERIAL|u|0|TAPON INFLABLE D 800MM,ALIAS-8042f13c3ba1bd0f70187601,0
D25-2da12e32fd46ce249743,INSV1-9d5829a7cbfc8405adc0d81d,EC-GAD-DAULE-LPI-GADIMCD-2025-03,MALECON,MATERIAL,M431,COLGADOR PARA TUBERIA 4 IN,u,COLGADOR PARA TUBERIA 4 IN,u,MATERIAL|u|0|COLGADOR PARA TUBERIA 4 IN,ALIAS-01026d5b0696c9ff17e3eafe,0
D25-ea05fa1b1cb3bafe083d,INSV1-07273db6e3bd4bf35545f282,EC-GAD-DAULE-LPI-GADIMCD-2025-03,MALECON,MATERIAL,M432,COLGADOR PARA TUBERIA 6 IN,u,COLGADOR PARA TUBERIA 6 IN,u,MATERIAL|u|0|COLGADOR PARA TUBERIA 6 IN,ALIAS-e140705b3c56b921b5375b7d,0
D25-9d70b58e9f9b3a050088,INSV1-e4650279540c65e0f10e7eaa,EC-GAD-DAULE-LPI-GADIMCD-2025-03,MALECON,MATERIAL,M433,CAJA ACERA SIMPLE ALINEADA 175mm CB,u,CAJA ACERA SIMPLE ALINEADA 175MM CB,u,MATERIAL|u|0|CAJA ACERA SIMPLE ALINEADA 175MM CB,ALIAS-d51908eaefda87b972cf57cd,0
D25-a9835b78ecfd86808509,INSV1-468c5de2eb8ebd6ffcef12b6,EC-GAD-DAULE-LPI-GADIMCD-2025-03,MALECON,MATERIAL,M434,NEPLO DE PVC DI=400 mm,u,NEPLO DE PVC DI 400 MM,u,MATERIAL|u|0|NEPLO DE PVC DI 400 MM,ALIAS-1f743e56cfdd5a6337691afa,0
D25-445b60c6bf4d18c6c0cd,INSV1-4a8176110e221b4ba70fc90f,EC-GAD-DAULE-LPI-GADIMCD-2025-03,MALECON,MATERIAL,M435,"MALLA ELECTROSOLDADA 10x10 - 8,00mm",m2,MALLA ELECTROSOLDADA 10X10 - 8 00MM,m2,MATERIAL|m2|0|MALLA ELECTROSOLDADA 10X10 - 8 00MM,ALIAS-5163a8d7057644fa5eb3f43d,0
D25-2d0589e60755b4369cd0,INSV1-1afb04610a76c737fa730750,EC-GAD-DAULE-LPI-GADIMCD-2025-03,MALECON,MATERIAL,M436,YEE DESAGUE PVC EC 110mm,u,YEE DESAGUE PVC EC 110MM,u,MATERIAL|u|0|YEE DESAGUE PVC EC 110MM,ALIAS-fccad33e24776a9c2723036f,0
D25-983512905818652f5f22,INSV1-331af8923971cccfba2dfb36,EC-GAD-DAULE-LPI-GADIMCD-2025-03,MALECON,MATERIAL,M437,CODO DESAGUE PVC INY 110mm X 45' EC,u,CODO DESAGUE PVC INY 110MM X 45' EC,u,MATERIAL|u|0|CODO DESAGUE PVC INY 110MM X 45' EC,ALIAS-660ba032d3babc7ff8471566,0
D25-a0eb10514c28f05435a0,INSV1-a964662ba7e491fdd43c0b16,EC-GAD-DAULE-LPI-GADIMCD-2025-03,MALECON,MATERIAL,M438,YEE REDUCTORA DE DESAGUE DE 110 A 50mm,u,YEE REDUCTORA DE DESAGUE DE 110 A 50MM,u,MATERIAL|u|0|YEE REDUCTORA DE DESAGUE DE 110 A 50MM,ALIAS-5dd6ecab10de45b5316b7166,0
D25-e948a4eb9cab04e4fb37,INSV1-e43f012367bca13eada2bf14,EC-GAD-DAULE-LPI-GADIMCD-2025-03,MALECON,MATERIAL,M439,CODO DESAGUE PVC INY 110mm X 90' EC,u,CODO DESAGUE PVC INY 110MM X 90' EC,u,MATERIAL|u|0|CODO DESAGUE PVC INY 110MM X 90' EC,ALIAS-3f3715695a1cb63990c915aa,0
D25-e8500d5e870d7991bb62,INSV1-34b849675bccde9fe2d83797,EC-GAD-DAULE-LPI-GADIMCD-2025-03,MALECON,MATERIAL,M440,LIMPIADOR PVC,l,LIMPIADOR PVC,l,MATERIAL|l|0|LIMPIADOR PVC,ALIAS-de8cafa18ab8b75ff9e7974b,0
D25-40af8d8113b063c26072,INSV1-2956231e12aa00f47b383920,EC-GAD-DAULE-LPI-GADIMCD-2025-03,MALECON,MATERIAL,M441,SOLDADURA PVC,galón (US),SOLDADURA PVC,galón (us),MATERIAL|galón (us)|0|SOLDADURA PVC,ALIAS-91d08d00e7f6717f5b244a7c,0
D25-f729c59e5d431c32cafb,INSV1-c84c903beb5da53fa9fcfee7,EC-GAD-DAULE-LPI-GADIMCD-2025-03,MALECON,MATERIAL,M442,TEE DESAGÜE EC D=110mm,u,TEE DESAGUE EC D 110MM,u,MATERIAL|u|0|TEE DESAGUE EC D 110MM,ALIAS-88bb0d46394cc0d853fb95fe,0
D25-9f376758c892376c1449,INSV1-723c8791d60380fa8111df40,EC-GAD-DAULE-LPI-GADIMCD-2025-03,MALECON,MATERIAL,M443,REDUCTOR DE DESAGUE DE PVC INY DE 110 A 50mm,u,REDUCTOR DE DESAGUE DE PVC INY DE 110 A 50MM,u,MATERIAL|u|0|REDUCTOR DE DESAGUE DE PVC INY DE 110 A 50MM,ALIAS-b6ca325fab6e35e03ca6d5d3,0
D25-f0315066debce446d2cc,INSV1-a59bb7f9e6c743392c9be666,EC-GAD-DAULE-LPI-GADIMCD-2025-03,MALECON,MATERIAL,M463,YEE DESAGUE PVC EC 50mm,u,YEE DESAGUE PVC EC 50MM,u,MATERIAL|u|0|YEE DESAGUE PVC EC 50MM,ALIAS-d014b8ef0b074adb104139ae,0
D25-056368a8ee609c6293ac,INSV1-3fca933a1e18ed49055e29b0,EC-GAD-DAULE-LPI-GADIMCD-2025-03,MALECON,MATERIAL,M444,CODO DESAGUE PVC INY 50mm X 45' EC,u,CODO DESAGUE PVC INY 50MM X 45' EC,u,MATERIAL|u|0|CODO DESAGUE PVC INY 50MM X 45' EC,ALIAS-4da373d3a285a293ea8cc341,0
D25-f2bad4d1478be62ca5a8,INSV1-e4c96246e93a48d14c54c7f7,EC-GAD-DAULE-LPI-GADIMCD-2025-03,MALECON,MATERIAL,M445,CODO DESAGUE PVC INY 90' X 50mm EC,u,CODO DESAGUE PVC INY 90' X 50MM EC,u,MATERIAL|u|0|CODO DESAGUE PVC INY 90' X 50MM EC,ALIAS-9c546972ff1d637ac1e3a754,0
D25-fe2f15c1b42db3157633,INSV1-3525705d7d0363d3e863abc7,EC-GAD-DAULE-LPI-GADIMCD-2025-03,MALECON,MATERIAL,M446,SIFON DESAGUE PVC 110mm,u,SIFON DESAGUE PVC 110MM,u,MATERIAL|u|0|SIFON DESAGUE PVC 110MM,ALIAS-4c4410ffdbf6ecd4df654ecc,0
D25-35d527017e8850d9b5b6,INSV1-b655fe95390d8c5abce87bc5,EC-GAD-DAULE-LPI-GADIMCD-2025-03,MALECON,MATERIAL,M447,"REJILLA CROMADA DE 2"" PARA PISO",u,REJILLA CROMADA DE 2 PARA PISO,u,MATERIAL|u|0|REJILLA CROMADA DE 2 PARA PISO,ALIAS-d0635e0a9c4dd960354a41b5,0
D25-2ed4992e2475db4df67e,INSV1-ca416f59125c0945d66d093b,EC-GAD-DAULE-LPI-GADIMCD-2025-03,MALECON,MATERIAL,M448,LAVAPLATOS DE DOS POZOS PROFUNDOS (INCLUYE ACCESORIOS),u,LAVAPLATOS DE DOS POZOS PROFUNDOS INCLUYE ACCESORIOS,u,MATERIAL|u|0|LAVAPLATOS DE DOS POZOS PROFUNDOS INCLUYE ACCESORIOS,ALIAS-dafa3b2b3b23e58a0b027c35,0
D25-bb08c985c8c466055fa1,INSV1-aef9668609035b5622a7be29,EC-GAD-DAULE-LPI-GADIMCD-2025-03,MALECON,MATERIAL,M450,TEE DESAGUE EC D=50mm,u,TEE DESAGUE EC D 50MM,u,MATERIAL|u|0|TEE DESAGUE EC D 50MM,ALIAS-1a441c9d2b069c1978073213,0
D25-0b76e0d0733ed972f652,INSV1-ed62fded4bc43a9d311fc41a,EC-GAD-DAULE-LPI-GADIMCD-2025-03,MALECON,MATERIAL,M451,TUBERIA DE VENTILACION PVC EC DI=50mm,m,TUBERIA DE VENTILACION PVC EC DI 50MM,m,MATERIAL|m|0|TUBERIA DE VENTILACION PVC EC DI 50MM,ALIAS-0c6618426250d0808de034a2,0
D25-c9a4791dde6fd6c2d728,INSV1-144dadc79825acfa9ee05308,EC-GAD-DAULE-LPI-GADIMCD-2025-03,MALECON,EQUIPO,E67,COMPACTADORA REVERSIBLE,h,COMPACTADORA REVERSIBLE,h,EQUIPO|h|0|COMPACTADORA REVERSIBLE,ALIAS-a048bab06901c16e7b5da924,0
D25-ac2b8a78911199ef90fa,INSV1-fdc1d92f317edf12158626d9,EC-GAD-DAULE-LPI-GADIMCD-2025-03,MALECON,MATERIAL,M452,"TUBERIA PVC RIGIDA 1""",m,TUBERIA PVC RIGIDA 1,m,MATERIAL|m|0|TUBERIA PVC RIGIDA 1,ALIAS-f555bb46f3ed94a130757ef7,0
D25-a84ef4dfadf08cd8f3fa,INSV1-99742b4f7f2c77c429451669,EC-GAD-DAULE-LPI-GADIMCD-2025-03,MALECON,MATERIAL,M453,ADHESIVO EPOXICO,Kg,ADHESIVO EPOXICO,kg,MATERIAL|kg|0|ADHESIVO EPOXICO,ALIAS-82d1fd7add372a3f4ae412bf,0
D25-61c842f273bf8ad8b15c,INSV1-623cda020243488075e2be04,EC-GAD-DAULE-LPI-GADIMCD-2025-03,MALECON,MATERIAL,M454,CINTA IMPERMEABILIZANTE PVC V-18,m,CINTA IMPERMEABILIZANTE PVC V-18,m,MATERIAL|m|0|CINTA IMPERMEABILIZANTE PVC V-18,ALIAS-6fbba2d358cbe09decd87924,0
D25-4a39f929ba7134070fa5,INSV1-383fe1c1bd8fdb3dc459a554,EC-GAD-DAULE-LPI-GADIMCD-2025-03,MALECON,MATERIAL,M455,PROTECCION IMPERMEABLE PARA ESTRUCTURAS + IMPRIMANTE,m2,PROTECCION IMPERMEABLE PARA ESTRUCTURAS + IMPRIMANTE,m2,MATERIAL|m2|0|PROTECCION IMPERMEABLE PARA ESTRUCTURAS + IMPRIMANTE,ALIAS-f071670e733ef00da01cbb1d,0
D25-fc433f8aa7e64db67902,INSV1-25340c3c6a1cf07c5aa5aa6f,EC-GAD-DAULE-LPI-GADIMCD-2025-03,MALECON,MATERIAL,M456,TAPA DE HD REDONDA DE 600 C400 KN,u,TAPA DE HD REDONDA DE 600 C400 KN,u,MATERIAL|u|0|TAPA DE HD REDONDA DE 600 C400 KN,ALIAS-89e9bd8a2e4c0324ded9b5bf,0
D25-b23cee18a8fa8b0420d2,INSV1-e80f02ce93fc5edea5b8ecba,EC-GAD-DAULE-LPI-GADIMCD-2025-03,MALECON,MATERIAL,M457,TUBERIA PVC ESTRUCTURADA DI=250mm,m,TUBERIA PVC ESTRUCTURADA DI 250MM,m,MATERIAL|m|0|TUBERIA PVC ESTRUCTURADA DI 250MM,ALIAS-931222b326ac2e5864ed8725,0
D25-520a006cbab37620e3f8,INSV1-29e00a9064a7f97dd56e0a8e,EC-GAD-DAULE-LPI-GADIMCD-2025-03,MALECON,MATERIAL,M458,TUBERIA PVC ESTRUCTURADA DI=500mm,m,TUBERIA PVC ESTRUCTURADA DI 500MM,m,MATERIAL|m|0|TUBERIA PVC ESTRUCTURADA DI 500MM,ALIAS-6438b7a3b5176ac878bf3433,0
D25-a8a0f0c022c14818edef,INSV1-f794e33c757f8d043996ae13,EC-GAD-DAULE-LPI-GADIMCD-2025-03,MALECON,MATERIAL,M459,TUBERIA PVC ESTRUCTURADA DI=600mm,m,TUBERIA PVC ESTRUCTURADA DI 600MM,m,MATERIAL|m|0|TUBERIA PVC ESTRUCTURADA DI 600MM,ALIAS-36816be279bb127ec60acdd5,0
D25-bb35aa38f1e1003b7a28,INSV1-6ad77539f2193a077eec52ca,EC-GAD-DAULE-LPI-GADIMCD-2025-03,MALECON,MATERIAL,M460,TUBERIA PVC ESTRUCTURADA DI=700mm,m,TUBERIA PVC ESTRUCTURADA DI 700MM,m,MATERIAL|m|0|TUBERIA PVC ESTRUCTURADA DI 700MM,ALIAS-0dcfd8b51a11e0f51082eaf7,0
D25-72f362efbefb2decd244,INSV1-b714c5b287e05cec99e7eb2b,EC-GAD-DAULE-LPI-GADIMCD-2025-03,MALECON,MATERIAL,M465,REJILLA DE HD TIPO II 0.70x0.60m,u,REJILLA DE HD TIPO II 0.70X0.60M,u,MATERIAL|u|0|REJILLA DE HD TIPO II 0.70X0.60M,ALIAS-10c7d0992a0556fd468a04e2,0
D25-dc5312b02ae4f6b7a166,INSV1-efd9fbdad1067fb0dd7eaaa4,EC-GAD-DAULE-LPI-GADIMCD-2025-03,MALECON,EQUIPO,E68,BOMBA PARA COLOCAR ADITIVO,h,BOMBA PARA COLOCAR ADITIVO,h,EQUIPO|h|0|BOMBA PARA COLOCAR ADITIVO,ALIAS-a552f216b15d0aedf4a800a5,0
D25-de9ba5081f3b3792f22b,INSV1-4201dcf8e83af6f501b56c16,EC-GAD-DAULE-LPI-GADIMCD-2025-03,MALECON,MATERIAL,M467,VALVULA DE CLAPETA DE DESCARGA D=600mm,u,VALVULA DE CLAPETA DE DESCARGA D 600MM,u,MATERIAL|u|0|VALVULA DE CLAPETA DE DESCARGA D 600MM,ALIAS-6131579cf53aee3e8a71d7a9,0
D25-b91defd414efbac0a94f,INSV1-75e98cbf13936b0e11186cea,EC-GAD-DAULE-LPI-GADIMCD-2025-03,MALECON,MATERIAL,M468,VALVULA DE CLAPETA DE DESCARGA D=700mm,u,VALVULA DE CLAPETA DE DESCARGA D 700MM,u,MATERIAL|u|0|VALVULA DE CLAPETA DE DESCARGA D 700MM,ALIAS-d7928b7280f7b9631773aa33,0
D25-3ef0e1dea0bc0d10e03c,INSV1-66bc5ab239a5b9957edd855d,EC-GAD-DAULE-LPI-GADIMCD-2025-03,MALECON,MATERIAL,M469,VALVULA DE CLAPETA DE DESCARGA D=1200mm,u,VALVULA DE CLAPETA DE DESCARGA D 1200MM,u,MATERIAL|u|0|VALVULA DE CLAPETA DE DESCARGA D 1200MM,ALIAS-820103784d440d29972e70c2,0
D25-0aeda6902050f0f2b28b,INSV1-44d38c9575e94397a7c82ffc,EC-GAD-DAULE-LPI-GADIMCD-2025-03,MALECON,MATERIAL,M479,REJILLA DE HD TIPO I 0.70x0.40m,u,REJILLA DE HD TIPO I 0.70X0.40M,u,MATERIAL|u|0|REJILLA DE HD TIPO I 0.70X0.40M,ALIAS-6178ef09fbdaa8f061da470f,0
D25-f454a9614bc257ad11ec,INSV1-ae61f8dfd20878c5eda4dde4,EC-GAD-DAULE-LPI-GADIMCD-2025-03,MALECON,MATERIAL,M470,PERFIL ESTRUCTURAL L 50x3mm,m,PERFIL ESTRUCTURAL L 50X3MM,m,MATERIAL|m|0|PERFIL ESTRUCTURAL L 50X3MM,ALIAS-0b35bdccce3a2e33b270dd67,0
D25-f02577c36f6cfa6fb0f7,INSV1-77c3493c766a86385c72f5c0,EC-GAD-DAULE-LPI-GADIMCD-2025-03,MALECON,MATERIAL,M471,EXTINTOR TIPO A,u,EXTINTOR TIPO A,u,MATERIAL|u|0|EXTINTOR TIPO A,ALIAS-ee42e4a995870f2dcf23779d,0
D25-47f7725d6e589a8f2ef4,INSV1-93674c023debbc9a145ef5be,EC-GAD-DAULE-LPI-GADIMCD-2025-03,MALECON,MATERIAL,M472,LETRERO PROHIBIDO FUMAR,u,LETRERO PROHIBIDO FUMAR,u,MATERIAL|u|0|LETRERO PROHIBIDO FUMAR,ALIAS-6c946f6d55196378942ffde1,0
D25-d2a86af87827ca5018f1,INSV1-690271d1b9febd0a7cc980c2,EC-GAD-DAULE-LPI-GADIMCD-2025-03,MALECON,MATERIAL,M473,ALARMA CONTRAINCENDIO,u,ALARMA CONTRAINCENDIO,u,MATERIAL|u|0|ALARMA CONTRAINCENDIO,ALIAS-5f28a123da92a1e2d62e3744,0
D25-681ca58ba089267200e8,INSV1-5588c455b6d6571f7c77b381,EC-GAD-DAULE-LPI-GADIMCD-2025-03,MALECON,MATERIAL,M474,LETRERO PROHIBIDO HACER FUEGO,u,LETRERO PROHIBIDO HACER FUEGO,u,MATERIAL|u|0|LETRERO PROHIBIDO HACER FUEGO,ALIAS-48404a73dea68b840e6080ba,0
D25-19d4e897c8a23262da8d,INSV1-6a11fb55a866815275dc6050,EC-GAD-DAULE-LPI-GADIMCD-2025-03,MALECON,MATERIAL,M475,DETECTOR DE HUMO,u,DETECTOR DE HUMO,u,MATERIAL|u|0|DETECTOR DE HUMO,ALIAS-b083396d45d7541c1e8afc5f,0
D25-a3c76dafb46d3e1dd163,INSV1-ed6151a0843a4cdaf83399f0,EC-GAD-DAULE-LPI-GADIMCD-2025-03,MALECON,MATERIAL,M476,LETRERO SALIDA ESCALERA DERECHA ABAJO,u,LETRERO SALIDA ESCALERA DERECHA ABAJO,u,MATERIAL|u|0|LETRERO SALIDA ESCALERA DERECHA ABAJO,ALIAS-37cba2a8772d3fc7e462c63d,0
D25-20a2131937cc09f5de0b,INSV1-306db6dad99a554c7212a988,EC-GAD-DAULE-LPI-GADIMCD-2025-03,MALECON,MATERIAL,M477,BOTIQUIN DE PRIMEROS AUXILIOS,u,BOTIQUIN DE PRIMEROS AUXILIOS,u,MATERIAL|u|0|BOTIQUIN DE PRIMEROS AUXILIOS,ALIAS-b95ec9351f056d64699f23c5,0
D25-8b8306fff4592073ef6a,INSV1-c98b969d1c4fb64a71a17234,EC-GAD-DAULE-LPI-GADIMCD-2025-03,MALECON,MATERIAL,M478,LETRERO PUNTO DE ENCUENTRO,u,LETRERO PUNTO DE ENCUENTRO,u,MATERIAL|u|0|LETRERO PUNTO DE ENCUENTRO,ALIAS-1202a8dee430f95af55a64ab,0
D25-fd4408f33bc1424610b5,INSV1-87076f9a81d11519bbcceb9e,EC-GAD-DAULE-LPI-GADIMCD-2025-03,MALECON,MATERIAL,M480,LETRERO SALIDA,u,LETRERO SALIDA,u,MATERIAL|u|0|LETRERO SALIDA,ALIAS-0316658c37f4b093065528f3,0
D25-01ffb8869592997c0495,INSV1-0354c43c3053c85da35a9725,EC-GAD-DAULE-LPI-GADIMCD-2025-03,MALECON,MATERIAL,M481,LUZ DE EMERGENCIA,u,LUZ DE EMERGENCIA,u,MATERIAL|u|0|LUZ DE EMERGENCIA,ALIAS-b129dfb9043d9f83eeaac9cf,0
D25-251f1dae51bf59c6538e,INSV1-1cf4e45327201a09425dbc60,EC-GAD-DAULE-LPI-GADIMCD-2025-03,MALECON,MATERIAL,M482,EXTINTOR TIPO K,u,EXTINTOR TIPO K,u,MATERIAL|u|0|EXTINTOR TIPO K,ALIAS-731a1582289d3496ebda1659,0
D25-07473f92aa9c7e882334,INSV1-693b1ec238c394c6864d9964,EC-GAD-DAULE-LPI-GADIMCD-2025-03,MALECON,MATERIAL,M483,TUBERIA ACERO ASTM A36 DI= 40mm,m,TUBERIA ACERO ASTM A36 DI 40MM,m,MATERIAL|m|0|TUBERIA ACERO ASTM A36 DI 40MM,ALIAS-c48f1af8bb9ec70def6a8df1,0
D25-6a37d38fee8073e278c0,INSV1-a86544bde2fe0881f778b478,EC-GAD-DAULE-LPI-GADIMCD-2025-03,MALECON,MATERIAL,M484,CODO DE ACERO ASTM A36 40mm X 90',u,CODO DE ACERO ASTM A36 40MM X 90',u,MATERIAL|u|0|CODO DE ACERO ASTM A36 40MM X 90',ALIAS-4b313bf6433abfec73f84560,0
D25-dfe3f432248a5ca50d00,INSV1-a643180dba4e75e24281e1e7,EC-GAD-DAULE-LPI-GADIMCD-2025-03,MALECON,MATERIAL,M485,ESPARRAGOS Y TUERCAS,u,ESPARRAGOS Y TUERCAS,u,MATERIAL|u|0|ESPARRAGOS Y TUERCAS,ALIAS-760eb8d6f2471103fa309f8d,0
D25-73207b8a9d2154676d74,INSV1-16b47ff913c706acf98c862c,EC-GAD-DAULE-LPI-GADIMCD-2025-03,MALECON,MATERIAL,M486,BRIDA DE ACERO AL CARBONO ASTM A-105 DN 40mm (INCLUYE PERNOS Y EMPAQUES),u,BRIDA DE ACERO AL CARBONO ASTM A-105 DN 40MM INCLUYE PERNOS Y EMPAQUES,u,MATERIAL|u|0|BRIDA DE ACERO AL CARBONO ASTM A-105 DN 40MM INCLUYE PERNOS Y EMPAQUES,ALIAS-1532fc48a15a0dc60645fad1,0
D25-a04f0b6e25bc8c9ecfbb,INSV1-ce472addcfc35954a6be0487,EC-GAD-DAULE-LPI-GADIMCD-2025-03,MALECON,MATERIAL,M490,"BOMBA CENTRIFUGA TDH=37.1m, Q=8.61 L/S (INCLUYE ACCESORIOS)",u,BOMBA CENTRIFUGA TDH 37.1M Q 8.61 L/S INCLUYE ACCESORIOS,u,MATERIAL|u|0|BOMBA CENTRIFUGA TDH 37.1M Q 8.61 L/S INCLUYE ACCESORIOS,ALIAS-f3b05710241ad73e7127b65b,0
D25-66ce969529faeceeb006,INSV1-130cd89e7a45af0253123460,EC-GAD-DAULE-LPI-GADIMCD-2025-03,MALECON,MATERIAL,M491,REDUCTOR DE ACERO ASTM A36 DE 50 A 40mm,u,REDUCTOR DE ACERO ASTM A36 DE 50 A 40MM,u,MATERIAL|u|0|REDUCTOR DE ACERO ASTM A36 DE 50 A 40MM,ALIAS-465efb9ea1013cd8dfeaec63,0
D25-6243313a174eb967eb35,INSV1-90f63e38a39059a5d36a166b,EC-GAD-DAULE-LPI-GADIMCD-2025-03,MALECON,MATERIAL,M487,BRIDA DE ACERO AL CARBONO ASTM A-105 DN 50mm (INCLUYE PERNOS Y EMPAQUES),u,BRIDA DE ACERO AL CARBONO ASTM A-105 DN 50MM INCLUYE PERNOS Y EMPAQUES,u,MATERIAL|u|0|BRIDA DE ACERO AL CARBONO ASTM A-105 DN 50MM INCLUYE PERNOS Y EMPAQUES,ALIAS-2e0f5fc2eaae516f72a07e36,0
D25-39b458d7710bf460a9df,INSV1-0346c6f041aa6b4c103b8c57,EC-GAD-DAULE-LPI-GADIMCD-2025-03,MALECON,MATERIAL,M492,VALVULA DE COMPUERTA VASTAGO FIJO EXTREMO BRIDADOS PN10/16 DN 80mm,u,VALVULA DE COMPUERTA VASTAGO FIJO EXTREMO BRIDADOS PN10/16 DN 80MM,u,MATERIAL|u|0|VALVULA DE COMPUERTA VASTAGO FIJO EXTREMO BRIDADOS PN10/16 DN 80MM,ALIAS-ac261f821a1319eb5de751d3,0
D25-c82ef1e43e62881b8dfb,INSV1-640c5d43e83b34146264431d,EC-GAD-DAULE-LPI-GADIMCD-2025-03,MALECON,MATERIAL,M493,VALVULA DE RETENCION BRIDADA CHECK TIPO SWING DN80mm PN10/16,u,VALVULA DE RETENCION BRIDADA CHECK TIPO SWING DN80MM PN10/16,u,MATERIAL|u|0|VALVULA DE RETENCION BRIDADA CHECK TIPO SWING DN80MM PN10/16,ALIAS-9ccc161d132aebdba7e33773,0
D25-34956532dde48e1993d6,INSV1-fcf664053048188b45134b36,EC-GAD-DAULE-LPI-GADIMCD-2025-03,MALECON,MATERIAL,M489,BRIDA DE ACERO AL CARBONO ASTM A-105 DN 80mm (INCLUYE PERNOS Y EMPAQUES),u,BRIDA DE ACERO AL CARBONO ASTM A-105 DN 80MM INCLUYE PERNOS Y EMPAQUES,u,MATERIAL|u|0|BRIDA DE ACERO AL CARBONO ASTM A-105 DN 80MM INCLUYE PERNOS Y EMPAQUES,ALIAS-86014124bcbb96d407080294,0
D25-1ee332e76e90ce357e2e,INSV1-d5a9411d43f5efea61ab6765,EC-GAD-DAULE-LPI-GADIMCD-2025-03,MALECON,MATERIAL,M494,UNION UNIVERSAL DE HD RANGO (88-103) DN80mm,u,UNION UNIVERSAL DE HD RANGO 88-103 DN80MM,u,MATERIAL|u|0|UNION UNIVERSAL DE HD RANGO 88-103 DN80MM,ALIAS-3b0943af6e57accbdb0cf955,0
D25-879a19c013f4175bf24b,INSV1-9a879f03c9be49b4e9a170ef,EC-GAD-DAULE-LPI-GADIMCD-2025-03,MALECON,MATERIAL,M498,"VALVULA DE AIRE 3"" TRIPLE ACCION",u,VALVULA DE AIRE 3 TRIPLE ACCION,u,MATERIAL|u|0|VALVULA DE AIRE 3 TRIPLE ACCION,ALIAS-188ec8288c723261ba1b8353,0
D25-cdf37612c9ce91714be6,INSV1-b8ea0f88d3ce8afb056290fb,EC-GAD-DAULE-LPI-GADIMCD-2025-03,MALECON,MATERIAL,M495,TUBERIA PVC/UE 75mm 1.00 MPA (INCLUYE UNION ELASTOMERICA),m,TUBERIA PVC/UE 75MM 1.00 MPA INCLUYE UNION ELASTOMERICA,m,MATERIAL|m|0|TUBERIA PVC/UE 75MM 1.00 MPA INCLUYE UNION ELASTOMERICA,ALIAS-98592e01d5fab87d932ae561,0
D25-077ca00094e742140eb2,INSV1-618760c47af7dc5fa4756dcb,EC-GAD-DAULE-LPI-GADIMCD-2025-03,MALECON,MATERIAL,M819,CODO LR PVC E-UZ 90' x 75mm PN10,u,CODO LR PVC E-UZ 90' X 75MM PN10,u,MATERIAL|u|0|CODO LR PVC E-UZ 90' X 75MM PN10,ALIAS-a852a829eb4a73751aef4cb0,0
D25-392d38d3737c4c96da87,INSV1-09fef02c1b81eb9db2ed3b28,EC-GAD-DAULE-LPI-GADIMCD-2025-03,MALECON,MATERIAL,M497,"ADAPTADOR BRIDA PVC 3""",u,ADAPTADOR BRIDA PVC 3,u,MATERIAL|u|0|ADAPTADOR BRIDA PVC 3,ALIAS-f73bba07ee65cfedc09ddbcf,0
D25-3aef5b95f111d010991c,INSV1-9b4f5bf4014fc28b3ee2b1f2,EC-GAD-DAULE-LPI-GADIMCD-2025-03,MALECON,MATERIAL,M499,TUBERIA PVC LISA DESAGUE DI=75 mm,m,TUBERIA PVC LISA DESAGUE DI 75 MM,m,MATERIAL|m|0|TUBERIA PVC LISA DESAGUE DI 75 MM,ALIAS-f4e9a948436b3e0250e5c717,0
D25-98157de84979e6aa97e6,INSV1-3cd370621f4ea3f7494cf88c,EC-GAD-DAULE-LPI-GADIMCD-2025-03,MALECON,MATERIAL,M500,VARILLA DE ACERO INOXIDABLE D=20mm,m,VARILLA DE ACERO INOXIDABLE D 20MM,m,MATERIAL|m|0|VARILLA DE ACERO INOXIDABLE D 20MM,ALIAS-2e40861e00243ea9fd238707,0
D25-27b6db646ab5e33ae475,INSV1-1d9d04f4a4624e1da6a1cd9e,EC-GAD-DAULE-LPI-GADIMCD-2025-03,MALECON,MATERIAL,M501,PLACA DE ACERO INOXIDABLE E=6mm,m2,PLACA DE ACERO INOXIDABLE E 6MM,m2,MATERIAL|m2|0|PLACA DE ACERO INOXIDABLE E 6MM,ALIAS-1df4c85bad875c8de4c31673,0
D25-af91e80f4b513d0807bb,INSV1-0e983686295d811c7eef8c7e,EC-GAD-DAULE-LPI-GADIMCD-2025-03,MALECON,MATERIAL,M502,"TUBO EN ACERO INOXIDABLE 2""",m,TUBO EN ACERO INOXIDABLE 2,m,MATERIAL|m|0|TUBO EN ACERO INOXIDABLE 2,ALIAS-f083017f4e5e84a350b29ab2,0
D25-013002186b619816e101,INSV1-dedce4ffb968e6439dcf2479,EC-GAD-DAULE-LPI-GADIMCD-2025-03,MALECON,MATERIAL,M503,FLOTADOR DE NIVEL CISTERNA (ELECTRONIVEL),u,FLOTADOR DE NIVEL CISTERNA ELECTRONIVEL,u,MATERIAL|u|0|FLOTADOR DE NIVEL CISTERNA ELECTRONIVEL,ALIAS-2671a9ddae4cc99f24714fc2,0
D25-2ce27f1faeb3aae082a3,INSV1-7b76108b86f58df916db404a,EC-GAD-DAULE-LPI-GADIMCD-2025-03,MALECON,MATERIAL,M504,"PASAMURO PARA TUBERIA DE H.F. 75mm, L =0.40m",u,PASAMURO PARA TUBERIA DE H.F. 75MM L 0.40M,u,MATERIAL|u|0|PASAMURO PARA TUBERIA DE H.F. 75MM L 0.40M,ALIAS-b2ddbe5d6ce18fbb86e540f1,0
D25-62ccc85a28ab45dff353,INSV1-73dd4e0d4a01851f7b5ffe97,EC-GAD-DAULE-LPI-GADIMCD-2025-03,MALECON,MATERIAL,M505,"VALVULA CHECK CON CANASTILLA DE BRONCE 2 1/2""",u,VALVULA CHECK CON CANASTILLA DE BRONCE 2 1/2,u,MATERIAL|u|0|VALVULA CHECK CON CANASTILLA DE BRONCE 2 1/2,ALIAS-bcb67e5afecf192f09260287,0
D25-f7cd88bb62660667a650,INSV1-b27102427b487e852434b0e8,EC-GAD-DAULE-LPI-GADIMCD-2025-03,MALECON,MATERIAL,M488,BRIDA DE ACERO AL CARBONO ASTM A-105 DN 65mm (INCLUYE PERNOS Y EMPAQUES),u,BRIDA DE ACERO AL CARBONO ASTM A-105 DN 65MM INCLUYE PERNOS Y EMPAQUES,u,MATERIAL|u|0|BRIDA DE ACERO AL CARBONO ASTM A-105 DN 65MM INCLUYE PERNOS Y EMPAQUES,ALIAS-0478aaebc529d9bce0daac6b,0
D25-6fa3ada731f5252956f6,INSV1-17ed9e28ba1d749b041f72c9,EC-GAD-DAULE-LPI-GADIMCD-2025-03,MALECON,MATERIAL,M506,TUBERIA ACERO ASTM A36 D=65 mm,m,TUBERIA ACERO ASTM A36 D 65 MM,m,MATERIAL|m|0|TUBERIA ACERO ASTM A36 D 65 MM,ALIAS-4e0bbd9db85df98ee91e1883,0
D25-f3619f4ea740ad31634a,INSV1-8c962c35454d497543973e61,EC-GAD-DAULE-LPI-GADIMCD-2025-03,MALECON,MATERIAL,M507,CODO DE ACERO ASTM A36 D= 65mmX90',u,CODO DE ACERO ASTM A36 D 65MMX90',u,MATERIAL|u|0|CODO DE ACERO ASTM A36 D 65MMX90',ALIAS-07ed2a3d5f05a67de2e3f45d,0
D25-04a2ce641b868942212c,INSV1-1bf33cb042ba716172c68136,EC-GAD-DAULE-LPI-GADIMCD-2025-03,MALECON,MATERIAL,M508,"BOMBA CENTRIFUGA TDH=21.5m, Q=4.58 L/S (INCLUYE ACCESORIOS)",u,BOMBA CENTRIFUGA TDH 21.5M Q 4.58 L/S INCLUYE ACCESORIOS,u,MATERIAL|u|0|BOMBA CENTRIFUGA TDH 21.5M Q 4.58 L/S INCLUYE ACCESORIOS,ALIAS-9ee7acf77fc917da627266a9,0
D25-813f087faba70aefb988,INSV1-d6cbe40cd059eb7bba269568,EC-GAD-DAULE-LPI-GADIMCD-2025-03,MALECON,MATERIAL,M509,REDUCTOR DE ACERO ASTM A36 DE 65 A 50mm,u,REDUCTOR DE ACERO ASTM A36 DE 65 A 50MM,u,MATERIAL|u|0|REDUCTOR DE ACERO ASTM A36 DE 65 A 50MM,ALIAS-a1708e9c6c512fc0bb23cab1,0
D25-1babf4f151ae5862856c,INSV1-e450a9cb49b97497ea88f18a,EC-GAD-DAULE-LPI-GADIMCD-2025-03,MALECON,MATERIAL,M510,VALVULA DE COMPUERTA VASTAGO FIJO EXTREMOS BRIDADOS PN10/16 DN 50mm,u,VALVULA DE COMPUERTA VASTAGO FIJO EXTREMOS BRIDADOS PN10/16 DN 50MM,u,MATERIAL|u|0|VALVULA DE COMPUERTA VASTAGO FIJO EXTREMOS BRIDADOS PN10/16 DN 50MM,ALIAS-6fa89afcae666aa19fc57206,0
D25-32fd8ba739898b7927c5,INSV1-a6d06ebd0b58912efe12c3cf,EC-GAD-DAULE-LPI-GADIMCD-2025-03,MALECON,MATERIAL,M511,VALVULA DE RETENCION BRIDADA CHECK TIPO SWING DN50mm PN10/16,u,VALVULA DE RETENCION BRIDADA CHECK TIPO SWING DN50MM PN10/16,u,MATERIAL|u|0|VALVULA DE RETENCION BRIDADA CHECK TIPO SWING DN50MM PN10/16,ALIAS-d42eb4f937167ee06e5b2fef,0
D25-b6e98066d2379d605a93,INSV1-15d708fc50e5de9f302ebb87,EC-GAD-DAULE-LPI-GADIMCD-2025-03,MALECON,MATERIAL,M512,UNION UNIVERSAL DE HD RANGO (59-73) DN50mm,u,UNION UNIVERSAL DE HD RANGO 59-73 DN50MM,u,MATERIAL|u|0|UNION UNIVERSAL DE HD RANGO 59-73 DN50MM,ALIAS-97dfda298d0887e4012c0cf2,0
D25-30ba840d6ab9ed2051b5,INSV1-f3b847dc115864b9861f00bc,EC-GAD-DAULE-LPI-GADIMCD-2025-03,MALECON,MATERIAL,M513,"VALVULA DE AIRE 2"" TRIPLE ACCION PN16",u,VALVULA DE AIRE 2 TRIPLE ACCION PN16,u,MATERIAL|u|0|VALVULA DE AIRE 2 TRIPLE ACCION PN16,ALIAS-115fd2c6462a1e0ee85cbcc8,0
D25-b92967cd8c55ffe938ec,INSV1-0999e119db1a3ac3acd7dde1,EC-GAD-DAULE-LPI-GADIMCD-2025-03,MALECON,MATERIAL,M514,TUBERIA PVC/UE 50mm 1.00 MPA (INCLUYE UNION ELASTOMERICA),m,TUBERIA PVC/UE 50MM 1.00 MPA INCLUYE UNION ELASTOMERICA,m,MATERIAL|m|0|TUBERIA PVC/UE 50MM 1.00 MPA INCLUYE UNION ELASTOMERICA,ALIAS-2dab8b9ac680b5e599b8a87b,0
D25-c28a99859a7e031a9861,INSV1-0661982753e16d3cfb4db3ae,EC-GAD-DAULE-LPI-GADIMCD-2025-03,MALECON,MATERIAL,M515,CODO LR PVC E-UZ 90' X 50mm PN10,u,CODO LR PVC E-UZ 90' X 50MM PN10,u,MATERIAL|u|0|CODO LR PVC E-UZ 90' X 50MM PN10,ALIAS-2a84490b8d99a128b9f8a2f8,0
D25-e071e640aa079cd25b7f,INSV1-61e736281f01f2602eb59625,EC-GAD-DAULE-LPI-GADIMCD-2025-03,MALECON,MATERIAL,M516,"ADAPTADOR BRIDA PVC 50mm/2""",u,ADAPTADOR BRIDA PVC 50MM/2,u,MATERIAL|u|0|ADAPTADOR BRIDA PVC 50MM/2,ALIAS-35c9add6e53ca230c792f0ab,0
D25-bd5cb2b9a583ae7e79ca,INSV1-d7bb5fd94845712e36804cc9,EC-GAD-DAULE-LPI-GADIMCD-2025-03,MALECON,MATERIAL,M517,UNION MECANICA 50mm,u,UNION MECANICA 50MM,u,MATERIAL|u|0|UNION MECANICA 50MM,ALIAS-c0cc0958ea069ab4d6a3eba0,0
D25-90cf674f001d909668c8,INSV1-3a5a7be0af585cd66ca5b1e4,EC-GAD-DAULE-LPI-GADIMCD-2025-03,MALECON,MATERIAL,M518,"PASAMURO PARA TUBERIA DE H.F. 50mm, L =0.40m",u,PASAMURO PARA TUBERIA DE H.F. 50MM L 0.40M,u,MATERIAL|u|0|PASAMURO PARA TUBERIA DE H.F. 50MM L 0.40M,ALIAS-4de73707350a77973fe45870,0
D25-34d5f7cc276252cb4375,INSV1-6af484f885f9fe626159571a,EC-GAD-DAULE-LPI-GADIMCD-2025-03,MALECON,MATERIAL,M519,CODO DE ACERO ASTM A36 50mm X 90',u,CODO DE ACERO ASTM A36 50MM X 90',u,MATERIAL|u|0|CODO DE ACERO ASTM A36 50MM X 90',ALIAS-dcff6f47e4cb838bb9e84001,0
D25-3077d555afed77ec99e6,INSV1-b65a6db6c8e6081fdefbcfa0,EC-GAD-DAULE-LPI-GADIMCD-2025-03,MALECON,MATERIAL,M520,REDUCTOR DE PVC INY CC 40 A 25mm,u,REDUCTOR DE PVC INY CC 40 A 25MM,u,MATERIAL|u|0|REDUCTOR DE PVC INY CC 40 A 25MM,ALIAS-d65374b53f4e22d3a49eecf0,0
D25-3000a1ccd9ac4715d15e,INSV1-77295c99a479aafc512541ea,EC-GAD-DAULE-LPI-GADIMCD-2025-03,MALECON,MATERIAL,M521,REDUCTOR DE PVC INY CC 50 A 40mm,u,REDUCTOR DE PVC INY CC 50 A 40MM,u,MATERIAL|u|0|REDUCTOR DE PVC INY CC 50 A 40MM,ALIAS-c7885c31db7a88793d557d94,0
D25-f59a9d8a513ea8c82236,INSV1-523e700a6ef8d365346b441a,EC-GAD-DAULE-LPI-GADIMCD-2025-03,MALECON,MATERIAL,M523,"VALVULA DE AIRE 1"" TRIPLE ACCION ROSCADA DE FUNDICION DUCTIL PN16",u,VALVULA DE AIRE 1 TRIPLE ACCION ROSCADA DE FUNDICION DUCTIL PN16,u,MATERIAL|u|0|VALVULA DE AIRE 1 TRIPLE ACCION ROSCADA DE FUNDICION DUCTIL PN16,ALIAS-250784870c8ffa8b3c0f0050,0
D25-d73cb65c708c8fe9d747,INSV1-6500809746bb3b8d19114eb6,EC-GAD-DAULE-LPI-GADIMCD-2025-03,MALECON,MATERIAL,M522,"CODO PVC ROSCABLE 1""x90'",u,CODO PVC ROSCABLE 1 X90',u,MATERIAL|u|0|CODO PVC ROSCABLE 1 X90',ALIAS-3ae168fd026a739df273a5b5,0
D25-ce3dbcce92b716ae2817,INSV1-122f48698c64237be204618d,EC-GAD-DAULE-LPI-GADIMCD-2025-03,MALECON,MATERIAL,M524,"PASAMURO PARA TUBERIA DE H.F. 25mm, L =0.30m",u,PASAMURO PARA TUBERIA DE H.F. 25MM L 0.30M,u,MATERIAL|u|0|PASAMURO PARA TUBERIA DE H.F. 25MM L 0.30M,ALIAS-9822227bc926971c8f1aa5ab,0
D25-12c5ba5ef167befa91ee,INSV1-c606d0adbefb4cc2a2e61d42,EC-GAD-DAULE-LPI-GADIMCD-2025-03,MALECON,MATERIAL,M525,"VÁLVULA DE CORTE 1""",u,VALVULA DE CORTE 1,u,MATERIAL|u|0|VALVULA DE CORTE 1,ALIAS-bd57ddf2387ad08faeb638e3,0
D25-94f309021a144cbd2d6f,INSV1-44ec59a187b380e3b9dab21e,EC-GAD-DAULE-LPI-GADIMCD-2025-03,MALECON,MATERIAL,M526,"VALVULA CHECK ROSCADA PVC D=1 1/2""",u,VALVULA CHECK ROSCADA PVC D 1 1/2,u,MATERIAL|u|0|VALVULA CHECK ROSCADA PVC D 1 1/2,ALIAS-4b566c0dabf97101e7dc846c,0
D25-69a4bd8beb265d26d0c6,INSV1-c236dabb8094b56e9cff62a5,EC-GAD-DAULE-LPI-GADIMCD-2025-03,MALECON,MATERIAL,M527,"VÁLVULA DE CORTE 1 1/2""",u,VALVULA DE CORTE 1 1/2,u,MATERIAL|u|0|VALVULA DE CORTE 1 1/2,ALIAS-de144e0f4055daad34a9a37b,0
D25-1f35f4eab2cfbf42eaf3,INSV1-c1865c23b74540776666799e,EC-GAD-DAULE-LPI-GADIMCD-2025-03,MALECON,MATERIAL,M528,TAPA DRENAJE DE FONDO,u,TAPA DRENAJE DE FONDO,u,MATERIAL|u|0|TAPA DRENAJE DE FONDO,ALIAS-37886b064c0b864256ab4215,0
D25-fc6731ab94edcc7e3959,INSV1-1d0f76872fb04d1428fd72f1,EC-GAD-DAULE-LPI-GADIMCD-2025-03,MALECON,MATERIAL,M529,BOQUILLA RETORNO 1 1/2 x 1/2,u,BOQUILLA RETORNO 1 1/2 X 1/2,u,MATERIAL|u|0|BOQUILLA RETORNO 1 1/2 X 1/2,ALIAS-56a32979c5c96579151055c2,0
D25-e82c4e285c641d0d0874,INSV1-0e76ddfc8362b2e1cebd5ff0,EC-GAD-DAULE-LPI-GADIMCD-2025-03,MALECON,MATERIAL,M530,"FILTRO 24""",u,FILTRO 24,u,MATERIAL|u|0|FILTRO 24,ALIAS-db747851f82e905f0ea90006,0
D25-3c62a4ba98403e92b04b,INSV1-55d1d67de2b984b4d7c53ba5,EC-GAD-DAULE-LPI-GADIMCD-2025-03,MALECON,MATERIAL,M531,IMPERMEABILIZANTE INTEGRAL ENLUCIDOS Y MORTEROS,Kg,IMPERMEABILIZANTE INTEGRAL ENLUCIDOS Y MORTEROS,kg,MATERIAL|kg|0|IMPERMEABILIZANTE INTEGRAL ENLUCIDOS Y MORTEROS,ALIAS-c8c3884916cec42a9e28e365,0
D25-b1da1ab389b2ed0dff62,INSV1-9925baf3cfeec97d79bf68f9,EC-GAD-DAULE-LPI-GADIMCD-2025-03,MALECON,MATERIAL,M532,PIEDRA NATURAL TRITURADA,Kg,PIEDRA NATURAL TRITURADA,kg,MATERIAL|kg|0|PIEDRA NATURAL TRITURADA,ALIAS-70957092fc52329338f97da4,0
D25-fab5c941f42b66099563,INSV1-ae7b86d63e30d8b31997f294,EC-GAD-DAULE-LPI-GADIMCD-2025-03,MALECON,MATERIAL,M533,PINTURA PARA PISCINA,galón (US),PINTURA PARA PISCINA,galón (us),MATERIAL|galón (us)|0|PINTURA PARA PISCINA,ALIAS-91b0fbc08c89369528fc6156,0
D25-37b6053c2bcdab7d5a5b,INSV1-14a05296b506f569bcf7402a,EC-GAD-DAULE-LPI-GADIMCD-2025-03,MALECON,MATERIAL,M534,BOMBA CENTRIFUGA 1 HP,u,BOMBA CENTRIFUGA 1 HP,u,MATERIAL|u|0|BOMBA CENTRIFUGA 1 HP,ALIAS-4d684067edd3cc7f9e018d52,0
D25-ce29947a23592e9eba45,INSV1-fb2e38a1c1902501a7b3dd73,EC-GAD-DAULE-LPI-GADIMCD-2025-03,MALECON,MATERIAL,M535,"VALVULA CHECK ROSCADA PVC D=3/4""",u,VALVULA CHECK ROSCADA PVC D 3/4,u,MATERIAL|u|0|VALVULA CHECK ROSCADA PVC D 3/4,ALIAS-cd25f536bc6f6259b9b607cf,0
D25-bc3ef6dec32309687d92,INSV1-1ae4926f3bc96d6539ea9aca,EC-GAD-DAULE-LPI-GADIMCD-2025-03,MALECON,MATERIAL,M536,"LLAVE DE PICO DE BRONCE 1/2""",u,LLAVE DE PICO DE BRONCE 1/2,u,MATERIAL|u|0|LLAVE DE PICO DE BRONCE 1/2,ALIAS-92bcf5575e830c2e581f21ab,0
D25-4163752ae0cfda13695e,INSV1-8672b65934e3c5fce0ad52ef,EC-GAD-DAULE-LPI-GADIMCD-2025-03,MALECON,MATERIAL,M537,REDUCTOR DE 1 1/2 A 3/4 IN PP ROSCABLE,u,REDUCTOR DE 1 1/2 A 3/4 IN PP ROSCABLE,u,MATERIAL|u|0|REDUCTOR DE 1 1/2 A 3/4 IN PP ROSCABLE,ALIAS-f37c6c398f34b27d822727da,0
D25-418c2781be3a079b2702,INSV1-99bb456f0d4bbe30bc77b04d,EC-GAD-DAULE-LPI-GADIMCD-2025-03,MALECON,MATERIAL,M538,MANGUERA LIMPIADORA 12m,u,MANGUERA LIMPIADORA 12M,u,MATERIAL|u|0|MANGUERA LIMPIADORA 12M,ALIAS-9abd7ed8278d61298e1a2a60,0
D25-65017c51df809dda9db8,INSV1-daaf851417e9779de3bc4836,EC-GAD-DAULE-LPI-GADIMCD-2025-03,MALECON,MATERIAL,M539,ASPIRADORA RUEDA MANGO ALUMINIO,u,ASPIRADORA RUEDA MANGO ALUMINIO,u,MATERIAL|u|0|ASPIRADORA RUEDA MANGO ALUMINIO,ALIAS-5c66fa0b4fac1717b67a44e8,0
D25-8b07fa22749b1d81e070,INSV1-3a05dadbbedec7829adfbfab,EC-GAD-DAULE-LPI-GADIMCD-2025-03,MALECON,MATERIAL,M540,CEPILLO #18,u,CEPILLO 18,u,MATERIAL|u|0|CEPILLO 18,ALIAS-fce486bba8da53c7f98660be,0
D25-323f42f01541636655ec,INSV1-b7a2566067fc8f59168b44e5,EC-GAD-DAULE-LPI-GADIMCD-2025-03,MALECON,MATERIAL,M541,CERNIDERA DE HOJAS FILO BLANCO,u,CERNIDERA DE HOJAS FILO BLANCO,u,MATERIAL|u|0|CERNIDERA DE HOJAS FILO BLANCO,ALIAS-0517f98454848012a6ac2123,0
D25-4d2e84ee70ef41b725f0,INSV1-e2842bb278b996ecc25ef66d,EC-GAD-DAULE-LPI-GADIMCD-2025-03,MALECON,MATERIAL,M542,MANGO TELESCOPICO,u,MANGO TELESCOPICO,u,MATERIAL|u|0|MANGO TELESCOPICO,ALIAS-603670f44d288aef7a3a99d1,0
D25-b571b3c14a082cf6d546,INSV1-dbe82dede8cf31094fd0d99f,EC-GAD-DAULE-LPI-GADIMCD-2025-03,MALECON,MATERIAL,M543,"ABRAZADERA GALVANIZADA DE 3/4""",u,ABRAZADERA GALVANIZADA DE 3/4,u,MATERIAL|u|0|ABRAZADERA GALVANIZADA DE 3/4,ALIAS-42b301e7fd8755edb5fd78b0,0
D25-67080ee504ba0b35c036,INSV1-6b7ffc8b1dabc4401e6ef1d1,EC-GAD-DAULE-LPI-GADIMCD-2025-03,MALECON,EQUIPO,E69,HIDROCLEANER,h,HIDROCLEANER,h,EQUIPO|h|0|HIDROCLEANER,ALIAS-fe4a3f7c0de0276e04e5f131,0
D25-7d3d5e47e5f5b69d5554,INSV1-e2d659210cb6494f9e4e9ecf,EC-GAD-DAULE-LPI-GADIMCD-2025-03,MALECON,EQUIPO,E70,TAPON NEUMATICO,h,TAPON NEUMATICO,h,EQUIPO|h|0|TAPON NEUMATICO,ALIAS-38d74b1ef20df9e54a776f0d,0
D25-a1174f92b22ff4526561,INSV1-42067d30fe46fbde5444d4cc,EC-GAD-DAULE-LPI-GADIMCD-2025-03,MALECON,MATERIAL,M544,TECLE ELECTRICO DE 3 Tn 15m DE LEVANTE (INCLUYE TROLLEY Y RIELES),u,TECLE ELECTRICO DE 3 TN 15M DE LEVANTE INCLUYE TROLLEY Y RIELES,u,MATERIAL|u|0|TECLE ELECTRICO DE 3 TN 15M DE LEVANTE INCLUYE TROLLEY Y RIELES,ALIAS-9db756c18f18acfa41b05a20,0
D25-035cbb7488f9eab7f997,INSV1-bd38a78d2064728b93112615,EC-GAD-DAULE-LPI-GADIMCD-2025-03,MALECON,MATERIAL,M545,"BOMBA SUMERGIBLE Q=35.33 L/S, TDH=11.33m",u,BOMBA SUMERGIBLE Q 35.33 L/S TDH 11.33M,u,MATERIAL|u|0|BOMBA SUMERGIBLE Q 35.33 L/S TDH 11.33M,ALIAS-956204d61718900bffead490,0
D25-c76276e2563719a74b5f,INSV1-a59463e7bdc6f228b2442650,EC-GAD-DAULE-LPI-GADIMCD-2025-03,MALECON,MATERIAL,M546,BASE DE BOMBA AUTO ACOPLE DN100,u,BASE DE BOMBA AUTO ACOPLE DN100,u,MATERIAL|u|0|BASE DE BOMBA AUTO ACOPLE DN100,ALIAS-7d2fdd92b4c565a98ee46ada,0
D25-49aacdaff06fdcb31862,INSV1-bd9f9ef6dc89df0e5e64f1b9,EC-GAD-DAULE-LPI-GADIMCD-2025-03,MALECON,MATERIAL,M547,VALVULA DE COMPUERTA TIPO GUILLOTINA D=200mm,u,VALVULA DE COMPUERTA TIPO GUILLOTINA D 200MM,u,MATERIAL|u|0|VALVULA DE COMPUERTA TIPO GUILLOTINA D 200MM,ALIAS-15cc215106a192aa5dc6dd90,0
D25-08790172e6607716df2d,INSV1-79fe5832a51c8a0e64c66bfb,EC-GAD-DAULE-LPI-GADIMCD-2025-03,MALECON,MATERIAL,M548,PERFIL G 100x50x25x5,m,PERFIL G 100X50X25X5,m,MATERIAL|m|0|PERFIL G 100X50X25X5,ALIAS-527f5417536d60d04e16661b,0
D25-be059d30de9c5b963390,INSV1-bada375918b71777d42bcbc4,EC-GAD-DAULE-LPI-GADIMCD-2025-03,MALECON,MATERIAL,M549,VARILLA REDONDA CORRUGADA 12 mm,m,VARILLA REDONDA CORRUGADA 12 MM,m,MATERIAL|m|0|VARILLA REDONDA CORRUGADA 12 MM,ALIAS-634d9acfdef24194f8df12f3,0
D25-916bc81266f8e163e417,INSV1-60ee3ec4fdd1677df364a747,EC-GAD-DAULE-LPI-GADIMCD-2025-03,MALECON,MATERIAL,M550,"PERNO DE ACERO INOXIDABLE 1/2 x 5""",u,PERNO DE ACERO INOXIDABLE 1/2 X 5,u,MATERIAL|u|0|PERNO DE ACERO INOXIDABLE 1/2 X 5,ALIAS-29f300e90921db0726f77e9a,0
D25-9128b7243b9344cb7a89,INSV1-c48aae29a512167c79a8f88a,EC-GAD-DAULE-LPI-GADIMCD-2025-03,MALECON,MATERIAL,M551,RUEDA EN V CON PERNO 100 mm,u,RUEDA EN V CON PERNO 100 MM,u,MATERIAL|u|0|RUEDA EN V CON PERNO 100 MM,ALIAS-ddb18b5cbedc1fe4efa4a406,0
D25-3a9ea03950302451ed84,INSV1-f7a297ab48de62ff462fe52f,EC-GAD-DAULE-LPI-GADIMCD-2025-03,MALECON,MATERIAL,M552,"GANCHO EN ACERO INOXIDABLE 1/2""",u,GANCHO EN ACERO INOXIDABLE 1/2,u,MATERIAL|u|0|GANCHO EN ACERO INOXIDABLE 1/2,ALIAS-ec3fbc841c9cd93552960b5f,0
D25-620c2ed46c08956e68d8,INSV1-8e443ce583247af3e6931997,EC-GAD-DAULE-LPI-GADIMCD-2025-03,MALECON,EQUIPO,E71,CORTADORA DE CONCRETO,h,CORTADORA DE CONCRETO,h,EQUIPO|h|0|CORTADORA DE CONCRETO,ALIAS-e08f174c93b5dfeddebd9729,0
D25-79f0b8c1914a0036e864,INSV1-1611c65ac742bd1720ae08c0,EC-GAD-DAULE-LPI-GADIMCD-2025-03,MALECON,MATERIAL,M553,CADENA GALVANIZADA CON GRILLETE 8mm,m,CADENA GALVANIZADA CON GRILLETE 8MM,m,MATERIAL|m|0|CADENA GALVANIZADA CON GRILLETE 8MM,ALIAS-7b838898b553e6598a358460,0
D25-014269ec5d3de933d654,INSV1-eba5abea811b8ba9f559c874,EC-GAD-DAULE-LPI-GADIMCD-2025-03,MALECON,MATERIAL,M554,VALVULA DE RETENCION BRIDADA CHECK TIPO SWING DN150mm PN10/16,u,VALVULA DE RETENCION BRIDADA CHECK TIPO SWING DN150MM PN10/16,u,MATERIAL|u|0|VALVULA DE RETENCION BRIDADA CHECK TIPO SWING DN150MM PN10/16,ALIAS-5919210a3679d0252eb1b182,0
D25-0f989872cc4f63397d51,INSV1-67bcb609fddcd1e3f50bf4d0,EC-GAD-DAULE-LPI-GADIMCD-2025-03,MALECON,MATERIAL,M555,VALVULA DE COMPUERTA VASTAGO FIJO EXTREMOS BRIDADOS PN10/16 DN 150mm,u,VALVULA DE COMPUERTA VASTAGO FIJO EXTREMOS BRIDADOS PN10/16 DN 150MM,u,MATERIAL|u|0|VALVULA DE COMPUERTA VASTAGO FIJO EXTREMOS BRIDADOS PN10/16 DN 150MM,ALIAS-c0073d509562c5c784e4e594,0
D25-a1da4e020a9d9c1c91e8,INSV1-06de9fe855cd914911b337f8,EC-GAD-DAULE-LPI-GADIMCD-2025-03,MALECON,MATERIAL,M556,JUNTA DE DESMONTAJE DN150mm PN16,u,JUNTA DE DESMONTAJE DN150MM PN16,u,MATERIAL|u|0|JUNTA DE DESMONTAJE DN150MM PN16,ALIAS-b5e4b6ca20b3c060567223b5,0
D25-8a32f8eca884717e041e,INSV1-e15109e199963e803b473a25,EC-GAD-DAULE-LPI-GADIMCD-2025-03,MALECON,MATERIAL,M557,BRIDA DE ACERO AL CARBONO ASTM A-105 DN 150mm (INCLUYE PERNOS Y EMPAQUES),u,BRIDA DE ACERO AL CARBONO ASTM A-105 DN 150MM INCLUYE PERNOS Y EMPAQUES,u,MATERIAL|u|0|BRIDA DE ACERO AL CARBONO ASTM A-105 DN 150MM INCLUYE PERNOS Y EMPAQUES,ALIAS-5182163174539ce390966498,0
D25-40b9e5f816ea253ee07d,INSV1-8e8d37c56d319c2497f10898,EC-GAD-DAULE-LPI-GADIMCD-2025-03,MALECON,MATERIAL,M558,TUBERIA ACERO ASTM A36 DI= 150mm,m,TUBERIA ACERO ASTM A36 DI 150MM,m,MATERIAL|m|0|TUBERIA ACERO ASTM A36 DI 150MM,ALIAS-b3d22f90f3abdda2fcacd9a1,0
D25-2de90d884601308ea479,INSV1-f01ecf9a4331b34c40c9d7c1,EC-GAD-DAULE-LPI-GADIMCD-2025-03,MALECON,MATERIAL,M559,CODO DE ACERO ASTM A36 150mm X 90',u,CODO DE ACERO ASTM A36 150MM X 90',u,MATERIAL|u|0|CODO DE ACERO ASTM A36 150MM X 90',ALIAS-bdbc1664e6c45940908363b3,0
D25-892736032a04fb6a9ef1,INSV1-b15621589ddeb19b44c15e60,EC-GAD-DAULE-LPI-GADIMCD-2025-03,MALECON,MATERIAL,M560,COLGADOR PARA TUBERIA 8 IN,u,COLGADOR PARA TUBERIA 8 IN,u,MATERIAL|u|0|COLGADOR PARA TUBERIA 8 IN,ALIAS-ca82e338c96ed500f6fa9978,0
D25-2647fd50183215be53df,INSV1-d417aab8e1723e8885aa6b20,EC-GAD-DAULE-LPI-GADIMCD-2025-03,MALECON,EQUIPO,E72,TALADRO ELECTRICO,h,TALADRO ELECTRICO,h,EQUIPO|h|0|TALADRO ELECTRICO,ALIAS-46f54175b494342bf346a2c5,0
D25-a21d784874e9fe492fce,INSV1-3b5cb5c357b8e2e0e48567f9,EC-GAD-DAULE-LPI-GADIMCD-2025-03,MALECON,MATERIAL,M561,"PASAMURO PARA TUBERIA DE H.F. 150mm, L =0.40m",u,PASAMURO PARA TUBERIA DE H.F. 150MM L 0.40M,u,MATERIAL|u|0|PASAMURO PARA TUBERIA DE H.F. 150MM L 0.40M,ALIAS-c1381092b23008105414f6e8,0
D25-403cb236a5c069218e56,INSV1-0c8e2c11c6ba4bd076d408f5,EC-GAD-DAULE-LPI-GADIMCD-2025-03,MALECON,MATERIAL,M562,"ABRAZADERA GALVANIZADA DE 4""",u,ABRAZADERA GALVANIZADA DE 4,u,MATERIAL|u|0|ABRAZADERA GALVANIZADA DE 4,ALIAS-1afbf1a0df11cbca9b996511,0
D25-93ef81c238c51d91fd75,INSV1-40e7ba6bd318d2780df0b07f,EC-GAD-DAULE-LPI-GADIMCD-2025-03,MALECON,MATERIAL,M563,TUBERIA DE VENTILACION PVC EC DI=110 mm,m,TUBERIA DE VENTILACION PVC EC DI 110 MM,m,MATERIAL|m|0|TUBERIA DE VENTILACION PVC EC DI 110 MM,ALIAS-38283ee654441a7c2ad6528c,0
D25-5a01f42296de295d536b,INSV1-7f321bd90c409cee4f5659b1,EC-GAD-DAULE-LPI-GADIMCD-2025-03,MALECON,MATERIAL,M564,"PERNO DE EXPANSION D=12mm, L=7"" (INCLUYE ARANDELA Y TUERCA)",u,PERNO DE EXPANSION D 12MM L 7 INCLUYE ARANDELA Y TUERCA,u,MATERIAL|u|0|PERNO DE EXPANSION D 12MM L 7 INCLUYE ARANDELA Y TUERCA,ALIAS-d7207811856684ae5a59db6b,0
D25-b8a3a9d55f3c4598df25,INSV1-e57cbd245456998de87670a6,EC-GAD-DAULE-LPI-GADIMCD-2025-03,MALECON,MATERIAL,M565,PLATINA 75x6mm,m,PLATINA 75X6MM,m,MATERIAL|m|0|PLATINA 75X6MM,ALIAS-2a54e5ede8354f26bd74c884,0
D25-e7be4a8b3b1ed29a1e39,INSV1-3abec716c8fa4c92c5747b70,EC-GAD-DAULE-LPI-GADIMCD-2025-03,MALECON,MATERIAL,M566,VARILLA Ø20mm,m,VARILLA DIAM 20MM,m,MATERIAL|m|0|VARILLA DIAM 20MM,ALIAS-39bdb2ad7d14670f07b7a648,0
D25-472a01fc112b0ad8faf3,INSV1-a8a16aa255013ed14e59c60a,EC-GAD-DAULE-LPI-GADIMCD-2025-03,MALECON,MATERIAL,M567,PLACA 6mm,m2,PLACA 6MM,m2,MATERIAL|m2|0|PLACA 6MM,ALIAS-d2af8ab294e0f6f80dd5126d,0
D25-aaf1bea1160cc09485d7,INSV1-46dbc16d8613d0da93b29dcf,EC-GAD-DAULE-LPI-GADIMCD-2025-03,MALECON,MATERIAL,M568,ANGULO 75x8mm,m,ANGULO 75X8MM,m,MATERIAL|m|0|ANGULO 75X8MM,ALIAS-1c308011d463be1de44a5276,0
D25-578bb07f7233d5a9f236,INSV1-87fe45566a58c9eaa5402750,EC-GAD-DAULE-LPI-GADIMCD-2025-03,MALECON,MATERIAL,M569,PLANCHA DE ZINC DE 0.20mm,m2,PLANCHA DE ZINC DE 0.20MM,m2,MATERIAL|m2|0|PLANCHA DE ZINC DE 0.20MM,ALIAS-dcf4664c702ebbf6ab932fb7,0
D25-8bb3eb9539e52a2e8eba,INSV1-9a7c029d5390734dc673b149,EC-GAD-DAULE-LPI-GADIMCD-2025-03,MALECON,MATERIAL,M570,"TUBERIA GALVANIZADA 1""",m,TUBERIA GALVANIZADA 1,m,MATERIAL|m|0|TUBERIA GALVANIZADA 1,ALIAS-7931ab98894f7ac4e70697bf,0
D25-6005ce6cddacef723eb5,INSV1-d344b7140b927651b3178128,EC-GAD-DAULE-LPI-GADIMCD-2025-03,MALECON,MATERIAL,M571,SET DE BISAGRA,u,SET DE BISAGRA,u,MATERIAL|u|0|SET DE BISAGRA,ALIAS-6f8c8b1b78488be1dbba76c1,0
D25-01cd7915cf0b425003c0,INSV1-4b85c3499bc4ec962feb7eb6,EC-GAD-DAULE-LPI-GADIMCD-2025-03,MALECON,MATERIAL,M572,PLACA DE FIBROCEMENTO 8mm,m2,PLACA DE FIBROCEMENTO 8MM,m2,MATERIAL|m2|0|PLACA DE FIBROCEMENTO 8MM,ALIAS-1d8626fd5d816d03ee38153c,0
D25-5cdd5570fdc8eb35fc5f,INSV1-fc73fb1276d8fc869bc427a7,EC-GAD-DAULE-LPI-GADIMCD-2025-03,MALECON,MATERIAL,M573,"CLAVO P7 4""",Kg,CLAVO P7 4,kg,MATERIAL|kg|0|CLAVO P7 4,ALIAS-512281ac8ecf2128d9336d1b,0
D25-290bb66649703ba321b5,INSV1-03eaf0cc11e16e74dc62daf4,EC-GAD-DAULE-LPI-GADIMCD-2025-03,MALECON,MATERIAL,M574,"TIRAFONDO DE 100mm (4"")",u,TIRAFONDO DE 100MM 4,u,MATERIAL|u|0|TIRAFONDO DE 100MM 4,ALIAS-2466e501dbbb332dbce0af42,0
D25-ef90d902ff7e60bcf627,INSV1-2120fda5a711200fb42add6a,EC-GAD-DAULE-LPI-GADIMCD-2025-03,MALECON,MATERIAL,M575,"LISTON 2"" x 2""",m,LISTON 2 X 2,m,MATERIAL|m|0|LISTON 2 X 2,ALIAS-54e02b980d3ce28767431c15,0
D25-f485991cf027fd3fc4aa,INSV1-61c7ad3544e8324403879aae,EC-GAD-DAULE-LPI-GADIMCD-2025-03,MALECON,MATERIAL,M576,BLOQUE LADRILLO LISO 30x30x15,u,BLOQUE LADRILLO LISO 30X30X15,u,MATERIAL|u|0|BLOQUE LADRILLO LISO 30X30X15,ALIAS-7d3272f595f48ceea7e7b43d,0
D25-85f6d1ce2d3a415e35a4,INSV1-3953b09aaf27789e2a5f33e8,EC-GAD-DAULE-LPI-GADIMCD-2025-03,MALECON,MATERIAL,M577,"TUBO CUADRADO AISI 304 1"" E=2mm",m,TUBO CUADRADO AISI 304 1 E 2MM,m,MATERIAL|m|0|TUBO CUADRADO AISI 304 1 E 2MM,ALIAS-265bc5b01f118377358ed7cc,0
D25-7839dae5b10e82bd8df1,INSV1-ff6468e7f0e83aa116ef8f5c,EC-GAD-DAULE-LPI-GADIMCD-2025-03,MALECON,MATERIAL,M579,"MUEBLE PARA BAÑO 0.5x0.8m (INCLUYE GUIA DE ARMADO, HERRAJES PARA ENSAMBLADO, BISAGRAS DE FRENO)",u,MUEBLE PARA BANO 0.5X0.8M INCLUYE GUIA DE ARMADO HERRAJES PARA ENSAMBLADO BISAGRAS DE FRENO,u,MATERIAL|u|0|MUEBLE PARA BANO 0.5X0.8M INCLUYE GUIA DE ARMADO HERRAJES PARA ENSAMBLADO BISAGRAS DE FRENO,ALIAS-b948f2bafd6f36b937da9458,0
D25-258d76439882cdb36330,INSV1-deb66821a0b683ad20ae298e,EC-GAD-DAULE-LPI-GADIMCD-2025-03,MALECON,MATERIAL,M583,JUEGO MEZCLADOR MONOCOMANDO PARA DUCHA,u,JUEGO MEZCLADOR MONOCOMANDO PARA DUCHA,u,MATERIAL|u|0|JUEGO MEZCLADOR MONOCOMANDO PARA DUCHA,ALIAS-78e224fb0e183a28faa964cb,0
D25-2a6525ff6e6aa87ddb06,INSV1-8c8238335adb7f34ab2c8b41,EC-GAD-DAULE-LPI-GADIMCD-2025-03,MALECON,MATERIAL,M580,SILLA CON RUEDAS PARA OFICINA,u,SILLA CON RUEDAS PARA OFICINA,u,MATERIAL|u|0|SILLA CON RUEDAS PARA OFICINA,ALIAS-7e0298ea642f008e6368eceb,0
D25-65903ab827e040402623,INSV1-9e312b44bfbaff06f94fa879,EC-GAD-DAULE-LPI-GADIMCD-2025-03,MALECON,MATERIAL,M581,MESA DE ESCRITORIO 115x60 cm,u,MESA DE ESCRITORIO 115X60 CM,u,MATERIAL|u|0|MESA DE ESCRITORIO 115X60 CM,ALIAS-16baf7e8c58c6745bdce02a8,0
D25-4b7149e16c92d98b0d59,INSV1-4397895b60cf4155d25bfa7b,EC-GAD-DAULE-LPI-GADIMCD-2025-03,MALECON,MANO_OBRA,MO31,TECNICO OBRAS CIVILES,h,TECNICO OBRAS CIVILES,h,MANO_OBRA|h|0|TECNICO OBRAS CIVILES,ALIAS-41753491226a3a7b44c4c453,0
D25-8d45afb4f83d6c59cdf1,INSV1-18a0c7f474da7cd63541186e,EC-GAD-DAULE-LPI-GADIMCD-2025-03,MALECON,MATERIAL,M582,"MALLA HEXAGONAL 5/8""",m2,MALLA HEXAGONAL 5/8,m2,MATERIAL|m2|0|MALLA HEXAGONAL 5/8,ALIAS-f9349d01b5ba4d0121ad3203,0
D25-f45a240a1df301accd77,INSV1-fc59e6a5cd94967ef29745b7,EC-GAD-DAULE-LPI-GADIMCD-2025-03,MALECON,MATERIAL,M584,ADOQUINES E=8cm,m3,ADOQUINES E 8CM,m3,MATERIAL|m3|0|ADOQUINES E 8CM,ALIAS-2dbf2935160e6150e7a853ab,0
D25-3bcec6d0f093da199389,INSV1-56a1e786fe54a73387cf4d47,EC-GAD-DAULE-LPI-GADIMCD-2025-03,MALECON,MATERIAL,M585,ARBOLES,u,ARBOLES,u,MATERIAL|u|0|ARBOLES,ALIAS-886d94458a70360663c0eddc,0
D25-827785e5b18e10b3f0f6,INSV1-81e3982089b4f5294f68dc4c,EC-GAD-DAULE-LPI-GADIMCD-2025-03,MALECON,EQUIPO,E73,DISPENSADOR DE AGUA,h,DISPENSADOR DE AGUA,h,EQUIPO|h|0|DISPENSADOR DE AGUA,ALIAS-a386fdc70810aa3078a30b47,0
D25-6330cdebeccc0ead8e6f,INSV1-cb84dc3faa6aa9fc7b4c52d4,EC-GAD-DAULE-LPI-GADIMCD-2025-03,MALECON,MATERIAL,M586,BIDON DE AGUA,u,BIDON DE AGUA,u,MATERIAL|u|0|BIDON DE AGUA,ALIAS-0e9401944c82562ec4730157,0
D25-5fa4420b7e60c78da498,INSV1-2c30b12b14d407692f7adcdd,EC-GAD-DAULE-LPI-GADIMCD-2025-03,MALECON,MATERIAL,M587,AGROBIOCHAR FORMULA AGRICOLA (ACONDICIONADOR DE SUELO),Kg,AGROBIOCHAR FORMULA AGRICOLA ACONDICIONADOR DE SUELO,kg,MATERIAL|kg|0|AGROBIOCHAR FORMULA AGRICOLA ACONDICIONADOR DE SUELO,ALIAS-b7c36d337269226322cb6225,0
D25-eeb6f7fb80abdeeade02,INSV1-19c259c38861d1d2861baae0,EC-GAD-DAULE-LPI-GADIMCD-2025-03,MALECON,MATERIAL,M588,POSTES DE CAÑA GUADUA,u,POSTES DE CANA GUADUA,u,MATERIAL|u|0|POSTES DE CANA GUADUA,ALIAS-2c887f0e8d1b13a255e0900e,0
D25-921b4d31e218be362202,INSV1-b8e48fcb52da467a5ea4524e,EC-GAD-DAULE-LPI-GADIMCD-2025-03,MALECON,MATERIAL,M589,SACO DE CESPED BERMUDA (5 m2),u,SACO DE CESPED BERMUDA 5 M2,u,MATERIAL|u|0|SACO DE CESPED BERMUDA 5 M2,ALIAS-47b1151832392ae03d91288f,0
D25-4ce8be8090bf5d86c7ad,INSV1-2bfa3b0f65470f3e0906fe63,EC-GAD-DAULE-LPI-GADIMCD-2025-03,MALECON,MATERIAL,M590,VARILLA DE ACERO INOXIDABLE D=6mm,m,VARILLA DE ACERO INOXIDABLE D 6MM,m,MATERIAL|m|0|VARILLA DE ACERO INOXIDABLE D 6MM,ALIAS-6b9f3a04e2a9797186d28319,0
D25-c595ef46139656fe6937,INSV1-d75bc4b25de0e4e19876754c,EC-GAD-DAULE-LPI-GADIMCD-2025-03,MALECON,MATERIAL,M591,PERFIL ESTRUCTURAL L 20x3mm ACERO INOXIDABLE,m,PERFIL ESTRUCTURAL L 20X3MM ACERO INOXIDABLE,m,MATERIAL|m|0|PERFIL ESTRUCTURAL L 20X3MM ACERO INOXIDABLE,ALIAS-428069148eb838edb89a98c7,0
D25-43fe13b1b004ff880530,INSV1-ecbb81b1cb2b58fd4f939ec0,EC-GAD-DAULE-LPI-GADIMCD-2025-03,MALECON,MATERIAL,M592,"PLANCHA AGUJERADA E=6mm, D=5cm",m2,PLANCHA AGUJERADA E 6MM D 5CM,m2,MATERIAL|m2|0|PLANCHA AGUJERADA E 6MM D 5CM,ALIAS-80ef8d72a5baa558c69b2db1,0
D25-ac776bb3e057a65356f2,INSV1-093892dd15b26af35d452619,EC-GAD-DAULE-LPI-GADIMCD-2025-03,MALECON,MATERIAL,M593,VALVULA DE COMPUERTA VASTAGO FIJO EXTREMOS BRIDADOS PN10 DN 200mm,u,VALVULA DE COMPUERTA VASTAGO FIJO EXTREMOS BRIDADOS PN10 DN 200MM,u,MATERIAL|u|0|VALVULA DE COMPUERTA VASTAGO FIJO EXTREMOS BRIDADOS PN10 DN 200MM,ALIAS-1c7ce6e77d72880d9bbafe45,0
D25-216e6454c48508f8d1e3,INSV1-0fcdc4c4dc1fafc94069e9ab,EC-GAD-DAULE-LPI-GADIMCD-2025-03,MALECON,MATERIAL,M594,UNION MECANICA 200mm,u,UNION MECANICA 200MM,u,MATERIAL|u|0|UNION MECANICA 200MM,ALIAS-1b407329fda40e526a499f61,0
D25-3526885616c05eaad989,INSV1-bc07b60006ff845fc1d554c1,EC-GAD-DAULE-LPI-GADIMCD-2025-03,MALECON,MATERIAL,M595,BRIDA DE ACERO AL CARBONO ASTM A-105 DN 200mm (INCLUYE PERNOS Y EMPAQUES),u,BRIDA DE ACERO AL CARBONO ASTM A-105 DN 200MM INCLUYE PERNOS Y EMPAQUES,u,MATERIAL|u|0|BRIDA DE ACERO AL CARBONO ASTM A-105 DN 200MM INCLUYE PERNOS Y EMPAQUES,ALIAS-f4fbd68b9550668838bfaf81,0
D25-7913615b67be07be59ab,INSV1-0e4868298366dfcdc99c147c,EC-GAD-DAULE-LPI-GADIMCD-2025-03,MALECON,MATERIAL,M596,TUBERIA PVC ESTRUCTURADA DI=110mm,m,TUBERIA PVC ESTRUCTURADA DI 110MM,m,MATERIAL|m|0|TUBERIA PVC ESTRUCTURADA DI 110MM,ALIAS-c9c29fe8bbba180dbfd31efe,0
D25-1ee82fad88f853927a99,INSV1-de534945173c38f90dd0f261,EC-GAD-DAULE-LPI-GADIMCD-2025-03,MALECON,MATERIAL,M597,CODO DESAGUE CC 220mm X 90',u,CODO DESAGUE CC 220MM X 90',u,MATERIAL|u|0|CODO DESAGUE CC 220MM X 90',ALIAS-bbf8ed87ef82b1c96d06a1f6,0
D25-e190256d13ef5ecb948c,INSV1-466a79e49604492baa755ff1,EC-GAD-DAULE-LPI-GADIMCD-2025-03,MALECON,MATERIAL,M598,CODO DESAGUE CC 160mm X 90',u,CODO DESAGUE CC 160MM X 90',u,MATERIAL|u|0|CODO DESAGUE CC 160MM X 90',ALIAS-06802f5b981f71b0086fccc1,0
D25-ace82c8bcd5799e37a8a,INSV1-7cae047544985809450f32c3,EC-GAD-DAULE-LPI-GADIMCD-2025-03,MALECON,MATERIAL,M599,CODO DESAGUE CC 125mm X 45',u,CODO DESAGUE CC 125MM X 45',u,MATERIAL|u|0|CODO DESAGUE CC 125MM X 45',ALIAS-b0e5f435e1560f33060fd852,0
D25-148a26886f885b46605f,INSV1-05098738080368f6161b4da3,EC-GAD-DAULE-LPI-GADIMCD-2025-03,MALECON,MATERIAL,M600,BLOWER DE 15 HP,u,BLOWER DE 15 HP,u,MATERIAL|u|0|BLOWER DE 15 HP,ALIAS-a24eb9b428a1e87e6a0f756d,0
D25-fe68ed016fec0ba55e0d,INSV1-be1ac3b79c2a5d093b67e484,EC-GAD-DAULE-LPI-GADIMCD-2025-03,MALECON,MATERIAL,M601,"DIFUSOR DE 12"" (INCLUYE ACCESORIOS)",u,DIFUSOR DE 12 INCLUYE ACCESORIOS,u,MATERIAL|u|0|DIFUSOR DE 12 INCLUYE ACCESORIOS,ALIAS-4c35edefa7b40e65b8a59a98,0
D25-bc04fc6321346b4503b2,INSV1-12e6301485cbadb72cbcc882,EC-GAD-DAULE-LPI-GADIMCD-2025-03,MALECON,MATERIAL,M602,VALVULA DE ALIVIO D=150mm PN10,u,VALVULA DE ALIVIO D 150MM PN10,u,MATERIAL|u|0|VALVULA DE ALIVIO D 150MM PN10,ALIAS-dcb414c6630700ff86ee633c,0
D25-10723bfcbea1d4da5ede,INSV1-c328f8dfde4022d14bad8bbe,EC-GAD-DAULE-LPI-GADIMCD-2025-03,MALECON,MATERIAL,M603,TUBERIA ACERO INOXIDABLE AISI 304 D=6 IN,u,TUBERIA ACERO INOXIDABLE AISI 304 D 6 IN,u,MATERIAL|u|0|TUBERIA ACERO INOXIDABLE AISI 304 D 6 IN,ALIAS-4375a78f75c10c68f1221533,0
D25-d7b764217b4586ee28b6,INSV1-f6cb4e42ef7967418fb8cbe9,EC-GAD-DAULE-LPI-GADIMCD-2025-03,MALECON,MATERIAL,M604,CODO DE ACERO INOXIDABLE AISI 304 D =6 IN,u,CODO DE ACERO INOXIDABLE AISI 304 D 6 IN,u,MATERIAL|u|0|CODO DE ACERO INOXIDABLE AISI 304 D 6 IN,ALIAS-b7f3fef188cfd26ac4ef8c66,0
D25-a1291e6b2a7b88e85c29,INSV1-1f3dfc6b64a4b7263b8af0e0,EC-GAD-DAULE-LPI-GADIMCD-2025-03,MALECON,MATERIAL,M605,GRAVA PARA FILTRO (18-25mm),Kg,GRAVA PARA FILTRO 18-25MM,kg,MATERIAL|kg|0|GRAVA PARA FILTRO 18-25MM,ALIAS-76c98a739a1a52faddeb6d1e,0
D25-b5ca54274711d6c46f78,INSV1-9dfa0bf9f0c7bd1ce8a60baa,EC-GAD-DAULE-LPI-GADIMCD-2025-03,MALECON,MATERIAL,M606,BLOQUE DE 9x19x39cm,u,BLOQUE DE 9X19X39CM,u,MATERIAL|u|0|BLOQUE DE 9X19X39CM,ALIAS-e3a9636fc5bf0b8871d105eb,0
D25-f23161387a254e8fc907,INSV1-6d22f67bf345c2c6967845f1,EC-GAD-DAULE-LPI-GADIMCD-2025-03,MALECON,MATERIAL,M607,"COLLARÍN 63mm X 3/4""",u,COLLARIN 63MM X 3/4,u,MATERIAL|u|0|COLLARIN 63MM X 3/4,ALIAS-9557caede923e904a356d838,0
D25-4e1ff9e53de7acf8fd11,INSV1-344b9420f72a13fb72f02723,EC-GAD-DAULE-LPI-GADIMCD-2025-03,MALECON,MATERIAL,M608,"ADAPTADOR 3/4"" PEAD",u,ADAPTADOR 3/4 PEAD,u,MATERIAL|u|0|ADAPTADOR 3/4 PEAD,ALIAS-a96db486a922e8f70e587454,0
D25-223e84db1010c7d357f1,INSV1-b46bf340ce54c59ce3612995,EC-GAD-DAULE-LPI-GADIMCD-2025-03,MALECON,MATERIAL,M609,TUBERIA PEAD 20mm 1.6 MPA,m,TUBERIA PEAD 20MM 1.6 MPA,m,MATERIAL|m|0|TUBERIA PEAD 20MM 1.6 MPA,ALIAS-6982daf265ccd52a2d18c9f1,0
D25-b63477016a8199901e6a,INSV1-e364aa0784403733624ab9a2,EC-GAD-DAULE-LPI-GADIMCD-2025-03,MALECON,EQUIPO,E74,MAQUINA DE TERMOFUSION,h,MAQUINA DE TERMOFUSION,h,EQUIPO|h|0|MAQUINA DE TERMOFUSION,ALIAS-2dae1cbe43c2fc8e8e4f71cb,0
D25-d8e92e4d4668291c2cff,INSV1-9812ab4e7151b93cd4a601ec,EC-GAD-DAULE-LPI-GADIMCD-2025-03,MALECON,MATERIAL,M610,CODO PEAD 90' x 20mm,u,CODO PEAD 90' X 20MM,u,MATERIAL|u|0|CODO PEAD 90' X 20MM,ALIAS-c934484a8751d1560ce0437e,0
D25-fcd2d0cdaf18225d0b60,INSV1-012685ad120dafd8b5f4ba43,EC-GAD-DAULE-LPI-GADIMCD-2025-03,MALECON,MATERIAL,M611,UNION DE COMPRESION 20mm,u,UNION DE COMPRESION 20MM,u,MATERIAL|u|0|UNION DE COMPRESION 20MM,ALIAS-fd40911a85b9a42cbb8d6bcb,0
D25-c6bcd51154cce18067ea,INSV1-061b4a5369964ad3c373773d,EC-GAD-DAULE-LPI-GADIMCD-2025-03,MALECON,MATERIAL,M358,CODO 45' PP 3/4 IN ROSCABLE,u,CODO 45' PP 3/4 IN ROSCABLE,u,MATERIAL|u|0|CODO 45' PP 3/4 IN ROSCABLE,ALIAS-8d80eab31c207c9699562ee7,0
D25-ed106743b2d1c8b800e0,INSV1-9bda71d533ce44c3314e5b1b,EC-GAD-DAULE-LPI-GADIMCD-2025-03,MALECON,MATERIAL,M612,TEE 3/4 A 1/2 IN PP ROSCABLE,u,TEE 3/4 A 1/2 IN PP ROSCABLE,u,MATERIAL|u|0|TEE 3/4 A 1/2 IN PP ROSCABLE,ALIAS-7ea364801a32495f9236df9e,0
D25-6e9fc8d6035dd7f5eae4,INSV1-97d9a214ff787b418db91a9f,EC-GAD-DAULE-LPI-GADIMCD-2025-03,MALECON,MATERIAL,M613,TUBERIA DESAGUE PVC EC 110mm,m,TUBERIA DESAGUE PVC EC 110MM,m,MATERIAL|m|0|TUBERIA DESAGUE PVC EC 110MM,ALIAS-f21059ddf022084dc37575e9,0
D25-e13631f88a246ff4c129,INSV1-c476e58387dfece8fe17da46,EC-GAD-DAULE-LPI-GADIMCD-2025-03,MALECON,MATERIAL,M614,TUBERIA DESAGUE PVC EC 50mm,m,TUBERIA DESAGUE PVC EC 50MM,m,MATERIAL|m|0|TUBERIA DESAGUE PVC EC 50MM,ALIAS-20790272dc9da52c73e3f0ed,0
D25-b3ddb9edc5fe66265d00,INSV1-cb2fe263c384c93cad4062c5,EC-GAD-DAULE-LPI-GADIMCD-2025-03,MALECON,MATERIAL,M615,TUBERIA ACERO ASTM A36 DI = 100mm,m,TUBERIA ACERO ASTM A36 DI 100MM,m,MATERIAL|m|0|TUBERIA ACERO ASTM A36 DI 100MM,ALIAS-a40b5d1c2b60e8dc3f419ab7,0
D25-b1844a074577b43e843a,INSV1-2c42748a134dc7387ea6a2ac,EC-GAD-DAULE-LPI-GADIMCD-2025-03,MALECON,MATERIAL,M616,BOMBA SUMERGIBLE 1 HP 110/220V 1F,u,BOMBA SUMERGIBLE 1 HP 110/220V 1F,u,MATERIAL|u|0|BOMBA SUMERGIBLE 1 HP 110/220V 1F,ALIAS-3f75fbc2de7439fa1b2e121b,0
D25-2feb7c11537b21801297,INSV1-69cb8215fc14b0d18d0fbf52,EC-GAD-DAULE-LPI-GADIMCD-2025-03,MALECON,MATERIAL,M617,PERFIL ESTRUCTURAL L 20X3mm,m,PERFIL ESTRUCTURAL L 20X3MM,m,MATERIAL|m|0|PERFIL ESTRUCTURAL L 20X3MM,ALIAS-b100c981f8137290f8ce256e,0
D25-eca07e08da88a6137095,INSV1-f5def86f6178123c3d1dc411,EC-GAD-DAULE-LPI-GADIMCD-2025-03,MALECON,MATERIAL,M618,VARILLA Ø10mm,Kg,VARILLA DIAM 10MM,kg,MATERIAL|kg|0|VARILLA DIAM 10MM,ALIAS-6fc0a2a4d9c1f8cb374050ca,0
D25-f9f451c39624d5ef8f11,INSV1-83c96c61008c44d499e953fe,EC-GAD-DAULE-LPI-GADIMCD-2025-03,MALECON,MATERIAL,M619,PLANCHA DE ACERO A36 E=10mm,m2,PLANCHA DE ACERO A36 E 10MM,m2,MATERIAL|m2|0|PLANCHA DE ACERO A36 E 10MM,ALIAS-7ab0d3694bed9467829dd6e2,0
D25-50b9cce9a5f9cda9cc1b,INSV1-6514d459cc0fa023827c8d05,EC-GAD-DAULE-LPI-GADIMCD-2025-03,MALECON,MATERIAL,M620,"PASAMURO PARA TUBERIA DE H.F. 250mm, L=0.40m",u,PASAMURO PARA TUBERIA DE H.F. 250MM L 0.40M,u,MATERIAL|u|0|PASAMURO PARA TUBERIA DE H.F. 250MM L 0.40M,ALIAS-498ea553a9a32f601bccc13f,0
D25-fc32660fa353320b9eea,INSV1-ee6b32bf080f76d694f4cd98,EC-GAD-DAULE-LPI-GADIMCD-2025-03,MALECON,MATERIAL,M621,"PASAMURO PARA TUBERIA DE H.F. 200mm, L=0.40m",u,PASAMURO PARA TUBERIA DE H.F. 200MM L 0.40M,u,MATERIAL|u|0|PASAMURO PARA TUBERIA DE H.F. 200MM L 0.40M,ALIAS-ac65c74050cf7b89b0cf794e,0
D25-ad0fa4ae856786c33d5b,INSV1-d3c427701d8b2eb8edcd046a,EC-GAD-DAULE-LPI-GADIMCD-2025-03,MALECON,MATERIAL,M622,"PASAMURO PARA TUBERIA DE H.F. 100mm, L=0.40m",u,PASAMURO PARA TUBERIA DE H.F. 100MM L 0.40M,u,MATERIAL|u|0|PASAMURO PARA TUBERIA DE H.F. 100MM L 0.40M,ALIAS-116f508a113d8f1707e1eeaa,0
D25-860c4804642d710c3626,INSV1-4717d4885edce1b4c1e05bbf,EC-GAD-DAULE-LPI-GADIMCD-2025-03,MALECON,MATERIAL,M623,"MAQUINA DE CONTROL DE OLORES, INCLUYE 185 PIES3 DE MEDIO CONVERTIDOR, CAPACIDAD 860CFM (1461 M3/H), INCLUYE BLOWER 460 VAC",u,MAQUINA DE CONTROL DE OLORES INCLUYE 185 PIES3 DE MEDIO CONVERTIDOR CAPACIDAD 860CFM 1461 M3/H INCLUYE BLOWER 460 VAC,u,MATERIAL|u|0|MAQUINA DE CONTROL DE OLORES INCLUYE 185 PIES3 DE MEDIO CONVERTIDOR CAPACIDAD 860CFM 1461 M3/H INCLUYE BLOWER 460 VAC,ALIAS-5a6eb05087a96cebe9a59dcc,0
D25-5549aa85f3231dc706d3,INSV1-47e34784ec4d0421711378fd,EC-GAD-DAULE-LPI-GADIMCD-2025-03,MALECON,MATERIAL,M624,"TABLERO ARRANCADOR CON PANEL DE ACERO INOXIDABLE, INCLUYE PROTECCIONES",u,TABLERO ARRANCADOR CON PANEL DE ACERO INOXIDABLE INCLUYE PROTECCIONES,u,MATERIAL|u|0|TABLERO ARRANCADOR CON PANEL DE ACERO INOXIDABLE INCLUYE PROTECCIONES,ALIAS-3f5b444994f97bf8349da021,0
D25-6a2c9a4c9b59e26cdc42,INSV1-6d45d296661502c5cdb4ed1c,EC-GAD-DAULE-LPI-GADIMCD-2025-03,MALECON,MATERIAL,M625,TUBERIA DE VENTILACION EC D=200mm,m,TUBERIA DE VENTILACION EC D 200MM,m,MATERIAL|m|0|TUBERIA DE VENTILACION EC D 200MM,ALIAS-ec3e74f2589e914b309d0b4b,0
D25-bf3cc87b5eaec6088ea8,INSV1-e8fa1b78519e3e604955a023,EC-GAD-DAULE-LPI-GADIMCD-2025-03,MALECON,MATERIAL,M626,CODO VENTILACION CC PVC 200mmX90',u,CODO VENTILACION CC PVC 200MMX90',u,MATERIAL|u|0|CODO VENTILACION CC PVC 200MMX90',ALIAS-b5578b28c3a99fc83f364c35,0
D25-72c80b04fb75d9734529,INSV1-f4c59e2d0fe5d3268e223d90,EC-GAD-DAULE-LPI-GADIMCD-2025-03,MALECON,MATERIAL,M627,TEE VENTILACION PVC EC 200mm,u,TEE VENTILACION PVC EC 200MM,u,MATERIAL|u|0|TEE VENTILACION PVC EC 200MM,ALIAS-378248458804a3edbd69bd59,0
D25-7d9063846c84a916ef1c,INSV1-8b2a6a7f93d5bcd401144534,EC-GAD-DAULE-LPI-GADIMCD-2025-03,MALECON,MATERIAL,M628,"CRUCETA DE ACERO GALVANIZADO, PERFIL L 2.4m",u,CRUCETA DE ACERO GALVANIZADO PERFIL L 2.4M,u,MATERIAL|u|0|CRUCETA DE ACERO GALVANIZADO PERFIL L 2.4M,ALIAS-8386d7937752df21e1502484,0
D25-5bc09362193a4f6e9084,INSV1-b87f2358a4fbe22b064e71bc,EC-GAD-DAULE-LPI-GADIMCD-2025-03,MALECON,MATERIAL,M629,"PIE DE AMIGO ACERO GALVANIZADO PERFIL L 28""",u,PIE DE AMIGO ACERO GALVANIZADO PERFIL L 28,u,MATERIAL|u|0|PIE DE AMIGO ACERO GALVANIZADO PERFIL L 28,ALIAS-7fef4827fddb80f9f2186614,0
D25-16f5d0a8466ec77c54f4,INSV1-ca10cbd2464915ef4411f846,EC-GAD-DAULE-LPI-GADIMCD-2025-03,MALECON,MATERIAL,M630,"PERNO DE OJO ACERO GALVANIZADO 5/8"" x 10""",u,PERNO DE OJO ACERO GALVANIZADO 5/8 X 10,u,MATERIAL|u|0|PERNO DE OJO ACERO GALVANIZADO 5/8 X 10,ALIAS-9a534d0195ce0b9bd3776c1c,0
D25-3a4a182c86f11a1deb99,INSV1-c11c4503debc8788740e7f2a,EC-GAD-DAULE-LPI-GADIMCD-2025-03,MALECON,MATERIAL,M631,"TUERCA DE OJO ACERO GALVANIZADO 5/8""",u,TUERCA DE OJO ACERO GALVANIZADO 5/8,u,MATERIAL|u|0|TUERCA DE OJO ACERO GALVANIZADO 5/8,ALIAS-513ea919bf6e14e30e16bafe,0
D25-c1570545855a5990ea09,INSV1-907652761e33b7dad2f446c5,EC-GAD-DAULE-LPI-GADIMCD-2025-03,MALECON,MATERIAL,M632,"ABRAZADERA AG 3 PERNOS DE 6 1/2""",u,ABRAZADERA AG 3 PERNOS DE 6 1/2,u,MATERIAL|u|0|ABRAZADERA AG 3 PERNOS DE 6 1/2,ALIAS-c5427bb65c6e7069667f5447,0
D25-0b519e7d42b132838354,INSV1-85a987e4062c7b9910580aad,EC-GAD-DAULE-LPI-GADIMCD-2025-03,MALECON,MATERIAL,M633,"PERNO DE MAQUINA DE ACERO GALVANIZADO 5/8"" x 2""",u,PERNO DE MAQUINA DE ACERO GALVANIZADO 5/8 X 2,u,MATERIAL|u|0|PERNO DE MAQUINA DE ACERO GALVANIZADO 5/8 X 2,ALIAS-437d4d3164987c876340dde1,0
D25-3dec8177918af8587f75,INSV1-058f1dda2bcbcd4bf8c9b4b2,EC-GAD-DAULE-LPI-GADIMCD-2025-03,MALECON,MATERIAL,M634,"AISLADOR SUSPENSION, ANSI DS-35, 35KV",u,AISLADOR SUSPENSION ANSI DS-35 35KV,u,MATERIAL|u|0|AISLADOR SUSPENSION ANSI DS-35 35KV,ALIAS-22628d46a17074f50e13bd29,0
D25-e2314437bfaebf3ed813,INSV1-57ae0f49359d2eb4a48d8473,EC-GAD-DAULE-LPI-GADIMCD-2025-03,MALECON,MATERIAL,M635,GRAPA PISTOLA # 4/0 ALEACION DE ALUMINIO,u,GRAPA PISTOLA 4/0 ALEACION DE ALUMINIO,u,MATERIAL|u|0|GRAPA PISTOLA 4/0 ALEACION DE ALUMINIO,ALIAS-fb23fa92d846a7accbecca3d,0
D25-b363a992fa7dc6eda394,INSV1-d43f14107ae5fc20286dad1b,EC-GAD-DAULE-LPI-GADIMCD-2025-03,MALECON,MATERIAL,M636,"ESLABON U PARA SUJECION 5/8""X3""",u,ESLABON U PARA SUJECION 5/8 X3,u,MATERIAL|u|0|ESLABON U PARA SUJECION 5/8 X3,ALIAS-2593ae6c537fa1d1776b8251,0
D25-1c727cfb5e9a2cf36530,INSV1-a4583cdb0bf014cfc267896b,EC-GAD-DAULE-LPI-GADIMCD-2025-03,MALECON,MATERIAL,M637,"PERNO DE ROSCA CORRIDA DE ACERO GALVANIZADO 5/8"" x 12""",u,PERNO DE ROSCA CORRIDA DE ACERO GALVANIZADO 5/8 X 12,u,MATERIAL|u|0|PERNO DE ROSCA CORRIDA DE ACERO GALVANIZADO 5/8 X 12,ALIAS-ae39699ce0f2ba75861ce92e,0
D25-e8ae86743cba5a8652ca,INSV1-b1ceb1d2104778df28bbbb75,EC-GAD-DAULE-LPI-GADIMCD-2025-03,MALECON,MATERIAL,M638,"ABRAZADERA AG 4 PERNOS DE 6 1/2""",u,ABRAZADERA AG 4 PERNOS DE 6 1/2,u,MATERIAL|u|0|ABRAZADERA AG 4 PERNOS DE 6 1/2,ALIAS-36729758885845e31ac69929,0
D25-0d3dcd9a4ba988336fd6,INSV1-a83ca7cf1deaefccdcd15fbd,EC-GAD-DAULE-LPI-GADIMCD-2025-03,MALECON,MATERIAL,M639,"PERNO U DE ACERO GALVANIZADO 5/8"" x 6"", INCLUYE TUERCAS Y ARANDELAS",u,PERNO U DE ACERO GALVANIZADO 5/8 X 6 INCLUYE TUERCAS Y ARANDELAS,u,MATERIAL|u|0|PERNO U DE ACERO GALVANIZADO 5/8 X 6 INCLUYE TUERCAS Y ARANDELAS,ALIAS-a272ea2486d8e3adf5723ed8,0
D25-814174d79496f61cb874,INSV1-868cf4bd04169a343900de7f,EC-GAD-DAULE-LPI-GADIMCD-2025-03,MALECON,MATERIAL,M640,"AISLADOR ESPIGA (PIN) DE PORCELANA, ANSI 56-2, 15KV",u,AISLADOR ESPIGA PIN DE PORCELANA ANSI 56-2 15KV,u,MATERIAL|u|0|AISLADOR ESPIGA PIN DE PORCELANA ANSI 56-2 15KV,ALIAS-1d1fa8a5082dfbbd86ec48a7,0
D25-58b4eeeed217c24cdb64,INSV1-daa60df562920733eb60d197,EC-GAD-DAULE-LPI-GADIMCD-2025-03,MALECON,MATERIAL,M641,"PERNO ESPIGA (PIN) TOPE DE POSTE ACERO GALVANIZADO 3/4"" x 12""",u,PERNO ESPIGA PIN TOPE DE POSTE ACERO GALVANIZADO 3/4 X 12,u,MATERIAL|u|0|PERNO ESPIGA PIN TOPE DE POSTE ACERO GALVANIZADO 3/4 X 12,ALIAS-2d812df766e478980408c362,0
D25-40b4116a6443a13264f9,INSV1-b790d5c6e27ca3ca0ad7d392,EC-GAD-DAULE-LPI-GADIMCD-2025-03,MALECON,MATERIAL,M642,CONDUCTOR DESNUDO SOLIDO PARA ATADURAS NO 4 AWG,u,CONDUCTOR DESNUDO SOLIDO PARA ATADURAS NO 4 AWG,u,MATERIAL|u|0|CONDUCTOR DESNUDO SOLIDO PARA ATADURAS NO 4 AWG,ALIAS-7da34d8724d5e36730d6e87e,0
D25-697cd8697bc25c898deb,INSV1-8755aab6ccbdab09d487e3f9,EC-GAD-DAULE-LPI-GADIMCD-2025-03,MALECON,MATERIAL,M643,VARILLA DE ARMAR PREFORMADO PARA CONDUCTOR DE ALUMINIO,u,VARILLA DE ARMAR PREFORMADO PARA CONDUCTOR DE ALUMINIO,u,MATERIAL|u|0|VARILLA DE ARMAR PREFORMADO PARA CONDUCTOR DE ALUMINIO,ALIAS-3774ae87cd2bc6de28d4561c,0
D25-baa32c82f4363ac3258f,INSV1-475ff49ecd1a7cb45e10457d,EC-GAD-DAULE-LPI-GADIMCD-2025-03,MALECON,MATERIAL,M644,"PERNO PIN PUNTA DE POSTE AG 19""",u,PERNO PIN PUNTA DE POSTE AG 19,u,MATERIAL|u|0|PERNO PIN PUNTA DE POSTE AG 19,ALIAS-6c5021d39e05d41cb5e8dc5d,0
D25-f870386e923a296a986d,INSV1-810c4d0919fdc29bedf04156,EC-GAD-DAULE-LPI-GADIMCD-2025-03,MALECON,MATERIAL,M645,"ABRAZADERA DOBLE AG 4 PERNOS DE 7 1/2""",u,ABRAZADERA DOBLE AG 4 PERNOS DE 7 1/2,u,MATERIAL|u|0|ABRAZADERA DOBLE AG 4 PERNOS DE 7 1/2,ALIAS-8d93558ccbe53d5963cdec6f,0
D25-91718db7a767de8d386d,INSV1-9c7c8b854fa28a5678f2b0cb,EC-GAD-DAULE-LPI-GADIMCD-2025-03,MALECON,MATERIAL,M646,AISLADOR DE ROLLO,u,AISLADOR DE ROLLO,u,MATERIAL|u|0|AISLADOR DE ROLLO,ALIAS-13bf99f78dd410b87bee2ab3,0
D25-41abac4359905971e5c6,INSV1-23cff3c2bb663f1102e1d4dc,EC-GAD-DAULE-LPI-GADIMCD-2025-03,MALECON,MATERIAL,M647,RACK DE UNA VIA,u,RACK DE UNA VIA,u,MATERIAL|u|0|RACK DE UNA VIA,ALIAS-923f3f0537ad06cd820bc4f2,0
D25-aa87ae1c8f0bf81883a4,INSV1-4b2eb7c881350b8952035e10,EC-GAD-DAULE-LPI-GADIMCD-2025-03,MALECON,MATERIAL,M648,CONECTOR COMPRESION # 2/0 ALEACION ALUMINIO,u,CONECTOR COMPRESION 2/0 ALEACION ALUMINIO,u,MATERIAL|u|0|CONECTOR COMPRESION 2/0 ALEACION ALUMINIO,ALIAS-0428411f770fcc1e4af836c5,0
D25-4dfffb979002eb2e7b64,INSV1-ba8287197ad51cd723ac7e89,EC-GAD-DAULE-LPI-GADIMCD-2025-03,MALECON,MATERIAL,M649,"ABRAZADERA AG 3 PERNOS DE 7 1/2""",u,ABRAZADERA AG 3 PERNOS DE 7 1/2,u,MATERIAL|u|0|ABRAZADERA AG 3 PERNOS DE 7 1/2,ALIAS-9aa143f456f4024a73beaf40,0
D25-d870e289c8f6d87e001c,INSV1-9bbb7aa46b75153449f9fe8b,EC-GAD-DAULE-LPI-GADIMCD-2025-03,MALECON,MATERIAL,M651,POSTE 12m X 500 KGF,u,POSTE 12M X 500 KGF,u,MATERIAL|u|0|POSTE 12M X 500 KGF,ALIAS-b25a396ea6abe95167812e3b,0
D25-b7f698b56aecc0bb72b5,INSV1-568902b5a601326999c5d68f,EC-GAD-DAULE-LPI-GADIMCD-2025-03,MALECON,MATERIAL,M650,ROTULACION DE POSTES,u,ROTULACION DE POSTES,u,MATERIAL|u|0|ROTULACION DE POSTES,ALIAS-4615bbaadd3dd07409ac25fe,0
D25-6fbfec5c1427c12e40af,INSV1-64e316849efc8bcf46f27b16,EC-GAD-DAULE-LPI-GADIMCD-2025-03,MALECON,MATERIAL,M652,POSTE 12m X 2000 KGF,u,POSTE 12M X 2000 KGF,u,MATERIAL|u|0|POSTE 12M X 2000 KGF,ALIAS-46b86512c37d0bee6cfaa4d3,0
D25-18057b7e72a8e6d14aea,INSV1-fc7543347f00882476862cf1,EC-GAD-DAULE-LPI-GADIMCD-2025-03,MALECON,MATERIAL,M653,PARARRAYO DISTRIBUCION POLIMERICA 10KV,u,PARARRAYO DISTRIBUCION POLIMERICA 10KV,u,MATERIAL|u|0|PARARRAYO DISTRIBUCION POLIMERICA 10KV,ALIAS-0fb5663b8a20c4c7d7124525,0
D25-9a253d2e1a7afb1a8087,INSV1-416d130cd3b69afa4f6f1fc2,EC-GAD-DAULE-LPI-GADIMCD-2025-03,MALECON,MATERIAL,M654,CABLE #2 AWG THHN CU,m,CABLE 2 AWG THHN CU,m,MATERIAL|m|0|CABLE 2 AWG THHN CU,ALIAS-2255f40f1b4f3ebda690b81c,0
D25-54ef21cf2e78e5797f58,INSV1-7b794c2fde468f006c33a4b5,EC-GAD-DAULE-LPI-GADIMCD-2025-03,MALECON,MATERIAL,M655,SUELDA EXOTERMICA,u,SUELDA EXOTERMICA,u,MATERIAL|u|0|SUELDA EXOTERMICA,ALIAS-770e6b6d25670f205787754a,0
D25-5c544e9015345429e7c9,INSV1-addd2e9f54adf6db11e56fc4,EC-GAD-DAULE-LPI-GADIMCD-2025-03,MALECON,MATERIAL,M656,VARILLA PUESTA A TIERRA ALTA CAMADA,u,VARILLA PUESTA A TIERRA ALTA CAMADA,u,MATERIAL|u|0|VARILLA PUESTA A TIERRA ALTA CAMADA,ALIAS-1572c362bf2b87615a636951,0
D25-9ad5a1b90a9f2ef1e382,INSV1-7b090d8a8aeb1ce5ddfdff63,EC-GAD-DAULE-LPI-GADIMCD-2025-03,MALECON,MATERIAL,M657,"TUBO EMT 1/2"" Y FLEJES DE SUJECION",u,TUBO EMT 1/2 Y FLEJES DE SUJECION,u,MATERIAL|u|0|TUBO EMT 1/2 Y FLEJES DE SUJECION,ALIAS-7fd66d15ea3f603a16694dd6,0
D25-efb6ff0b32cf3f1a7e23,INSV1-f99ef438587facfcfe5ed7dc,EC-GAD-DAULE-LPI-GADIMCD-2025-03,MALECON,MATERIAL,M658,TERMINAL DE OJO COMPRESION # 2,u,TERMINAL DE OJO COMPRESION 2,u,MATERIAL|u|0|TERMINAL DE OJO COMPRESION 2,ALIAS-04fc38a21d7b3eaca6d10c35,0
D25-2e852b981e89ec21119a,INSV1-5a2a3c407a3d1e6fc92fce92,EC-GAD-DAULE-LPI-GADIMCD-2025-03,MALECON,MATERIAL,M659,CONDUCTOR # 2 AWG ACAR,m,CONDUCTOR 2 AWG ACAR,m,MATERIAL|m|0|CONDUCTOR 2 AWG ACAR,ALIAS-8bc15434048a29edd8eebee5,0
D25-388b587b0876e39f3b4b,INSV1-e14d6183ceeec247e042bcf1,EC-GAD-DAULE-LPI-GADIMCD-2025-03,MALECON,MATERIAL,M660,CONDUCTOR # 2/0 AWG ACAR,m,CONDUCTOR 2/0 AWG ACAR,m,MATERIAL|m|0|CONDUCTOR 2/0 AWG ACAR,ALIAS-d7a99935bac3100ddfcf3c6c,0
D25-48763d2b8f6b8871a2af,INSV1-e145fbb50b5999e7a15949fb,EC-GAD-DAULE-LPI-GADIMCD-2025-03,MALECON,MATERIAL,M661,"CABLE ACERO GALVANIZADO 3/8"", 7H, 3155 KGF",m,CABLE ACERO GALVANIZADO 3/8 7H 3155 KGF,m,MATERIAL|m|0|CABLE ACERO GALVANIZADO 3/8 7H 3155 KGF,ALIAS-0d094fb7d5ef2887b0dc8a17,0
D25-29b69aca54015b075ee5,INSV1-6db16dcbf94307d214172722,EC-GAD-DAULE-LPI-GADIMCD-2025-03,MALECON,MATERIAL,M662,"RETENCION PREFORMADA PARA CABLE ACERO GALV 3/8""",u,RETENCION PREFORMADA PARA CABLE ACERO GALV 3/8,u,MATERIAL|u|0|RETENCION PREFORMADA PARA CABLE ACERO GALV 3/8,ALIAS-65c983fc47488e843e2138cb,0
D25-371c494eee321528e132,INSV1-3ceac4d9d12868b72151e2a2,EC-GAD-DAULE-LPI-GADIMCD-2025-03,MALECON,MATERIAL,M663,"GUARDACABO DE ACERO GALVANIZADO PARA 3/8""",u,GUARDACABO DE ACERO GALVANIZADO PARA 3/8,u,MATERIAL|u|0|GUARDACABO DE ACERO GALVANIZADO PARA 3/8,ALIAS-a7c7402e010504a5714a25df,0
D25-1d6bd837185b8652c0e6,INSV1-4778e72633fd44dd4ff6c51d,EC-GAD-DAULE-LPI-GADIMCD-2025-03,MALECON,MATERIAL,M664,"VARILLA DE ANCLAJE DE ACERO GALVANIZADO, TUERCA Y ARANDELA, 16 x 1800mm (5/8"" x 71"")",u,VARILLA DE ANCLAJE DE ACERO GALVANIZADO TUERCA Y ARANDELA 16 X 1800MM 5/8 X 71,u,MATERIAL|u|0|VARILLA DE ANCLAJE DE ACERO GALVANIZADO TUERCA Y ARANDELA 16 X 1800MM 5/8 X 71,ALIAS-fc60de881ff50545bd456ecd,0
D25-15523ea8f7817cbd3e47,INSV1-4736aff57487bb6bb08e9037,EC-GAD-DAULE-LPI-GADIMCD-2025-03,MALECON,MATERIAL,M665,ANCLA DE HA 30x30x10cm,u,ANCLA DE HA 30X30X10CM,u,MATERIAL|u|0|ANCLA DE HA 30X30X10CM,ALIAS-a40aeee2d47cf1ac707d08b4,0
D25-d1227761337ee0f4a134,INSV1-de1bf5ce801cae5eeb3b17c0,EC-GAD-DAULE-LPI-GADIMCD-2025-03,MALECON,MATERIAL,M666,AISLADOR DE RETENIDA ANSI 54-2,u,AISLADOR DE RETENIDA ANSI 54-2,u,MATERIAL|u|0|AISLADOR DE RETENIDA ANSI 54-2,ALIAS-e2826e4192590e13a9257cd9,0
D25-1e9cbc1a379e8b1857f6,INSV1-deb5591bafeda14ac1b3e68a,EC-GAD-DAULE-LPI-GADIMCD-2025-03,MALECON,EQUIPO,E75,GPS,h,GPS,h,EQUIPO|h|0|GPS,ALIAS-4be9ae30b13cafb29225b9f6,0
D25-c4059253b52beda04a51,INSV1-443c23e35815515948653565,EC-GAD-DAULE-LPI-GADIMCD-2025-03,MALECON,EQUIPO,E76,DISTANCIOMETRO,h,DISTANCIOMETRO,h,EQUIPO|h|0|DISTANCIOMETRO,ALIAS-a235a10528551a5a97ca253e,0
D25-4444dce0f757e5dbc0c6,INSV1-8baad9ccf3fee222064d34ed,EC-GAD-DAULE-LPI-GADIMCD-2025-03,MALECON,MATERIAL,M667,MATERIALES DE OFICINA,u,MATERIALES DE OFICINA,u,MATERIAL|u|0|MATERIALES DE OFICINA,ALIAS-e46ed839e006e6f74f489046,0
D25-8abb20bc84cb3ce373d2,INSV1-75d5d5c5b2c7d6b6a9fa086e,EC-GAD-DAULE-LPI-GADIMCD-2025-03,MALECON,MATERIAL,M668,PINTURA SPRAY,u,PINTURA SPRAY,u,MATERIAL|u|0|PINTURA SPRAY,ALIAS-9347571f51992d111e45068e,0
D25-857125e9d2db32311910,INSV1-a4f58aa38fb8ded9e89b653c,EC-GAD-DAULE-LPI-GADIMCD-2025-03,MALECON,EQUIPO,E77,EQUIPOS DE MEDICION,h,EQUIPOS DE MEDICION,h,EQUIPO|h|0|EQUIPOS DE MEDICION,ALIAS-903ceb1e05608d53c525c0c5,0
D25-e4b7c3de60a1ce03f1e9,INSV1-c0900e5759983eb6b33e0d49,EC-GAD-DAULE-LPI-GADIMCD-2025-03,MALECON,EQUIPO,E78,EQUIPO DE ATERRIZAMIENTO,h,EQUIPO DE ATERRIZAMIENTO,h,EQUIPO|h|0|EQUIPO DE ATERRIZAMIENTO,ALIAS-3f20f3c7c43ff457e91d10f8,0
D25-138ce391874bbc10e693,INSV1-935bdd45da4d635d0df7b3e5,EC-GAD-DAULE-LPI-GADIMCD-2025-03,MALECON,MATERIAL,M669,TIRAS FUSIBLES 4 A,u,TIRAS FUSIBLES 4 A,u,MATERIAL|u|0|TIRAS FUSIBLES 4 A,ALIAS-2e3690f549ca08b03cee3df5,0
D25-857fa342fd404138e504,INSV1-b465f4c1f3b04f90aaced61e,EC-GAD-DAULE-LPI-GADIMCD-2025-03,MALECON,MATERIAL,M670,TIRAS FUSIBLES 7 A,u,TIRAS FUSIBLES 7 A,u,MATERIAL|u|0|TIRAS FUSIBLES 7 A,ALIAS-6015af38305d35113ab69906,0
D25-20dc7baa79f5f21fdcb4,INSV1-562a15df79cfd8787532bcaa,EC-GAD-DAULE-LPI-GADIMCD-2025-03,MALECON,MATERIAL,M671,CABLE #2/0 AWG CU DESNUDO,m,CABLE 2/0 AWG CU DESNUDO,m,MATERIAL|m|0|CABLE 2/0 AWG CU DESNUDO,ALIAS-14696725c7643f01b235b823,0
D25-92d1bfacee2c6f893796,INSV1-b4bd96075198be54d760a5c2,EC-GAD-DAULE-LPI-GADIMCD-2025-03,MALECON,MATERIAL,M672,ELECTRODO QUIMICO,u,ELECTRODO QUIMICO,u,MATERIAL|u|0|ELECTRODO QUIMICO,ALIAS-9540875fd4c5132926b7dc8e,0
D25-3988f88cf95e73b219a3,INSV1-92e68f56bbbcd0f1b054aa2f,EC-GAD-DAULE-LPI-GADIMCD-2025-03,MALECON,MATERIAL,M673,BASE DE HORMIGON,u,BASE DE HORMIGON,u,MATERIAL|u|0|BASE DE HORMIGON,ALIAS-c3a02f2892d1d942c58d5ad8,0
D25-23b8f86f8fa76baba865,INSV1-9d2e70b58eaf337802683b87,EC-GAD-DAULE-LPI-GADIMCD-2025-03,MALECON,MATERIAL,M674,"TUBO RIGIDO DE Ø 4""",u,TUBO RIGIDO DE DIAM 4,u,MATERIAL|u|0|TUBO RIGIDO DE DIAM 4,ALIAS-2bc876f6c81df1471f266aec,0
D25-b8bdcb5020fcdb43b5b1,INSV1-f15f2266e28580a94b51ed05,EC-GAD-DAULE-LPI-GADIMCD-2025-03,MALECON,MATERIAL,M496,"UNION METALICA RIGIDA DE Ø4""",u,UNION METALICA RIGIDA DE DIAM 4,u,MATERIAL|u|0|UNION METALICA RIGIDA DE DIAM 4,ALIAS-7120276f4db6430b277a9bfb,0
D25-97170fc39273255680b6,INSV1-d0166bbd2eb66aa68f80ed5e,EC-GAD-DAULE-LPI-GADIMCD-2025-03,MALECON,MATERIAL,M676,"CODO EMT RIGIDO DE Ø 4""",u,CODO EMT RIGIDO DE DIAM 4,u,MATERIAL|u|0|CODO EMT RIGIDO DE DIAM 4,ALIAS-1335b2eeac1a53a63d2fe59d,0
D25-9f1a0c10138d6d0ff644,INSV1-318fa576e63ec214246207cb,EC-GAD-DAULE-LPI-GADIMCD-2025-03,MALECON,MATERIAL,M677,"REVERSIBLE EMT RIGIDO Ø 4""",u,REVERSIBLE EMT RIGIDO DIAM 4,u,MATERIAL|u|0|REVERSIBLE EMT RIGIDO DIAM 4,ALIAS-6ce035100226643cc733622e,0
D25-460029057573bdfdeb2e,INSV1-b640017d6767c3eaf30434f2,EC-GAD-DAULE-LPI-GADIMCD-2025-03,MALECON,MATERIAL,M678,"CONTRATUERCA EMT 4""",u,CONTRATUERCA EMT 4,u,MATERIAL|u|0|CONTRATUERCA EMT 4,ALIAS-37db343788a72c010eed8895,0
D25-cce27b61adc8ec28f2a0,INSV1-4a58dd0c594394836f343434,EC-GAD-DAULE-LPI-GADIMCD-2025-03,MALECON,MATERIAL,M679,"CORONA EMT 4""",u,CORONA EMT 4,u,MATERIAL|u|0|CORONA EMT 4,ALIAS-ff19bd71f69f0993068fa6cb,0
D25-4cd71b8687a3b9336b8a,INSV1-b0b811756b318363ed063019,EC-GAD-DAULE-LPI-GADIMCD-2025-03,MALECON,MATERIAL,M680,SUNCHOS METALICOS DE SUJECION,u,SUNCHOS METALICOS DE SUJECION,u,MATERIAL|u|0|SUNCHOS METALICOS DE SUJECION,ALIAS-d9e25dfec9d152c4cb705928,0
D25-a385f42f01734a5c8ef3,INSV1-15d32efb20be571ebcd2c0ca,EC-GAD-DAULE-LPI-GADIMCD-2025-03,MALECON,MATERIAL,M681,PUNTA TERMINAL EXTERIOR # 2,u,PUNTA TERMINAL EXTERIOR 2,u,MATERIAL|u|0|PUNTA TERMINAL EXTERIOR 2,ALIAS-0f95a30ff1bb8ddb9af59ab8,0
D25-da74bdc27e775db4160a,INSV1-ff8e291351963000d084e8e1,EC-GAD-DAULE-LPI-GADIMCD-2025-03,MALECON,MATERIAL,M682,CINTA AUTOFUNDENTE # 23,u,CINTA AUTOFUNDENTE 23,u,MATERIAL|u|0|CINTA AUTOFUNDENTE 23,ALIAS-188fe2724abd14e72623ba51,0
D25-9d1004073e0d812b52bb,INSV1-83532115ee6abcc31a537a60,EC-GAD-DAULE-LPI-GADIMCD-2025-03,MALECON,MATERIAL,M683,CINTA AUTOFUNDENTE # 33,u,CINTA AUTOFUNDENTE 33,u,MATERIAL|u|0|CINTA AUTOFUNDENTE 33,ALIAS-7f7f9e4b1d6d88c164c7dc9a,0
D25-abb8f3cf7fc47fe787df,INSV1-e9ba21aaee5b0b32b214f3b6,EC-GAD-DAULE-LPI-GADIMCD-2025-03,MALECON,MATERIAL,M684,CABLE #1/0 CU 15KVV XLPE,m,CABLE 1/0 CU 15KVV XLPE,m,MATERIAL|m|0|CABLE 1/0 CU 15KVV XLPE,ALIAS-8ae51ef6a5eb06c9925c26fe,0
D25-57aef0f45857cac7a9e9,INSV1-c5c221555d50bc743a926299,EC-GAD-DAULE-LPI-GADIMCD-2025-03,MALECON,MATERIAL,M685,CABLE #4 AWG THHN CU,m,CABLE 4 AWG THHN CU,m,MATERIAL|m|0|CABLE 4 AWG THHN CU,ALIAS-f75d2a16d533d0ac33a7896c,0
D25-e2a9d4acf836ed57139b,INSV1-46fdeeb4d00a996751171d93,EC-GAD-DAULE-LPI-GADIMCD-2025-03,MALECON,MATERIAL,M686,CABLE #6 AWG THHN CU,m,CABLE 6 AWG THHN CU,m,MATERIAL|m|0|CABLE 6 AWG THHN CU,ALIAS-9d6a87410de3dabdb11cc7df,0
D25-835ef135e90fb11a0651,INSV1-a74bb453f654acd0ad9ca233,EC-GAD-DAULE-LPI-GADIMCD-2025-03,MALECON,MATERIAL,M687,TUBO CORRUGADO Ø 110mm X6.00m,u,TUBO CORRUGADO DIAM 110MM X6.00M,u,MATERIAL|u|0|TUBO CORRUGADO DIAM 110MM X6.00M,ALIAS-ea5aa04d1ce90474eb2043c5,0
D25-ff5cdd083acbb8d3ed9c,INSV1-8b430fcbc301ea693a3617ac,EC-GAD-DAULE-LPI-GADIMCD-2025-03,MALECON,MATERIAL,M688,UNION ELASTOMERICA Ø 110mm,u,UNION ELASTOMERICA DIAM 110MM,u,MATERIAL|u|0|UNION ELASTOMERICA DIAM 110MM,ALIAS-7778bda806330fb9d7c66ba5,0
D25-cf18473a03a32c87f02f,INSV1-4c4ed88950c92c774bb14ac4,EC-GAD-DAULE-LPI-GADIMCD-2025-03,MALECON,MATERIAL,M66,SEPARADORES,u,SEPARADORES,u,MATERIAL|u|0|SEPARADORES,ALIAS-c7dc6f5a93b28814cda5287c,0
D25-84bc4f0d52eacdce75c6,INSV1-ef709b9c101db83b0783bc65,EC-GAD-DAULE-LPI-GADIMCD-2025-03,MALECON,MATERIAL,M689,AMARRAS PLASTICAS,u,AMARRAS PLASTICAS,u,MATERIAL|u|0|AMARRAS PLASTICAS,ALIAS-d2322373ff7c7f4a09ad8001,0
D25-a50af3e0c8fe3c346887,INSV1-7d6b4bf376a50e62e1006040,EC-GAD-DAULE-LPI-GADIMCD-2025-03,MALECON,MATERIAL,M690,CINTA AISLANTE 20yd 3.00m,u,CINTA AISLANTE 20YD 3.00M,u,MATERIAL|u|0|CINTA AISLANTE 20YD 3.00M,ALIAS-639878c36441cb1f07957c47,0
D25-8a16ef2cbdac41278322,INSV1-d65dde956da831d4949dfcbf,EC-GAD-DAULE-LPI-GADIMCD-2025-03,MALECON,MATERIAL,M691,ALAMBRE GALVANIZADO # 16,Kg,ALAMBRE GALVANIZADO 16,kg,MATERIAL|kg|0|ALAMBRE GALVANIZADO 16,ALIAS-ce44658f37204d670cfa87f0,0
D25-ca2773a5f5d80063b992,INSV1-af835662328dfccdc76013a8,EC-GAD-DAULE-LPI-GADIMCD-2025-03,MALECON,EQUIPO,E79,VIBRADOR DE MANGUERA,h,VIBRADOR DE MANGUERA,h,EQUIPO|h|0|VIBRADOR DE MANGUERA,ALIAS-9bdef882487b40da0dfcfa1b,0
D25-baf7eb016ab0f28699cf,INSV1-a6b5ba567f2472a88f4768e5,EC-GAD-DAULE-LPI-GADIMCD-2025-03,MALECON,MATERIAL,M692,ANGULO 50x3mm,m,ANGULO 50X3MM,m,MATERIAL|m|0|ANGULO 50X3MM,ALIAS-1fad0f940f6dca1503c9a3c9,0
D25-693c5d43b9ffd4a6cb94,INSV1-2e53409b0845e61592de1f16,EC-GAD-DAULE-LPI-GADIMCD-2025-03,MALECON,MATERIAL,M693,TABLERO 220 V 1.22 x 2.44 x 9 C,u,TABLERO 220 V 1.22 X 2.44 X 9 C,u,MATERIAL|u|0|TABLERO 220 V 1.22 X 2.44 X 9 C,ALIAS-59fb0c658f3941bf22fbb039,0
D25-acf91346d90d016bd6bf,INSV1-84f98bceb141781cafc375e2,EC-GAD-DAULE-LPI-GADIMCD-2025-03,MALECON,MATERIAL,M694,"CLAVOS DE 2"" A 3 1/2""",lb,CLAVOS DE 2 A 3 1/2,lb,MATERIAL|lb|0|CLAVOS DE 2 A 3 1/2,ALIAS-ec3218fc7b03a97ec43c4513,0
D25-cca6b89617b4ad50c312,INSV1-892e1456e183f75da548d5ff,EC-GAD-DAULE-LPI-GADIMCD-2025-03,MALECON,MATERIAL,M695,"SOLDADURA 60/11X1/8""",Kg,SOLDADURA 60/11X1/8,kg,MATERIAL|kg|0|SOLDADURA 60/11X1/8,ALIAS-0bde1252017ee45d6cecfbf9,0
D25-966641a61ec78d7721d5,INSV1-c947d456225fb0e91efcb70e,EC-GAD-DAULE-LPI-GADIMCD-2025-03,MALECON,MATERIAL,M696,ACERO ESTRUCTURAL F´Y=4200 Kg/cm2,Kg,ACERO ESTRUCTURAL F Y 4200 KG/CM2,kg,MATERIAL|kg|0|ACERO ESTRUCTURAL F Y 4200 KG/CM2,ALIAS-460db4753d1eabad46607a5c,0
D25-8314da2450c5073ab340,INSV1-cba4a0cb3ef55699a0d77ce4,EC-GAD-DAULE-LPI-GADIMCD-2025-03,MALECON,EQUIPO,E80,CONCRETERA,h,CONCRETERA,h,EQUIPO|h|0|CONCRETERA,ALIAS-8136902b2fbde29e959c8a47,0
D25-06fec41d1578738d7e34,INSV1-f0d014340e348e02acaf6ced,EC-GAD-DAULE-LPI-GADIMCD-2025-03,MALECON,MATERIAL,M698,CASCAJO MEDIO,m3,CASCAJO MEDIO,m3,MATERIAL|m3|0|CASCAJO MEDIO,ALIAS-c910180c9145eee93504a9dd,0
D25-349dfee01cc3b848764c,INSV1-39530f6fb37623efbf67c242,EC-GAD-DAULE-LPI-GADIMCD-2025-03,MALECON,MATERIAL,M699,INTERRUPTOR DISTRIBUCION SUBTERRANEA MT EN SF6 PADSWITCH 422,u,INTERRUPTOR DISTRIBUCION SUBTERRANEA MT EN SF6 PADSWITCH 422,u,MATERIAL|u|0|INTERRUPTOR DISTRIBUCION SUBTERRANEA MT EN SF6 PADSWITCH 422,ALIAS-f337076c2480973713982747,0
D25-d96786be295c2e761bf0,INSV1-0198eb25cd2ebec6bec5b98f,EC-GAD-DAULE-LPI-GADIMCD-2025-03,MALECON,MATERIAL,M700,PERNOS DE ANCLAJE EN ACERO INOXIDABLE,u,PERNOS DE ANCLAJE EN ACERO INOXIDABLE,u,MATERIAL|u|0|PERNOS DE ANCLAJE EN ACERO INOXIDABLE,ALIAS-858b7ebdb04950d72ebb4f1b,0
D25-589e7d4386fcc3a7cc3b,INSV1-acbb52db319201e62b8ae6d2,EC-GAD-DAULE-LPI-GADIMCD-2025-03,MALECON,MATERIAL,M701,CONECTOR CODO 15KV 600 A,u,CONECTOR CODO 15KV 600 A,u,MATERIAL|u|0|CONECTOR CODO 15KV 600 A,ALIAS-70de9791fe16c8a2e3185d80,0
D25-2101390819222c269333,INSV1-be0f6184898be8b4f27cc4fb,EC-GAD-DAULE-LPI-GADIMCD-2025-03,MALECON,MATERIAL,M702,CONECTOR CODO 15KV 200 A,u,CONECTOR CODO 15KV 200 A,u,MATERIAL|u|0|CONECTOR CODO 15KV 200 A,ALIAS-81e1ec2b869dee651d11772a,0
D25-dbb2404eceb9324ea5b4,INSV1-b4414030e303693eefc20dad,EC-GAD-DAULE-LPI-GADIMCD-2025-03,MALECON,MATERIAL,M703,CONECTOR INSERT 15KV,u,CONECTOR INSERT 15KV,u,MATERIAL|u|0|CONECTOR INSERT 15KV,ALIAS-4f607a5e25078e6f261538d4,0
D25-3a74c145266cc53401f9,INSV1-de6a0ac9aca770cca43399f4,EC-GAD-DAULE-LPI-GADIMCD-2025-03,MALECON,MATERIAL,M704,CABLE #2 CU 15KV XLPE,m,CABLE 2 CU 15KV XLPE,m,MATERIAL|m|0|CABLE 2 CU 15KV XLPE,ALIAS-34e87bc9412d62ad98dd6baa,0
D25-059e626e37fcda83efc4,INSV1-70ba4bcb381080446357078a,EC-GAD-DAULE-LPI-GADIMCD-2025-03,MALECON,MATERIAL,M705,"TUBO PVC PESADO DE Ø 4""",u,TUBO PVC PESADO DE DIAM 4,u,MATERIAL|u|0|TUBO PVC PESADO DE DIAM 4,ALIAS-1099e5f62e32127e78e59bf1,0
D25-3ea0f2747e3f702f9454,INSV1-d9dfccfc731a791adc6d7682,EC-GAD-DAULE-LPI-GADIMCD-2025-03,MALECON,MATERIAL,M706,TRANSFORMADOR 3F 150 KVA TIPO PAD MOUNTED,u,TRANSFORMADOR 3F 150 KVA TIPO PAD MOUNTED,u,MATERIAL|u|0|TRANSFORMADOR 3F 150 KVA TIPO PAD MOUNTED,ALIAS-0c42f98264e48cd7def59201,0
D25-941a52c59f51fd54e645,INSV1-6911f5d6cd1fb4ebaffd5e2d,EC-GAD-DAULE-LPI-GADIMCD-2025-03,MALECON,MATERIAL,M707,TERMINALES TALON # 500 MCM,u,TERMINALES TALON 500 MCM,u,MATERIAL|u|0|TERMINALES TALON 500 MCM,ALIAS-f1740cfdd526bdcb58dd07a3,0
D25-ae0e5a17d6bcec1647b0,INSV1-2181762c2aec28f7e964f00a,EC-GAD-DAULE-LPI-GADIMCD-2025-03,MALECON,MATERIAL,M719,TRANSFORMADOR 3F 100 KVA TIPO PAD MOUNTED,u,TRANSFORMADOR 3F 100 KVA TIPO PAD MOUNTED,u,MATERIAL|u|0|TRANSFORMADOR 3F 100 KVA TIPO PAD MOUNTED,ALIAS-5c2c4910cf4d0d91695d1986,0
D25-55a6b9322efb71759541,INSV1-0ef94894e47396549b788939,EC-GAD-DAULE-LPI-GADIMCD-2025-03,MALECON,MATERIAL,M708,BASE SOCKET 3F CLASE 20,u,BASE SOCKET 3F CLASE 20,u,MATERIAL|u|0|BASE SOCKET 3F CLASE 20,ALIAS-034de0ddc90d7830df24f43e,0
D25-62d8eb7fdcf287ba83ad,INSV1-00685de80864fb99666efe93,EC-GAD-DAULE-LPI-GADIMCD-2025-03,MALECON,MATERIAL,M709,GABINETE METALICO,u,GABINETE METALICO,u,MATERIAL|u|0|GABINETE METALICO,ALIAS-93ef93192edd951d0dbd62c6,0
D25-8de4e59dc66532c7aa10,INSV1-8ec7454bb00db565f97cc661,EC-GAD-DAULE-LPI-GADIMCD-2025-03,MALECON,MATERIAL,M710,"CORONA 1 1/4""",u,CORONA 1 1/4,u,MATERIAL|u|0|CORONA 1 1/4,ALIAS-4274e1f809931f0de0943c36,0
D25-5f1ab97acc5c7763d6db,INSV1-7ae0b8b9fc26d1d359371c8e,EC-GAD-DAULE-LPI-GADIMCD-2025-03,MALECON,MATERIAL,M711,"CONTRATUERCA 1 1/4""",u,CONTRATUERCA 1 1/4,u,MATERIAL|u|0|CONTRATUERCA 1 1/4,ALIAS-42e02566f6ed7f1cfa52447e,0
D25-01937c78f9de91f4d159,INSV1-6c4a6e7bb1b5e174b21f0ba0,EC-GAD-DAULE-LPI-GADIMCD-2025-03,MALECON,MATERIAL,M712,"UNION METALICA RIGIDA DE Ø1 1/4""",u,UNION METALICA RIGIDA DE DIAM 1 1/4,u,MATERIAL|u|0|UNION METALICA RIGIDA DE DIAM 1 1/4,ALIAS-421aa0e40432a7675337c180,0
D25-59bc3d485cdcd0fbd695,INSV1-79bdca02909ab01a9cd96152,EC-GAD-DAULE-LPI-GADIMCD-2025-03,MALECON,MATERIAL,M713,"CODO RIGIDO 1 1/4""",u,CODO RIGIDO 1 1/4,u,MATERIAL|u|0|CODO RIGIDO 1 1/4,ALIAS-aead8e3fe29bad9a85c7f74b,0
D25-979f6c8968968ee71b3d,INSV1-53826cf5ff9d5def7a3cf865,EC-GAD-DAULE-LPI-GADIMCD-2025-03,MALECON,MATERIAL,M714,"TUBO RIGIDO 1 1/4"" X 3.00m CON UNION",u,TUBO RIGIDO 1 1/4 X 3.00M CON UNION,u,MATERIAL|u|0|TUBO RIGIDO 1 1/4 X 3.00M CON UNION,ALIAS-23df8c7ba9ca24f4b50a0600,0
D25-6bddf434b9b14f9a61f5,INSV1-bdf28f091a51ab2479ddf63e,EC-GAD-DAULE-LPI-GADIMCD-2025-03,MALECON,MATERIAL,M715,TRANSFORMADORES DE CORRIENTE 600:5A,u,TRANSFORMADORES DE CORRIENTE 600 5A,u,MATERIAL|u|0|TRANSFORMADORES DE CORRIENTE 600 5A,ALIAS-a5d0330b9b0fa752fc4bcb9c,0
D25-9b50b6de6033f90998cd,INSV1-d86358cbe87b99457e176995,EC-GAD-DAULE-LPI-GADIMCD-2025-03,MALECON,MATERIAL,M716,TRANSFORMADORES DE CORRIENTE 400:5A,u,TRANSFORMADORES DE CORRIENTE 400 5A,u,MATERIAL|u|0|TRANSFORMADORES DE CORRIENTE 400 5A,ALIAS-cae25df36c2d0f8ec58110e5,0
D25-44a57df8476fe06825b6,INSV1-44d918f7ed4dd5c44b78ac76,EC-GAD-DAULE-LPI-GADIMCD-2025-03,MALECON,MATERIAL,M717,"DISYUNTOR 250 A - 3 POLOS, CAJA MOLDEADA",u,DISYUNTOR 250 A - 3 POLOS CAJA MOLDEADA,u,MATERIAL|u|0|DISYUNTOR 250 A - 3 POLOS CAJA MOLDEADA,ALIAS-5e2aeb5a3cdfd68b0d39b7b9,0
D25-039d41abe9884b55aae8,INSV1-d3ce1e5f94c51b9f36d09276,EC-GAD-DAULE-LPI-GADIMCD-2025-03,MALECON,MATERIAL,M718,"GENERADOR 3F 60 KW 220 V-INCLUYE TUBO DE ESCAPE, SILENCIADOR Y TANQUE DE COMBUSTIBLE",u,GENERADOR 3F 60 KW 220 V-INCLUYE TUBO DE ESCAPE SILENCIADOR Y TANQUE DE COMBUSTIBLE,u,MATERIAL|u|0|GENERADOR 3F 60 KW 220 V-INCLUYE TUBO DE ESCAPE SILENCIADOR Y TANQUE DE COMBUSTIBLE,ALIAS-2009a092e42f7bba7c6e6f51,0
D25-7c3d914a7fd15c56414e,INSV1-a88e3a24198932507a3bdf88,EC-GAD-DAULE-LPI-GADIMCD-2025-03,MALECON,MATERIAL,M720,DISPOSITIVO AUTOMATICO,u,DISPOSITIVO AUTOMATICO,u,MATERIAL|u|0|DISPOSITIVO AUTOMATICO,ALIAS-e95e644baacfa94517bdf5f6,0
D25-63b5d17a3cc658f31617,INSV1-81ba26534c8719843a0b4536,EC-GAD-DAULE-LPI-GADIMCD-2025-03,MALECON,MATERIAL,M722,CABLE #500 MCM THHN CU,m,CABLE 500 MCM THHN CU,m,MATERIAL|m|0|CABLE 500 MCM THHN CU,ALIAS-2eaf4b4633bd99b013d899e8,0
D25-3e25fdf139eb9d5551eb,INSV1-0e27637b0ceb59eb1dfda0ec,EC-GAD-DAULE-LPI-GADIMCD-2025-03,MALECON,MATERIAL,M723,CABLE #4/0 AWG THHN CU,m,CABLE 4/0 AWG THHN CU,m,MATERIAL|m|0|CABLE 4/0 AWG THHN CU,ALIAS-9d32407898d066c182e70ccb,0
D25-e7f65ea2289153daddc5,INSV1-89e4ea03803d3588cb8bad16,EC-GAD-DAULE-LPI-GADIMCD-2025-03,MALECON,MATERIAL,M724,PARRILLA PORTA CABLES,u,PARRILLA PORTA CABLES,u,MATERIAL|u|0|PARRILLA PORTA CABLES,ALIAS-1efcb954ee1873f7a56f07c8,0
D25-9ce58c64e2f47763f185,INSV1-93b9a474881f1caa0d6e0123,EC-GAD-DAULE-LPI-GADIMCD-2025-03,MALECON,MATERIAL,M725,TERMINALES TALON # 250 MCM,u,TERMINALES TALON 250 MCM,u,MATERIAL|u|0|TERMINALES TALON 250 MCM,ALIAS-e9e7e3ffb46379b1671f8afa,0
D25-705ed2ac0b99da2fd921,INSV1-cfeec730fb278fcc512e69ad,EC-GAD-DAULE-LPI-GADIMCD-2025-03,MALECON,MATERIAL,M726,CABLE #350 MCM THHN CU,m,CABLE 350 MCM THHN CU,m,MATERIAL|m|0|CABLE 350 MCM THHN CU,ALIAS-97c6481bd47815d2fee115db,0
D25-5add99cb6d8aec18beb1,INSV1-370ba4f76c775bc57d9b2c66,EC-GAD-DAULE-LPI-GADIMCD-2025-03,MALECON,MATERIAL,M735,"DISYUNTOR 500 A - 3 POLOS, CAJA MOLDEADA REGULADO",u,DISYUNTOR 500 A - 3 POLOS CAJA MOLDEADA REGULADO,u,MATERIAL|u|0|DISYUNTOR 500 A - 3 POLOS CAJA MOLDEADA REGULADO,ALIAS-3c5e2b121a10db91f0b546cb,0
D25-fe9c226d4bd8d25f8853,INSV1-8df933ecf8440e953273eebc,EC-GAD-DAULE-LPI-GADIMCD-2025-03,MALECON,MATERIAL,M732,"DISYUNTOR 125 A - 3 POLOS, CAJA MOLDEADA",u,DISYUNTOR 125 A - 3 POLOS CAJA MOLDEADA,u,MATERIAL|u|0|DISYUNTOR 125 A - 3 POLOS CAJA MOLDEADA,ALIAS-155b8d437c130f646822a1ac,0
D25-18ec5b132e089f3d8c7e,INSV1-752ed38dd31917bc4b43c59b,EC-GAD-DAULE-LPI-GADIMCD-2025-03,MALECON,MATERIAL,M734,"DISYUNTOR 350 A - 3 POLOS, CAJA MOLDEADA REGULADO",u,DISYUNTOR 350 A - 3 POLOS CAJA MOLDEADA REGULADO,u,MATERIAL|u|0|DISYUNTOR 350 A - 3 POLOS CAJA MOLDEADA REGULADO,ALIAS-f9a78fcc0cc8bd415c99d081,0
D25-00214e4f3c05a09943fa,INSV1-606101332ad2045c671247a6,EC-GAD-DAULE-LPI-GADIMCD-2025-03,MALECON,MATERIAL,M730,"DISYUNTOR 70 A - 3 POLOS, CAJA MOLDEADA",u,DISYUNTOR 70 A - 3 POLOS CAJA MOLDEADA,u,MATERIAL|u|0|DISYUNTOR 70 A - 3 POLOS CAJA MOLDEADA,ALIAS-58ca92bf62a8ca192456ceb2,0
D25-8b6b00e42e8a7ad26868,INSV1-8a15536ff9d04dcff82a0e77,EC-GAD-DAULE-LPI-GADIMCD-2025-03,MALECON,MATERIAL,M736,CABLE #4 AWG CU DESNUDO,m,CABLE 4 AWG CU DESNUDO,m,MATERIAL|m|0|CABLE 4 AWG CU DESNUDO,ALIAS-92fa702c7ea6af777e52a5eb,0
D25-4633ab8c8cebb5409635,INSV1-fe1c4b88ce8b43140e64613b,EC-GAD-DAULE-LPI-GADIMCD-2025-03,MALECON,MATERIAL,M738,"VARILLA DE COBRE DE ALTA CAMADA 5/8""x 6'",u,VARILLA DE COBRE DE ALTA CAMADA 5/8 X 6',u,MATERIAL|u|0|VARILLA DE COBRE DE ALTA CAMADA 5/8 X 6',ALIAS-a7f3d658b37755a1a1738a7d,0
D25-ef2109aec7537a2fd277,INSV1-7030c981aa34f80fab29794e,EC-GAD-DAULE-LPI-GADIMCD-2025-03,MALECON,MATERIAL,M739,KIT SOLDADURA EXOTERMICA 200,u,KIT SOLDADURA EXOTERMICA 200,u,MATERIAL|u|0|KIT SOLDADURA EXOTERMICA 200,ALIAS-74110380fe8f6b5c4ee631a2,0
D25-b9979b16c5d88011f992,INSV1-cecd0456c3476e6ebbc4a99f,EC-GAD-DAULE-LPI-GADIMCD-2025-03,MALECON,MATERIAL,M740,CONECTOR PARA VARILLA COPPERWELD,u,CONECTOR PARA VARILLA COPPERWELD,u,MATERIAL|u|0|CONECTOR PARA VARILLA COPPERWELD,ALIAS-98bd2840766666d80fb0137c,0
D25-e0cf66b727a080a21c66,INSV1-c75b579e1f9fcd4ebe7d5f2e,EC-GAD-DAULE-LPI-GADIMCD-2025-03,MALECON,MATERIAL,M293,"TUBO 4"" PVC PESADO X 3.00m",u,TUBO 4 PVC PESADO X 3.00M,u,MATERIAL|u|0|TUBO 4 PVC PESADO X 3.00M,ALIAS-6e20629ec35c6fe8b774d3af,0
D25-6baf33b4bcc94e4d33e7,INSV1-b4fd5a382d89acaa37b840a9,EC-GAD-DAULE-LPI-GADIMCD-2025-03,MALECON,MATERIAL,M466,"TUBO 4"" METALICO RIGIDO X 3.00m",u,TUBO 4 METALICO RIGIDO X 3.00M,u,MATERIAL|u|0|TUBO 4 METALICO RIGIDO X 3.00M,ALIAS-c370c518a7e86a91b1909623,0
D25-015ac544f8eb48794273,INSV1-8f43c61e5ca96efa617ab4b5,EC-GAD-DAULE-LPI-GADIMCD-2025-03,MALECON,MATERIAL,M727,CABLE #250 MCM THHN CU,m,CABLE 250 MCM THHN CU,m,MATERIAL|m|0|CABLE 250 MCM THHN CU,ALIAS-56093285f16e2099f4903e9c,0
D25-04fa56ce38dd22b6687e,INSV1-0f6a27064161c32bd9c3a454,EC-GAD-DAULE-LPI-GADIMCD-2025-03,MALECON,MATERIAL,M728,CABLE #2/0 AWG THHN CU,m,CABLE 2/0 AWG THHN CU,m,MATERIAL|m|0|CABLE 2/0 AWG THHN CU,ALIAS-95d147fc5edab8dd5259ade6,0
D25-52e79f6666a3ad3ce3a5,INSV1-704095c6f1e26e20387201bf,EC-GAD-DAULE-LPI-GADIMCD-2025-03,MALECON,MATERIAL,M729,"TUBO PVC PRESION 4""",u,TUBO PVC PRESION 4,u,MATERIAL|u|0|TUBO PVC PRESION 4,ALIAS-46e715d30fe628bb137f41e1,0
D25-289dceb76d8f6142210c,INSV1-8be8267a37e37cef6899c497,EC-GAD-DAULE-LPI-GADIMCD-2025-03,MALECON,MATERIAL,M731,"CODO PVC 4""",u,CODO PVC 4,u,MATERIAL|u|0|CODO PVC 4,ALIAS-d961c964bba388e900190cbc,0
D25-8c73715949cdbede0b6c,INSV1-fe9537c34546450ae6faef3a,EC-GAD-DAULE-LPI-GADIMCD-2025-03,MALECON,MATERIAL,M733,"CONECTOR EMT 4""",u,CONECTOR EMT 4,u,MATERIAL|u|0|CONECTOR EMT 4,ALIAS-170d3e2b1d6ef0e776dd1d0c,0
D25-3651e9c47fa1d934f4b1,INSV1-d8732e5907fc3477d5542f09,EC-GAD-DAULE-LPI-GADIMCD-2025-03,MALECON,MATERIAL,M741,CABLE #1/0 AWG THHN CU,m,CABLE 1/0 AWG THHN CU,m,MATERIAL|m|0|CABLE 1/0 AWG THHN CU,ALIAS-53e081d488d26081b8794035,0
D25-4064c65f4b0d06790b0c,INSV1-c46b2425ab48c10ac5d1dce7,EC-GAD-DAULE-LPI-GADIMCD-2025-03,MALECON,MATERIAL,M742,"TUBO PVC 2 1/2""",u,TUBO PVC 2 1/2,u,MATERIAL|u|0|TUBO PVC 2 1/2,ALIAS-aeee62ac5d0970cf886530ff,0
D25-1043ac50e294e3210470,INSV1-abf488ccefbd429b59072986,EC-GAD-DAULE-LPI-GADIMCD-2025-03,MALECON,MATERIAL,M743,"CODO PVC 2 1/2""",u,CODO PVC 2 1/2,u,MATERIAL|u|0|CODO PVC 2 1/2,ALIAS-234aa407a3e1d99de4833093,0
D25-e09050780f4ca1376eac,INSV1-ccd42dee0afc15b0df93f1de,EC-GAD-DAULE-LPI-GADIMCD-2025-03,MALECON,MATERIAL,M744,"CONECTOR PVC 2 1/2""",u,CONECTOR PVC 2 1/2,u,MATERIAL|u|0|CONECTOR PVC 2 1/2,ALIAS-7100f401bce27def8d2ca799,0
D25-abb083404b54b06c9737,INSV1-6816972013b2f597b7f36fd5,EC-GAD-DAULE-LPI-GADIMCD-2025-03,MALECON,MATERIAL,M745,CABLE #8 AWG THHN CU,m,CABLE 8 AWG THHN CU,m,MATERIAL|m|0|CABLE 8 AWG THHN CU,ALIAS-17381cc6a2608d7094c3b2c9,0
D25-0d3b1d9b9c2e07b54784,INSV1-357b81dd10b9e844ced27697,EC-GAD-DAULE-LPI-GADIMCD-2025-03,MALECON,MATERIAL,M746,CABLE #10 AWG THHN CU,m,CABLE 10 AWG THHN CU,m,MATERIAL|m|0|CABLE 10 AWG THHN CU,ALIAS-7e7d4917244591be8da67316,0
D25-eb67aa1b1a76f44293a2,INSV1-18f534213d5228a399e6d213,EC-GAD-DAULE-LPI-GADIMCD-2025-03,MALECON,MATERIAL,M747,CABLE #12 AWG THHN CU,m,CABLE 12 AWG THHN CU,m,MATERIAL|m|0|CABLE 12 AWG THHN CU,ALIAS-aa7c9492b180d25974b63b25,0
D25-feacc4c230d2d054aacc,INSV1-d9877a05471cb0d1695fb8a9,EC-GAD-DAULE-LPI-GADIMCD-2025-03,MALECON,MATERIAL,M748,"TUBO EMT 2""",u,TUBO EMT 2,u,MATERIAL|u|0|TUBO EMT 2,ALIAS-6413715b2a1c3046c5257c8a,0
D25-248821d4801e0f5b503a,INSV1-c4b64e897610535a801ff7ab,EC-GAD-DAULE-LPI-GADIMCD-2025-03,MALECON,MATERIAL,M749,"CODO EMT RIGIDO DE Ø 2""",u,CODO EMT RIGIDO DE DIAM 2,u,MATERIAL|u|0|CODO EMT RIGIDO DE DIAM 2,ALIAS-773012f3e844aacd6b553051,0
D25-0bd18a107cf407c10222,INSV1-8fa88aa9c5cd2873643fe5bf,EC-GAD-DAULE-LPI-GADIMCD-2025-03,MALECON,MATERIAL,M750,"CONECTOR EMT 2""",u,CONECTOR EMT 2,u,MATERIAL|u|0|CONECTOR EMT 2,ALIAS-7c5b6ef35ced766b5b883669,0
D25-e5de759f693a39b07758,INSV1-91d7fcb7572c01efb06b9445,EC-GAD-DAULE-LPI-GADIMCD-2025-03,MALECON,MATERIAL,M751,DISYUNTOR 40 A -2 POLOS,u,DISYUNTOR 40 A -2 POLOS,u,MATERIAL|u|0|DISYUNTOR 40 A -2 POLOS,ALIAS-5d108fc7aaaa3b60d3ec6e0f,0
D25-d92b8c743b8e9c9dd6c8,INSV1-74f60a726eb50128dc4bd6da,EC-GAD-DAULE-LPI-GADIMCD-2025-03,MALECON,MATERIAL,M752,BASE SOCKET 1F CLASE 100,u,BASE SOCKET 1F CLASE 100,u,MATERIAL|u|0|BASE SOCKET 1F CLASE 100,ALIAS-234be682f69375e5f323fbac,0
D25-92c63c8593d3775057e2,INSV1-3a7356c53d1f164da75070b0,EC-GAD-DAULE-LPI-GADIMCD-2025-03,MALECON,MATERIAL,M753,BASE SOCKET 3F CLASE 100,u,BASE SOCKET 3F CLASE 100,u,MATERIAL|u|0|BASE SOCKET 3F CLASE 100,ALIAS-6e19e5cd144a288fc95c8f5d,0
D25-3da42d9aa32d4f715757,INSV1-91b1f7608263b2212e91c48f,EC-GAD-DAULE-LPI-GADIMCD-2025-03,MALECON,MATERIAL,M754,PANTALLAS CON LECTURA DE PARAMETROS Y LUCES IND,u,PANTALLAS CON LECTURA DE PARAMETROS Y LUCES IND,u,MATERIAL|u|0|PANTALLAS CON LECTURA DE PARAMETROS Y LUCES IND,ALIAS-83a3c8b6d7336dcebe19aa04,0
D25-14612577e7e31bac2a2f,INSV1-5016e7220b834d069fbe05cc,EC-GAD-DAULE-LPI-GADIMCD-2025-03,MALECON,MATERIAL,M755,DISYUNTOR 30 A - 2 POLOS,u,DISYUNTOR 30 A - 2 POLOS,u,MATERIAL|u|0|DISYUNTOR 30 A - 2 POLOS,ALIAS-caa77d4f10e59fec919b50b5,0
D25-72bffd75e5bd1908a2a7,INSV1-c8d3746a0ad244344695d6fb,EC-GAD-DAULE-LPI-GADIMCD-2025-03,MALECON,MATERIAL,M756,DISYUNTOR 20 A - 2 POLOS,u,DISYUNTOR 20 A - 2 POLOS,u,MATERIAL|u|0|DISYUNTOR 20 A - 2 POLOS,ALIAS-d6ea2cad407edd93714641a1,0
D25-bf481394b6493003a9da,INSV1-2fd9cf289218ccf771ba937a,EC-GAD-DAULE-LPI-GADIMCD-2025-03,MALECON,MATERIAL,M759,"GABINETE METALICO CON BARRAS PARA TABLEROS TCB, TDB",u,GABINETE METALICO CON BARRAS PARA TABLEROS TCB TDB,u,MATERIAL|u|0|GABINETE METALICO CON BARRAS PARA TABLEROS TCB TDB,ALIAS-8ade50ec2fd89a622fc2b7f2,0
D25-eaf3d26d0aceb11751f7,INSV1-58cc214402fb4656129a1eec,EC-GAD-DAULE-LPI-GADIMCD-2025-03,MALECON,MATERIAL,M757,ARRANCADOR PARA MOTOR,u,ARRANCADOR PARA MOTOR,u,MATERIAL|u|0|ARRANCADOR PARA MOTOR,ALIAS-78c7b6b0ef0e66c845efd8af,0
D25-77c55e550fab66597a74,INSV1-0e64406af0115ae1a8ecee12,EC-GAD-DAULE-LPI-GADIMCD-2025-03,MALECON,MATERIAL,M758,ARRANCADORES SUAVES,u,ARRANCADORES SUAVES,u,MATERIAL|u|0|ARRANCADORES SUAVES,ALIAS-e947adcd5f58bd792faf6e85,0
D25-07420ba42386fcc0b0db,INSV1-99d5e5d855b46ca85053a053,EC-GAD-DAULE-LPI-GADIMCD-2025-03,MALECON,MATERIAL,M760,"DISYUNTOR 300 A - 3 POLOS, CAJA MOLDEADA",u,DISYUNTOR 300 A - 3 POLOS CAJA MOLDEADA,u,MATERIAL|u|0|DISYUNTOR 300 A - 3 POLOS CAJA MOLDEADA,ALIAS-f043dbdeb2e2a09262a9c8f8,0
D25-fa16daa4eca7d19c13e9,INSV1-2223d6cb25a93d23a4f6740a,EC-GAD-DAULE-LPI-GADIMCD-2025-03,MALECON,MATERIAL,M761,GABINETE METALICO CON BARRAS PARA PANEL ADM,u,GABINETE METALICO CON BARRAS PARA PANEL ADM,u,MATERIAL|u|0|GABINETE METALICO CON BARRAS PARA PANEL ADM,ALIAS-74f1ed2be6a39b2ce879b5fc,0
D25-9e171f3ac31083d6c95c,INSV1-7f10edf1f2c12abc99c07c56,EC-GAD-DAULE-LPI-GADIMCD-2025-03,MALECON,MATERIAL,M762,DISYUNTOR 2F 30 A - 2 POLOS,u,DISYUNTOR 2F 30 A - 2 POLOS,u,MATERIAL|u|0|DISYUNTOR 2F 30 A - 2 POLOS,ALIAS-4149acbabe718e039d13ede6,0
D25-5fdc6d75ef8108a6ab36,INSV1-87d77fe3d688f727b9434fc0,EC-GAD-DAULE-LPI-GADIMCD-2025-03,MALECON,MATERIAL,M763,DISYUNTOR 2F 20 A - 2 POLOS,u,DISYUNTOR 2F 20 A - 2 POLOS,u,MATERIAL|u|0|DISYUNTOR 2F 20 A - 2 POLOS,ALIAS-4082b0d9b5dedf0ff3da8693,0
D25-0051bdd8b170be30f41f,INSV1-e84dcc0b17bbfab2a7da36b6,EC-GAD-DAULE-LPI-GADIMCD-2025-03,MALECON,MATERIAL,M764,DISYUNTOR 1F 20 A - 1 POLO,u,DISYUNTOR 1F 20 A - 1 POLO,u,MATERIAL|u|0|DISYUNTOR 1F 20 A - 1 POLO,ALIAS-795b92114dd1f25b8cb60606,0
D25-70dd2724272a8016045b,INSV1-d1354f2bf91004ba4b3786ff,EC-GAD-DAULE-LPI-GADIMCD-2025-03,MALECON,MATERIAL,M765,GABINETE METALICO CON BARRAS PARA PANELES,u,GABINETE METALICO CON BARRAS PARA PANELES,u,MATERIAL|u|0|GABINETE METALICO CON BARRAS PARA PANELES,ALIAS-4f09a4134aceadc122665f98,0
D25-f47d222f841030ab9fe6,INSV1-7af010f9d46fed17f69a3635,EC-GAD-DAULE-LPI-GADIMCD-2025-03,MALECON,MATERIAL,M766,GABINETE METALICO CON BARRAS PARA PANEL PSG Y PDK,u,GABINETE METALICO CON BARRAS PARA PANEL PSG Y PDK,u,MATERIAL|u|0|GABINETE METALICO CON BARRAS PARA PANEL PSG Y PDK,ALIAS-bbeeb943e4edd01f1dcf2ac7,0
D25-ce5ae9418c4736823465,INSV1-a02dac399444a4262343581d,EC-GAD-DAULE-LPI-GADIMCD-2025-03,MALECON,MATERIAL,M767,ALAMBRE GALVANIZADO # 18,Kg,ALAMBRE GALVANIZADO 18,kg,MATERIAL|kg|0|ALAMBRE GALVANIZADO 18,ALIAS-3cc34973b5bef42dade5efb1,0
D25-9d6def52a0d56b7c624b,INSV1-e2b929dbe391244ac62a4eb3,EC-GAD-DAULE-LPI-GADIMCD-2025-03,MALECON,MATERIAL,M768,"TUBO EMT 1/2"" x 3.00m CON UNION",u,TUBO EMT 1/2 X 3.00M CON UNION,u,MATERIAL|u|0|TUBO EMT 1/2 X 3.00M CON UNION,ALIAS-06cfba76106d596668b3800c,0
D25-5c49e0425509f0178890,INSV1-9afa158300e9fda3597224f0,EC-GAD-DAULE-LPI-GADIMCD-2025-03,MALECON,MATERIAL,M769,"CONECTOR EMT 1/2""",u,CONECTOR EMT 1/2,u,MATERIAL|u|0|CONECTOR EMT 1/2,ALIAS-ed164aee450f007e1c81cfc2,0
D25-098d3623723c3eae6882,INSV1-da60c89ea7238ffe21b7282a,EC-GAD-DAULE-LPI-GADIMCD-2025-03,MALECON,MATERIAL,M770,CAJA OCTOGONAL GRANDE CON TAPA,u,CAJA OCTOGONAL GRANDE CON TAPA,u,MATERIAL|u|0|CAJA OCTOGONAL GRANDE CON TAPA,ALIAS-cd23b6b1bfe1b35522688f29,0
D25-7a17658258d807b35130,INSV1-75cefe97796895ff0c0e9626,EC-GAD-DAULE-LPI-GADIMCD-2025-03,MALECON,MATERIAL,M771,CAJA RECTANGULAR PROFUNDA,u,CAJA RECTANGULAR PROFUNDA,u,MATERIAL|u|0|CAJA RECTANGULAR PROFUNDA,ALIAS-58bf0941cfd9d3b4b2afc1ad,0
D25-1c252905650192d7c622,INSV1-24b0b9de8feae1aac09bf5a5,EC-GAD-DAULE-LPI-GADIMCD-2025-03,MALECON,MATERIAL,M772,INTERRUPTOR SENCILLO 120 V,u,INTERRUPTOR SENCILLO 120 V,u,MATERIAL|u|0|INTERRUPTOR SENCILLO 120 V,ALIAS-128891082a4dab2294d19e3a,0
D25-88ed73044bb5b5354c6a,INSV1-515748a88fc1b66e49ae7c61,EC-GAD-DAULE-LPI-GADIMCD-2025-03,MALECON,MATERIAL,M773,PIATINA 2 x 14 AWG CU,m,PIATINA 2 X 14 AWG CU,m,MATERIAL|m|0|PIATINA 2 X 14 AWG CU,ALIAS-e55877d9dfd1b6087b7527b0,0
D25-caa8b601fbdaa2dbd6c8,INSV1-425cf97cc53542cfddc3d9bf,EC-GAD-DAULE-LPI-GADIMCD-2025-03,MALECON,MATERIAL,M774,"BROCAS, TORNILLOS Y GRAPAS",u,BROCAS TORNILLOS Y GRAPAS,u,MATERIAL|u|0|BROCAS TORNILLOS Y GRAPAS,ALIAS-bfbccf2f6998d9d388d6aaff,0
D25-385b92ba88c28de35234,INSV1-e221ab2b3a778af66555e84a,EC-GAD-DAULE-LPI-GADIMCD-2025-03,MALECON,MATERIAL,M775,CAJA 4X4,u,CAJA 4X4,u,MATERIAL|u|0|CAJA 4X4,ALIAS-6997f8892b0968ec9de968d0,0
D25-3698c99cde0f95e256fe,INSV1-6238e9c1bb81e4a25267d44f,EC-GAD-DAULE-LPI-GADIMCD-2025-03,MALECON,MATERIAL,M776,TUBO PVC 3/4x3.00m,u,TUBO PVC 3/4X3.00M,u,MATERIAL|u|0|TUBO PVC 3/4X3.00M,ALIAS-aeadca27da751e8307ccba40,0
D25-1e6cb23a3226547b8fb3,INSV1-e88d9df6caba3d301b17bcc5,EC-GAD-DAULE-LPI-GADIMCD-2025-03,MALECON,MATERIAL,M777,"CONECTOR PVC 3/4""",u,CONECTOR PVC 3/4,u,MATERIAL|u|0|CONECTOR PVC 3/4,ALIAS-164614aa6abcc95ebbe5fab9,0
D25-53a39a11ae4564a27c0d,INSV1-10c502af96146311cc3b2323,EC-GAD-DAULE-LPI-GADIMCD-2025-03,MALECON,MATERIAL,M9,VARIOS,u,VARIOS,u,MATERIAL|u|0|VARIOS,ALIAS-a84de669894cb443c0d81211,0
D25-9d074e5cb27f12d7d8c4,INSV1-a03e55d86f11f3b0da9c8fef,EC-GAD-DAULE-LPI-GADIMCD-2025-03,MALECON,MATERIAL,M779,TOMACORRIENTE DOBLE POLARIZADO 120 V,u,TOMACORRIENTE DOBLE POLARIZADO 120 V,u,MATERIAL|u|0|TOMACORRIENTE DOBLE POLARIZADO 120 V,ALIAS-33b7945ee4eaaed49b2ac808,0
D25-b1e4f3fd1e4fb8e7239d,INSV1-75ef6bd794e43310135dd545,EC-GAD-DAULE-LPI-GADIMCD-2025-03,MALECON,MATERIAL,M780,"TUBO EMT 3/4"" x 3.00m CON UNION",u,TUBO EMT 3/4 X 3.00M CON UNION,u,MATERIAL|u|0|TUBO EMT 3/4 X 3.00M CON UNION,ALIAS-5d39242c58162bf29107f994,0
D25-693a0f72c7fd043f7fd1,INSV1-92292921e9231ad709d174ea,EC-GAD-DAULE-LPI-GADIMCD-2025-03,MALECON,MATERIAL,M781,"CONECTOR EMT 3/4""",u,CONECTOR EMT 3/4,u,MATERIAL|u|0|CONECTOR EMT 3/4,ALIAS-19c3f6eefe15aa1620e059e4,0
D25-fb584845cf307b5b9e12,INSV1-9e8e7698a6ed8caff81b2c4e,EC-GAD-DAULE-LPI-GADIMCD-2025-03,MALECON,MATERIAL,M782,LUMINARIA TIPO APLIQUE 1x60W,u,LUMINARIA TIPO APLIQUE 1X60W,u,MATERIAL|u|0|LUMINARIA TIPO APLIQUE 1X60W,ALIAS-db7c82693e52657616052f1e,0
D25-a1bf4f5eecc4547a3a2c,INSV1-9eb7db8eb806ad7978ec9304,EC-GAD-DAULE-LPI-GADIMCD-2025-03,MALECON,MATERIAL,M784,FOCO AHORRADOR 60W,u,FOCO AHORRADOR 60W,u,MATERIAL|u|0|FOCO AHORRADOR 60W,ALIAS-42a0e789ac585b6921afd400,0
D25-feca44a8e6065caac790,INSV1-3170081ba3938af0d0d8ec70,EC-GAD-DAULE-LPI-GADIMCD-2025-03,MALECON,MATERIAL,M785,LUMINARIA TIPO APLIQUE DE PISO 220V 1.2 W,u,LUMINARIA TIPO APLIQUE DE PISO 220V 1.2 W,u,MATERIAL|u|0|LUMINARIA TIPO APLIQUE DE PISO 220V 1.2 W,ALIAS-b3434ed5796f4d891eda6ea0,0
D25-df53405cb35852205a28,INSV1-d33759aa761a9214b670da94,EC-GAD-DAULE-LPI-GADIMCD-2025-03,MALECON,MATERIAL,M786,APLIQUE DE PISO DECORATIVO AJUSTABLE ASIMETRICO 220 V- 38 W; IP68-IK10,u,APLIQUE DE PISO DECORATIVO AJUSTABLE ASIMETRICO 220 V- 38 W IP68-IK10,u,MATERIAL|u|0|APLIQUE DE PISO DECORATIVO AJUSTABLE ASIMETRICO 220 V- 38 W IP68-IK10,ALIAS-321ae4a509588999940d4f99,0
D25-89d3f8c29fb8595a2b41,INSV1-ebba33f3012487d73a63e062,EC-GAD-DAULE-LPI-GADIMCD-2025-03,MALECON,MATERIAL,M787,LUMINARIA LED SELLADA 220V 55W,u,LUMINARIA LED SELLADA 220V 55W,u,MATERIAL|u|0|LUMINARIA LED SELLADA 220V 55W,ALIAS-fa5a6ea1962022eccf115dbd,0
D25-ea46d60332a9052f1857,INSV1-ab06bf3276ef81aeeed9fc05,EC-GAD-DAULE-LPI-GADIMCD-2025-03,MALECON,MATERIAL,M788,LAMPARA SELLADA LED 220V 20W,u,LAMPARA SELLADA LED 220V 20W,u,MATERIAL|u|0|LAMPARA SELLADA LED 220V 20W,ALIAS-54da5f45619f7d7e3dab5af1,0
D25-94795f0ba1f26896be6e,INSV1-c6c62c13fc29b7290048123f,EC-GAD-DAULE-LPI-GADIMCD-2025-03,MALECON,MATERIAL,M789,LUMINARIA TIPO PARQUE EN POSTE 220V - 80W,u,LUMINARIA TIPO PARQUE EN POSTE 220V - 80W,u,MATERIAL|u|0|LUMINARIA TIPO PARQUE EN POSTE 220V - 80W,ALIAS-630b1dd9288c4ffe2987bffb,0
D25-1afc20492aa91bc2479a,INSV1-d1e4bb97ea49361a0d1a9871,EC-GAD-DAULE-LPI-GADIMCD-2025-03,MALECON,MATERIAL,M790,LUMINARIA TIPO PARQUE EN POSTE 220V - 100W,u,LUMINARIA TIPO PARQUE EN POSTE 220V - 100W,u,MATERIAL|u|0|LUMINARIA TIPO PARQUE EN POSTE 220V - 100W,ALIAS-4466ccd428d2b0696955f6b6,0
D25-b502554c2bb89d3d7398,INSV1-ec16f7b88c079fdd94d63c76,EC-GAD-DAULE-LPI-GADIMCD-2025-03,MALECON,MATERIAL,M791,CANALETA METALICA SELLADA 30.00cm X 20.00cm X 2.50m,u,CANALETA METALICA SELLADA 30.00CM X 20.00CM X 2.50M,u,MATERIAL|u|0|CANALETA METALICA SELLADA 30.00CM X 20.00CM X 2.50M,ALIAS-8a6d79c1250512057464c29a,0
D25-21ff1ddde253560a275c,INSV1-08063c3a351aefd8efafd009,EC-GAD-DAULE-LPI-GADIMCD-2025-03,MALECON,MATERIAL,M792,ELEMENTOS DE SUJECION,u,ELEMENTOS DE SUJECION,u,MATERIAL|u|0|ELEMENTOS DE SUJECION,ALIAS-ff99de1a80dfe617a7dc1660,0
D25-49e03f3203126f08042e,INSV1-f3b2721a6147b675ba359f32,EC-GAD-DAULE-LPI-GADIMCD-2025-03,MALECON,MATERIAL,M793,LUMINARIA TIPO LED 218 W 100-227V,u,LUMINARIA TIPO LED 218 W 100-227V,u,MATERIAL|u|0|LUMINARIA TIPO LED 218 W 100-227V,ALIAS-4a296a3ff8b04839b88358d0,0
D25-5ffd7651a9aa6f75ab15,INSV1-9823d10692632b849d216ab0,EC-GAD-DAULE-LPI-GADIMCD-2025-03,MALECON,MATERIAL,M794,CABLE CONCENTRICO 2 # 12 AWG CU,m,CABLE CONCENTRICO 2 12 AWG CU,m,MATERIAL|m|0|CABLE CONCENTRICO 2 12 AWG CU,ALIAS-67e72843ecd4bce770ad9860,0
D25-0449121ba67dc194d628,INSV1-26f5fd97903b14a4897d06f5,EC-GAD-DAULE-LPI-GADIMCD-2025-03,MALECON,MATERIAL,M795,POSTE DE 12.00m,u,POSTE DE 12.00M,u,MATERIAL|u|0|POSTE DE 12.00M,ALIAS-a0e0ce3cc8f15ba89d6de430,0
D25-d039ffe045117dacfd70,INSV1-3d3574293b8f2ab04b1601dd,EC-GAD-DAULE-LPI-GADIMCD-2025-03,MALECON,MATERIAL,M796,CONECTOR CABLE CONCENTRICO,u,CONECTOR CABLE CONCENTRICO,u,MATERIAL|u|0|CONECTOR CABLE CONCENTRICO,ALIAS-c02cf9fb4d18b4fa9c28aed6,0
D25-b9f1136c450079ae87cd,INSV1-f162493a1c2e96df2fc9b513,EC-GAD-DAULE-LPI-GADIMCD-2025-03,MALECON,MATERIAL,M797,PANEL LED CUADRADA - 30W - 100-220V,u,PANEL LED CUADRADA - 30W - 100-220V,u,MATERIAL|u|0|PANEL LED CUADRADA - 30W - 100-220V,ALIAS-c0a7ddd8abc6b30ea894aecb,0
D25-bb6440629656ddf32202,INSV1-c1675ab6f158668d0c4160a8,EC-GAD-DAULE-LPI-GADIMCD-2025-03,MALECON,MATERIAL,M798,TIRAS LED RGB 24V - 12V; IP67 - IK10 (1.00m),u,TIRAS LED RGB 24V - 12V IP67 - IK10 1.00M,u,MATERIAL|u|0|TIRAS LED RGB 24V - 12V IP67 - IK10 1.00M,ALIAS-18d78f6b88e0efd0e692438d,0
D25-7d83d14456072e5514ad,INSV1-adba21f081ef4e4e14a6ceb2,EC-GAD-DAULE-LPI-GADIMCD-2025-03,MALECON,MATERIAL,M799,COLUMNA INTELIGENTE CI-WIFI-CAMARAS-ALARMAS,u,COLUMNA INTELIGENTE CI-WIFI-CAMARAS-ALARMAS,u,MATERIAL|u|0|COLUMNA INTELIGENTE CI-WIFI-CAMARAS-ALARMAS,ALIAS-059574497c3efcfa29c482c7,0
D25-0c658da0315559183700,INSV1-b8a298e31a0c5bbddc78ec28,EC-GAD-DAULE-LPI-GADIMCD-2025-03,MALECON,MATERIAL,M800,MINI POSTE DE ILUMINACION 220 V - 25 W; IP67 - IK10,u,MINI POSTE DE ILUMINACION 220 V - 25 W IP67 - IK10,u,MATERIAL|u|0|MINI POSTE DE ILUMINACION 220 V - 25 W IP67 - IK10,ALIAS-39926b0f9bc41d4d0e156655,0
D25-221397a6e42d5dac0a8e,INSV1-4d8e3efd49bd272d6bd0c3fa,EC-GAD-DAULE-LPI-GADIMCD-2025-03,MALECON,MATERIAL,M801,TIRAS LED LUZ NEUTRA 24V - 12W; IP67 - IK10 (1.00m),u,TIRAS LED LUZ NEUTRA 24V - 12W IP67 - IK10 1.00M,u,MATERIAL|u|0|TIRAS LED LUZ NEUTRA 24V - 12W IP67 - IK10 1.00M,ALIAS-74ecb85ed850cc512129e69d,0
D25-4bdc4314337a60076a84,INSV1-d4004d4043f1461a417a62c4,EC-GAD-DAULE-LPI-GADIMCD-2025-03,MALECON,MATERIAL,M802,"REFLECTOR SUMERGIBLE RGB 150 W, IP68 (CHORRO AGUA)",u,REFLECTOR SUMERGIBLE RGB 150 W IP68 CHORRO AGUA,u,MATERIAL|u|0|REFLECTOR SUMERGIBLE RGB 150 W IP68 CHORRO AGUA,ALIAS-3acb04dd6d77f16c91ff36ca,0
D25-a4aa1d163e8521015e71,INSV1-73713449876606dedd71ec24,EC-GAD-DAULE-LPI-GADIMCD-2025-03,MALECON,MATERIAL,M803,REFLECTOR LED 150 W - 220 V; COLOR NEUTRO GRADO IP68,u,REFLECTOR LED 150 W - 220 V COLOR NEUTRO GRADO IP68,u,MATERIAL|u|0|REFLECTOR LED 150 W - 220 V COLOR NEUTRO GRADO IP68,ALIAS-13664c9a2ffe1a329df40ea3,0
D25-aa34ac020db96d7e43d0,INSV1-c1ef82e2c115a9c41e851539,EC-GAD-DAULE-LPI-GADIMCD-2025-03,MALECON,MATERIAL,M804,"FUNDA BX 1""",m,FUNDA BX 1,m,MATERIAL|m|0|FUNDA BX 1,ALIAS-fb6e61462dc30b8a4197653f,0
D25-e55f7ba0f9c97c9ee115,INSV1-36444440fcf027b858077425,EC-GAD-DAULE-LPI-GADIMCD-2025-03,MALECON,MATERIAL,M805,CAJA DE PASO ACERO INOXIDABLE 20x20x10cm,u,CAJA DE PASO ACERO INOXIDABLE 20X20X10CM,u,MATERIAL|u|0|CAJA DE PASO ACERO INOXIDABLE 20X20X10CM,ALIAS-76b71e85b6528111b38a0fa0,0
D25-ec3588cd7405e35d3cc1,INSV1-fabcebf53a28ed1bb4a3e571,EC-GAD-DAULE-LPI-GADIMCD-2025-03,MALECON,MATERIAL,M806,"CONECTOR PVC 1""",u,CONECTOR PVC 1,u,MATERIAL|u|0|CONECTOR PVC 1,ALIAS-7fab2cbbe80b4b2c540e7f29,0
D25-4bb9a50c7d220182f9f4,INSV1-733b160153d077365fce4ab1,EC-GAD-DAULE-LPI-GADIMCD-2025-03,MALECON,MATERIAL,M807,TAPA DE GRAFITO ESFEROIDAL DE 80cm DIAMETRO 125KN,u,TAPA DE GRAFITO ESFEROIDAL DE 80CM DIAMETRO 125KN,u,MATERIAL|u|0|TAPA DE GRAFITO ESFEROIDAL DE 80CM DIAMETRO 125KN,ALIAS-90d34b1912d05b4fc367fbe5,0
D25-68615c7cd3b74a034849,INSV1-66982c09397f4ed6c8f519cc,EC-GAD-DAULE-LPI-GADIMCD-2025-03,MALECON,MATERIAL,M808,TAPA DE GRAFITO ESFEROIDAL DE 60cm DIAMETRO 125KN,u,TAPA DE GRAFITO ESFEROIDAL DE 60CM DIAMETRO 125KN,u,MATERIAL|u|0|TAPA DE GRAFITO ESFEROIDAL DE 60CM DIAMETRO 125KN,ALIAS-75c46a9badf665123310974e,0
D25-916e748be510f19cdd66,INSV1-68b119c25de43d1b8fb402a6,EC-GAD-DAULE-LPI-GADIMCD-2025-03,MALECON,MATERIAL,M809,TAPA METALICA DE 40x40cm 125KN,u,TAPA METALICA DE 40X40CM 125KN,u,MATERIAL|u|0|TAPA METALICA DE 40X40CM 125KN,ALIAS-c19af5a4a6651b77c2122c94,0
D25-47cc4305284223c33b27,INSV1-cfd71bb25f7132987b7e3384,EC-GAD-DAULE-LPI-GADIMCD-2025-03,MALECON,MATERIAL,M810,TRANSFORMADOR 1F 10 KVA AUTO PROTEGIDO,u,TRANSFORMADOR 1F 10 KVA AUTO PROTEGIDO,u,MATERIAL|u|0|TRANSFORMADOR 1F 10 KVA AUTO PROTEGIDO,ALIAS-e45a1fa02a44106f4ecf7acb,0
D25-226b2c5016dab1696f82,INSV1-b639606b6ec81ada211fc5ba,EC-GAD-DAULE-LPI-GADIMCD-2025-03,MALECON,MATERIAL,M811,"ABRAZADERA SIMPLE AG 3 PERNOS DE 6 1/2""",u,ABRAZADERA SIMPLE AG 3 PERNOS DE 6 1/2,u,MATERIAL|u|0|ABRAZADERA SIMPLE AG 3 PERNOS DE 6 1/2,ALIAS-2027a051debeaa6f2d1612ef,0
D25-346c94f743987705d1c6,INSV1-aa074bc6796108aaab5c56c6,EC-GAD-DAULE-LPI-GADIMCD-2025-03,MALECON,MATERIAL,M812,ESTRIBO PARA DERIVACION CU SN,u,ESTRIBO PARA DERIVACION CU SN,u,MATERIAL|u|0|ESTRIBO PARA DERIVACION CU SN,ALIAS-e10fa502670b31f267fa963d,0
D25-16da3ba569411fab08bc,INSV1-63b494be3b225053e4189f7a,EC-GAD-DAULE-LPI-GADIMCD-2025-03,MALECON,MATERIAL,M813,GRAPA PARA LINEA EN CALIENTE,u,GRAPA PARA LINEA EN CALIENTE,u,MATERIAL|u|0|GRAPA PARA LINEA EN CALIENTE,ALIAS-c09a68e5c0db5038583ef9dd,0
D25-80400de7d731f894dfe3,INSV1-8049f3ba6dc1fc0a51cc4d64,EC-GAD-DAULE-LPI-GADIMCD-2025-03,MALECON,MATERIAL,M814,CONECTOR DENTADO ESTANCO 35 A 150 mm2,u,CONECTOR DENTADO ESTANCO 35 A 150 MM2,u,MATERIAL|u|0|CONECTOR DENTADO ESTANCO 35 A 150 MM2,ALIAS-a682075dcbc28caf64d77202,0
D25-e58ed3faa5715873a448,INSV1-3462ea5a42f9f34e8ac2a543,EC-GAD-DAULE-LPI-GADIMCD-2025-03,MALECON,MATERIAL,M816,CONDUCTOR # 4 AWG THHN CU,u,CONDUCTOR 4 AWG THHN CU,u,MATERIAL|u|0|CONDUCTOR 4 AWG THHN CU,ALIAS-8fc8ae38e522a86589c094c1,0
D25-7df95cb68c8d3a6f678f,INSV1-c785406aec15e9ab9e91fe4b,EC-GAD-DAULE-LPI-GADIMCD-2025-03,MALECON,MATERIAL,M817,"TUBO RIGIDO DE Ø 2""",u,TUBO RIGIDO DE DIAM 2,u,MATERIAL|u|0|TUBO RIGIDO DE DIAM 2,ALIAS-e6639d43060c2a3f18da9ccc,0
D25-8cf9e5331146b0c6c4cb,INSV1-962e66ba8a3ee82e5937c21d,EC-GAD-DAULE-LPI-GADIMCD-2025-03,MALECON,MATERIAL,M818,"UNION METALICA RIGIDA DE Ø2""",u,UNION METALICA RIGIDA DE DIAM 2,u,MATERIAL|u|0|UNION METALICA RIGIDA DE DIAM 2,ALIAS-fdb81e71ef21c20f5c2604d1,0
D25-bc5d54cbaba9135a10db,INSV1-2e45e6005449b1bc93474199,EC-GAD-DAULE-LPI-GADIMCD-2025-03,MALECON,MATERIAL,M820,"REVERSIBLE EMT RIGIDO Ø 2""",u,REVERSIBLE EMT RIGIDO DIAM 2,u,MATERIAL|u|0|REVERSIBLE EMT RIGIDO DIAM 2,ALIAS-2912370e794c99c8c179a6d3,0
D25-acd5d92dc49fce1b16a1,INSV1-5ed414d77afa8777c21fa0cb,EC-GAD-DAULE-LPI-GADIMCD-2025-03,MALECON,MATERIAL,M821,TUBO 50mm PVC PESADO x 3.00m,u,TUBO 50MM PVC PESADO X 3.00M,u,MATERIAL|u|0|TUBO 50MM PVC PESADO X 3.00M,ALIAS-597ab5092086809c3b0d199c,0
D25-f4ed09d9966ab5d9ea06,INSV1-a4fde0ed12aada983f4378e9,EC-GAD-DAULE-LPI-GADIMCD-2025-03,MALECON,MATERIAL,M822,TUBO 110mm PVC PESADO x 3.00m,u,TUBO 110MM PVC PESADO X 3.00M,u,MATERIAL|u|0|TUBO 110MM PVC PESADO X 3.00M,ALIAS-561902a55a1791a1596428a4,0
D25-5cfd022b7509e9b5b410,INSV1-19fee3dc57581c84aed30b0e,EC-GAD-DAULE-LPI-GADIMCD-2025-03,MALECON,MATERIAL,M823,ELEMENTOS Y CABLES PARA CONEXIONADO INTERNO,u,ELEMENTOS Y CABLES PARA CONEXIONADO INTERNO,u,MATERIAL|u|0|ELEMENTOS Y CABLES PARA CONEXIONADO INTERNO,ALIAS-d6c47418fbfe445621b38d3c,0
D25-582b5d20dad6a8a61d3a,INSV1-47b1328e043d837124d5bd9d,EC-GAD-DAULE-LPI-GADIMCD-2025-03,MALECON,MATERIAL,M824,"DISYUNTOR 50 A - 2 POLOS, CAJA MOLDEADA",u,DISYUNTOR 50 A - 2 POLOS CAJA MOLDEADA,u,MATERIAL|u|0|DISYUNTOR 50 A - 2 POLOS CAJA MOLDEADA,ALIAS-216f6d3c6759d9c147aa8f8f,0
D25-fc4950d5b1575f8e3cf6,INSV1-359b8ab91e76fdca117f0287,EC-GAD-DAULE-LPI-GADIMCD-2025-03,MALECON,EQUIPO,E81,ESCALERA TELESCOPICA DE 32 PIES,h,ESCALERA TELESCOPICA DE 32 PIES,h,EQUIPO|h|0|ESCALERA TELESCOPICA DE 32 PIES,ALIAS-0480c8eade86681254b33c06,0
D25-ae59784f33ddc09e1df6,INSV1-1d0fab08920ed4789327e0ab,EC-GAD-DAULE-LPI-GADIMCD-2025-03,MALECON,MATERIAL,M826,ACOMETIDA FIBRA OPTICA,u,ACOMETIDA FIBRA OPTICA,u,MATERIAL|u|0|ACOMETIDA FIBRA OPTICA,ALIAS-e7bbce7f555f363e42297220,0
D25-096e15766b3b0b1ae866,INSV1-056668f31ac4bf5d799e8d5d,EC-GAD-DAULE-LPI-GADIMCD-2025-03,MALECON,MATERIAL,M827,ELEMENTOS ACCESORIOS,u,ELEMENTOS ACCESORIOS,u,MATERIAL|u|0|ELEMENTOS ACCESORIOS,ALIAS-00621a214420cc39d1fa9940,0
D25-7351b51271115909f90f,INSV1-cee8ea4963047af01f4b991d,EC-GAD-DAULE-LPI-GADIMCD-2025-03,MALECON,MATERIAL,M828,"TUBERIA METALICA RIGIDA DE 2""",u,TUBERIA METALICA RIGIDA DE 2,u,MATERIAL|u|0|TUBERIA METALICA RIGIDA DE 2,ALIAS-1d35a3a4b51732153b8c6049,0
D25-fb21da100d3d40cddbf6,INSV1-11de36ecb3f0c43f12ac7919,EC-GAD-DAULE-LPI-GADIMCD-2025-03,MALECON,MATERIAL,M829,"REVERSIBLE METALICA RIGIDA DE 2""",u,REVERSIBLE METALICA RIGIDA DE 2,u,MATERIAL|u|0|REVERSIBLE METALICA RIGIDA DE 2,ALIAS-4fc7943027ef353755ca32dc,0
D25-727bf2772d2cbd868c0d,INSV1-6425144931a1c26c0e466722,EC-GAD-DAULE-LPI-GADIMCD-2025-03,MALECON,MATERIAL,M831,"CODO METALICO RIGIDO DE 2""",u,CODO METALICO RIGIDO DE 2,u,MATERIAL|u|0|CODO METALICO RIGIDO DE 2,ALIAS-b7489b8796a9667955a36550,0
D25-6982730107dfd1c3fb7d,INSV1-a5dbbf4875705d512e4383c7,EC-GAD-DAULE-LPI-GADIMCD-2025-03,MALECON,MATERIAL,M832,FLEJE DE SUJECCION (CINTA ERIBAND),u,FLEJE DE SUJECCION CINTA ERIBAND,u,MATERIAL|u|0|FLEJE DE SUJECCION CINTA ERIBAND,ALIAS-41739c354b18128226e84755,0
D25-6a9a7e94b1f1148525ea,INSV1-19082090432e7dc1467c49cc,EC-GAD-DAULE-LPI-GADIMCD-2025-03,MALECON,MATERIAL,M833,HERRAJES PARA RED DE FIBRA,u,HERRAJES PARA RED DE FIBRA,u,MATERIAL|u|0|HERRAJES PARA RED DE FIBRA,ALIAS-c6595f6d7cb55b482c195941,0
D25-5f1e9595c7ce9f86cb21,INSV1-3a1c75e46e2630c6a12ff6a4,EC-GAD-DAULE-LPI-GADIMCD-2025-03,MALECON,EQUIPO,E82,ESCALERA DE TIJERAS,h,ESCALERA DE TIJERAS,h,EQUIPO|h|0|ESCALERA DE TIJERAS,ALIAS-de38cb1abf9bcc20bebc339a,0
D25-db49665bd8260e92904c,INSV1-d5fe902c803949c26d21e6fb,EC-GAD-DAULE-LPI-GADIMCD-2025-03,MALECON,MATERIAL,M834,CABLE FIBRA OPTICA ADADSS 24 HILOS,km,CABLE FIBRA OPTICA ADADSS 24 HILOS,km,MATERIAL|km|0|CABLE FIBRA OPTICA ADADSS 24 HILOS,ALIAS-21814fdc3aba076acac98b9c,0
D25-e8cb5ab2b984af1a6fdb,INSV1-472a1a3a3f35bb4a5320251e,EC-GAD-DAULE-LPI-GADIMCD-2025-03,MALECON,MATERIAL,M836,TABLERO TRIPLEX CORRIENTE 1.22 x 2.44 x 9,u,TABLERO TRIPLEX CORRIENTE 1.22 X 2.44 X 9,u,MATERIAL|u|0|TABLERO TRIPLEX CORRIENTE 1.22 X 2.44 X 9,ALIAS-d58a63e9b608efb62fd3e604,0
D25-7aae2cabcb5976365dd0,INSV1-8353e780035727400e96a4e0,EC-GAD-DAULE-LPI-GADIMCD-2025-03,MALECON,MATERIAL,M837,CAJA DE PASO 25 x 25 x 15 cm (PUERTA INOXIDABLE),u,CAJA DE PASO 25 X 25 X 15 CM PUERTA INOXIDABLE,u,MATERIAL|u|0|CAJA DE PASO 25 X 25 X 15 CM PUERTA INOXIDABLE,ALIAS-9b03832f262443d39b19de81,0
D25-dab080b91dfb22dbd577,INSV1-b1c904a1c6ea2a5a9df83cd1,EC-GAD-DAULE-LPI-GADIMCD-2025-03,MALECON,MATERIAL,M838,GABINETE RACK DE PISO CERRADO 42UR,u,GABINETE RACK DE PISO CERRADO 42UR,u,MATERIAL|u|0|GABINETE RACK DE PISO CERRADO 42UR,ALIAS-db62b77e683f127652d3e9f1,0
D25-2b0c7e7b43753b79b696,INSV1-080c33ad21875a69f67d5fed,EC-GAD-DAULE-LPI-GADIMCD-2025-03,MALECON,MATERIAL,M839,PEDESTAL / GABINETE EXTERIOR - ACERO INOXIDABLE,u,PEDESTAL / GABINETE EXTERIOR - ACERO INOXIDABLE,u,MATERIAL|u|0|PEDESTAL / GABINETE EXTERIOR - ACERO INOXIDABLE,ALIAS-186dbf6e650409dab7a713f3,0
D25-7ee59d4a3694d35280e1,INSV1-c8cc35e2cab21055e44ab83f,EC-GAD-DAULE-LPI-GADIMCD-2025-03,MALECON,MATERIAL,M840,ROUTER CORD GB CON PUERTO SFP,u,ROUTER CORD GB CON PUERTO SFP,u,MATERIAL|u|0|ROUTER CORD GB CON PUERTO SFP,ALIAS-7564abe67123691a587dff11,0
D25-29c30902a3f70685663e,INSV1-676416bbd11edbae7a0493aa,EC-GAD-DAULE-LPI-GADIMCD-2025-03,MALECON,MATERIAL,M841,SWITCH CORE 24 PUERTOS LAN + 2 PUERTOS FIBRA ÓPTICA,u,SWITCH CORE 24 PUERTOS LAN + 2 PUERTOS FIBRA OPTICA,u,MATERIAL|u|0|SWITCH CORE 24 PUERTOS LAN + 2 PUERTOS FIBRA OPTICA,ALIAS-5814553249644213864fe434,0
D25-b2987c5a2ec9ced2719d,INSV1-353f6861cce1ba84dc35f9ae,EC-GAD-DAULE-LPI-GADIMCD-2025-03,MALECON,MATERIAL,M842,SWITCH POE ADMINISTRABLE 24 PUERTOS,u,SWITCH POE ADMINISTRABLE 24 PUERTOS,u,MATERIAL|u|0|SWITCH POE ADMINISTRABLE 24 PUERTOS,ALIAS-926a70bdebc167793e8c9467,0
D25-0f3cd27c8c5841f6c298,INSV1-da920b37e9d3bf1b8400da8f,EC-GAD-DAULE-LPI-GADIMCD-2025-03,MALECON,MATERIAL,M843,NVR 32 CANALES,u,NVR 32 CANALES,u,MATERIAL|u|0|NVR 32 CANALES,ALIAS-b82d589ef7fd16934ceb5951,0
D25-dda4fe7e93e0153a8f1a,INSV1-7fd469f1d0938dc2a766a55c,EC-GAD-DAULE-LPI-GADIMCD-2025-03,MALECON,MATERIAL,M844,DISCO DURO 6 TB - 3.5,u,DISCO DURO 6 TB - 3.5,u,MATERIAL|u|0|DISCO DURO 6 TB - 3.5,ALIAS-52ad5dcae844a1738bc62634,0
D25-4a9e990da18c7a7672e6,INSV1-56da64408836c52c15e5deb9,EC-GAD-DAULE-LPI-GADIMCD-2025-03,MALECON,MATERIAL,M845,UNIDAD UPS 1.5 KVA - ON LINE,u,UNIDAD UPS 1.5 KVA - ON LINE,u,MATERIAL|u|0|UNIDAD UPS 1.5 KVA - ON LINE,ALIAS-a86e6c178fda1ac2349af981,0
D25-599fe55bcbc64f86a757,INSV1-6206be68150f1c8c7ff90b7d,EC-GAD-DAULE-LPI-GADIMCD-2025-03,MALECON,EQUIPO,E53,ROTOMARTILLO,h,ROTOMARTILLO,h,EQUIPO|h|0|ROTOMARTILLO,ALIAS-1cce4cdba8f44c891e3d4cbb,0
D25-a9c85258b77d02fd728a,INSV1-3aafb0d3fb39354724fd1708,EC-GAD-DAULE-LPI-GADIMCD-2025-03,MALECON,EQUIPO,E54,COMPRESOR,h,COMPRESOR,h,EQUIPO|h|0|COMPRESOR,ALIAS-f920ab921e988aac6ded0f9c,0
D25-d8db009adb7718e2c3d5,INSV1-db5fe6b515097c5380ee635f,EC-GAD-DAULE-LPI-GADIMCD-2025-03,MALECON,MATERIAL,M846,UNIDAD UPS 3 KVA - ON LINE,u,UNIDAD UPS 3 KVA - ON LINE,u,MATERIAL|u|0|UNIDAD UPS 3 KVA - ON LINE,ALIAS-3f888ed6c5dee13a4ad332c3,0
D25-e2449fa3e936a11f0db1,INSV1-95c9f265fe94e5d1af46e491,EC-GAD-DAULE-LPI-GADIMCD-2025-03,MALECON,MATERIAL,M847,ROSETA OPTICA COMPLETA,u,ROSETA OPTICA COMPLETA,u,MATERIAL|u|0|ROSETA OPTICA COMPLETA,ALIAS-12923be4523c62e5ced59159,0
D25-4137053ee5ccc78fc9d7,INSV1-db02d34a7934f0b305cdc9b1,EC-GAD-DAULE-LPI-GADIMCD-2025-03,MALECON,MATERIAL,M848,FIBRA OPTICA 2 HILOS - DROP (BOBINA),u,FIBRA OPTICA 2 HILOS - DROP BOBINA,u,MATERIAL|u|0|FIBRA OPTICA 2 HILOS - DROP BOBINA,ALIAS-012dfaeacae9f91bf2c7a262,0
D25-42bd2241d4874b7e7f7a,INSV1-15978cf02a95110276c9ff4b,EC-GAD-DAULE-LPI-GADIMCD-2025-03,MALECON,MATERIAL,M849,PATCH CORDS LC MONOMODO DUPLEX,u,PATCH CORDS LC MONOMODO DUPLEX,u,MATERIAL|u|0|PATCH CORDS LC MONOMODO DUPLEX,ALIAS-0b8425dbb5c57b7408e413da,0
D25-4381565e2fdf39083ede,INSV1-4fd25c3e661372fc93d591d7,EC-GAD-DAULE-LPI-GADIMCD-2025-03,MALECON,MATERIAL,M850,OLT - 4 PUERTOS GPON,u,OLT - 4 PUERTOS GPON,u,MATERIAL|u|0|OLT - 4 PUERTOS GPON,ALIAS-8cc2304db304e5d347a374a7,0
D25-8175bfd9c889162d404c,INSV1-b6ef57a54c73890f3210a7c5,EC-GAD-DAULE-LPI-GADIMCD-2025-03,MALECON,MATERIAL,M851,PATCH CORDS UTP – CATEGORIA 6A- 2.00m DE LARGO,u,PATCH CORDS UTP CATEGORIA 6A- 2.00M DE LARGO,u,MATERIAL|u|0|PATCH CORDS UTP CATEGORIA 6A- 2.00M DE LARGO,ALIAS-93b6c0672058750b0d2766df,0
D25-271936153b52f30cc70e,INSV1-49e247bdb9322c6221231453,EC-GAD-DAULE-LPI-GADIMCD-2025-03,MALECON,MATERIAL,M852,CONVERTIDORES DE FIBRA OPTICA SFP - MONOMODO 10K,u,CONVERTIDORES DE FIBRA OPTICA SFP - MONOMODO 10K,u,MATERIAL|u|0|CONVERTIDORES DE FIBRA OPTICA SFP - MONOMODO 10K,ALIAS-65cbe709ddf61229372da5c2,0
D25-2f44ca3ae16d2a37dc7f,INSV1-5799745d1f74d40125dc7810,EC-GAD-DAULE-LPI-GADIMCD-2025-03,MALECON,MATERIAL,M853,CAJA DE DISTRIBUCION IP 68 COMPLETA CON SPLITTER 1:16,u,CAJA DE DISTRIBUCION IP 68 COMPLETA CON SPLITTER 1 16,u,MATERIAL|u|0|CAJA DE DISTRIBUCION IP 68 COMPLETA CON SPLITTER 1 16,ALIAS-8a5b740c5f6809fb00d0a62e,0
D25-25051636e70e4729fc29,INSV1-12fc7985e13a2f8bf4a7a5e6,EC-GAD-DAULE-LPI-GADIMCD-2025-03,MALECON,MATERIAL,M854,"CABLE UTP CATEGORIA 6A, 100% COBRE - EXTERIOR",u,CABLE UTP CATEGORIA 6A 100% COBRE - EXTERIOR,u,MATERIAL|u|0|CABLE UTP CATEGORIA 6A 100% COBRE - EXTERIOR,ALIAS-2336dbe8b7360e5bb96781d3,0
D25-6da77633c218b160e579,INSV1-c8e7926e3076d782d6ba59bf,EC-GAD-DAULE-LPI-GADIMCD-2025-03,MALECON,MATERIAL,M855,BANDEJA PORTA CABLES TIPO ESCALERA 0.25X0.1X2.5 m,u,BANDEJA PORTA CABLES TIPO ESCALERA 0.25X0.1X2.5 M,u,MATERIAL|u|0|BANDEJA PORTA CABLES TIPO ESCALERA 0.25X0.1X2.5 M,ALIAS-25c2cd6d6507114591bc2abd,0
D25-5d345a7e6ae979bb18f9,INSV1-94c3557e19410a2a351d7108,EC-GAD-DAULE-LPI-GADIMCD-2025-03,MALECON,MATERIAL,M856,CAMARA IP DOMO INTERNAS,u,CAMARA IP DOMO INTERNAS,u,MATERIAL|u|0|CAMARA IP DOMO INTERNAS,ALIAS-f3582b0eefd2d7afdcbb7857,0
D25-37828e50f87e27f7cf84,INSV1-b97ca9a243a9aedd65c6f747,EC-GAD-DAULE-LPI-GADIMCD-2025-03,MALECON,MATERIAL,M857,CAMARA IP BALA EXTERNAS,u,CAMARA IP BALA EXTERNAS,u,MATERIAL|u|0|CAMARA IP BALA EXTERNAS,ALIAS-59d22f9b9fbbcaa973b8c464,0
D25-329f79aebe4ed3cdbf47,INSV1-a5ea5628f99646cd4ab57f2e,EC-GAD-DAULE-LPI-GADIMCD-2025-03,MALECON,MATERIAL,M858,EQUIPO ACCESS POINT,u,EQUIPO ACCESS POINT,u,MATERIAL|u|0|EQUIPO ACCESS POINT,ALIAS-8829cd638744d921804a9468,0
D25-33a601ed617156c53ea5,INSV1-f0c062de961d0e86bf02b540,EC-GAD-DAULE-LPI-GADIMCD-2025-03,MALECON,MATERIAL,M859,RELOJ BIOMETRICO,u,RELOJ BIOMETRICO,u,MATERIAL|u|0|RELOJ BIOMETRICO,ALIAS-232165aa5b2be4c52c5f7f2b,0
D25-1eb0bd8c5135b1e5e996,INSV1-f1555df925c4d649b0cd68c5,EC-GAD-DAULE-LPI-GADIMCD-2025-03,MALECON,MATERIAL,M860,"TELEVISOR SMART TV ANDROID 55""",u,TELEVISOR SMART TV ANDROID 55,u,MATERIAL|u|0|TELEVISOR SMART TV ANDROID 55,ALIAS-c4194dc9086812753e888880,0
D25-6c71bc02f1ed7e0af0bb,INSV1-14f11e903b2fb844349933c6,EC-GAD-DAULE-LPI-GADIMCD-2025-03,MALECON,MATERIAL,M861,SOPORTE METALICO,u,SOPORTE METALICO,u,MATERIAL|u|0|SOPORTE METALICO,ALIAS-0d6dfe172bd18fbc97553488,0
D25-86c5a5388e812c76f522,INSV1-78bdd14e396419eff9f72f48,EC-GAD-DAULE-LPI-GADIMCD-2025-03,MALECON,MATERIAL,M862,PUNTO DE CONEXIÓN DE RED,u,PUNTO DE CONEXION DE RED,u,MATERIAL|u|0|PUNTO DE CONEXION DE RED,ALIAS-b66ecef40944cc02d632fcc2,0
D25-4c8fe478a812afc66822,INSV1-78fe72037bf46d5b149ba680,EC-GAD-DAULE-LPI-GADIMCD-2025-03,MALECON,MATERIAL,M863,CERTIFICACION DE RED,u,CERTIFICACION DE RED,u,MATERIAL|u|0|CERTIFICACION DE RED,ALIAS-503f369590870b4b07924d74,0
D25-b5de9d0c3519a450a4c0,INSV1-56e4ec6c662107e13395bf87,EC-GAD-DAULE-LPI-GADIMCD-2025-03,MALECON,MATERIAL,M864,"(1 UNIDAD) BATERIAS SANITARIAS PORTATILES, INCLUYE INSTALACION Y DESINSTALACION",u,1 UNIDAD BATERIAS SANITARIAS PORTATILES INCLUYE INSTALACION Y DESINSTALACION,u,MATERIAL|u|0|1 UNIDAD BATERIAS SANITARIAS PORTATILES INCLUYE INSTALACION Y DESINSTALACION,ALIAS-431e22090f77947f3421f7a8,0
D25-4225353f62f712da0bc7,INSV1-6513c145ba16a3db5d77843b,EC-GAD-DAULE-LPI-GADIMCD-2025-03,MALECON,MATERIAL,M865,TANQUE METALICO 55 galon (US),u,TANQUE METALICO 55 GALON US,u,MATERIAL|u|0|TANQUE METALICO 55 GALON US,ALIAS-560f293978e3c6665bc960a9,0
D25-fa1a212ce417865c405e,INSV1-8380f5458926b29e3f8b3ae4,EC-GAD-DAULE-LPI-GADIMCD-2025-03,MALECON,MATERIAL,M866,VOLANTE INFORMATIVO A COLORES,u,VOLANTE INFORMATIVO A COLORES,u,MATERIAL|u|0|VOLANTE INFORMATIVO A COLORES,ALIAS-fe5ad7620df63513771b4f2d,0
D25-d01a81c24d6b0480aa64,INSV1-b58c3c51316466c9922ef34c,EC-GAD-DAULE-LPI-GADIMCD-2025-03,MALECON,MATERIAL,M867,CASCO,u,CASCO,u,MATERIAL|u|0|CASCO,ALIAS-fa6f7ef83ed51e984e51c459,0
D25-a32a9e733507e4039ab7,INSV1-6397731913c03a1ad6548a93,EC-GAD-DAULE-LPI-GADIMCD-2025-03,MALECON,MATERIAL,M868,CHALECO,u,CHALECO,u,MATERIAL|u|0|CHALECO,ALIAS-3e253a24503f64b15a715ae3,0
D25-d767a13d97f3f68840d9,INSV1-8bfe5fb50ab7104050a272e0,EC-GAD-DAULE-LPI-GADIMCD-2025-03,MALECON,MATERIAL,M869,MASCARILLA DESECHABLE,u,MASCARILLA DESECHABLE,u,MATERIAL|u|0|MASCARILLA DESECHABLE,ALIAS-9f13f0b7e99b4fdad6f1340a,0
D25-806ef1da985ce20e5d14,INSV1-11342e52de3a716a08e83a07,EC-GAD-DAULE-LPI-GADIMCD-2025-03,MALECON,MATERIAL,M870,BOTIN PUNTA DE ACERO,u,BOTIN PUNTA DE ACERO,u,MATERIAL|u|0|BOTIN PUNTA DE ACERO,ALIAS-2e54f96099bac74df29f27fb,0
D25-d21451f94faaf959b446,INSV1-08ccb34fe064ba040ade9279,EC-GAD-DAULE-LPI-GADIMCD-2025-03,MALECON,MATERIAL,M871,GAFAS PROTECTORAS DE VISTA,u,GAFAS PROTECTORAS DE VISTA,u,MATERIAL|u|0|GAFAS PROTECTORAS DE VISTA,ALIAS-075d56a73b40da160a13e2f8,0
D25-d9b5ff93b3edefd6e9f0,INSV1-6e16fac3f2917ac073620b21,EC-GAD-DAULE-LPI-GADIMCD-2025-03,MALECON,MATERIAL,M872,TAPON AUDITIVO,u,TAPON AUDITIVO,u,MATERIAL|u|0|TAPON AUDITIVO,ALIAS-0b18e70644f99982745bb465,0
D25-fa5edbf1562031b25b97,INSV1-ac24e758139969aa4a63216b,EC-GAD-DAULE-LPI-GADIMCD-2025-03,MALECON,MATERIAL,M873,GUANTES DE CAUCHO SENCILLO (PAR),u,GUANTES DE CAUCHO SENCILLO PAR,u,MATERIAL|u|0|GUANTES DE CAUCHO SENCILLO PAR,ALIAS-245477bd2e970fad3c565d90,0
D25-b08deeed0900144ccac3,INSV1-9d6964f8f4bca91e0f8b67c7,EC-GAD-DAULE-LPI-GADIMCD-2025-03,MALECON,MATERIAL,M874,CAMISETA IDENTIFICATIVA CUELLO REDONDO,u,CAMISETA IDENTIFICATIVA CUELLO REDONDO,u,MATERIAL|u|0|CAMISETA IDENTIFICATIVA CUELLO REDONDO,ALIAS-9a693c649f5a09beccef3aea,0
D25-b5df101039266020be05,INSV1-c2ea7150c9a7c130ee9a3016,EC-GAD-DAULE-LPI-GADIMCD-2025-03,MALECON,MATERIAL,M875,CINTA PLASTICA DE SEGURIDAD COLOR REFLECTIVA,u,CINTA PLASTICA DE SEGURIDAD COLOR REFLECTIVA,u,MATERIAL|u|0|CINTA PLASTICA DE SEGURIDAD COLOR REFLECTIVA,ALIAS-79d4f1c16e2d8c7a6d5de6ed,0
D25-095f2922fd36b8c21a55,INSV1-f9e016399da24c5d3fc4e584,EC-GAD-DAULE-LPI-GADIMCD-2025-03,MALECON,MATERIAL,M876,"PARANTE VIAL DE POLIETILENO H=1.41m, D=0.74m, INCLUYE BASE",u,PARANTE VIAL DE POLIETILENO H 1.41M D 0.74M INCLUYE BASE,u,MATERIAL|u|0|PARANTE VIAL DE POLIETILENO H 1.41M D 0.74M INCLUYE BASE,ALIAS-39abc2f3eb0f7c3d652cf651,0
D25-40f9e4fa8ebe6f18e736,INSV1-c43454d7e8f21d37ad322914,EC-GAD-DAULE-LPI-GADIMCD-2025-03,MALECON,EQUIPO,E84,PLOTER DE CORTE,h,PLOTER DE CORTE,h,EQUIPO|h|0|PLOTER DE CORTE,ALIAS-763e35a193afff65c509efee,0
D25-14e5498bef141d7c5fbc,INSV1-cb519387915ae7a713fb6389,EC-GAD-DAULE-LPI-GADIMCD-2025-03,MALECON,MATERIAL,M877,LAMINA VINIL REFLECTIVA GRADO INGENIERIA (COLORES),m2,LAMINA VINIL REFLECTIVA GRADO INGENIERIA COLORES,m2,MATERIAL|m2|0|LAMINA VINIL REFLECTIVA GRADO INGENIERIA COLORES,ALIAS-4b77eebf8bd553f2f641fd0d,0
D25-21892d942697ea1844b6,INSV1-dab91ae50743c4e38ce7763c,EC-GAD-DAULE-LPI-GADIMCD-2025-03,MALECON,MATERIAL,M878,"PLANCHA METALICA ASTM A36 E=1,5mm",m2,PLANCHA METALICA ASTM A36 E 1 5MM,m2,MATERIAL|m2|0|PLANCHA METALICA ASTM A36 E 1 5MM,ALIAS-4e44bb6fbb3f91bbcc755975,0
D25-599ae72434fa9e8b3f0b,INSV1-9e6e32c26c83e56cb5ce619c,EC-GAD-DAULE-LPI-GADIMCD-2025-03,MALECON,MATERIAL,M825,ESMALTE VARIOS COLORES (SPR.),galón (US),ESMALTE VARIOS COLORES SPR,galón (us),MATERIAL|galón (us)|0|ESMALTE VARIOS COLORES SPR,ALIAS-bf27032204f39f80408725c6,0
D25-7ab4071fcb0b292024be,INSV1-0836ba6817549bfa7fd20e69,EC-GAD-DAULE-LPI-GADIMCD-2025-03,MALECON,MATERIAL,M830,ANTICORROSIVO CROMATO 5 (CO),gln,ANTICORROSIVO CROMATO 5 CO,gln,MATERIAL|gln|0|ANTICORROSIVO CROMATO 5 CO,ALIAS-3288b95733e5aa6f86fc1c60,0
D25-883d40a46bebb5501913,INSV1-4c84f66cfe1d6fa702cb56aa,EC-GAD-DAULE-LPI-GADIMCD-2025-03,MALECON,MATERIAL,M675,"ELEMENTO DE FIJACION (PERNO CABEZA DE COCO 5/8x3"", INCLUYE TUERCA Y ARANDELA)",u,ELEMENTO DE FIJACION PERNO CABEZA DE COCO 5/8X3 INCLUYE TUERCA Y ARANDELA,u,MATERIAL|u|0|ELEMENTO DE FIJACION PERNO CABEZA DE COCO 5/8X3 INCLUYE TUERCA Y ARANDELA,ALIAS-6997b9c3623edda72113f1ac,0
D25-7a75ee50a7b37973588d,INSV1-da2aff981bf2b984c4a65ebe,EC-GAD-DAULE-LPI-GADIMCD-2025-03,MALECON,MATERIAL,M737,TANQUETA DE POLIETILENO H 1.20m D 62cm CON BASE,u,TANQUETA DE POLIETILENO H 1.20M D 62CM CON BASE,u,MATERIAL|u|0|TANQUETA DE POLIETILENO H 1.20M D 62CM CON BASE,ALIAS-e010dcfbd630e2736d31f38e,0
D25-b9571e9339a9bfcf48a3,INSV1-cfdb593c1e6bead4e042138c,EC-GAD-DAULE-LPI-GADIMCD-2025-03,MALECON,MATERIAL,M721,CONO DE SEGURIDAD H= 70cm REFLECTIVO CON BASE DE CAUCHO,u,CONO DE SEGURIDAD H 70CM REFLECTIVO CON BASE DE CAUCHO,u,MATERIAL|u|0|CONO DE SEGURIDAD H 70CM REFLECTIVO CON BASE DE CAUCHO,ALIAS-25e467333cbec6a73581b764,0
D25-335599b46ac3d6256ee7,INSV1-3aa4d4fa47f597ef650b2d0f,EC-GAD-DAULE-LPI-GADIMCD-2025-03,MALECON,MATERIAL,M835,EXTINTOR PQS 10 lb,u,EXTINTOR PQS 10 LB,u,MATERIAL|u|0|EXTINTOR PQS 10 LB,ALIAS-6395cfaaeff03240c9585ee5,0
D25-0a5cc874b389ea3d75b2,INSV1-fc3a3570ad822c2a3b824381,EC-GAD-DAULE-LPI-GADIMCD-2025-03,MALECON,MATERIAL,M396,BOTIQUIN DE PARED PRIMEROS AUXILIOS,u,BOTIQUIN DE PARED PRIMEROS AUXILIOS,u,MATERIAL|u|0|BOTIQUIN DE PARED PRIMEROS AUXILIOS,ALIAS-68ca0df5c7f33485f3cbc046,0
D25-8ec7d8f2f1376b391a7d,INSV1-efcada2a579c0692b644c8e0,EC-GAD-DAULE-LPI-GADIMCD-2025-03,MALECON,MATERIAL,M778,"INSUMOS PARA BOTIQUIN PRIMEROS AUXILIOS (GUANTES, GASAS, ALGODON, ETC.)",glb,INSUMOS PARA BOTIQUIN PRIMEROS AUXILIOS GUANTES GASAS ALGODON ETC,glb,MATERIAL|glb|0|INSUMOS PARA BOTIQUIN PRIMEROS AUXILIOS GUANTES GASAS ALGODON ETC,ALIAS-ee46a2d85cdf0592a881de84,0
D25-8498a5b16ae04c275279,INSV1-874c1362468cb29c0343e8bc,EC-GAD-DAULE-LPI-GADIMCD-2025-03,MALECON,MATERIAL,M815,KIT PARA ATENCION DE DERRAMES,u,KIT PARA ATENCION DE DERRAMES,u,MATERIAL|u|0|KIT PARA ATENCION DE DERRAMES,ALIAS-cbb59c9d0f8e475c607a73ae,0
D25-ed67bcdf904a7f4d921c,INSV1-0497c3d33cac2326f4df6c3d,EC-GAD-DAULE-LPI-GADIMCD-2025-03,MALECON,EQUIPO,E85,MEDIDOR DE PARTICULAS,h,MEDIDOR DE PARTICULAS,h,EQUIPO|h|0|MEDIDOR DE PARTICULAS,ALIAS-10789a428e8d49667af11459,0
D25-c733d7c1688b5e2ceddc,INSV1-64f9b0b98137789174e397e5,EC-GAD-DAULE-LPI-GADIMCD-2025-03,MALECON,EQUIPO,E86,SONOMETRO DIGITAL,h,SONOMETRO DIGITAL,h,EQUIPO|h|0|SONOMETRO DIGITAL,ALIAS-9cc3b81bc345f66d818bffc1,0
D25-RU-70e17b83ec5fb55fd68a,INSV1-cd253709a95317e268e72c47,EC-GAD-DAULE-LPI-GADIMCD-2025-01,REGENERACION,EQUIPO,,HERRAMIENTA MENOR,%MO,HERRAMIENTA MENOR,%MO,EQUIPO|%MO|1|HERRAMIENTA MENOR,ALIAS-c2b82c69d51898238f57baae,0
D25-RU-c8c2b46532073d89920d,INSV1-f0aef0d30137bc31b082d1a6,EC-GAD-DAULE-LPI-GADIMCD-2025-01,REGENERACION,EQUIPO,,VOLQUETA 8 m3,h,VOLQUETA 8 M3,h,EQUIPO|h|0|VOLQUETA 8 M3,ALIAS-f02643c40adf82751744d0df,0
D25-RU-c140ff749dbb3b1127f3,INSV1-72a6329a622d5b1de0114c5a,EC-GAD-DAULE-LPI-GADIMCD-2025-01,REGENERACION,EQUIPO,,EQUIPO DE OXI-CORTE,h,EQUIPO DE OXI-CORTE,h,EQUIPO|h|0|EQUIPO DE OXI-CORTE,ALIAS-6637405d382f23890cf5e7e9,0
D25-RU-139ed10771b630d02023,INSV1-b452dd0c62bbed4f4f30ef1f,EC-GAD-DAULE-LPI-GADIMCD-2025-01,REGENERACION,MANO_OBRA,,MAESTRO MAYOR EN EJECUCION DE OBRAS CIVILES,h,MAESTRO MAYOR EN EJECUCION DE OBRAS CIVILES,h,MANO_OBRA|h|0|MAESTRO MAYOR EN EJECUCION DE OBRAS CIVILES,ALIAS-ea9e42b064a9f219e1c28498,0
D25-RU-2731cb5e1b35e0c99591,INSV1-ec56478868187928c4ffba6d,EC-GAD-DAULE-LPI-GADIMCD-2025-01,REGENERACION,MANO_OBRA,,PEON,h,PEON,h,MANO_OBRA|h|0|PEON,ALIAS-f70cb109f52b121a2bd1b810,0
D25-RU-4f2bd60b779d94ef392f,INSV1-4cfb4d38bdff20ca46cd5f23,EC-GAD-DAULE-LPI-GADIMCD-2025-01,REGENERACION,MANO_OBRA,,CHOFER DE VOLQUETA (ESTR. OC. C1),h,CHOFER DE VOLQUETA ESTR. OC. C1,h,MANO_OBRA|h|0|CHOFER DE VOLQUETA ESTR. OC. C1,ALIAS-7bbd22648c72159030911b35,0
D25-RU-6672559b0a4d18240b6e,INSV1-b6cc111202ee6c433f8fcf3f,EC-GAD-DAULE-LPI-GADIMCD-2025-01,REGENERACION,MANO_OBRA,,SOLDADOR EN CONSTRUCCION,h,SOLDADOR EN CONSTRUCCION,h,MANO_OBRA|h|0|SOLDADOR EN CONSTRUCCION,ALIAS-acf18a1d89dfe8fb20ea2a04,0
D25-RU-84c11e940478dfaf7716,INSV1-106deb07d202f0494bb5e902,EC-GAD-DAULE-LPI-GADIMCD-2025-01,REGENERACION,MATERIAL,,AGUA,m3,AGUA,m3,MATERIAL|m3|0|AGUA,ALIAS-86bae954b65dda8de36f7351,0
D25-RU-3c08a3b9a756ec8c8ca8,INSV1-0d6b01d4e811c2c5e8896689,EC-GAD-DAULE-LPI-GADIMCD-2025-01,REGENERACION,MATERIAL,,ACCESORIOS Y VARIOS,GLOBAL,ACCESORIOS Y VARIOS,glb,MATERIAL|glb|0|ACCESORIOS Y VARIOS,ALIAS-2cdb3efde52a6211e7baedae,0
D25-RU-4f91f6a816a06ba5b3dc,INSV1-4dd2512ac04066974006ccdf,EC-GAD-DAULE-LPI-GADIMCD-2025-01,REGENERACION,MANO_OBRA,,ALBAÑIL,h,ALBANIL,h,MANO_OBRA|h|0|ALBANIL,ALIAS-684616a230dea6ed70e4b4df,0
D25-RU-dccf05597e32b42de353,INSV1-79f6df37c83ed745c7befca0,EC-GAD-DAULE-LPI-GADIMCD-2025-01,REGENERACION,MANO_OBRA,,CARPINTERO,h,CARPINTERO,h,MANO_OBRA|h|0|CARPINTERO,ALIAS-48f2837d97dcf541ca6ee6a5,0
D25-RU-cd85b9222a1d956ad805,INSV1-23402e0af8a5bec3ef2b36d1,EC-GAD-DAULE-LPI-GADIMCD-2025-01,REGENERACION,EQUIPO,,MINI-CARGADOR CON MARTILLO ROMPEDOR,h,MINI-CARGADOR CON MARTILLO ROMPEDOR,h,EQUIPO|h|0|MINI-CARGADOR CON MARTILLO ROMPEDOR,ALIAS-0aa7c42a7edab404bbb9750d,0
D25-RU-ac2f5880fd027796caa0,INSV1-18204bdd046b97cd5d566d53,EC-GAD-DAULE-LPI-GADIMCD-2025-01,REGENERACION,MANO_OBRA,,OPERADOR MINI EXCAVADORA / MINI CARGADORA CON SUS ADITAMENTOS,h,OPERADOR MINI EXCAVADORA / MINI CARGADORA CON SUS ADITAMENTOS,h,MANO_OBRA|h|0|OPERADOR MINI EXCAVADORA / MINI CARGADORA CON SUS ADITAMENTOS,ALIAS-8498c6cc1df18f6ea193786f,0
D25-RU-cea53d7006d1ab792fab,INSV1-71079b8819f7464588085d86,EC-GAD-DAULE-LPI-GADIMCD-2025-01,REGENERACION,EQUIPO,,ESCALERA TELECOSPICA,h,ESCALERA TELECOSPICA,h,EQUIPO|h|0|ESCALERA TELECOSPICA,ALIAS-d72f2da592eca7da5a940ef0,0
D25-RU-d05febafcaaf898b1280,INSV1-dc09d9bafeedb6d412b0b1f5,EC-GAD-DAULE-LPI-GADIMCD-2025-01,REGENERACION,MATERIAL,,"CUARTON DE ENCOFRADO (0,05m X 0,04m X 3,00m)",UNIDAD,CUARTON DE ENCOFRADO 0 05M X 0 04M X 3 00M,u,MATERIAL|u|0|CUARTON DE ENCOFRADO 0 05M X 0 04M X 3 00M,ALIAS-d6e1d366b28562a9c7935828,0
D25-RU-a2817afa3ef1641d4225,INSV1-bef504fe434a284df4ab131f,EC-GAD-DAULE-LPI-GADIMCD-2025-01,REGENERACION,MATERIAL,,CAÑAS,UNIDAD,CANAS,u,MATERIAL|u|0|CANAS,ALIAS-d23004dc4aa73be65d5b08b7,0
D25-RU-ac3c3c4e38087f63ebca,INSV1-25783a7741fba24b24b83703,EC-GAD-DAULE-LPI-GADIMCD-2025-01,REGENERACION,MATERIAL,,"CLAVOS DE 2 1/2""",Kg,CLAVOS DE 2 1/2,kg,MATERIAL|kg|0|CLAVOS DE 2 1/2,ALIAS-179faa11dc23597bf22f8453,0
D25-RU-cf2cc3c60f0190cafe95,INSV1-d4d557257b0c1325f88db85f,EC-GAD-DAULE-LPI-GADIMCD-2025-01,REGENERACION,MATERIAL,,ALAMBRE RECOCIDO Nro. 18,Kg,ALAMBRE RECOCIDO NRO. 18,kg,MATERIAL|kg|0|ALAMBRE RECOCIDO NRO. 18,ALIAS-ef5a958092aef563ef0b3a80,0
D25-RU-7662d94b8ed493e99895,INSV1-c66181c8e3119960420a1c72,EC-GAD-DAULE-LPI-GADIMCD-2025-01,REGENERACION,MATERIAL,,"TIRA DE ENCOFRADO SEMIDURA (10,00cm X 2,00cm X 4,00m)",UNIDAD,TIRA DE ENCOFRADO SEMIDURA 10 00CM X 2 00CM X 4 00M,u,MATERIAL|u|0|TIRA DE ENCOFRADO SEMIDURA 10 00CM X 2 00CM X 4 00M,ALIAS-a6ad10fa2c802658ba2d387e,0
D25-RU-6d9887b54ad9fbdd4f5e,INSV1-91237982d3b34743eca66720,EC-GAD-DAULE-LPI-GADIMCD-2025-01,REGENERACION,EQUIPO,,CAMION,h,CAMION,h,EQUIPO|h|0|CAMION,ALIAS-92a981f0285803266670082d,0
D25-RU-6307c5f182204daba7a4,INSV1-c738c96bfd055c5dbdd1a5e1,EC-GAD-DAULE-LPI-GADIMCD-2025-01,REGENERACION,MANO_OBRA,,CHOFER OTROS CAMIONES (ESTR. OC. C1),h,CHOFER OTROS CAMIONES ESTR. OC. C1,h,MANO_OBRA|h|0|CHOFER OTROS CAMIONES ESTR. OC. C1,ALIAS-2d7401fd57b9d94e2872ba7c,0
D25-RU-91a9517ab989a33d0dfb,INSV1-25373e7148a8cb0802cc05a9,EC-GAD-DAULE-LPI-GADIMCD-2025-01,REGENERACION,EQUIPO,,ANDAMIO,h,ANDAMIO,h,EQUIPO|h|0|ANDAMIO,ALIAS-f64ac8e3a89067c653b65494,0
D25-RU-54740cafcdc9ef0b3b53,INSV1-66950b862d63406d4c228052,EC-GAD-DAULE-LPI-GADIMCD-2025-01,REGENERACION,MANO_OBRA,,ELECTRICISTA O INSTALADOR DE REVESTIMIENTO EN GENERAL,h,ELECTRICISTA O INSTALADOR DE REVESTIMIENTO EN GENERAL,h,MANO_OBRA|h|0|ELECTRICISTA O INSTALADOR DE REVESTIMIENTO EN GENERAL,ALIAS-60e7faf3347707d874bbdb5a,0
D25-RU-99c44eb942421bc673f0,INSV1-2d199576206a2a5eda9aaff1,EC-GAD-DAULE-LPI-GADIMCD-2025-01,REGENERACION,MATERIAL,,"VARIOS (CINTA AISLANTE, CABLE, ETC)",GLOBAL,VARIOS CINTA AISLANTE CABLE ETC,glb,MATERIAL|glb|0|VARIOS CINTA AISLANTE CABLE ETC,ALIAS-f194209f092f8b412157e9f2,0
D25-RU-cb739c5c4d01480c3ad0,INSV1-00a213c6e6451d21bc18a25a,EC-GAD-DAULE-LPI-GADIMCD-2025-01,REGENERACION,EQUIPO,,RETROEXCAVADORA (INCL. MARTILLO),h,RETROEXCAVADORA INCL. MARTILLO,h,EQUIPO|h|0|RETROEXCAVADORA INCL. MARTILLO,ALIAS-e021cf86e867d4e2a492a2ed,0
D25-RU-d9d619fc9b80200a7385,INSV1-7f008b17c1e265aca46e25f7,EC-GAD-DAULE-LPI-GADIMCD-2025-01,REGENERACION,MANO_OBRA,,OPERADOR DE RETROEXCAVADORA,h,OPERADOR DE RETROEXCAVADORA,h,MANO_OBRA|h|0|OPERADOR DE RETROEXCAVADORA,ALIAS-df3745873b4037c909887168,0
D25-RU-5c6ce528aaa1ad972bce,INSV1-8e83066fd2e38b984f9ce4a2,EC-GAD-DAULE-LPI-GADIMCD-2025-01,REGENERACION,EQUIPO,,MARTILLO NEUMATICO GRANDE,h,MARTILLO NEUMATICO GRANDE,h,EQUIPO|h|0|MARTILLO NEUMATICO GRANDE,ALIAS-354ff3ed70026e730992ed12,0
D25-RU-56cb12977e1baa7e5f21,INSV1-7fcd18bd2df02f6ba3f354b5,EC-GAD-DAULE-LPI-GADIMCD-2025-01,REGENERACION,EQUIPO,,RETROEXCAVADORA,h,RETROEXCAVADORA,h,EQUIPO|h|0|RETROEXCAVADORA,ALIAS-1cbec3acef06fbdd714fee40,0
D25-RU-c2af95596219c908fbbd,INSV1-d6e2908f1a1cff479faa8447,EC-GAD-DAULE-LPI-GADIMCD-2025-01,REGENERACION,EQUIPO,,AMOLADORA/CORTADORA DE DISCO PARA HORMIGON,h,AMOLADORA/CORTADORA DE DISCO PARA HORMIGON,h,EQUIPO|h|0|AMOLADORA/CORTADORA DE DISCO PARA HORMIGON,ALIAS-a1364ff15558a2d3862096d5,0
D25-RU-368cacb129314754288b,INSV1-dea51e17e9babfa2e0035199,EC-GAD-DAULE-LPI-GADIMCD-2025-01,REGENERACION,MATERIAL,,DISCO DE CORTE PARA HORMIGON,UNIDAD,DISCO DE CORTE PARA HORMIGON,u,MATERIAL|u|0|DISCO DE CORTE PARA HORMIGON,ALIAS-eb7a775c703da7210181d628,0
D25-RU-bea4dfb0ff2732cdeae3,INSV1-94cbb27b20338002aa3a192b,EC-GAD-DAULE-LPI-GADIMCD-2025-01,REGENERACION,EQUIPO,,AMOLADORA DE DISCO PARA HORMIGON,h,AMOLADORA DE DISCO PARA HORMIGON,h,EQUIPO|h|0|AMOLADORA DE DISCO PARA HORMIGON,ALIAS-c90c65f6097b25d880c1ce4a,0
D25-RU-aaacf7db6f4f9a2f6eb7,INSV1-7e4f3e1d0548d33420d71158,EC-GAD-DAULE-LPI-GADIMCD-2025-01,REGENERACION,EQUIPO,,EXCAVADORA DE ORUGA,h,EXCAVADORA DE ORUGA,h,EQUIPO|h|0|EXCAVADORA DE ORUGA,ALIAS-f2ec3ddf4d1c8cb03ac6c107,0
D25-RU-b9ccfdffa839aa203120,INSV1-067218e0173e99721b92e01a,EC-GAD-DAULE-LPI-GADIMCD-2025-01,REGENERACION,MANO_OBRA,,OPERADOR DE EXCAVADORA,h,OPERADOR DE EXCAVADORA,h,MANO_OBRA|h|0|OPERADOR DE EXCAVADORA,ALIAS-246e1042d823f983ce5f7aad,0
D25-RU-5f3e77cd8bdb6571210e,INSV1-544f110943acdd2e84dd3502,EC-GAD-DAULE-LPI-GADIMCD-2025-01,REGENERACION,EQUIPO,,RODILLO LISO VIBRATORIO,h,RODILLO LISO VIBRATORIO,h,EQUIPO|h|0|RODILLO LISO VIBRATORIO,ALIAS-597b5feabc68bf15d433dd8d,0
D25-RU-f9c4ae7b9b5841edf2e3,INSV1-6ac4595af367d789cd4901fa,EC-GAD-DAULE-LPI-GADIMCD-2025-01,REGENERACION,EQUIPO,,"BOMBA DE AGUA 2"" (INCL. ACCESORIOS)",h,BOMBA DE AGUA 2 INCL. ACCESORIOS,h,EQUIPO|h|0|BOMBA DE AGUA 2 INCL. ACCESORIOS,ALIAS-5bd28e57dc83e58e22126a49,0
D25-RU-f7ff23397900c3a24084,INSV1-613f64f80f871911497f386d,EC-GAD-DAULE-LPI-GADIMCD-2025-01,REGENERACION,MANO_OBRA,,OPERADOR DE RODILLO AUTOPROPULSADO,h,OPERADOR DE RODILLO AUTOPROPULSADO,h,MANO_OBRA|h|0|OPERADOR DE RODILLO AUTOPROPULSADO,ALIAS-f81b6742609428f57ca028ce,0
D25-RU-11ae85a67641dad882e9,INSV1-8409878948d0a9894f6acc23,EC-GAD-DAULE-LPI-GADIMCD-2025-01,REGENERACION,MATERIAL,,MATERIAL DE MEJORAMIENTO IMPORTADO (INCL. TRANSPORTE),m3,MATERIAL DE MEJORAMIENTO IMPORTADO INCL. TRANSPORTE,m3,MATERIAL|m3|0|MATERIAL DE MEJORAMIENTO IMPORTADO INCL. TRANSPORTE,ALIAS-3cb096d1c7247d651e3ebdda,0
D25-RU-30aba5e73132284b89ee,INSV1-f050da975ebce3f701fb716f,EC-GAD-DAULE-LPI-GADIMCD-2025-01,REGENERACION,MATERIAL,,PRUEBA DE DENSIDAD,UNIDAD,PRUEBA DE DENSIDAD,u,MATERIAL|u|0|PRUEBA DE DENSIDAD,ALIAS-a8224693aeb20019d7910334,0
D25-RU-2f1ba77a71e8149c7c00,INSV1-836e108f0351af8a6814024a,EC-GAD-DAULE-LPI-GADIMCD-2025-01,REGENERACION,MATERIAL,,SUB BASE CLASE - 3,m3,SUB BASE CLASE - 3,m3,MATERIAL|m3|0|SUB BASE CLASE - 3,ALIAS-197f2aa2cd0214d26dc0be9e,0
D25-RU-e65986bcc001aa154b9f,INSV1-cba4a0cb3ef55699a0d77ce4,EC-GAD-DAULE-LPI-GADIMCD-2025-01,REGENERACION,EQUIPO,,CONCRETERA,h,CONCRETERA,h,EQUIPO|h|0|CONCRETERA,ALIAS-3e72a60783d1d28a3783103f,0
D25-RU-02b462cc765985186525,INSV1-a57420f0d1babf0465870c69,EC-GAD-DAULE-LPI-GADIMCD-2025-01,REGENERACION,EQUIPO,,VIBRADOR CON MANGUERA,h,VIBRADOR CON MANGUERA,h,EQUIPO|h|0|VIBRADOR CON MANGUERA,ALIAS-341e4e2ebfa4776506b918cb,0
D25-RU-e133da8dbbf471ae27cd,INSV1-63055f5ba7d9c4bbba5fd6ce,EC-GAD-DAULE-LPI-GADIMCD-2025-01,REGENERACION,EQUIPO,,COMPACTADOR MANUAL,h,COMPACTADOR MANUAL,h,EQUIPO|h|0|COMPACTADOR MANUAL,ALIAS-838b07c0bcf1bb2c889b1bb8,0
D25-RU-138ecc860acaae28e70b,INSV1-d526235b295c6958f6ec7600,EC-GAD-DAULE-LPI-GADIMCD-2025-01,REGENERACION,MATERIAL,,CEMENTO PORTLAND TIPO 1 (50 KG),Kg,CEMENTO PORTLAND TIPO 1 50 KG,kg,MATERIAL|kg|0|CEMENTO PORTLAND TIPO 1 50 KG,ALIAS-92eba23633745378f7b0bc3e,0
D25-RU-a1133ceff9d022457953,INSV1-d9e266c454d4905f38a6a818,EC-GAD-DAULE-LPI-GADIMCD-2025-01,REGENERACION,MATERIAL,,ARENA FINA,m3,ARENA FINA,m3,MATERIAL|m3|0|ARENA FINA,ALIAS-a2b1f44845a1c73b52158dc0,0
D25-RU-d638c53db528d105fe18,INSV1-255bded90ac8a92f4e0eabb6,EC-GAD-DAULE-LPI-GADIMCD-2025-01,REGENERACION,MATERIAL,,"PIEDRA 3/4"" (INCL. TRANSPORTE)",m3,PIEDRA 3/4 INCL. TRANSPORTE,m3,MATERIAL|m3|0|PIEDRA 3/4 INCL. TRANSPORTE,ALIAS-75b8077f76537fa988cb7924,0
D25-RU-b6f874ccd09652dd3807,INSV1-ef879b836173a1628a39991b,EC-GAD-DAULE-LPI-GADIMCD-2025-01,REGENERACION,MATERIAL,,CURADOR,GALON,CURADOR,galon,MATERIAL|galon|0|CURADOR,ALIAS-ff262a8fee83cf0d0685f4a6,0
D25-RU-1449077d95decdb189da,INSV1-47d716dd9e446f5af705e65d,EC-GAD-DAULE-LPI-GADIMCD-2025-01,REGENERACION,MATERIAL,,ASFALTO - AP3,GALON,ASFALTO - AP3,galon,MATERIAL|galon|0|ASFALTO - AP3,ALIAS-1407e2499dbe15f4e4411fc5,0
D25-RU-d6a72c567e832d79956b,INSV1-b2ff905410180303f6cc4b65,EC-GAD-DAULE-LPI-GADIMCD-2025-01,REGENERACION,MATERIAL,,TABLA DE ENCOFRADO,UNIDAD,TABLA DE ENCOFRADO,u,MATERIAL|u|0|TABLA DE ENCOFRADO,ALIAS-4e461c81b4c87b7e981eb906,0
D25-RU-8d4ac179a750b8edb400,INSV1-99db61a59988e52b3e7ea296,EC-GAD-DAULE-LPI-GADIMCD-2025-01,REGENERACION,MATERIAL,,MALLA ELECTROSOLDADA 15x15cm Ø8.00mm,m2,MALLA ELECTROSOLDADA 15X15CM DIAM 8.00MM,m2,MATERIAL|m2|0|MALLA ELECTROSOLDADA 15X15CM DIAM 8.00MM,ALIAS-92283e155a82aae80046abaa,0
D25-RU-681911e261415a87d3fa,INSV1-ab1ffda4046a13cc844e095b,EC-GAD-DAULE-LPI-GADIMCD-2025-01,REGENERACION,MATERIAL,,ADITIVO ACELERANTE,Kg,ADITIVO ACELERANTE,kg,MATERIAL|kg|0|ADITIVO ACELERANTE,ALIAS-12febf17bebf191f66d0152d,0
D25-RU-ad42984be1b65cab7820,INSV1-465f5c4b026975b41f3caa57,EC-GAD-DAULE-LPI-GADIMCD-2025-01,REGENERACION,EQUIPO,,RODILLO DOBLE TAMBOR,h,RODILLO DOBLE TAMBOR,h,EQUIPO|h|0|RODILLO DOBLE TAMBOR,ALIAS-97735e9ae0d3455db00f40f9,0
D25-RU-18218b536134960ed61d,INSV1-09c8f4b11b28fc063f6a055d,EC-GAD-DAULE-LPI-GADIMCD-2025-01,REGENERACION,MATERIAL,,"TIRA DE MADERA SEMIDURA (6,00cm X 2,00cm X 4,00m)",UNIDAD,TIRA DE MADERA SEMIDURA 6 00CM X 2 00CM X 4 00M,u,MATERIAL|u|0|TIRA DE MADERA SEMIDURA 6 00CM X 2 00CM X 4 00M,ALIAS-238caeaa3fd57cca55658219,0
D25-RU-227e54a2a303b30be194,INSV1-d2b954901b67aebc50eeca5b,EC-GAD-DAULE-LPI-GADIMCD-2025-01,REGENERACION,MATERIAL,,"TABLA DE ENCOFRADO SEMIDURA (20,00cm X 2,00 cm X 4,00m)",UNIDAD,TABLA DE ENCOFRADO SEMIDURA 20 00CM X 2 00 CM X 4 00M,u,MATERIAL|u|0|TABLA DE ENCOFRADO SEMIDURA 20 00CM X 2 00 CM X 4 00M,ALIAS-c91e450e279f816cfdac5ae1,0
D25-RU-16357876c28254c85ec0,INSV1-5751f94fcdd3f36dddae82db,EC-GAD-DAULE-LPI-GADIMCD-2025-01,REGENERACION,EQUIPO,,VIBRO-APISONADOR,h,VIBRO-APISONADOR,h,EQUIPO|h|0|VIBRO-APISONADOR,ALIAS-5c6cd66a8017a9be3ea47362,0
D25-RU-3644482257426a2ec735,INSV1-71274184a31e207557dc0010,EC-GAD-DAULE-LPI-GADIMCD-2025-01,REGENERACION,MATERIAL,,PIGMENTO DE TONO SIMILAR AL ADOQUIN,Kg,PIGMENTO DE TONO SIMILAR AL ADOQUIN,kg,MATERIAL|kg|0|PIGMENTO DE TONO SIMILAR AL ADOQUIN,ALIAS-6868d9fb3d8ff5dd14742ed2,0
D25-RU-2689e6730f5308b227d4,INSV1-916ee5d7679a7935ce9f8ea8,EC-GAD-DAULE-LPI-GADIMCD-2025-01,REGENERACION,EQUIPO,,CORTADORA MANUAL HIERRO,h,CORTADORA MANUAL HIERRO,h,EQUIPO|h|0|CORTADORA MANUAL HIERRO,ALIAS-56faa781992c966c2eb28d85,0
D25-RU-b221fa981dedb7397ce5,INSV1-7e529640382bd270a9533695,EC-GAD-DAULE-LPI-GADIMCD-2025-01,REGENERACION,MANO_OBRA,,FIERRERO,h,FIERRERO,h,MANO_OBRA|h|0|FIERRERO,ALIAS-320dc02f2c54de72ae143580,0
D25-RU-c6f72adb43347dc26aa5,INSV1-2b1fd68a00050d2f37674891,EC-GAD-DAULE-LPI-GADIMCD-2025-01,REGENERACION,MATERIAL,,ACERO DE REFUERZO FY=4200 Kg/cm2,Kg,ACERO DE REFUERZO FY 4200 KG/CM2,kg,MATERIAL|kg|0|ACERO DE REFUERZO FY 4200 KG/CM2,ALIAS-2689eb959b5ba1968b82af30,0
D25-RU-3abc82d16cd130447411,INSV1-cf99ca239bfc2d20892cc093,EC-GAD-DAULE-LPI-GADIMCD-2025-01,REGENERACION,EQUIPO,,APISONADOR VERTICAL,h,APISONADOR VERTICAL,h,EQUIPO|h|0|APISONADOR VERTICAL,ALIAS-84da19d1e61b13ec90c67ea7,0
D25-RU-54b5a73c24c502c30bda,INSV1-4d2ee805e37eebe3c6c2da93,EC-GAD-DAULE-LPI-GADIMCD-2025-01,REGENERACION,MATERIAL,,ADITIVO CURADOR,Kg,ADITIVO CURADOR,kg,MATERIAL|kg|0|ADITIVO CURADOR,ALIAS-107bb09ac944068a4d7d7336,0
D25-RU-5303cfa43afa740a0c0d,INSV1-3c4815fbfcdfb8e5c0cfee05,EC-GAD-DAULE-LPI-GADIMCD-2025-01,REGENERACION,MATERIAL,,"CUARTON (6,00cm X 4,00cm X 4,00m)",UNIDAD,CUARTON 6 00CM X 4 00CM X 4 00M,u,MATERIAL|u|0|CUARTON 6 00CM X 4 00CM X 4 00M,ALIAS-9e18ad0c9657a00a3b5d17ef,0
D25-RU-821fe0dd853e9683d919,INSV1-7cfe7151d9fe75668c573974,EC-GAD-DAULE-LPI-GADIMCD-2025-01,REGENERACION,MATERIAL,,MALLA ELECTROSOLDADA 15x15cm Ø5.5mm,m2,MALLA ELECTROSOLDADA 15X15CM DIAM 5.5MM,m2,MATERIAL|m2|0|MALLA ELECTROSOLDADA 15X15CM DIAM 5.5MM,ALIAS-26818fa67579fe953f8bbce3,0
D25-RU-f75f97917859b07384d8,INSV1-770e0b5f0374a51fb932f001,EC-GAD-DAULE-LPI-GADIMCD-2025-01,REGENERACION,MATERIAL,,PLANCHA DE YESO INDUSTRIAL,m2,PLANCHA DE YESO INDUSTRIAL,m2,MATERIAL|m2|0|PLANCHA DE YESO INDUSTRIAL,ALIAS-3d22d48d5cbeff2cfacdfbc7,0
D25-RU-3afd7363aa0ce5eaec8c,INSV1-78e332f7cdb942a8d19d5dfd,EC-GAD-DAULE-LPI-GADIMCD-2025-01,REGENERACION,EQUIPO,,SOLDADORA,h,SOLDADORA,h,EQUIPO|h|0|SOLDADORA,ALIAS-2eb72133b32d97ee22b5ab6b,0
D25-RU-6fde01b8d9845a920162,INSV1-1154b21c029f91a74c92dea1,EC-GAD-DAULE-LPI-GADIMCD-2025-01,REGENERACION,MANO_OBRA,,AYUDANTE DE FIERRERO,h,AYUDANTE DE FIERRERO,h,MANO_OBRA|h|0|AYUDANTE DE FIERRERO,ALIAS-15885388a977107f13f84221,0
D25-RU-34202bac3d4aa39ac962,INSV1-a9f4304ab8b6ac10007a39a0,EC-GAD-DAULE-LPI-GADIMCD-2025-01,REGENERACION,MATERIAL,,SOLDADURA E-6011,Kg,SOLDADURA E-6011,kg,MATERIAL|kg|0|SOLDADURA E-6011,ALIAS-2d5c27936770619f104de433,0
D25-RU-a49324ee5d2905a48928,INSV1-6bf28a0f6389b22dd9738d6a,EC-GAD-DAULE-LPI-GADIMCD-2025-01,REGENERACION,MATERIAL,,ALAMBRE GALVANIZADO Nro. 18,Kg,ALAMBRE GALVANIZADO NRO. 18,kg,MATERIAL|kg|0|ALAMBRE GALVANIZADO NRO. 18,ALIAS-fd85bac9f6e8cedcbc9c0a3e,0
D25-RU-105c99540212157e0acf,INSV1-185094598eccd1b13371b28f,EC-GAD-DAULE-LPI-GADIMCD-2025-01,REGENERACION,EQUIPO,,CORTADORA DE ALUMINIO,h,CORTADORA DE ALUMINIO,h,EQUIPO|h|0|CORTADORA DE ALUMINIO,ALIAS-2f2ed819b70858182539401f,0
D25-RU-03242d330009ae7ae190,INSV1-91e17f943aa5a0a6b4c48832,EC-GAD-DAULE-LPI-GADIMCD-2025-01,REGENERACION,MATERIAL,,VENTANA CORREDIZA DE ALUMINIO NATURAL Y VIDRIO CLARO DE E=6.00mm (INCL. TRANSPORTE),m2,VENTANA CORREDIZA DE ALUMINIO NATURAL Y VIDRIO CLARO DE E 6.00MM INCL. TRANSPORTE,m2,MATERIAL|m2|0|VENTANA CORREDIZA DE ALUMINIO NATURAL Y VIDRIO CLARO DE E 6.00MM INCL. TRANSPORTE,ALIAS-cf58ff8fbfe9e42f04622061,0
D25-RU-a0bbda1d86d5e2e716b2,INSV1-307c606b8510de1057ac533a,EC-GAD-DAULE-LPI-GADIMCD-2025-01,REGENERACION,MATERIAL,,MALLA ANTIMOSQUITO,m2,MALLA ANTIMOSQUITO,m2,MATERIAL|m2|0|MALLA ANTIMOSQUITO,ALIAS-3fae312444468aa15e514ab8,0
D25-RU-7d57112c04758e54ce6b,INSV1-c557c174d674a5fb625dedba,EC-GAD-DAULE-LPI-GADIMCD-2025-01,REGENERACION,EQUIPO,,TALADRO,h,TALADRO,h,EQUIPO|h|0|TALADRO,ALIAS-bb701ebc3f89f461e21fadf5,0
D25-RU-631bff514cbed38a34d4,INSV1-bdaab1b0a2ba34b540d3289b,EC-GAD-DAULE-LPI-GADIMCD-2025-01,REGENERACION,EQUIPO,,SIERRA ELECTRICA PARA MADERA,h,SIERRA ELECTRICA PARA MADERA,h,EQUIPO|h|0|SIERRA ELECTRICA PARA MADERA,ALIAS-488433a44ba5c61e732bb590,0
D25-RU-6890621c7082ddc05f65,INSV1-6d603a17863603d866570ab0,EC-GAD-DAULE-LPI-GADIMCD-2025-01,REGENERACION,EQUIPO,,ATORNILLADORA,h,ATORNILLADORA,h,EQUIPO|h|0|ATORNILLADORA,ALIAS-9cf78a95f131876f3d9aa404,0
D25-RU-52f01f5c50593dd42c11,INSV1-c597fb1e3ec638c1276c2b14,EC-GAD-DAULE-LPI-GADIMCD-2025-01,REGENERACION,MANO_OBRA,,PINTOR,h,PINTOR,h,MANO_OBRA|h|0|PINTOR,ALIAS-d11b22bc4dabec0a1749363a,0
D25-RU-f7937ec35781aae11981,INSV1-1adc8d6a365519b4c3fc1a5d,EC-GAD-DAULE-LPI-GADIMCD-2025-01,REGENERACION,MATERIAL,,PUERTA DE MADERA TAMBORADA (INCL. MARCO Y TAPA MARCO),m2,PUERTA DE MADERA TAMBORADA INCL. MARCO Y TAPA MARCO,m2,MATERIAL|m2|0|PUERTA DE MADERA TAMBORADA INCL. MARCO Y TAPA MARCO,ALIAS-87b3c734f08df8a331ecbf1e,0
D25-RU-79b877d23b862c434d1d,INSV1-255d82444cc7d97aa13b0a0d,EC-GAD-DAULE-LPI-GADIMCD-2025-01,REGENERACION,MATERIAL,,"ALUMINIO - ZINC E=0,35mm (INCL. CUMBRERO)",UNIDAD,ALUMINIO - ZINC E 0 35MM INCL. CUMBRERO,u,MATERIAL|u|0|ALUMINIO - ZINC E 0 35MM INCL. CUMBRERO,ALIAS-4016cc9f860a44fd103db669,0
D25-RU-2285641a32dba5f5e76f,INSV1-55a8e8deaf67762e9ad712b0,EC-GAD-DAULE-LPI-GADIMCD-2025-01,REGENERACION,MATERIAL,,"ACCESORIOS VARIOS (TIRAFONDO, GANCHOS, TUERCAS GALVANIZADA, ETC)",UNIDAD,ACCESORIOS VARIOS TIRAFONDO GANCHOS TUERCAS GALVANIZADA ETC,u,MATERIAL|u|0|ACCESORIOS VARIOS TIRAFONDO GANCHOS TUERCAS GALVANIZADA ETC,ALIAS-e70e044282b9af4317b9dca5,0
D25-RU-0e1e2a64dfeb2cd2e951,INSV1-afaf9d5e04d6e1d10c8069d1,EC-GAD-DAULE-LPI-GADIMCD-2025-01,REGENERACION,MATERIAL,,"TABLON L=0,80m",UNIDAD,TABLON L 0 80M,u,MATERIAL|u|0|TABLON L 0 80M,ALIAS-3fef3929a619add42a51e8dc,0
D25-RU-b517dbbea59f8a105617,INSV1-27a238f0b7a09a4708c53d5f,EC-GAD-DAULE-LPI-GADIMCD-2025-01,REGENERACION,MATERIAL,,PERFILERIA ESTRUCTURAL,Kg,PERFILERIA ESTRUCTURAL,kg,MATERIAL|kg|0|PERFILERIA ESTRUCTURAL,ALIAS-1a4a023be859621812921d6b,0
D25-RU-31099e7c6d6e357e4ed8,INSV1-d6f214a22d9fb36a30253043,EC-GAD-DAULE-LPI-GADIMCD-2025-01,REGENERACION,MATERIAL,,PINTURA ANTICORRISIVA INDUSTRIAL ESMALTE ALQUIDICO,GALON,PINTURA ANTICORRISIVA INDUSTRIAL ESMALTE ALQUIDICO,galon,MATERIAL|galon|0|PINTURA ANTICORRISIVA INDUSTRIAL ESMALTE ALQUIDICO,ALIAS-f6ed7ab4fc041b1feb07f91d,0
D25-RU-5425ec7f97f8d3d82dad,INSV1-8ca0ea3196a6c5010ac26999,EC-GAD-DAULE-LPI-GADIMCD-2025-01,REGENERACION,MATERIAL,,ESMALTE SEMI-BRILLANTE,GALON,ESMALTE SEMI-BRILLANTE,galon,MATERIAL|galon|0|ESMALTE SEMI-BRILLANTE,ALIAS-37fa921b5d494a68fc2776a7,0
D25-RU-2a7e72773f27b54fb648,INSV1-ae678f420f7488a4e2ca8e4a,EC-GAD-DAULE-LPI-GADIMCD-2025-01,REGENERACION,MATERIAL,,DILUYENTE LACA,GALON,DILUYENTE LACA,galon,MATERIAL|galon|0|DILUYENTE LACA,ALIAS-376408fb8cd571657950c199,0
D25-RU-4d1322d26b27e1ea7aaa,INSV1-56db915a08387177b46e28e0,EC-GAD-DAULE-LPI-GADIMCD-2025-01,REGENERACION,EQUIPO,,AMOLADORA,h,AMOLADORA,h,EQUIPO|h|0|AMOLADORA,ALIAS-b61d4e9329d1d760104a6b44,0
D25-RU-6ec85785cf9cbe76e615,INSV1-7fcf1eb12e9d1b32865c4b04,EC-GAD-DAULE-LPI-GADIMCD-2025-01,REGENERACION,EQUIPO,,COMPRESOR + SOPLETE,h,COMPRESOR + SOPLETE,h,EQUIPO|h|0|COMPRESOR + SOPLETE,ALIAS-ef45f139a2d46c113b930a46,0
D25-RU-7d4182e1055a478e1f90,INSV1-0ebc369d8dc4b3c67097ec5b,EC-GAD-DAULE-LPI-GADIMCD-2025-01,REGENERACION,EQUIPO,,ESCALERA,h,ESCALERA,h,EQUIPO|h|0|ESCALERA,ALIAS-a6aa5120894a73461428f851,0
D25-RU-a220b7c6765eca15ab98,INSV1-6864fcfa975b87fe138d30af,EC-GAD-DAULE-LPI-GADIMCD-2025-01,REGENERACION,MATERIAL,,"ACERO (PLATINAS, PERFILES, TUBOS, VARILLAS, BISAGRAS, ETC)",Kg,ACERO PLATINAS PERFILES TUBOS VARILLAS BISAGRAS ETC,kg,MATERIAL|kg|0|ACERO PLATINAS PERFILES TUBOS VARILLAS BISAGRAS ETC,ALIAS-01e39cf1e83488cdcd2a2140,0
D25-RU-de0e0a191aaced259c65,INSV1-592eaaeb9e6b55b1f140fb82,EC-GAD-DAULE-LPI-GADIMCD-2025-01,REGENERACION,MATERIAL,,MALLA ELECTROSOLDADA 10x10cm Ø7.00mm,m2,MALLA ELECTROSOLDADA 10X10CM DIAM 7.00MM,m2,MATERIAL|m2|0|MALLA ELECTROSOLDADA 10X10CM DIAM 7.00MM,ALIAS-ecd533ae280dc82effd9b8ec,0
D25-RU-44f15246f13c36fda986,INSV1-2f9257ad4fe081c97a9869c3,EC-GAD-DAULE-LPI-GADIMCD-2025-01,REGENERACION,MATERIAL,,BLOQUE DE ARENA CEMENTO PL-19 (19x19x39cm) (LIVIANO),UNIDAD,BLOQUE DE ARENA CEMENTO PL-19 19X19X39CM LIVIANO,u,MATERIAL|u|0|BLOQUE DE ARENA CEMENTO PL-19 19X19X39CM LIVIANO,ALIAS-58f5543057fbf7ec5f309546,0
D25-RU-aacc629e6ceaa56f9293,INSV1-fa8ca00e81f1a3a0e3c6a266,EC-GAD-DAULE-LPI-GADIMCD-2025-01,REGENERACION,MATERIAL,,"ACCESORIOS VARIOS (COMBUSTIBLE, ACEITE, DILUYENTE, ETC.)",GLOBAL,ACCESORIOS VARIOS COMBUSTIBLE ACEITE DILUYENTE ETC,glb,MATERIAL|glb|0|ACCESORIOS VARIOS COMBUSTIBLE ACEITE DILUYENTE ETC,ALIAS-5929e29fb2a1e9ad7b48e25e,0
D25-RU-ef7d2bbf4fe338909276,INSV1-21f2ff3847dab40d5e5ea49e,EC-GAD-DAULE-LPI-GADIMCD-2025-01,REGENERACION,MATERIAL,,PINTURA DE CAUCHO LATEX CON ACABADO MATE (ANTIBACTERIAL + BAJO OLOR),GALON,PINTURA DE CAUCHO LATEX CON ACABADO MATE ANTIBACTERIAL + BAJO OLOR,galon,MATERIAL|galon|0|PINTURA DE CAUCHO LATEX CON ACABADO MATE ANTIBACTERIAL + BAJO OLOR,ALIAS-46fc0c4a36ce922b04749e29,0
D25-RU-d817c8ce4f038275a4bf,INSV1-2d8eed883639f9320fc852e2,EC-GAD-DAULE-LPI-GADIMCD-2025-01,REGENERACION,MATERIAL,,PINTURA ESMALTE ACRILICA A BASE DE AGUA (PAREDES Y MUROS),GALON,PINTURA ESMALTE ACRILICA A BASE DE AGUA PAREDES Y MUROS,galon,MATERIAL|galon|0|PINTURA ESMALTE ACRILICA A BASE DE AGUA PAREDES Y MUROS,ALIAS-3a1827e7ad6a3743c7ccf5df,0
D25-RU-bf95baee3fed39f1602e,INSV1-bf9bf8cc4703af07ba5ffd53,EC-GAD-DAULE-LPI-GADIMCD-2025-01,REGENERACION,MATERIAL,,MALLA ELECTROSOLDADA 15x15cm Ø7.00mm,m2,MALLA ELECTROSOLDADA 15X15CM DIAM 7.00MM,m2,MATERIAL|m2|0|MALLA ELECTROSOLDADA 15X15CM DIAM 7.00MM,ALIAS-a6a800c7511ec153538b84de,0
D25-RU-8e2d7498c37949b34bd0,INSV1-faaf2d0d4516f81f5e7c493d,EC-GAD-DAULE-LPI-GADIMCD-2025-01,REGENERACION,MATERIAL,,BLOQUE DE ARENA CEMENTO PL-9 (9x19x39cm) (LIVIANO),UNIDAD,BLOQUE DE ARENA CEMENTO PL-9 9X19X39CM LIVIANO,u,MATERIAL|u|0|BLOQUE DE ARENA CEMENTO PL-9 9X19X39CM LIVIANO,ALIAS-1dac9765f84cfa1e69cfe51c,0
D25-RU-1e73d18944efdc1e9b30,INSV1-fbdc06394ad96bf668cadf0f,EC-GAD-DAULE-LPI-GADIMCD-2025-01,REGENERACION,MATERIAL,,PINTURA ESMALTE A BASE DE ACEITE,GALON,PINTURA ESMALTE A BASE DE ACEITE,galon,MATERIAL|galon|0|PINTURA ESMALTE A BASE DE ACEITE,ALIAS-2bb667d19924c4d31127b585,0
D25-RU-fa6647a894e4096600e9,INSV1-49e04969ef439104f4100c82,EC-GAD-DAULE-LPI-GADIMCD-2025-01,REGENERACION,EQUIPO,,GENERADOR,h,GENERADOR,h,EQUIPO|h|0|GENERADOR,ALIAS-3fec398310d51335284d079d,0
D25-RU-1c64a9b8694905a4d768,INSV1-cbd160ad326c8b71cb1bbf19,EC-GAD-DAULE-LPI-GADIMCD-2025-01,REGENERACION,EQUIPO,,REFLECTOR,h,REFLECTOR,h,EQUIPO|h|0|REFLECTOR,ALIAS-29bec518c9f920afcdd3f871,0
D25-RU-817fa172b4c8ac1451cf,INSV1-aac0d355ae0134d1f6ad8751,EC-GAD-DAULE-LPI-GADIMCD-2025-01,REGENERACION,MANO_OBRA,,PLOMERO,h,PLOMERO,h,MANO_OBRA|h|0|PLOMERO,ALIAS-dfc1c5003267b53e94cd3ab8,0
D25-RU-9e895a50704ea7004446,INSV1-1390142fd61d3a4e6ac25723,EC-GAD-DAULE-LPI-GADIMCD-2025-01,REGENERACION,MATERIAL,,"HIDRANTE 3"" (90mm)CON 2 SALIDAS DE 2 1/2"" (75mm)",UNIDAD,HIDRANTE 3 90MM CON 2 SALIDAS DE 2 1/2 75MM,u,MATERIAL|u|0|HIDRANTE 3 90MM CON 2 SALIDAS DE 2 1/2 75MM,ALIAS-7edcc22ac8304ee9780bb94c,0
D25-RU-dff5bce11cc311d18c14,INSV1-c842c8341809b920ed002995,EC-GAD-DAULE-LPI-GADIMCD-2025-01,REGENERACION,MATERIAL,,"TUBERIA PVC PRESION D=3"" (90mm) U/Z, 0.80 Mpa",m,TUBERIA PVC PRESION D 3 90MM U/Z 0.80 MPA,m,MATERIAL|m|0|TUBERIA PVC PRESION D 3 90MM U/Z 0.80 MPA,ALIAS-f8ceafeda5e91e03a29b4d75,0
D25-RU-b65e53c13c9b86796ffd,INSV1-457626201a7dacb9b0eb05ad,EC-GAD-DAULE-LPI-GADIMCD-2025-01,REGENERACION,MATERIAL,,"CODO DE D=3"" (Ø90mm) x 90˚",UNIDAD,CODO DE D 3 DIAM 90MM X 90,u,MATERIAL|u|0|CODO DE D 3 DIAM 90MM X 90,ALIAS-fd8d7ea95c72094a9844c29a,0
D25-RU-b1fe9676efb5fc04a644,INSV1-84678d53fe8c6bb4aa398be7,EC-GAD-DAULE-LPI-GADIMCD-2025-01,REGENERACION,MATERIAL,,"CODO DE D=3"" (Ø90mm) x 45˚",UNIDAD,CODO DE D 3 DIAM 90MM X 45,u,MATERIAL|u|0|CODO DE D 3 DIAM 90MM X 45,ALIAS-8444cff34cbde6b856712f7f,0
D25-RU-5ad1747b40bb91f66f69,INSV1-bbd7da501cb339dfaed0a6ac,EC-GAD-DAULE-LPI-GADIMCD-2025-01,REGENERACION,MATERIAL,,VALVULA DE HIDRANTE,UNIDAD,VALVULA DE HIDRANTE,u,MATERIAL|u|0|VALVULA DE HIDRANTE,ALIAS-217f052c047f4d4075bbf49d,0
D25-RU-bde567a623497b598a68,INSV1-608cff6be76b62dc6c2699bc,EC-GAD-DAULE-LPI-GADIMCD-2025-01,REGENERACION,MATERIAL,,CAJETIN,UNIDAD,CAJETIN,u,MATERIAL|u|0|CAJETIN,ALIAS-56bc84157a3fdbe70ff21e16,0
D25-RU-1fa0b8269fd7741a079c,INSV1-342850c3420c005013a0ee42,EC-GAD-DAULE-LPI-GADIMCD-2025-01,REGENERACION,MATERIAL,,"BRIDA D=90mm 3"" E/C, 8 HUECOS",UNIDAD,BRIDA D 90MM 3 E/C 8 HUECOS,u,MATERIAL|u|0|BRIDA D 90MM 3 E/C 8 HUECOS,ALIAS-bdf14135b5cfcd0313445467,0
D25-RU-3b3a4140811fd8492558,INSV1-9d924431247e46c1518d13ad,EC-GAD-DAULE-LPI-GADIMCD-2025-01,REGENERACION,MATERIAL,,UNION GIBAULT,UNIDAD,UNION GIBAULT,u,MATERIAL|u|0|UNION GIBAULT,ALIAS-4bd1134778401d0cdc18e637,0
D25-RU-f631cb9dff1160014978,INSV1-e3f04d5e4a4f754a0880f595,EC-GAD-DAULE-LPI-GADIMCD-2025-01,REGENERACION,MATERIAL,,"TEE DE PVC D= 4"" (Ø110mm) x 3"" (Ø90mm)",UNIDAD,TEE DE PVC D 4 DIAM 110MM X 3 DIAM 90MM,u,MATERIAL|u|0|TEE DE PVC D 4 DIAM 110MM X 3 DIAM 90MM,ALIAS-576905dd71ee87cf16ba8e96,0
D25-RU-d64d420f07bc482aa15e,INSV1-a70cb7b85057bc126ed0f2c4,EC-GAD-DAULE-LPI-GADIMCD-2025-01,REGENERACION,MATERIAL,,ADAPTADOR BRIDADO,UNIDAD,ADAPTADOR BRIDADO,u,MATERIAL|u|0|ADAPTADOR BRIDADO,ALIAS-09bc830fbadb0f9135d74dad,0
D25-RU-fd86c5dcd46a65a86ac4,INSV1-ee2638092e861a92a8bbc8f4,EC-GAD-DAULE-LPI-GADIMCD-2025-01,REGENERACION,MATERIAL,,"MEDIDOR DE D=3"" (Ø90mm)",UNIDAD,MEDIDOR DE D 3 DIAM 90MM,u,MATERIAL|u|0|MEDIDOR DE D 3 DIAM 90MM,ALIAS-6f8d5dd2ca39fa1fe9457548,0
D25-RU-891a06aefe6b561796e8,INSV1-7c6f9584f19600401820fe7a,EC-GAD-DAULE-LPI-GADIMCD-2025-01,REGENERACION,MATERIAL,,"PERNOS AL(3-31/2"") - (INCL. TUERCA Y ANILLO)",UNIDAD,PERNOS AL 3-31/2 - INCL. TUERCA Y ANILLO,u,MATERIAL|u|0|PERNOS AL 3-31/2 - INCL. TUERCA Y ANILLO,ALIAS-16ecf70543784988ccba98c9,0
D25-RU-3323653500eefc50258c,INSV1-901d67681e0a04fe7fb6bd60,EC-GAD-DAULE-LPI-GADIMCD-2025-01,REGENERACION,MATERIAL,,TAPA METALICA 70x70 cm (INCL. MARCO Y CONTRA MARCO CON VISOR),UNIDAD,TAPA METALICA 70X70 CM INCL. MARCO Y CONTRA MARCO CON VISOR,u,MATERIAL|u|0|TAPA METALICA 70X70 CM INCL. MARCO Y CONTRA MARCO CON VISOR,ALIAS-d574483344b4991d6a79c417,0
D25-RU-76dd283eb3ad68e8d898,INSV1-4688e165c7aa869a9bc318a0,EC-GAD-DAULE-LPI-GADIMCD-2025-01,REGENERACION,MATERIAL,,DISCO DE CORTE D=180mm,UNIDAD,DISCO DE CORTE D 180MM,u,MATERIAL|u|0|DISCO DE CORTE D 180MM,ALIAS-fde4e11d8e92b971396b6600,0
D25-RU-c55821a33820e1f69152,INSV1-785427b21b397a8ce28f8ebf,EC-GAD-DAULE-LPI-GADIMCD-2025-01,REGENERACION,MATERIAL,,MALLA PARA ENLUCIR,m2,MALLA PARA ENLUCIR,m2,MATERIAL|m2|0|MALLA PARA ENLUCIR,ALIAS-1b3a7c60ac6b6ad2ed0b1fc7,0
D25-RU-a9b831f3f5a02d6f13f1,INSV1-66ec93061335a09d3765b3b7,EC-GAD-DAULE-LPI-GADIMCD-2025-01,REGENERACION,EQUIPO,,MARTILLO ELECTRICO,h,MARTILLO ELECTRICO,h,EQUIPO|h|0|MARTILLO ELECTRICO,ALIAS-9f350909015f3b929ad0fead,0
D25-RU-7de014d4866ce1ba778e,INSV1-592b129cbde28f731bb96edf,EC-GAD-DAULE-LPI-GADIMCD-2025-01,REGENERACION,MATERIAL,,"MORTERO DE 80 kg/cm2 PARA ENLUCIDOS DE 5.00mm A 20.00mm, MODIFICADO CON LATEX MICROFIBRAS Y ADITIVOS (SACO 40kg)",SACO,MORTERO DE 80 KG/CM2 PARA ENLUCIDOS DE 5.00MM A 20.00MM MODIFICADO CON LATEX MICROFIBRAS Y ADITIVOS SACO 40KG,saco,MATERIAL|saco|0|MORTERO DE 80 KG/CM2 PARA ENLUCIDOS DE 5.00MM A 20.00MM MODIFICADO CON LATEX MICROFIBRAS Y ADITIVOS SACO 40KG,ALIAS-fc9531cba40a6880eb7b9485,0
D25-RU-d2aae192c6ce38e66374,INSV1-31c7212fab8c5b79a0a15bbc,EC-GAD-DAULE-LPI-GADIMCD-2025-01,REGENERACION,MATERIAL,,ANGULO,UNIDAD,ANGULO,u,MATERIAL|u|0|ANGULO,ALIAS-efe46a4837dc9f1de997513f,0
D25-RU-e93dc3cc67262cd606bd,INSV1-42bbb2783dfc12a28e2ef7f7,EC-GAD-DAULE-LPI-GADIMCD-2025-01,REGENERACION,MANO_OBRA,,AYUDANTE DE ALBAÑIL,h,AYUDANTE DE ALBANIL,h,MANO_OBRA|h|0|AYUDANTE DE ALBANIL,ALIAS-4f167ab85fab4ccddd48adb5,0
D25-RU-20ad683e78106ea566bf,INSV1-d2414a779e455dc10f0c8228,EC-GAD-DAULE-LPI-GADIMCD-2025-01,REGENERACION,MATERIAL,,BLOQUE PESADO DE HORMIGON SIMPLE (9x19x39cm),UNIDAD,BLOQUE PESADO DE HORMIGON SIMPLE 9X19X39CM,u,MATERIAL|u|0|BLOQUE PESADO DE HORMIGON SIMPLE 9X19X39CM,ALIAS-1919a7cb3374bf20b064f4f5,0
D25-RU-1c1279fcd3809111598f,INSV1-5dfd4e22f83ab1fd3cb4a81b,EC-GAD-DAULE-LPI-GADIMCD-2025-01,REGENERACION,MATERIAL,,MORTERO PARA PEGAR BLOQUES DE COMPRESION MODERADA (SACO 40 KG),UNIDAD,MORTERO PARA PEGAR BLOQUES DE COMPRESION MODERADA SACO 40 KG,u,MATERIAL|u|0|MORTERO PARA PEGAR BLOQUES DE COMPRESION MODERADA SACO 40 KG,ALIAS-69a8472fe15d5dc59bd891c5,0
D25-RU-e11b2a68ee4c934d1984,INSV1-0c38811d6f17afe8a360691d,EC-GAD-DAULE-LPI-GADIMCD-2025-01,REGENERACION,MATERIAL,,MOLDES,GLOBAL,MOLDES,glb,MATERIAL|glb|0|MOLDES,ALIAS-8287ef449b3ed701629cba72,0
D25-RU-ac71067dec982e75862e,INSV1-d77e9d0a85b88451ee58ed31,EC-GAD-DAULE-LPI-GADIMCD-2025-01,REGENERACION,MATERIAL,,"PORCELANATO , CERAMICA, BALDOSA 30x30cm",m2,PORCELANATO CERAMICA BALDOSA 30X30CM,m2,MATERIAL|m2|0|PORCELANATO CERAMICA BALDOSA 30X30CM,ALIAS-75dc6e16c9aa3bf482951821,0
D25-RU-b0a9bb96dda971ad4e96,INSV1-45ce3d3d1578d4a83df47143,EC-GAD-DAULE-LPI-GADIMCD-2025-01,REGENERACION,MATERIAL,,"MORTERO ADHESIVO PARA BALDOSAS, CERAMICAS, PORCELANATOS Y RECUBRIMIENTO; EN PISO, PAREDES INTERNAS Y EXTERNAS - (SACO 40 KG)",Kg,MORTERO ADHESIVO PARA BALDOSAS CERAMICAS PORCELANATOS Y RECUBRIMIENTO EN PISO PAREDES INTERNAS Y EXTERNAS - SACO 40 KG,kg,MATERIAL|kg|0|MORTERO ADHESIVO PARA BALDOSAS CERAMICAS PORCELANATOS Y RECUBRIMIENTO EN PISO PAREDES INTERNAS Y EXTERNAS - SACO 40 KG,ALIAS-6989ccf4ddda54614665e05e,0
D25-RU-dfd42addeb5ce24dd9ab,INSV1-ffdee1241660e674bf48e081,EC-GAD-DAULE-LPI-GADIMCD-2025-01,REGENERACION,MATERIAL,,"MORTERO SIN ARENA CON POLIMERO PARA EMPORAR JUNTAS DE 1.5mm A 6.00mm PARA PORCELANATO, CERAMICA Y BALDOSA",Kg,MORTERO SIN ARENA CON POLIMERO PARA EMPORAR JUNTAS DE 1.5MM A 6.00MM PARA PORCELANATO CERAMICA Y BALDOSA,kg,MATERIAL|kg|0|MORTERO SIN ARENA CON POLIMERO PARA EMPORAR JUNTAS DE 1.5MM A 6.00MM PARA PORCELANATO CERAMICA Y BALDOSA,ALIAS-d0d1a135a8059cf9c6745fca,0
D25-RU-7beb933821d355fcb135,INSV1-32517f03ed9d30ee210d4c3b,EC-GAD-DAULE-LPI-GADIMCD-2025-01,REGENERACION,MATERIAL,,PORCELANA EN POLVO PARA EMPORAR,Kg,PORCELANA EN POLVO PARA EMPORAR,kg,MATERIAL|kg|0|PORCELANA EN POLVO PARA EMPORAR,ALIAS-076f98097ac66368df334f1b,0
D25-RU-2ca9d84dfea9aa7fd99a,INSV1-eceb695fd073887206815856,EC-GAD-DAULE-LPI-GADIMCD-2025-01,REGENERACION,MATERIAL,,ESPONJA,m2,ESPONJA,m2,MATERIAL|m2|0|ESPONJA,ALIAS-1852af8f016be659a2a92377,0
D25-RU-1fd6876773097e1d9786,INSV1-e44485d2d52e7abf006284a0,EC-GAD-DAULE-LPI-GADIMCD-2025-01,REGENERACION,MATERIAL,,ESPATULA,UNIDAD,ESPATULA,u,MATERIAL|u|0|ESPATULA,ALIAS-9323e26d792c5d7166c9447f,0
D25-RU-abcbf453322b6b853670,INSV1-594dda4ba58f286c761f3f95,EC-GAD-DAULE-LPI-GADIMCD-2025-01,REGENERACION,EQUIPO,,HIDRO-LAVADORA 3000 PSI,h,HIDRO-LAVADORA 3000 PSI,h,EQUIPO|h|0|HIDRO-LAVADORA 3000 PSI,ALIAS-8865eeed3e9f17a6465ccda1,0
D25-RU-1efffc87c3a491767430,INSV1-09d01f24b096f1b475b3bf59,EC-GAD-DAULE-LPI-GADIMCD-2025-01,REGENERACION,MATERIAL,,"ADOQUIN DE ARCILLA 10x20x0,25cm COLOR NEGRO MIXTUERADO",m2,ADOQUIN DE ARCILLA 10X20X0 25CM COLOR NEGRO MIXTUERADO,m2,MATERIAL|m2|0|ADOQUIN DE ARCILLA 10X20X0 25CM COLOR NEGRO MIXTUERADO,ALIAS-f3410261031909e29a91e240,0
D25-RU-e3ae2701ed5489640a23,INSV1-f91d37e379e1829967ffee06,EC-GAD-DAULE-LPI-GADIMCD-2025-01,REGENERACION,MATERIAL,,DISCO DE CORTE,UNIDAD,DISCO DE CORTE,u,MATERIAL|u|0|DISCO DE CORTE,ALIAS-4596c75d85f9a51d8eadb6c8,0
D25-RU-53ef5622364c96231e7a,INSV1-f1870ee4d79b25303db8942e,EC-GAD-DAULE-LPI-GADIMCD-2025-01,REGENERACION,MATERIAL,,SELLADOR DE ADOQUIN,GALON,SELLADOR DE ADOQUIN,galon,MATERIAL|galon|0|SELLADOR DE ADOQUIN,ALIAS-9bdcf9b410db1846604448b0,0
D25-RU-bc6ddca6a9e21c6033f5,INSV1-75bfc3e832f47eba8713857c,EC-GAD-DAULE-LPI-GADIMCD-2025-01,REGENERACION,MATERIAL,,MATERIAL BITUMINOSO (ASFALTO AP3),GALON,MATERIAL BITUMINOSO ASFALTO AP3,galon,MATERIAL|galon|0|MATERIAL BITUMINOSO ASFALTO AP3,ALIAS-70f5abd453259e392a84c9c2,0
D25-RU-819aeea39f2280190c01,INSV1-9e5e1917627709881cb226ac,EC-GAD-DAULE-LPI-GADIMCD-2025-01,REGENERACION,MATERIAL,,"ACCESORIOS VARIOS (CINTA ADHESIVA, AGUAFUERTE, ETC.)",GLOBAL,ACCESORIOS VARIOS CINTA ADHESIVA AGUAFUERTE ETC,glb,MATERIAL|glb|0|ACCESORIOS VARIOS CINTA ADHESIVA AGUAFUERTE ETC,ALIAS-7e4ba8db4d26803beb462752,0
D25-RU-0b3e07c3bf82d8aa8b51,INSV1-4f22d05cc55c2a24555b4d68,EC-GAD-DAULE-LPI-GADIMCD-2025-01,REGENERACION,MATERIAL,,BALDOSA PODOTACTIL DE 30x30 DE PIEDRA CALIZA,m2,BALDOSA PODOTACTIL DE 30X30 DE PIEDRA CALIZA,m2,MATERIAL|m2|0|BALDOSA PODOTACTIL DE 30X30 DE PIEDRA CALIZA,ALIAS-da80b5f80941c4fbd340b93f,0
D25-RU-4443331baf8faae59154,INSV1-1515399975108866efa70c4e,EC-GAD-DAULE-LPI-GADIMCD-2025-01,REGENERACION,MATERIAL,,POLVO ADITIVO PARA PORCELANATO,m2,POLVO ADITIVO PARA PORCELANATO,m2,MATERIAL|m2|0|POLVO ADITIVO PARA PORCELANATO,ALIAS-7ca4fc0edd95b3f24712366f,0
D25-RU-69e5e1a9089fe8bc8b79,INSV1-d4642c8f6b0e4dd541aff24a,EC-GAD-DAULE-LPI-GADIMCD-2025-01,REGENERACION,MATERIAL,,GRANITO LAVADO,SACO,GRANITO LAVADO,saco,MATERIAL|saco|0|GRANITO LAVADO,ALIAS-09539e2fa2e62a824b591fb4,0
D25-RU-2bfadded3ecc5c3aba56,INSV1-eb08b8e7a46517dc95cb9fb6,EC-GAD-DAULE-LPI-GADIMCD-2025-01,REGENERACION,MATERIAL,,"ACCESORIOS VARIOS (ESPONJA, LLANA, ETC.)",GLOBAL,ACCESORIOS VARIOS ESPONJA LLANA ETC,glb,MATERIAL|glb|0|ACCESORIOS VARIOS ESPONJA LLANA ETC,ALIAS-7372e4dd69abb5181451258c,0
D25-RU-e06b8b25535624a2e8d3,INSV1-08fb0772ff69e0b75de2afde,EC-GAD-DAULE-LPI-GADIMCD-2025-01,REGENERACION,MATERIAL,,SELLADOR ACRILICO REFORZADO CON FIBRAS PARA PAREDES,GALON,SELLADOR ACRILICO REFORZADO CON FIBRAS PARA PAREDES,galon,MATERIAL|galon|0|SELLADOR ACRILICO REFORZADO CON FIBRAS PARA PAREDES,ALIAS-bc2e555f50f65c9bef4e74fa,0
D25-RU-34964dab7820751903f2,INSV1-e0087e3ce69cc73f7be0bcb7,EC-GAD-DAULE-LPI-GADIMCD-2025-01,REGENERACION,MATERIAL,,BROCHA,UNIDAD,BROCHA,u,MATERIAL|u|0|BROCHA,ALIAS-1b8455a7300b3ca37da3e0ac,0
D25-RU-c49936b8e52132e59b58,INSV1-5bf2704d6daa2badfcbcbacf,EC-GAD-DAULE-LPI-GADIMCD-2025-01,REGENERACION,MATERIAL,,LIJA # 100,UNIDAD,LIJA 100,u,MATERIAL|u|0|LIJA 100,ALIAS-84256d357b20ee3d78f0d859,0
D25-RU-d0fcd00f8288503b0b3b,INSV1-b65be227075ca5cd99a23710,EC-GAD-DAULE-LPI-GADIMCD-2025-01,REGENERACION,MATERIAL,,CABUYA,UNIDAD,CABUYA,u,MATERIAL|u|0|CABUYA,ALIAS-40f49834923778de8ddb966c,0
D25-RU-8ce81a27e990c223ae25,INSV1-99fa10940ff26e474d9e9b9f,EC-GAD-DAULE-LPI-GADIMCD-2025-01,REGENERACION,MATERIAL,,ADHESIVO LIQUIDO,LITRO,ADHESIVO LIQUIDO,l,MATERIAL|l|0|ADHESIVO LIQUIDO,ALIAS-3e24053206116b865d0e72bc,0
D25-RU-652e3e0202314ff8217c,INSV1-2fd0fd4a27c23e7e69c4da8d,EC-GAD-DAULE-LPI-GADIMCD-2025-01,REGENERACION,EQUIPO,,"EQUIPO DE PINTURA (PISTOLA, CABEZAL, BOQUILLA)",h,EQUIPO DE PINTURA PISTOLA CABEZAL BOQUILLA,h,EQUIPO|h|0|EQUIPO DE PINTURA PISTOLA CABEZAL BOQUILLA,ALIAS-644d282eb74bad5a3790ab07,0
D25-RU-295c8e32509a62f70252,INSV1-0fa374390218f323f9dd328c,EC-GAD-DAULE-LPI-GADIMCD-2025-01,REGENERACION,MATERIAL,,LIJA # 120,UNIDAD,LIJA 120,u,MATERIAL|u|0|LIJA 120,ALIAS-7b4bb0e575acc1eed2e85b81,0
D25-RU-55fcd8b06c6ed2d52350,INSV1-915482e648dddb228a493c29,EC-GAD-DAULE-LPI-GADIMCD-2025-01,REGENERACION,MATERIAL,,EPOXICO FOSFATO DE ZINC,GALON,EPOXICO FOSFATO DE ZINC,galon,MATERIAL|galon|0|EPOXICO FOSFATO DE ZINC,ALIAS-33a7fb45c56785e57a15066b,0
D25-RU-75c53932e20ddc0797d5,INSV1-b6e6618720570c8c71fc9aca,EC-GAD-DAULE-LPI-GADIMCD-2025-01,REGENERACION,MATERIAL,,GASOLINA,GALON,GASOLINA,galon,MATERIAL|galon|0|GASOLINA,ALIAS-07f0e7e814b6459a5e422fca,0
D25-RU-b4cfd3701f3a629f6647,INSV1-df462a8ebcd3400152113162,EC-GAD-DAULE-LPI-GADIMCD-2025-01,REGENERACION,MATERIAL,,HORMIGON PREMEZCLADO F'C= 280 KG/CM2,m3,HORMIGON PREMEZCLADO F'C 280 KG/CM2,m3,MATERIAL|m3|0|HORMIGON PREMEZCLADO F'C 280 KG/CM2,ALIAS-4d1acb94a3d2231ba21d6ba7,0
D25-RU-88bf9f1efb38163eb2a1,INSV1-b2ff46ef30de446498b895e0,EC-GAD-DAULE-LPI-GADIMCD-2025-01,REGENERACION,EQUIPO,,MOTONIVELADORA,h,MOTONIVELADORA,h,EQUIPO|h|0|MOTONIVELADORA,ALIAS-e91232feac30e74fd1a27db7,0
D25-RU-8a69485e655bf30d5c47,INSV1-82068bdb5cf375419fd4c814,EC-GAD-DAULE-LPI-GADIMCD-2025-01,REGENERACION,EQUIPO,,TANQUERO,h,TANQUERO,h,EQUIPO|h|0|TANQUERO,ALIAS-f398cf806db9df36b1146046,0
D25-RU-0a75449bad7b7a416ef0,INSV1-c0da69493c2835bf57415838,EC-GAD-DAULE-LPI-GADIMCD-2025-01,REGENERACION,EQUIPO,,EQUIPO TOPOGRAFICO,h,EQUIPO TOPOGRAFICO,h,EQUIPO|h|0|EQUIPO TOPOGRAFICO,ALIAS-13cc430f38bfc32fb0adc39c,0
D25-RU-1275bb036db90207064a,INSV1-f1161a62d00e19f1a03711a7,EC-GAD-DAULE-LPI-GADIMCD-2025-01,REGENERACION,MANO_OBRA,,AYUDANTE DE MAQUINARIA,h,AYUDANTE DE MAQUINARIA,h,MANO_OBRA|h|0|AYUDANTE DE MAQUINARIA,ALIAS-297128c2f7c343d264293e0d,0
D25-RU-4eb798f23cb17ea61ab2,INSV1-1f7961b3290c3c9407726829,EC-GAD-DAULE-LPI-GADIMCD-2025-01,REGENERACION,MANO_OBRA,,TOPOGRAFO (EN CONSTRUCCION - ESTR. OC. C1),h,TOPOGRAFO EN CONSTRUCCION - ESTR. OC. C1,h,MANO_OBRA|h|0|TOPOGRAFO EN CONSTRUCCION - ESTR. OC. C1,ALIAS-515f2ee03de242bfecd2690f,0
D25-RU-3c5c4da555a7239efc3f,INSV1-e41681f035ba8d1efceb4e60,EC-GAD-DAULE-LPI-GADIMCD-2025-01,REGENERACION,MANO_OBRA,,CADENERO,h,CADENERO,h,MANO_OBRA|h|0|CADENERO,ALIAS-f4e90eb4f335f6990e4899ee,0
D25-RU-70f62b08d0491b670e06,INSV1-9ba172e0b247189dc0b01ac2,EC-GAD-DAULE-LPI-GADIMCD-2025-01,REGENERACION,MANO_OBRA,,OPERADOR DE MOTONIVELADORA,h,OPERADOR DE MOTONIVELADORA,h,MANO_OBRA|h|0|OPERADOR DE MOTONIVELADORA,ALIAS-00b1bec317e91a389c4229bf,0
D25-RU-ece743e8b5124f06e15e,INSV1-d68108b8e223883f0b5c46dd,EC-GAD-DAULE-LPI-GADIMCD-2025-01,REGENERACION,MATERIAL,,BASE CLASE 1 (INCL. TRANSPORTE),m3,BASE CLASE 1 INCL. TRANSPORTE,m3,MATERIAL|m3|0|BASE CLASE 1 INCL. TRANSPORTE,ALIAS-96749951f8f628c4b0639e08,0
D25-RU-44243b8688bdc47591cb,INSV1-b061ad4ddb3f7fc5fc398e74,EC-GAD-DAULE-LPI-GADIMCD-2025-01,REGENERACION,MATERIAL,,ARENA GRUESA DE RIO PARA RECUBRIMIENTO (INCL. TRANSPORTE),m3,ARENA GRUESA DE RIO PARA RECUBRIMIENTO INCL. TRANSPORTE,m3,MATERIAL|m3|0|ARENA GRUESA DE RIO PARA RECUBRIMIENTO INCL. TRANSPORTE,ALIAS-cd415d8dfb8a8467a7cd9acb,0
D25-RU-4e9d845eb38113f1f8ed,INSV1-08ea5486625e86b5b1aebcd1,EC-GAD-DAULE-LPI-GADIMCD-2025-01,REGENERACION,MATERIAL,,HORMIGON PREMEZCLADO 4.5 MPA,m3,HORMIGON PREMEZCLADO 4.5 MPA,m3,MATERIAL|m3|0|HORMIGON PREMEZCLADO 4.5 MPA,ALIAS-d60cf6105d9f5b60afef34c4,0
D25-RU-088f3638b2f493825e8f,INSV1-c97f0cad41a425805dc0c725,EC-GAD-DAULE-LPI-GADIMCD-2025-01,REGENERACION,EQUIPO,,CAMION DISTRIBUIDOR DE ASFALTO,h,CAMION DISTRIBUIDOR DE ASFALTO,h,EQUIPO|h|0|CAMION DISTRIBUIDOR DE ASFALTO,ALIAS-48316173205fd1cc98419356,0
D25-RU-fe45216c79204c513509,INSV1-7954102c21252fc59eea2a15,EC-GAD-DAULE-LPI-GADIMCD-2025-01,REGENERACION,EQUIPO,,FINISHER,h,FINISHER,h,EQUIPO|h|0|FINISHER,ALIAS-157538d3a6dbceafe76eedde,0
D25-RU-68077a3f6e67f7c47d92,INSV1-b730177b226315d3a8f26247,EC-GAD-DAULE-LPI-GADIMCD-2025-01,REGENERACION,MANO_OBRA,,OPERADOR DE DISTRIBUIDOR DE ASFALTO,h,OPERADOR DE DISTRIBUIDOR DE ASFALTO,h,MANO_OBRA|h|0|OPERADOR DE DISTRIBUIDOR DE ASFALTO,ALIAS-06cbc4cfacb86f427c255a0d,0
D25-RU-cd696938ecb368cd100f,INSV1-90f96e1d8b44c0767f3a89f0,EC-GAD-DAULE-LPI-GADIMCD-2025-01,REGENERACION,MANO_OBRA,,OPERADOR DE MAQUINA PARA SELLOS ASFALTICO,h,OPERADOR DE MAQUINA PARA SELLOS ASFALTICO,h,MANO_OBRA|h|0|OPERADOR DE MAQUINA PARA SELLOS ASFALTICO,ALIAS-fec1f99e367e81ff7b04c4f6,0
D25-RU-f7afbe9ea5d0012d654c,INSV1-2b203b943a7225b904e990b1,EC-GAD-DAULE-LPI-GADIMCD-2025-01,REGENERACION,MATERIAL,,MEZCLA ASFALTICA (INCL. TRANSPORTE),m3,MEZCLA ASFALTICA INCL. TRANSPORTE,m3,MATERIAL|m3|0|MEZCLA ASFALTICA INCL. TRANSPORTE,ALIAS-515a9c60d6dff55062e11aed,0
D25-RU-9fcee8c9def0c39a9a0f,INSV1-7bf739617337ae6af852441c,EC-GAD-DAULE-LPI-GADIMCD-2025-01,REGENERACION,MATERIAL,,ASFALTO RC-250,GALON,ASFALTO RC-250,galon,MATERIAL|galon|0|ASFALTO RC-250,ALIAS-c8d2d918153a73eda97e8167,0
D25-RU-8f32e4b0391493292461,INSV1-77b837ab860eabb433a070cf,EC-GAD-DAULE-LPI-GADIMCD-2025-01,REGENERACION,MATERIAL,,DIESEL II,GALON,DIESEL II,galon,MATERIAL|galon|0|DIESEL II,ALIAS-0a20ea7ad08fc529c1ad94e2,0
D25-RU-57fa488c2181f3de0221,INSV1-76d00814915ad335858a5c1a,EC-GAD-DAULE-LPI-GADIMCD-2025-01,REGENERACION,EQUIPO,,FLOTADOR,h,FLOTADOR,h,EQUIPO|h|0|FLOTADOR,ALIAS-0b65aad323df5c692b11574e,0
D25-RU-2215486e25829cad6425,INSV1-efd9fbdad1067fb0dd7eaaa4,EC-GAD-DAULE-LPI-GADIMCD-2025-01,REGENERACION,EQUIPO,,BOMBA PARA COLOCAR ADITIVO,h,BOMBA PARA COLOCAR ADITIVO,h,EQUIPO|h|0|BOMBA PARA COLOCAR ADITIVO,ALIAS-2d64c358ba7be35eb5f820a1,0
D25-RU-2d3669cef92c8718ca1c,INSV1-aab942070419e33cc784fdb9,EC-GAD-DAULE-LPI-GADIMCD-2025-01,REGENERACION,MATERIAL,,ENCOFRADO METALICO PARA VIAS,m2,ENCOFRADO METALICO PARA VIAS,m2,MATERIAL|m2|0|ENCOFRADO METALICO PARA VIAS,ALIAS-2166a5f2f79e0e4de24e318b,0
D25-RU-0d36d5b63e6c395e0bfa,INSV1-9175d0b9d2c5254c8113d616,EC-GAD-DAULE-LPI-GADIMCD-2025-01,REGENERACION,MATERIAL,,BOLARDO METALICO RELLENO DE HORMIGON,UNIDAD,BOLARDO METALICO RELLENO DE HORMIGON,u,MATERIAL|u|0|BOLARDO METALICO RELLENO DE HORMIGON,ALIAS-7ab6a26051c3122a7cfdc1b1,0
D25-RU-e23cc86f48d4c3a65470,INSV1-c31fc9b52c25dcb8f9954ba2,EC-GAD-DAULE-LPI-GADIMCD-2025-01,REGENERACION,MATERIAL,,BASURERO,UNIDAD,BASURERO,u,MATERIAL|u|0|BASURERO,ALIAS-de7a894d1712f3e6916ebb0f,0
D25-RU-5832e0dbec3bba779b19,INSV1-fe8c29b7f95572b3c93379cb,EC-GAD-DAULE-LPI-GADIMCD-2025-01,REGENERACION,MATERIAL,,BANCA METALICA ORNAMENTAL,UNIDAD,BANCA METALICA ORNAMENTAL,u,MATERIAL|u|0|BANCA METALICA ORNAMENTAL,ALIAS-1630f80d27c2e960311725de,0
D25-RU-b4d5216c0caf6302b82c,INSV1-9e58e30d24095059e192cdf3,EC-GAD-DAULE-LPI-GADIMCD-2025-01,REGENERACION,MATERIAL,,PLATINA DE ACERO ASTM A36 DE 75x6mm,UNIDAD,PLATINA DE ACERO ASTM A36 DE 75X6MM,u,MATERIAL|u|0|PLATINA DE ACERO ASTM A36 DE 75X6MM,ALIAS-da1986a7fcf10dac608f8e5e,0
D25-RU-64bd69901978e69ebaa8,INSV1-0daf3d3b4143a34ebfa30981,EC-GAD-DAULE-LPI-GADIMCD-2025-01,REGENERACION,MATERIAL,,ADITIVO ADHERENTE PARA MORTERO Y ELEMENTOS ESTRUCTURALES,GALON,ADITIVO ADHERENTE PARA MORTERO Y ELEMENTOS ESTRUCTURALES,galon,MATERIAL|galon|0|ADITIVO ADHERENTE PARA MORTERO Y ELEMENTOS ESTRUCTURALES,ALIAS-32db3aaec32d4b75cb1a65cb,0
D25-RU-dd03ad1f236a367ccac0,INSV1-de4faec2b328d59335086aeb,EC-GAD-DAULE-LPI-GADIMCD-2025-01,REGENERACION,MATERIAL,,PERNOS DE SUJECION,UNIDAD,PERNOS DE SUJECION,u,MATERIAL|u|0|PERNOS DE SUJECION,ALIAS-0cc5048f18741281e3268829,0
D25-RU-7605fefb2725595cfb45,INSV1-7ccd0afc950487e922577bc1,EC-GAD-DAULE-LPI-GADIMCD-2025-01,REGENERACION,MATERIAL,,"TUBO CUADRADO DE ACERO INOXIDABLE DE D=1"" (32mm), E=3mm",m,TUBO CUADRADO DE ACERO INOXIDABLE DE D 1 32MM E 3MM,m,MATERIAL|m|0|TUBO CUADRADO DE ACERO INOXIDABLE DE D 1 32MM E 3MM,ALIAS-0d93593d6966ca34bd2dd2b5,0
D25-RU-8cee30c2e245962f59ca,INSV1-8400f559fa6073adabab10d0,EC-GAD-DAULE-LPI-GADIMCD-2025-01,REGENERACION,MATERIAL,,TAPA BASE DE ACERO INOXIDABLE,UNIDAD,TAPA BASE DE ACERO INOXIDABLE,u,MATERIAL|u|0|TAPA BASE DE ACERO INOXIDABLE,ALIAS-35f85cc0cac245f763e5e516,0
D25-RU-831988e62ba5aa75f7bb,INSV1-ce3a2f0626f9635beb342c59,EC-GAD-DAULE-LPI-GADIMCD-2025-01,REGENERACION,MATERIAL,,CODO DE ACERO INOXIDABLE,UNIDAD,CODO DE ACERO INOXIDABLE,u,MATERIAL|u|0|CODO DE ACERO INOXIDABLE,ALIAS-66c150fe7180ece168f7610f,0
D25-RU-bb58209c196f223fc670,INSV1-89d42bc9731a9dda823549d9,EC-GAD-DAULE-LPI-GADIMCD-2025-01,REGENERACION,MATERIAL,,"TUBO CUADRADO DE ACERO INOXIDABLE DE D=2"" (63mm), E=2mm",m,TUBO CUADRADO DE ACERO INOXIDABLE DE D 2 63MM E 2MM,m,MATERIAL|m|0|TUBO CUADRADO DE ACERO INOXIDABLE DE D 2 63MM E 2MM,ALIAS-b3e2479ce3e06d51c1f27cf8,0
D25-RU-828c15d17d03f02843ee,INSV1-64cd3d064ce933c4227f2523,EC-GAD-DAULE-LPI-GADIMCD-2025-01,REGENERACION,MANO_OBRA,,TUBERO (EN CONSTRUCCION),h,TUBERO EN CONSTRUCCION,h,MANO_OBRA|h|0|TUBERO EN CONSTRUCCION,ALIAS-b353a8ee8fa59f92321444d4,0
D25-RU-87e315e774b2b7439716,INSV1-0ad09d0aa96ea7dc9c26efb7,EC-GAD-DAULE-LPI-GADIMCD-2025-01,REGENERACION,MANO_OBRA,,CHOFER DE TANQUEROS (ESTR. OC. C1),h,CHOFER DE TANQUEROS ESTR. OC. C1,h,MANO_OBRA|h|0|CHOFER DE TANQUEROS ESTR. OC. C1,ALIAS-973de4869bff02ff7da12708,0
D25-RU-8e39ec7df73c4826771e,INSV1-1f6190d24dfcb96d201ab8a5,EC-GAD-DAULE-LPI-GADIMCD-2025-01,REGENERACION,MATERIAL,,"TUBERIA PVC CORRUGADA D=10"" (250mm) x 6m DOBLE PARED",UNIDAD,TUBERIA PVC CORRUGADA D 10 250MM X 6M DOBLE PARED,u,MATERIAL|u|0|TUBERIA PVC CORRUGADA D 10 250MM X 6M DOBLE PARED,ALIAS-21e2218dcca25f017aa33a8a,0
D25-RU-e0dd05328f568f80f010,INSV1-ac2fec3284cd3a9103f81edd,EC-GAD-DAULE-LPI-GADIMCD-2025-01,REGENERACION,MATERIAL,,REJILLA PARA SUMIDERO HORIZONTAL 250 kn (30x60),UNIDAD,REJILLA PARA SUMIDERO HORIZONTAL 250 KN 30X60,u,MATERIAL|u|0|REJILLA PARA SUMIDERO HORIZONTAL 250 KN 30X60,ALIAS-d56345aa04d4337142a69251,0
D25-RU-374370bf01c262b33140,INSV1-e6d0c6b25b08878f7a63d627,EC-GAD-DAULE-LPI-GADIMCD-2025-01,REGENERACION,MANO_OBRA,,AYUDANTE DE PLOMERO,h,AYUDANTE DE PLOMERO,h,MANO_OBRA|h|0|AYUDANTE DE PLOMERO,ALIAS-a614462bf07f9a453ab0d001,0
D25-RU-9c14d7f2f83e4433395f,INSV1-aab14188f5d364983313dda6,EC-GAD-DAULE-LPI-GADIMCD-2025-01,REGENERACION,MATERIAL,,"TUBERIA DE PVC TIPO PESADO D=4"" (110mm) x 6m E/C",UNIDAD,TUBERIA DE PVC TIPO PESADO D 4 110MM X 6M E/C,u,MATERIAL|u|0|TUBERIA DE PVC TIPO PESADO D 4 110MM X 6M E/C,ALIAS-71166ca35469211b88368883,0
D25-RU-c58d8d1a5963e888be5e,INSV1-5b0974fba21d2d8865684579,EC-GAD-DAULE-LPI-GADIMCD-2025-01,REGENERACION,MATERIAL,,MALLA ELECTROSOLDADA 10x10cm Ø5.00mm,m2,MALLA ELECTROSOLDADA 10X10CM DIAM 5.00MM,m2,MATERIAL|m2|0|MALLA ELECTROSOLDADA 10X10CM DIAM 5.00MM,ALIAS-e1652320c5989cd8622dc5b5,0
D25-RU-d5ba216c0ee0e3db99dc,INSV1-00457fced460bdbe2cd7b927,EC-GAD-DAULE-LPI-GADIMCD-2025-01,REGENERACION,MATERIAL,,"TUBERIA PVC ROSCABLE D=1/2"" (Ø20mm) - 200 PSI",m,TUBERIA PVC ROSCABLE D 1/2 DIAM 20MM - 200 PSI,m,MATERIAL|m|0|TUBERIA PVC ROSCABLE D 1/2 DIAM 20MM - 200 PSI,ALIAS-5d6c1a9b2be08ed7bd7b3720,0
D25-RU-cb41b2229ee27d665cc3,INSV1-13010b540943504bd47045af,EC-GAD-DAULE-LPI-GADIMCD-2025-01,REGENERACION,MATERIAL,,PEGAMENTO PARA TUBERIA Y ACCESORIOS DE PVC,LITRO,PEGAMENTO PARA TUBERIA Y ACCESORIOS DE PVC,l,MATERIAL|l|0|PEGAMENTO PARA TUBERIA Y ACCESORIOS DE PVC,ALIAS-b399764624404b1e9131ff48,0
D25-RU-2c2797f74ffe1f175e6a,INSV1-d2990edef90a455a838a94a3,EC-GAD-DAULE-LPI-GADIMCD-2025-01,REGENERACION,MATERIAL,,TEFLON,UNIDAD,TEFLON,u,MATERIAL|u|0|TEFLON,ALIAS-6309e927f65537bcd98772ac,0
D25-RU-7cdf078beaf9de9b87a8,INSV1-729545e0beb11daefa6fce71,EC-GAD-DAULE-LPI-GADIMCD-2025-01,REGENERACION,MATERIAL,,"ACCESORIOS VARIOS (CODO DE 1/2"" - UNION DE 1/2"" - TEE DE 1/2"" - NUDO DE 1/2""; LAINAS Y ANCLAJES)",GLOBAL,ACCESORIOS VARIOS CODO DE 1/2 - UNION DE 1/2 - TEE DE 1/2 - NUDO DE 1/2 LAINAS Y ANCLAJES,glb,MATERIAL|glb|0|ACCESORIOS VARIOS CODO DE 1/2 - UNION DE 1/2 - TEE DE 1/2 - NUDO DE 1/2 LAINAS Y ANCLAJES,ALIAS-fd47b23c56d2c9d32f566dbd,0
D25-RU-73bdd8beee379573e5ae,INSV1-d2ab3269555e76b06cc32adb,EC-GAD-DAULE-LPI-GADIMCD-2025-01,REGENERACION,MATERIAL,,CASCAJO DE MEJORAMIENTO IMPORTADO (INCL. TRANSPORTE),m3,CASCAJO DE MEJORAMIENTO IMPORTADO INCL. TRANSPORTE,m3,MATERIAL|m3|0|CASCAJO DE MEJORAMIENTO IMPORTADO INCL. TRANSPORTE,ALIAS-21a7db1a8d0d9f2d4fa66db2,0
D25-RU-5d9e768d8b061aa95753,INSV1-ddca619c4956f848c04497cc,EC-GAD-DAULE-LPI-GADIMCD-2025-01,REGENERACION,MATERIAL,,PIGMENTOS PARA COLOR DEL HORMIGON,Kg,PIGMENTOS PARA COLOR DEL HORMIGON,kg,MATERIAL|kg|0|PIGMENTOS PARA COLOR DEL HORMIGON,ALIAS-adcf4a34cfc0d3df75c8ecd7,0
D25-RU-9b2a618b2f0a9dcced53,INSV1-4a97da7649502aa41b192b33,EC-GAD-DAULE-LPI-GADIMCD-2025-01,REGENERACION,EQUIPO,,EQUIPO DE TERMOFUSION,h,EQUIPO DE TERMOFUSION,h,EQUIPO|h|0|EQUIPO DE TERMOFUSION,ALIAS-ea8f6531c1c95399b4890e78,0
D25-RU-a32b942d02a4ab73fe73,INSV1-2f31530752c02404fee4e907,EC-GAD-DAULE-LPI-GADIMCD-2025-01,REGENERACION,MATERIAL,,"TUBERIA PEAD D=1/2"" (Ø20mm), PE - 100 PN / 10BARS",m,TUBERIA PEAD D 1/2 DIAM 20MM PE - 100 PN / 10BARS,m,MATERIAL|m|0|TUBERIA PEAD D 1/2 DIAM 20MM PE - 100 PN / 10BARS,ALIAS-efd6a5dfcd8dc93ac1d4eb5b,0
D25-RU-b6344d3dbfa1e9e5f0d9,INSV1-bc0ae10f1ddad0d2945c0705,EC-GAD-DAULE-LPI-GADIMCD-2025-01,REGENERACION,MATERIAL,,"UNION PEAD D=1/2"" (20mm)",UNIDAD,UNION PEAD D 1/2 20MM,u,MATERIAL|u|0|UNION PEAD D 1/2 20MM,ALIAS-9200c4935d3e86fb68c95d1f,0
D25-RU-650eb4652a54f76ffdf0,INSV1-69f235dedb9609b55591869c,EC-GAD-DAULE-LPI-GADIMCD-2025-01,REGENERACION,MATERIAL,,TAPA METALICA 60x70 cm DE DIAMETRO ABISAGRA DE 125 kn,UNIDAD,TAPA METALICA 60X70 CM DE DIAMETRO ABISAGRA DE 125 KN,u,MATERIAL|u|0|TAPA METALICA 60X70 CM DE DIAMETRO ABISAGRA DE 125 KN,ALIAS-d95a65b70b4f20e5d609ec73,0
D25-RU-2d92fd94f075378fdb7f,INSV1-9d0b87773a7434e07d2e9ec5,EC-GAD-DAULE-LPI-GADIMCD-2025-01,REGENERACION,MATERIAL,,TABLERO CORRIENTE 4x8x12C,UNIDAD,TABLERO CORRIENTE 4X8X12C,u,MATERIAL|u|0|TABLERO CORRIENTE 4X8X12C,ALIAS-6e5a4c360ab4c3b69252a6dc,0
D25-RU-4689eb204dc48bb0200c,INSV1-4e2906f425ea0816ae8a3e22,EC-GAD-DAULE-LPI-GADIMCD-2025-01,REGENERACION,MATERIAL,,"SUMIDERO CON TUBERIA DE PVC D=2"" (Ø63mm)",UNIDAD,SUMIDERO CON TUBERIA DE PVC D 2 DIAM 63MM,u,MATERIAL|u|0|SUMIDERO CON TUBERIA DE PVC D 2 DIAM 63MM,ALIAS-1dd255dfad3a780e726e9186,0
D25-RU-b09114ef249ade5d0dce,INSV1-bef51c061a9af8eb8b0672b5,EC-GAD-DAULE-LPI-GADIMCD-2025-01,REGENERACION,MATERIAL,,TAPA GRAFITO ESFEROIDAL DE 150x75cm CON RESISTENCIA 400 KN,UNIDAD,TAPA GRAFITO ESFEROIDAL DE 150X75CM CON RESISTENCIA 400 KN,u,MATERIAL|u|0|TAPA GRAFITO ESFEROIDAL DE 150X75CM CON RESISTENCIA 400 KN,ALIAS-06948e8fd262c20d31a44e6f,0
D25-RU-1d241765e06d9ce7eb06,INSV1-0ee158a3e0f0d7cd831a33d9,EC-GAD-DAULE-LPI-GADIMCD-2025-01,REGENERACION,MATERIAL,,TAPA DE GRAFITO ESFEROIDAL DE 70cm DE DIAMETRO CON RESISTENCIA 125 KN,UNIDAD,TAPA DE GRAFITO ESFEROIDAL DE 70CM DE DIAMETRO CON RESISTENCIA 125 KN,u,MATERIAL|u|0|TAPA DE GRAFITO ESFEROIDAL DE 70CM DE DIAMETRO CON RESISTENCIA 125 KN,ALIAS-a2972d4d07db1729dc99be1f,0
D25-RU-84cc29075913cc617793,INSV1-ef49b13cffc373e39e741fd4,EC-GAD-DAULE-LPI-GADIMCD-2025-01,REGENERACION,MATERIAL,,TAPA DE GRAFITO ESFEROIDAL DE 70cm DE DIAMETRO CON RESISTENCIA 400KN,UNIDAD,TAPA DE GRAFITO ESFEROIDAL DE 70CM DE DIAMETRO CON RESISTENCIA 400KN,u,MATERIAL|u|0|TAPA DE GRAFITO ESFEROIDAL DE 70CM DE DIAMETRO CON RESISTENCIA 400KN,ALIAS-9d9d6f0b3206571e1540efff,0
D25-RU-3cf4886242c4a6b42b1f,INSV1-3d1e215e7eae3472dc431de8,EC-GAD-DAULE-LPI-GADIMCD-2025-01,REGENERACION,MANO_OBRA,,AYUDANTE DE ELECTRICISTA,h,AYUDANTE DE ELECTRICISTA,h,MANO_OBRA|h|0|AYUDANTE DE ELECTRICISTA,ALIAS-bea36d0461e338ee5aa4c1eb,0
D25-RU-278d921eac0a3e7ea1d0,INSV1-c534fd3abb629e9a35f4daf1,EC-GAD-DAULE-LPI-GADIMCD-2025-01,REGENERACION,MATERIAL,,"TUBERIA PVC CORRUGADA D=4"" (110mm) x 6m DOBLE PARED",UNIDAD,TUBERIA PVC CORRUGADA D 4 110MM X 6M DOBLE PARED,u,MATERIAL|u|0|TUBERIA PVC CORRUGADA D 4 110MM X 6M DOBLE PARED,ALIAS-f9f1bfde56cb0028a0652e55,0
D25-RU-1195972d4b11794fb6c3,INSV1-4cad6559191ebc2d8a47fe86,EC-GAD-DAULE-LPI-GADIMCD-2025-01,REGENERACION,MATERIAL,,"TUBERIA METALICA RIGIDA D=1 1/4"" (40mm)",UNIDAD,TUBERIA METALICA RIGIDA D 1 1/4 40MM,u,MATERIAL|u|0|TUBERIA METALICA RIGIDA D 1 1/4 40MM,ALIAS-45cf9fe56b6a2f58c3640f6e,0
D25-RU-19e7f3c6839431d68dcc,INSV1-d29cab0da00645ad94bb7474,EC-GAD-DAULE-LPI-GADIMCD-2025-01,REGENERACION,MATERIAL,,"UNION RIGIDA D=1 1/4"" (40mm)",UNIDAD,UNION RIGIDA D 1 1/4 40MM,u,MATERIAL|u|0|UNION RIGIDA D 1 1/4 40MM,ALIAS-b3c4d08b270169a5adaec5c9,0
D25-RU-38198c04d005399b4766,INSV1-e8c3a5cfd7ae623020324af7,EC-GAD-DAULE-LPI-GADIMCD-2025-01,REGENERACION,MATERIAL,,"CODO METALICO RIGIDO D= 1 1/4"" (Ø40mm)",UNIDAD,CODO METALICO RIGIDO D 1 1/4 DIAM 40MM,u,MATERIAL|u|0|CODO METALICO RIGIDO D 1 1/4 DIAM 40MM,ALIAS-a9b6cae815eb5a2349ab8e85,0
D25-RU-a5be7f31202ad53106a6,INSV1-754f913221c72bb9132bac74,EC-GAD-DAULE-LPI-GADIMCD-2025-01,REGENERACION,MATERIAL,,"TUBERIA PVC PRESION D=1"" (32mm)",UNIDAD,TUBERIA PVC PRESION D 1 32MM,u,MATERIAL|u|0|TUBERIA PVC PRESION D 1 32MM,ALIAS-868757755b59588cb2311cf9,0
D25-RU-48cc03da66f2b767e088,INSV1-e2e37a03ed85356a956f3239,EC-GAD-DAULE-LPI-GADIMCD-2025-01,REGENERACION,MATERIAL,,"CODO PVC PRESION D=1"" (Ø32mm) X 90˚",UNIDAD,CODO PVC PRESION D 1 DIAM 32MM X 90,u,MATERIAL|u|0|CODO PVC PRESION D 1 DIAM 32MM X 90,ALIAS-32540271e85a23db26449453,0
D25-RU-bea51422fb524ce7d12b,INSV1-aee7c4962175a34ad677d645,EC-GAD-DAULE-LPI-GADIMCD-2025-01,REGENERACION,MATERIAL,,"TUBERIA METALICA RIGIDA D=4"" (110mm) x 6m",UNIDAD,TUBERIA METALICA RIGIDA D 4 110MM X 6M,u,MATERIAL|u|0|TUBERIA METALICA RIGIDA D 4 110MM X 6M,ALIAS-81ed34bb3a7a0e72cf43d158,0
D25-RU-9b04c983645e379db9dc,INSV1-5baac7b36f9b3a9716cc9c6d,EC-GAD-DAULE-LPI-GADIMCD-2025-01,REGENERACION,MATERIAL,,"UNION RIGIDA D= 4"" (110mm)",UNIDAD,UNION RIGIDA D 4 110MM,u,MATERIAL|u|0|UNION RIGIDA D 4 110MM,ALIAS-572d409612759d5b4ca69b47,0
D25-RU-b28ef26cf64c25624d9e,INSV1-57d83bfb3b16f73a2a7f1d03,EC-GAD-DAULE-LPI-GADIMCD-2025-01,REGENERACION,MATERIAL,,"HEBILLA METALICA D=1/2"" (20mm)",UNIDAD,HEBILLA METALICA D 1/2 20MM,u,MATERIAL|u|0|HEBILLA METALICA D 1/2 20MM,ALIAS-433a49a8621fe3a2a1a20c46,0
D25-RU-5c09e525eb8d12b5b141,INSV1-bab453cf4a7277f71a35bd17,EC-GAD-DAULE-LPI-GADIMCD-2025-01,REGENERACION,MATERIAL,,"ZUNCHO METALICO D= 1/2"" (20mm) x 1m",UNIDAD,ZUNCHO METALICO D 1/2 20MM X 1M,u,MATERIAL|u|0|ZUNCHO METALICO D 1/2 20MM X 1M,ALIAS-6eefffd12ad12932a430a1dd,0
D25-RU-021e58abf5313640863c,INSV1-27e104db7d7d48964f868822,EC-GAD-DAULE-LPI-GADIMCD-2025-01,REGENERACION,MATERIAL,,"CODO METALICO RIGIDO D=4"" (Ø110mm)",UNIDAD,CODO METALICO RIGIDO D 4 DIAM 110MM,u,MATERIAL|u|0|CODO METALICO RIGIDO D 4 DIAM 110MM,ALIAS-1c1f9c0bc32a822be40e1d0f,0
D25-RU-9f94ab18075de1b815b2,INSV1-a6bc6928eaaf4bf40e8465d9,EC-GAD-DAULE-LPI-GADIMCD-2025-01,REGENERACION,MANO_OBRA,,MAESTRO ELECTRICO / LINIERO / SUBESTACIONES,h,MAESTRO ELECTRICO / LINIERO / SUBESTACIONES,h,MANO_OBRA|h|0|MAESTRO ELECTRICO / LINIERO / SUBESTACIONES,ALIAS-001b1fcc0fb4d7affe8906ce,0
D25-RU-03328c15b4cb7aa20485,INSV1-21d64ca370388f2ee4c84b7e,EC-GAD-DAULE-LPI-GADIMCD-2025-01,REGENERACION,MATERIAL,,"REVERSIBLE D=4"" (110mm)",UNIDAD,REVERSIBLE D 4 110MM,u,MATERIAL|u|0|REVERSIBLE D 4 110MM,ALIAS-05468ab555b6e234fc2ee273,0
D25-RU-5038c883ab2accfc08b4,INSV1-c16a4e94cfa762fdbcd1018f,EC-GAD-DAULE-LPI-GADIMCD-2025-01,REGENERACION,MATERIAL,,"TUBERIA METALICA RIGIDA D=3"" (90mm) x 6m",UNIDAD,TUBERIA METALICA RIGIDA D 3 90MM X 6M,u,MATERIAL|u|0|TUBERIA METALICA RIGIDA D 3 90MM X 6M,ALIAS-bdcc56b73b34a49e7c151359,0
D25-RU-0e0c9b8be4a7683b2977,INSV1-ae279f5ff70861677c7554f4,EC-GAD-DAULE-LPI-GADIMCD-2025-01,REGENERACION,MATERIAL,,"UNION RIGIDA D= 3"" (110mm)",UNIDAD,UNION RIGIDA D 3 110MM,u,MATERIAL|u|0|UNION RIGIDA D 3 110MM,ALIAS-50d5d57a22f43c2edd36e054,0
D25-RU-cca21007f3e0392c8b18,INSV1-ec8d346d36a66840fc28f990,EC-GAD-DAULE-LPI-GADIMCD-2025-01,REGENERACION,MATERIAL,,"CODO METALICO RIGIDO D=3"" (Ø90mm)",UNIDAD,CODO METALICO RIGIDO D 3 DIAM 90MM,u,MATERIAL|u|0|CODO METALICO RIGIDO D 3 DIAM 90MM,ALIAS-279624c97e8519cc2a7dd74b,0
D25-RU-bfb53aaafe3fb8156ba6,INSV1-6b2209770b36b9dca918a69c,EC-GAD-DAULE-LPI-GADIMCD-2025-01,REGENERACION,MATERIAL,,"REVERSIBLE D=3"" (90mm)",UNIDAD,REVERSIBLE D 3 90MM,u,MATERIAL|u|0|REVERSIBLE D 3 90MM,ALIAS-07e988c037a0a96f68f8b620,0
D25-RU-b7732443d137fb3d1e17,INSV1-b0bca27d75b381671c885d37,EC-GAD-DAULE-LPI-GADIMCD-2025-01,REGENERACION,MATERIAL,,"TUBERIA PVC PRESION D=2"" (63mm) x 3m",UNIDAD,TUBERIA PVC PRESION D 2 63MM X 3M,u,MATERIAL|u|0|TUBERIA PVC PRESION D 2 63MM X 3M,ALIAS-4271e6fd3b6dea27c924462e,0
D25-RU-4f4490d6e50488cc2dbd,INSV1-25f47c2994f27174a4e5483d,EC-GAD-DAULE-LPI-GADIMCD-2025-01,REGENERACION,MATERIAL,,"CODO PVC PRESION DE D=2"" (63mm) x 90˚",UNIDAD,CODO PVC PRESION DE D 2 63MM X 90,u,MATERIAL|u|0|CODO PVC PRESION DE D 2 63MM X 90,ALIAS-fefe47cf4c58e2283f234712,0
D25-RU-a12f1989e228ec910374,INSV1-71cd1d4e55115366643047ea,EC-GAD-DAULE-LPI-GADIMCD-2025-01,REGENERACION,MATERIAL,,CABLE DE COBRE TIPO TTU #4/0 AWG,m,CABLE DE COBRE TIPO TTU 4/0 AWG,m,MATERIAL|m|0|CABLE DE COBRE TIPO TTU 4/0 AWG,ALIAS-00a72b469bedef562dce08b1,0
D25-RU-e53a4f68e68e56aba552,INSV1-c2100f1f7220515dee37717f,EC-GAD-DAULE-LPI-GADIMCD-2025-01,REGENERACION,MATERIAL,,CABLE DE COBRE TIPO TTU #250 MCM AWG,m,CABLE DE COBRE TIPO TTU 250 MCM AWG,m,MATERIAL|m|0|CABLE DE COBRE TIPO TTU 250 MCM AWG,ALIAS-4eea15494cce51b5961d285d,0
D25-RU-2f4749b6759edff7d525,INSV1-f1d6a7299122b113b5581f56,EC-GAD-DAULE-LPI-GADIMCD-2025-01,REGENERACION,MATERIAL,,CABLE DE COBRE TIPO TTU #350 MCM AWG,m,CABLE DE COBRE TIPO TTU 350 MCM AWG,m,MATERIAL|m|0|CABLE DE COBRE TIPO TTU 350 MCM AWG,ALIAS-8dc712d7b0890bb71c07a081,0
D25-RU-7627f45a941f7500e83f,INSV1-8892b8b7c047da9d5240c810,EC-GAD-DAULE-LPI-GADIMCD-2025-01,REGENERACION,MATERIAL,,CABLE DE COBRE TIPO THHN # 250 MCM AWG,m,CABLE DE COBRE TIPO THHN 250 MCM AWG,m,MATERIAL|m|0|CABLE DE COBRE TIPO THHN 250 MCM AWG,ALIAS-ae260a043d9e958608b9f3c2,0
D25-RU-473df682c45676dff145,INSV1-71fafaca7e3ea55e3397b7dc,EC-GAD-DAULE-LPI-GADIMCD-2025-01,REGENERACION,MATERIAL,,"VARILLA PUESTA A TIERRA BAJADA CAMADA 2,40x5/8""",UNIDAD,VARILLA PUESTA A TIERRA BAJADA CAMADA 2 40X5/8,u,MATERIAL|u|0|VARILLA PUESTA A TIERRA BAJADA CAMADA 2 40X5/8,ALIAS-31129f1fd20dcbe622401951,0
D25-RU-ed8fe524e08f52972830,INSV1-9d857e0d32a3ee20bc0b04d7,EC-GAD-DAULE-LPI-GADIMCD-2025-01,REGENERACION,MATERIAL,,CABLE DE COBRE DESNUDO #2/0 / 19 HILOS,m,CABLE DE COBRE DESNUDO 2/0 / 19 HILOS,m,MATERIAL|m|0|CABLE DE COBRE DESNUDO 2/0 / 19 HILOS,ALIAS-0f0518fa83ae780a258a83a2,0
D25-RU-90117ed6d475ab58307c,INSV1-c87cdd4a505c4a127f1a64d1,EC-GAD-DAULE-LPI-GADIMCD-2025-01,REGENERACION,MATERIAL,,SOLDADURA EXOTERMICA #90,UNIDAD,SOLDADURA EXOTERMICA 90,u,MATERIAL|u|0|SOLDADURA EXOTERMICA 90,ALIAS-5055a4ca13ace4f72bc8a2b8,0
D25-RU-1909aa0fb50adf08e564,INSV1-66ea692c51609c8cd925a927,EC-GAD-DAULE-LPI-GADIMCD-2025-01,REGENERACION,MATERIAL,,TERMINAL DE COMPRESION #2/0 AWG,UNIDAD,TERMINAL DE COMPRESION 2/0 AWG,u,MATERIAL|u|0|TERMINAL DE COMPRESION 2/0 AWG,ALIAS-1ed01297e06d774d4f970cf2,0
D25-RU-1392bdfafecf86f3773c,INSV1-4d983e48f2bba49a99bf4a77,EC-GAD-DAULE-LPI-GADIMCD-2025-01,REGENERACION,MATERIAL,,"TABLERO METALICO DE 80cm DE ALTO x 90cm DE ANCHO x 30cm DE FONDO, EN UN PLANCHA DE 1/16""",UNIDAD,TABLERO METALICO DE 80CM DE ALTO X 90CM DE ANCHO X 30CM DE FONDO EN UN PLANCHA DE 1/16,u,MATERIAL|u|0|TABLERO METALICO DE 80CM DE ALTO X 90CM DE ANCHO X 30CM DE FONDO EN UN PLANCHA DE 1/16,ALIAS-1f5c787f9b5f872ff83a1668,0
D25-RU-24d250df76c8a4eb9294,INSV1-00e1a5ba3b2f0d2468f389c0,EC-GAD-DAULE-LPI-GADIMCD-2025-01,REGENERACION,MATERIAL,,BREAKER MOLDEADA DE 2P - 125 AMP,UNIDAD,BREAKER MOLDEADA DE 2P - 125 AMP,u,MATERIAL|u|0|BREAKER MOLDEADA DE 2P - 125 AMP,ALIAS-294cb0a29b5d221f2317fa83,0
D25-RU-12f7897ee16153b52e3a,INSV1-78b2cc2b9ea1a2058a66945e,EC-GAD-DAULE-LPI-GADIMCD-2025-01,REGENERACION,MATERIAL,,BREAKER SOBRE PUESTA 2P - 50A,UNIDAD,BREAKER SOBRE PUESTA 2P - 50A,u,MATERIAL|u|0|BREAKER SOBRE PUESTA 2P - 50A,ALIAS-3b664988db8508140572553e,0
D25-RU-471ff9a1f8ad623a6e64,INSV1-ae5ad8e04d33305771eaaaca,EC-GAD-DAULE-LPI-GADIMCD-2025-01,REGENERACION,MATERIAL,,BASE SOCKET MONOFASICA CLASE 100,UNIDAD,BASE SOCKET MONOFASICA CLASE 100,u,MATERIAL|u|0|BASE SOCKET MONOFASICA CLASE 100,ALIAS-7e35f3aaed57f06c4adf6ba5,0
D25-RU-d285c7e935e2eca31796,INSV1-fd22a13a710f58d68e3594e7,EC-GAD-DAULE-LPI-GADIMCD-2025-01,REGENERACION,MATERIAL,,"PLATINA DE COBRE 170 AMPERIOS 1/8"" x 1/2""",m,PLATINA DE COBRE 170 AMPERIOS 1/8 X 1/2,m,MATERIAL|m|0|PLATINA DE COBRE 170 AMPERIOS 1/8 X 1/2,ALIAS-14d13f0c7cb630fc087cbb58,0
D25-RU-e9194e707c241e952d8b,INSV1-926d2befa8332fe3d9baadc5,EC-GAD-DAULE-LPI-GADIMCD-2025-01,REGENERACION,MATERIAL,,AISLADOR BARRA 25mm,UNIDAD,AISLADOR BARRA 25MM,u,MATERIAL|u|0|AISLADOR BARRA 25MM,ALIAS-8f98ec4e37dbc53b59d9edb3,0
D25-RU-155d12db8751a2babf9b,INSV1-f2395da013f90fb2f10726af,EC-GAD-DAULE-LPI-GADIMCD-2025-01,REGENERACION,MATERIAL,,"TABLERO METALICO DE 80cm DE ALTO x 120cm DE ANCHO x 30cm DE FONDO, EN PLANCHA DE 1/16""",UNIDAD,TABLERO METALICO DE 80CM DE ALTO X 120CM DE ANCHO X 30CM DE FONDO EN PLANCHA DE 1/16,u,MATERIAL|u|0|TABLERO METALICO DE 80CM DE ALTO X 120CM DE ANCHO X 30CM DE FONDO EN PLANCHA DE 1/16,ALIAS-dda756ea0f9614088d1b502d,0
D25-RU-e1f164b2bdc7c93be0fe,INSV1-e3cc5e2aa28553f90098eaa8,EC-GAD-DAULE-LPI-GADIMCD-2025-01,REGENERACION,MATERIAL,,BREAKER MOLDEADA DE 2P - 150 AMP,UNIDAD,BREAKER MOLDEADA DE 2P - 150 AMP,u,MATERIAL|u|0|BREAKER MOLDEADA DE 2P - 150 AMP,ALIAS-b90c1db6b3272f33a97a03c4,0
D25-RU-8a735499ee6c2010d396,INSV1-7a23e5f21e45f90030d27ba7,EC-GAD-DAULE-LPI-GADIMCD-2025-01,REGENERACION,MATERIAL,,"TABLERO METALICO DE 40cm DE ALTO x 60cm DE ANCHO x 30cm DE FONDO, EN PLANCHA DE D= 1/16""",UNIDAD,TABLERO METALICO DE 40CM DE ALTO X 60CM DE ANCHO X 30CM DE FONDO EN PLANCHA DE D 1/16,u,MATERIAL|u|0|TABLERO METALICO DE 40CM DE ALTO X 60CM DE ANCHO X 30CM DE FONDO EN PLANCHA DE D 1/16,ALIAS-eb0ea7d5f4465d3b13ed7ac4,0
D25-RU-8e76071203d3c8141b0a,INSV1-d3d3a44cf922e67346ddec4d,EC-GAD-DAULE-LPI-GADIMCD-2025-01,REGENERACION,MATERIAL,,BREAKER SOBRE PUESTA 2P - 70A,UNIDAD,BREAKER SOBRE PUESTA 2P - 70A,u,MATERIAL|u|0|BREAKER SOBRE PUESTA 2P - 70A,ALIAS-42160a74e119cdf983f6c790,0
D25-RU-2ce6af5c76777482cbb5,INSV1-8bfe6863027fbd8e44b08d31,EC-GAD-DAULE-LPI-GADIMCD-2025-01,REGENERACION,MATERIAL,,BREAKER SOBRE PUESTA 2P - 100,UNIDAD,BREAKER SOBRE PUESTA 2P - 100,u,MATERIAL|u|0|BREAKER SOBRE PUESTA 2P - 100,ALIAS-e19e4fd16b28df27c9ccfd0e,0
D25-RU-f3126b037ba4eb3bff1e,INSV1-b20c203f1827e3331cb075d5,EC-GAD-DAULE-LPI-GADIMCD-2025-01,REGENERACION,MATERIAL,,"TABLERO METALICO DE 60cm DE ALTO x 40cm DE ANCHO x 20cm DE FONDO, EN PLANCHA DE D= 1/16""",UNIDAD,TABLERO METALICO DE 60CM DE ALTO X 40CM DE ANCHO X 20CM DE FONDO EN PLANCHA DE D 1/16,u,MATERIAL|u|0|TABLERO METALICO DE 60CM DE ALTO X 40CM DE ANCHO X 20CM DE FONDO EN PLANCHA DE D 1/16,ALIAS-f25d769b3bd1e79e35bbd335,0
D25-RU-71665a57bdc59d404101,INSV1-21ab6ac99ea21ea83ed58448,EC-GAD-DAULE-LPI-GADIMCD-2025-01,REGENERACION,MATERIAL,,"TABLERO METALICO DE 80cm DE ALTO x 40cm DE ANCHO x 25cm DE FONDO, EN PLANCHA DE 1/16""",UNIDAD,TABLERO METALICO DE 80CM DE ALTO X 40CM DE ANCHO X 25CM DE FONDO EN PLANCHA DE 1/16,u,MATERIAL|u|0|TABLERO METALICO DE 80CM DE ALTO X 40CM DE ANCHO X 25CM DE FONDO EN PLANCHA DE 1/16,ALIAS-1ce3c02bd0c6ead7f02697be,0
D25-RU-b6c162fe21ee6aa8161c,INSV1-2ebb8db7b54c9c0ed4b195bd,EC-GAD-DAULE-LPI-GADIMCD-2025-01,REGENERACION,MATERIAL,,"TUBERIA METALICA RIGIDA D=2"" (63mm) x 3m",UNIDAD,TUBERIA METALICA RIGIDA D 2 63MM X 3M,u,MATERIAL|u|0|TUBERIA METALICA RIGIDA D 2 63MM X 3M,ALIAS-09043813b90cebb4fb3694bc,0
D25-RU-b7d897fc2eb36bdcb67f,INSV1-8b958434e283a71f1f12cd20,EC-GAD-DAULE-LPI-GADIMCD-2025-01,REGENERACION,MATERIAL,,"UNION RIGIDA D=2"" (63mm)",UNIDAD,UNION RIGIDA D 2 63MM,u,MATERIAL|u|0|UNION RIGIDA D 2 63MM,ALIAS-ace5464d8903276ef67cdc3a,0
D25-RU-749c28cdba9a983b18d4,INSV1-dfe349b081cbfefd02c5f638,EC-GAD-DAULE-LPI-GADIMCD-2025-01,REGENERACION,MATERIAL,,"CODO METALICO RIGIDO D=2"" (63mm)",UNIDAD,CODO METALICO RIGIDO D 2 63MM,u,MATERIAL|u|0|CODO METALICO RIGIDO D 2 63MM,ALIAS-14ebfd0c632b0e3768e97fca,0
D25-RU-3f04363dc6db7fa3082a,INSV1-70953ff905e2b2b699f8fc01,EC-GAD-DAULE-LPI-GADIMCD-2025-01,REGENERACION,MATERIAL,,"CONECTOR P/VARILLA, P/T, D=5/8""",UNIDAD,CONECTOR P/VARILLA P/T D 5/8,u,MATERIAL|u|0|CONECTOR P/VARILLA P/T D 5/8,ALIAS-b5fd99d1dc796340f42868a0,0
D25-RU-34d8566990ea324f813f,INSV1-2979b6df423430464f009d2c,EC-GAD-DAULE-LPI-GADIMCD-2025-01,REGENERACION,MATERIAL,,CABLE DE COBRE TIPO THHN #10 AWG,m,CABLE DE COBRE TIPO THHN 10 AWG,m,MATERIAL|m|0|CABLE DE COBRE TIPO THHN 10 AWG,ALIAS-17b5f1e9b2d52e95e1dba398,0
D25-RU-f4737fbbbfe7e841a07f,INSV1-be291c361761ca7f571ab30c,EC-GAD-DAULE-LPI-GADIMCD-2025-01,REGENERACION,MATERIAL,,"CONECTOR EMT D=1/2"" (20mm)",UNIDAD,CONECTOR EMT D 1/2 20MM,u,MATERIAL|u|0|CONECTOR EMT D 1/2 20MM,ALIAS-527a4b746b52bb5cfd2c52f1,0
D25-RU-1b417a4acc147c5151a6,INSV1-2f62828c14994b702b544f6b,EC-GAD-DAULE-LPI-GADIMCD-2025-01,REGENERACION,MATERIAL,,CABLE DE COBRE TIPO THHN #4 AWG,m,CABLE DE COBRE TIPO THHN 4 AWG,m,MATERIAL|m|0|CABLE DE COBRE TIPO THHN 4 AWG,ALIAS-8362e7916ac2547bd2f31585,0
D25-RU-663c5120cbecf285ac30,INSV1-bd8644fa6c4233e5f7b6625a,EC-GAD-DAULE-LPI-GADIMCD-2025-01,REGENERACION,MATERIAL,,CABLE DE COBRE TIPO THHN #6 AWG,m,CABLE DE COBRE TIPO THHN 6 AWG,m,MATERIAL|m|0|CABLE DE COBRE TIPO THHN 6 AWG,ALIAS-0f8a3163ba830e4910c79dc4,0
D25-RU-b9802bab3efaf6e952fc,INSV1-f1cdeca7ab39e36f230238d1,EC-GAD-DAULE-LPI-GADIMCD-2025-01,REGENERACION,MATERIAL,,CABLE DE COBRE TIPO THHN #2 AWG,m,CABLE DE COBRE TIPO THHN 2 AWG,m,MATERIAL|m|0|CABLE DE COBRE TIPO THHN 2 AWG,ALIAS-52f7cd6607614480de8bee99,0
D25-RU-0bd795e38bcdceaf515c,INSV1-0e5488057fefea93f84cbb00,EC-GAD-DAULE-LPI-GADIMCD-2025-01,REGENERACION,MATERIAL,,CABLE DE COBRE TIPO THHN #1/0 AWG,m,CABLE DE COBRE TIPO THHN 1/0 AWG,m,MATERIAL|m|0|CABLE DE COBRE TIPO THHN 1/0 AWG,ALIAS-1ba9c2e07ef4350fdbbed09f,0
D25-RU-5798a1164f6dd0a26348,INSV1-0b65210e0b32d18c540264fc,EC-GAD-DAULE-LPI-GADIMCD-2025-01,REGENERACION,MATERIAL,,CABLE COBRE CONCENTRICO 3 x 12 AWG,m,CABLE COBRE CONCENTRICO 3 X 12 AWG,m,MATERIAL|m|0|CABLE COBRE CONCENTRICO 3 X 12 AWG,ALIAS-1da7ea7bcd34d738d2e5685f,0
D25-RU-498ba7adac572b28aa9d,INSV1-2bcfd7f2cd5bba67e32a487b,EC-GAD-DAULE-LPI-GADIMCD-2025-01,REGENERACION,MATERIAL,,GELPORT - 350 DE 3 PUNTOS,UNIDAD,GELPORT - 350 DE 3 PUNTOS,u,MATERIAL|u|0|GELPORT - 350 DE 3 PUNTOS,ALIAS-7070f6d17cfed46149667d4e,0
D25-RU-590b81b02d3199f45574,INSV1-13b1f8e79c4b7fcf494a8c90,EC-GAD-DAULE-LPI-GADIMCD-2025-01,REGENERACION,MATERIAL,,GELPORT - 350 DE 4 PUNTOS,UNIDAD,GELPORT - 350 DE 4 PUNTOS,u,MATERIAL|u|0|GELPORT - 350 DE 4 PUNTOS,ALIAS-523814efbe4107697025f8d5,0
D25-RU-753a226b78220b000eb5,INSV1-c041ad72a1318ca3b81e8110,EC-GAD-DAULE-LPI-GADIMCD-2025-01,REGENERACION,MATERIAL,,GELPORT - 350 DE 5 PUNTOS,UNIDAD,GELPORT - 350 DE 5 PUNTOS,u,MATERIAL|u|0|GELPORT - 350 DE 5 PUNTOS,ALIAS-e55a08dea9464b397ccd08fd,0
D25-RU-d0c2505aff3f1bd07e9e,INSV1-a363e206ffeeaff2ab6bbc22,EC-GAD-DAULE-LPI-GADIMCD-2025-01,REGENERACION,MATERIAL,,GELPORT - 350 DE 6 PUNTOS,UNIDAD,GELPORT - 350 DE 6 PUNTOS,u,MATERIAL|u|0|GELPORT - 350 DE 6 PUNTOS,ALIAS-fde55de05b8505d6ab6f587d,0
D25-RU-f737354299b8c6598ab6,INSV1-954cb36acb0011d8de6ee675,EC-GAD-DAULE-LPI-GADIMCD-2025-01,REGENERACION,MATERIAL,,"TABLERO TRIPLEX CORRIENTE 1,22x2,44x9C",UNIDAD,TABLERO TRIPLEX CORRIENTE 1 22X2 44X9C,u,MATERIAL|u|0|TABLERO TRIPLEX CORRIENTE 1 22X2 44X9C,ALIAS-0d2dc89da05da5650b3ee74e,0
D25-RU-3a99dd8a5fb0b09cbf48,INSV1-10a2dbf0b7782ab72b137059,EC-GAD-DAULE-LPI-GADIMCD-2025-01,REGENERACION,MATERIAL,,PLACA BASE CON VARILLA ROSCADAS ANCLADAS EN LA CIMENTACION DE ACUERDO A DETALLE,GLOBAL,PLACA BASE CON VARILLA ROSCADAS ANCLADAS EN LA CIMENTACION DE ACUERDO A DETALLE,glb,MATERIAL|glb|0|PLACA BASE CON VARILLA ROSCADAS ANCLADAS EN LA CIMENTACION DE ACUERDO A DETALLE,ALIAS-4f61c333acf78ebff8928732,0
D25-RU-af7529670d6c06b3ad5f,INSV1-d0b098916ea74425ccb93d1b,EC-GAD-DAULE-LPI-GADIMCD-2025-01,REGENERACION,MATERIAL,,"LUMINARIA DE ALUMBRADO PUBLICO LED DE 150W > 21,750 - 100,000hrs / TEMPERATURA DE CALOR DE 5000K",UNIDAD,LUMINARIA DE ALUMBRADO PUBLICO LED DE 150W 21 750 - 100 000HRS / TEMPERATURA DE CALOR DE 5000K,u,MATERIAL|u|0|LUMINARIA DE ALUMBRADO PUBLICO LED DE 150W 21 750 - 100 000HRS / TEMPERATURA DE CALOR DE 5000K,ALIAS-f99577e915a0214e0c4fe56e,0
D25-RU-cd933f65797bd765c739,INSV1-e06ce18d80666d086a78a05e,EC-GAD-DAULE-LPI-GADIMCD-2025-01,REGENERACION,MATERIAL,,CABLEADO INTERNO Y BARRAJE,UNIDAD,CABLEADO INTERNO Y BARRAJE,u,MATERIAL|u|0|CABLEADO INTERNO Y BARRAJE,ALIAS-c3318788240965df780cff95,0
D25-RU-28c9ee200a757b74b7af,INSV1-3201e1792fa8f42ff43a89a1,EC-GAD-DAULE-LPI-GADIMCD-2025-01,REGENERACION,EQUIPO,,CAMION GRUA,h,CAMION GRUA,h,EQUIPO|h|0|CAMION GRUA,ALIAS-b7653bd7b3ec6122b241da1d,0
D25-RU-d70255fe50ae48e618ab,INSV1-568f88bb621739055503540a,EC-GAD-DAULE-LPI-GADIMCD-2025-01,REGENERACION,MANO_OBRA,,OPERADOR DE GRUA ESTACIONARIA,h,OPERADOR DE GRUA ESTACIONARIA,h,MANO_OBRA|h|0|OPERADOR DE GRUA ESTACIONARIA,ALIAS-0b2ec6ef64735eb62679807f,0
D25-RU-b6b04ce4903601aa535a,INSV1-11700ce119b7aa9867ecd353,EC-GAD-DAULE-LPI-GADIMCD-2025-01,REGENERACION,MATERIAL,,POSTE METALICO DE 8m (CARTELA DOBLE (PM-8-VP)),UNIDAD,POSTE METALICO DE 8M CARTELA DOBLE PM-8-VP,u,MATERIAL|u|0|POSTE METALICO DE 8M CARTELA DOBLE PM-8-VP,ALIAS-39b9db02e478104db6224e0b,0
D25-RU-d236940304ac30e009bd,INSV1-ad2bb09bb7ce2cab71b2b92c,EC-GAD-DAULE-LPI-GADIMCD-2025-01,REGENERACION,MATERIAL,,PLACA CON LOGO,UNIDAD,PLACA CON LOGO,u,MATERIAL|u|0|PLACA CON LOGO,ALIAS-0ce1935643c72b432a2a6f01,0
D25-RU-41f1d50884d577f4d255,INSV1-13f9269b325a2a5c2242fa3c,EC-GAD-DAULE-LPI-GADIMCD-2025-01,REGENERACION,MATERIAL,,PLACA DE ANCLAJE,UNIDAD,PLACA DE ANCLAJE,u,MATERIAL|u|0|PLACA DE ANCLAJE,ALIAS-ce3c0cdd2704617fba1d7b67,0
D25-RU-ff45dc26f76d5ec2d793,INSV1-c7c58872fba0f323fa6bad3c,EC-GAD-DAULE-LPI-GADIMCD-2025-01,REGENERACION,MATERIAL,,BRAZO DOBLE EN FORMA DE CURVA PARA POSTE METALICO,UNIDAD,BRAZO DOBLE EN FORMA DE CURVA PARA POSTE METALICO,u,MATERIAL|u|0|BRAZO DOBLE EN FORMA DE CURVA PARA POSTE METALICO,ALIAS-7b5dd1b0b4b485c2e6d6767e,0
D25-RU-53ad3dd35d59fa777838,INSV1-37fd82d294ffdef0a4f24b5f,EC-GAD-DAULE-LPI-GADIMCD-2025-01,REGENERACION,MATERIAL,,"PERNOS, TUERCAS Y ARANDELES DE SUJECCION",UNIDAD,PERNOS TUERCAS Y ARANDELES DE SUJECCION,u,MATERIAL|u|0|PERNOS TUERCAS Y ARANDELES DE SUJECCION,ALIAS-075d53bac3114c5df78349f7,0
D25-RU-8273f257ba544d4f5947,INSV1-6d24f2d4422ea1ce6449e877,EC-GAD-DAULE-LPI-GADIMCD-2025-01,REGENERACION,MATERIAL,,"POSTE CONICO METALICO (ACERO Q235) GALVANIZADO EN CALIENTE H=10,00m; ESPESOR GALVANIZADO > 85UM (INCL. PLACA BASE, CARTERAS E=8MM, TAPA DE INSPECCION Y PINTURA AL POLVO ELECTROSTATICA)",UNIDAD,POSTE CONICO METALICO ACERO Q235 GALVANIZADO EN CALIENTE H 10 00M ESPESOR GALVANIZADO 85UM INCL. PLACA BASE CARTERAS E 8MM TAPA DE INSPECCION Y PINTURA AL POLVO ELECTROSTATICA,u,MATERIAL|u|0|POSTE CONICO METALICO ACERO Q235 GALVANIZADO EN CALIENTE H 10 00M ESPESOR GALVANIZADO 85UM INCL. PLACA BASE CARTERAS E 8MM TAPA DE INSPECCION Y PINTURA AL POLVO ELECTROSTATICA,ALIAS-2335fc3fc4c0d6aa26f14d03,0
D25-RU-7f4b37bd1baf2259f7bc,INSV1-3947f2ab44f1b80714355f58,EC-GAD-DAULE-LPI-GADIMCD-2025-01,REGENERACION,MATERIAL,,TIRA FUSIBLE DE 30AMP,UNIDAD,TIRA FUSIBLE DE 30AMP,u,MATERIAL|u|0|TIRA FUSIBLE DE 30AMP,ALIAS-f195943d01338bba5270f0cc,0
D25-RU-575ce10cd8ef228ea759,INSV1-dcbe8061d6072d3dbaa01750,EC-GAD-DAULE-LPI-GADIMCD-2025-01,REGENERACION,MATERIAL,,TIRA FUSIBLE DE 20AMP,UNIDAD,TIRA FUSIBLE DE 20AMP,u,MATERIAL|u|0|TIRA FUSIBLE DE 20AMP,ALIAS-3e39e95f1b4174daf84f35c3,0
D25-RU-598ecc57cf3506c8f893,INSV1-30b9640f12b316f91fe73eae,EC-GAD-DAULE-LPI-GADIMCD-2025-01,REGENERACION,EQUIPO,,ARNES DE SEGURIDAD,h,ARNES DE SEGURIDAD,h,EQUIPO|h|0|ARNES DE SEGURIDAD,ALIAS-cde3f7d9a99870d977f8e4eb,0
D25-RU-f4795cf810e31abf6824,INSV1-73f026f38786e6fab5a07226,EC-GAD-DAULE-LPI-GADIMCD-2025-01,REGENERACION,MATERIAL,,PARARRAYOS 10KV,UNIDAD,PARARRAYOS 10KV,u,MATERIAL|u|0|PARARRAYOS 10KV,ALIAS-42726cec71d57077bd43bd5c,0
D25-RU-6c2ac6daee77deb9557b,INSV1-472497cc447e89f5bab1b115,EC-GAD-DAULE-LPI-GADIMCD-2025-01,REGENERACION,MATERIAL,,CABLE DE COBRE TIPO THHN #12 AWG,m,CABLE DE COBRE TIPO THHN 12 AWG,m,MATERIAL|m|0|CABLE DE COBRE TIPO THHN 12 AWG,ALIAS-132b290cf6d23900fa80aaef,0
D25-RU-e2f4f9a0e1ec2b84ccc4,INSV1-1f0ea1c9be0ff68083eeb51e,EC-GAD-DAULE-LPI-GADIMCD-2025-01,REGENERACION,MATERIAL,,"TUBO CONDUIT EMT METAL D= 1/2"" (20mm) x 3m",UNIDAD,TUBO CONDUIT EMT METAL D 1/2 20MM X 3M,u,MATERIAL|u|0|TUBO CONDUIT EMT METAL D 1/2 20MM X 3M,ALIAS-34d1e3da6792e78f145d6382,0
D25-RU-3f8288f7871f2afa4cb2,INSV1-493b63bb4a4782610c512f15,EC-GAD-DAULE-LPI-GADIMCD-2025-01,REGENERACION,MATERIAL,,"ABRAZADERA ZUNCHO 3/4""",UNIDAD,ABRAZADERA ZUNCHO 3/4,u,MATERIAL|u|0|ABRAZADERA ZUNCHO 3/4,ALIAS-b2116c9af277a9fae1625c37,0
D25-RU-2ddb3e7870d3c53e4fb3,INSV1-cd5e1c5c976419e3b66a5464,EC-GAD-DAULE-LPI-GADIMCD-2025-01,REGENERACION,MATERIAL,,SOLDADURA ISOTERMICA 90 GR,UNIDAD,SOLDADURA ISOTERMICA 90 GR,u,MATERIAL|u|0|SOLDADURA ISOTERMICA 90 GR,ALIAS-8577f27b21e71e6dd69b2704,0
D25-RU-a27dacfef340a9ac48d9,INSV1-02337cf78007056ba293e3a7,EC-GAD-DAULE-LPI-GADIMCD-2025-01,REGENERACION,MATERIAL,,"VARILLA COOPERWELD 5/8"" x 1,8mts",UNIDAD,VARILLA COOPERWELD 5/8 X 1 8MTS,u,MATERIAL|u|0|VARILLA COOPERWELD 5/8 X 1 8MTS,ALIAS-f86601ce2a256463a9ea344b,0
D25-RU-61c4517b050aef136a38,INSV1-9f1f099f87a8bca4fc93a31d,EC-GAD-DAULE-LPI-GADIMCD-2025-01,REGENERACION,MATERIAL,,"CRUCETA DE ACERO GALVANIZADO PERFIL""L"" UNIVERSAL 75x75x6x2000mm (2 61/64x2 61/64x 1/4x79) CRUCETA MULT. GALVANIZADA (3x1/4x2.4m) CON HUECOS PERNOS PIN DE 3/4""",UNIDAD,CRUCETA DE ACERO GALVANIZADO PERFIL L UNIVERSAL 75X75X6X2000MM 2 61/64X2 61/64X 1/4X79 CRUCETA MULT. GALVANIZADA 3X1/4X2.4M CON HUECOS PERNOS PIN DE 3/4,u,MATERIAL|u|0|CRUCETA DE ACERO GALVANIZADO PERFIL L UNIVERSAL 75X75X6X2000MM 2 61/64X2 61/64X 1/4X79 CRUCETA MULT. GALVANIZADA 3X1/4X2.4M CON HUECOS PERNOS PIN DE 3/4,ALIAS-7f59eb0aea8083c49f18f643,0
D25-RU-c2c332716e504e677ad6,INSV1-00f10640e2282b48a0ef1c7a,EC-GAD-DAULE-LPI-GADIMCD-2025-01,REGENERACION,MATERIAL,,"PIE AMIGO DE ACERO GALVANIZADO PERFIL""L"" 38x38x6x1800mm (1 1/2""x1 1/2""x1/4""x71"")",UNIDAD,PIE AMIGO DE ACERO GALVANIZADO PERFIL L 38X38X6X1800MM 1 1/2 X1 1/2 X1/4 X71,u,MATERIAL|u|0|PIE AMIGO DE ACERO GALVANIZADO PERFIL L 38X38X6X1800MM 1 1/2 X1 1/2 X1/4 X71,ALIAS-cbc9e921575b5758cb12752e,0
D25-RU-8338602fbbe3654a20b8,INSV1-5cb5aefb74b99441b9b5ed50,EC-GAD-DAULE-LPI-GADIMCD-2025-01,REGENERACION,MATERIAL,,"PERNO DE OJO DE ACERO GALVANIZADO DE D=5/8"" (16mm) X 10"" (254mm) DE LONGITUD, CON 4 TUERCAS, 2 ARANDELAS PLANAS Y 2 DE PRESION",UNIDAD,PERNO DE OJO DE ACERO GALVANIZADO DE D 5/8 16MM X 10 254MM DE LONGITUD CON 4 TUERCAS 2 ARANDELAS PLANAS Y 2 DE PRESION,u,MATERIAL|u|0|PERNO DE OJO DE ACERO GALVANIZADO DE D 5/8 16MM X 10 254MM DE LONGITUD CON 4 TUERCAS 2 ARANDELAS PLANAS Y 2 DE PRESION,ALIAS-250f630c7d2e78647c27336c,0
D25-RU-426fcb28d83d5545ca41,INSV1-d591e8e697234a027ce84810,EC-GAD-DAULE-LPI-GADIMCD-2025-01,REGENERACION,MATERIAL,,"ABRAZADERA DE ACERO GALVANIZADO, PLATINA, 4 PERNOS DE 38x4x160mm (1 1/2"" x 5/32"" x 5 1/2"")",UNIDAD,ABRAZADERA DE ACERO GALVANIZADO PLATINA 4 PERNOS DE 38X4X160MM 1 1/2 X 5/32 X 5 1/2,u,MATERIAL|u|0|ABRAZADERA DE ACERO GALVANIZADO PLATINA 4 PERNOS DE 38X4X160MM 1 1/2 X 5/32 X 5 1/2,ALIAS-1ae5698e49a43447bde43893,0
D25-RU-ff9e2e4e3f70bb48b6c4,INSV1-1ad441f43111d99894bb84cb,EC-GAD-DAULE-LPI-GADIMCD-2025-01,REGENERACION,MATERIAL,,"PERNO MAQUINA DE ACERO GALVANIZADO DE D=5/8"" (16mm) x 2"" (63mm) DE LONGITUD, CON TUERCA, ARANDELA PLANA Y DE PRESION",UNIDAD,PERNO MAQUINA DE ACERO GALVANIZADO DE D 5/8 16MM X 2 63MM DE LONGITUD CON TUERCA ARANDELA PLANA Y DE PRESION,u,MATERIAL|u|0|PERNO MAQUINA DE ACERO GALVANIZADO DE D 5/8 16MM X 2 63MM DE LONGITUD CON TUERCA ARANDELA PLANA Y DE PRESION,ALIAS-af77b15786d508d0c4301345,0
D25-RU-b83bdab29c77262bf5cb,INSV1-7c6a865624bfd883278e2d62,EC-GAD-DAULE-LPI-GADIMCD-2025-01,REGENERACION,MATERIAL,,"PERNO ESPARRAGO O DE ROSCA CORRIDA DE ACERO GALVANIZADO DE D=5/8"" (16mm) x 12"" (300mm) DE LONGITUD, CON 4 TUERCAS, 2 ARANDELAS PLANAS Y 2 DE PRESION",UNIDAD,PERNO ESPARRAGO O DE ROSCA CORRIDA DE ACERO GALVANIZADO DE D 5/8 16MM X 12 300MM DE LONGITUD CON 4 TUERCAS 2 ARANDELAS PLANAS Y 2 DE PRESION,u,MATERIAL|u|0|PERNO ESPARRAGO O DE ROSCA CORRIDA DE ACERO GALVANIZADO DE D 5/8 16MM X 12 300MM DE LONGITUD CON 4 TUERCAS 2 ARANDELAS PLANAS Y 2 DE PRESION,ALIAS-aec24944fca89b4c8dbd39f9,0
D25-RU-a6ac5d404ddf039571dd,INSV1-62d72a19f52a67a8ffa97f84,EC-GAD-DAULE-LPI-GADIMCD-2025-01,REGENERACION,MATERIAL,,"AISLADOR TIPO SUSPENSION DE CAUCHO SILICONADO, CLASE ANSI DS - 28, 22KV",UNIDAD,AISLADOR TIPO SUSPENSION DE CAUCHO SILICONADO CLASE ANSI DS - 28 22KV,u,MATERIAL|u|0|AISLADOR TIPO SUSPENSION DE CAUCHO SILICONADO CLASE ANSI DS - 28 22KV,ALIAS-a4f63a94655bb5f87414ff80,0
D25-RU-d6e29886664d11b56400,INSV1-4ec35469b9cc15c2b69f40df,EC-GAD-DAULE-LPI-GADIMCD-2025-01,REGENERACION,MATERIAL,,GRAPA TERMINAL APERNADA TIPO PISTOLA DE ALEACION DE AI,UNIDAD,GRAPA TERMINAL APERNADA TIPO PISTOLA DE ALEACION DE AI,u,MATERIAL|u|0|GRAPA TERMINAL APERNADA TIPO PISTOLA DE ALEACION DE AI,ALIAS-02e0aad6d45c1720b81b4035,0
D25-RU-f3e8d0cc290dc8d266e4,INSV1-a7de97cd72200f3416929363,EC-GAD-DAULE-LPI-GADIMCD-2025-01,REGENERACION,MATERIAL,,"HORQUILLA DE ANCLAJE DE ACERO GALVANIZADO DE D=5/8"" (16mm) x 3"" (75mm) DE LONGITUD; ESTALON ""U"" PARA SUJECCION",UNIDAD,HORQUILLA DE ANCLAJE DE ACERO GALVANIZADO DE D 5/8 16MM X 3 75MM DE LONGITUD ESTALON U PARA SUJECCION,u,MATERIAL|u|0|HORQUILLA DE ANCLAJE DE ACERO GALVANIZADO DE D 5/8 16MM X 3 75MM DE LONGITUD ESTALON U PARA SUJECCION,ALIAS-2013d88ce8ee370b8bc0198f,0
D25-RU-cc2f13f201de08574ade,INSV1-1bdef756bd7cf7ad45195dda,EC-GAD-DAULE-LPI-GADIMCD-2025-01,REGENERACION,MATERIAL,,"ABRAZADERA 2 PERNOS 5 1/2"" 38 x 4mm",UNIDAD,ABRAZADERA 2 PERNOS 5 1/2 38 X 4MM,u,MATERIAL|u|0|ABRAZADERA 2 PERNOS 5 1/2 38 X 4MM,ALIAS-009c7101cd1cb1fc57f1389a,0
D25-RU-cd0a8b66a21fec2ebcef,INSV1-a21c70779a44a7cb77df78b2,EC-GAD-DAULE-LPI-GADIMCD-2025-01,REGENERACION,MATERIAL,,"TUERCA DE OJO OVALADO DE ACERO GALVANIZADO PARA PERNOS DE D=5/8"" (16mm)",UNIDAD,TUERCA DE OJO OVALADO DE ACERO GALVANIZADO PARA PERNOS DE D 5/8 16MM,u,MATERIAL|u|0|TUERCA DE OJO OVALADO DE ACERO GALVANIZADO PARA PERNOS DE D 5/8 16MM,ALIAS-c95903df6dd148bacafe9d02,0
D25-RU-83e62cd5b44d3892f4cc,INSV1-0fe5cebb3acb809e9329bbf7,EC-GAD-DAULE-LPI-GADIMCD-2025-01,REGENERACION,MATERIAL,,"ABRAZADERA DE ACERO GALVANIZADO, PLATINA, 3 PERNOS DE 38x4x160 - 190mm (1 1/2"" x 1 1/64"" x 6/2 - 7 1/2"")",UNIDAD,ABRAZADERA DE ACERO GALVANIZADO PLATINA 3 PERNOS DE 38X4X160 - 190MM 1 1/2 X 1 1/64 X 6/2 - 7 1/2,u,MATERIAL|u|0|ABRAZADERA DE ACERO GALVANIZADO PLATINA 3 PERNOS DE 38X4X160 - 190MM 1 1/2 X 1 1/64 X 6/2 - 7 1/2,ALIAS-46df8e25f051f6dc059710e7,0
D25-RU-5ef52b21f595f3c4170e,INSV1-4bd99d8f00373f4f91ddd9a8,EC-GAD-DAULE-LPI-GADIMCD-2025-01,REGENERACION,MATERIAL,,KIT RETENIDA PREENSAMBLADO,UNIDAD,KIT RETENIDA PREENSAMBLADO,u,MATERIAL|u|0|KIT RETENIDA PREENSAMBLADO,ALIAS-d855d9d86c17b8c402c1ee27,0
D25-RU-a96f13cae2030d7eef9b,INSV1-03b30f7fe0c2cdaea65532cb,EC-GAD-DAULE-LPI-GADIMCD-2025-01,REGENERACION,MATERIAL,,"CABLE DE ACERO GALVANIZADO DE 7 HILOS DE 9,52mm (3/8"") 3155 KG-F -",m,CABLE DE ACERO GALVANIZADO DE 7 HILOS DE 9 52MM 3/8 3155 KG-F,m,MATERIAL|m|0|CABLE DE ACERO GALVANIZADO DE 7 HILOS DE 9 52MM 3/8 3155 KG-F,ALIAS-24cf08e6fd8f69cc99d4db3b,0
D25-RU-d254fc4cad9ae1c7c385,INSV1-bb24d9f292bf69e462bbce4f,EC-GAD-DAULE-LPI-GADIMCD-2025-01,REGENERACION,MATERIAL,,"RETENCION PREFORMADA PARA CABLE DE ACERO GALVANIZADO DE 9,53mm (3/8"")",UNIDAD,RETENCION PREFORMADA PARA CABLE DE ACERO GALVANIZADO DE 9 53MM 3/8,u,MATERIAL|u|0|RETENCION PREFORMADA PARA CABLE DE ACERO GALVANIZADO DE 9 53MM 3/8,ALIAS-34ea7be9a7e43634a33ac018,0
D25-RU-d31b1e1e2b4c476bff7f,INSV1-06e1097ad6a6e316490ab010,EC-GAD-DAULE-LPI-GADIMCD-2025-01,REGENERACION,MATERIAL,,"GUARDACABO DE ACERO GALVANIZADO PARA CABLE DE ACERO DE 9,51mm (3/8"")",UNIDAD,GUARDACABO DE ACERO GALVANIZADO PARA CABLE DE ACERO DE 9 51MM 3/8,u,MATERIAL|u|0|GUARDACABO DE ACERO GALVANIZADO PARA CABLE DE ACERO DE 9 51MM 3/8,ALIAS-8bc7cc5f47606ac7dfc6c7de,0
D25-RU-a3bff20cabcb3403bf2a,INSV1-94be4efdc459e105cf606477,EC-GAD-DAULE-LPI-GADIMCD-2025-01,REGENERACION,MATERIAL,,"AISLADOR DE RETENCION DE PORCELANA, ANSI 54-2",UNIDAD,AISLADOR DE RETENCION DE PORCELANA ANSI 54-2,u,MATERIAL|u|0|AISLADOR DE RETENCION DE PORCELANA ANSI 54-2,ALIAS-2253a946854ed643f85c74f1,0
D25-RU-7eef7d70a52452add6fe,INSV1-6f73cd7a2653609448313509,EC-GAD-DAULE-LPI-GADIMCD-2025-01,REGENERACION,MATERIAL,,"VARILLA DE ANCLAJE DE ACERO GALVANIZADO, TUERCA Y ARANDELA DE 16x1800mm (5/8"" x 71"")",UNIDAD,VARILLA DE ANCLAJE DE ACERO GALVANIZADO TUERCA Y ARANDELA DE 16X1800MM 5/8 X 71,u,MATERIAL|u|0|VARILLA DE ANCLAJE DE ACERO GALVANIZADO TUERCA Y ARANDELA DE 16X1800MM 5/8 X 71,ALIAS-815c205d0555bc09bed809c4,0
D25-RU-4e3f0a654c598152a630,INSV1-0807787f9a0041f66b042d39,EC-GAD-DAULE-LPI-GADIMCD-2025-01,REGENERACION,MATERIAL,,BLOQUE DE HORMIGON PARA ANCLAJE CON AGUJERO DE 20mm,UNIDAD,BLOQUE DE HORMIGON PARA ANCLAJE CON AGUJERO DE 20MM,u,MATERIAL|u|0|BLOQUE DE HORMIGON PARA ANCLAJE CON AGUJERO DE 20MM,ALIAS-2b24e4dea2a0d0b36af571f0,0
D25-RU-54a6448ccc56ee39d202,INSV1-ae8c4929ea0b44df238881cc,EC-GAD-DAULE-LPI-GADIMCD-2025-01,REGENERACION,MATERIAL,,"CABLE DE ACERO GALVANIZADO DE 7 HILOS DE 9,52mm (3/8"") 2700 KG-F -",m,CABLE DE ACERO GALVANIZADO DE 7 HILOS DE 9 52MM 3/8 2700 KG-F,m,MATERIAL|m|0|CABLE DE ACERO GALVANIZADO DE 7 HILOS DE 9 52MM 3/8 2700 KG-F,ALIAS-478eb138112b7ca77840dd20,0
D25-RU-597e509889a1f02a3585,INSV1-414e66c161a38b112f9aaaf5,EC-GAD-DAULE-LPI-GADIMCD-2025-01,REGENERACION,MATERIAL,,"BRAZO DE ACERO GALVANIZADO TUBULAR, TENSOR FAROL 51x1500mm (2"" x 59"")",UNIDAD,BRAZO DE ACERO GALVANIZADO TUBULAR TENSOR FAROL 51X1500MM 2 X 59,u,MATERIAL|u|0|BRAZO DE ACERO GALVANIZADO TUBULAR TENSOR FAROL 51X1500MM 2 X 59,ALIAS-b284ccd5d84b792463a669ec,0
D25-RU-2bbff936c8578531e409,INSV1-ec476980eb66a6df16640be6,EC-GAD-DAULE-LPI-GADIMCD-2025-01,REGENERACION,MATERIAL,,"ABRAZADERA DE ACERO GALVANIZADO, PLATINA, 3 PERNOS DE 38x4x160mm (1 1/2"" x 5/32"" x 5 1/2"")",UNIDAD,ABRAZADERA DE ACERO GALVANIZADO PLATINA 3 PERNOS DE 38X4X160MM 1 1/2 X 5/32 X 5 1/2,u,MATERIAL|u|0|ABRAZADERA DE ACERO GALVANIZADO PLATINA 3 PERNOS DE 38X4X160MM 1 1/2 X 5/32 X 5 1/2,ALIAS-e7b32b16a2c17ee9bcf14956,0
D25-RU-e882e73b1a2291e3cbee,INSV1-d82a95ccf983927f39dcd5a4,EC-GAD-DAULE-LPI-GADIMCD-2025-01,REGENERACION,MATERIAL,,CABLE DE COBRE #1/0 AWG TIPO XLP PARA 15KV - 100%,m,CABLE DE COBRE 1/0 AWG TIPO XLP PARA 15KV - 100%,m,MATERIAL|m|0|CABLE DE COBRE 1/0 AWG TIPO XLP PARA 15KV - 100%,ALIAS-415c83ff8c6724d2d8d15486,0
D25-RU-503abc1c8e9398fb5d5c,INSV1-9a99fa6f766523f4d6c7ee6a,EC-GAD-DAULE-LPI-GADIMCD-2025-01,REGENERACION,MATERIAL,,CABLE DE COBRE DESNUDO #2 / 19 HILOS,m,CABLE DE COBRE DESNUDO 2 / 19 HILOS,m,MATERIAL|m|0|CABLE DE COBRE DESNUDO 2 / 19 HILOS,ALIAS-23f95eb8511b97143d5837c3,0
D25-RU-9c8307b669fda804375d,INSV1-48d1d69541a17cbcbc3a50d5,EC-GAD-DAULE-LPI-GADIMCD-2025-01,REGENERACION,MATERIAL,,CABLE DE COBRE #2 AWG TIPO XLP PARA 15KV,m,CABLE DE COBRE 2 AWG TIPO XLP PARA 15KV,m,MATERIAL|m|0|CABLE DE COBRE 2 AWG TIPO XLP PARA 15KV,ALIAS-9caa3c6144814bdeba1396cc,0
D25-RU-da0774f5c5645e5e8a4c,INSV1-723dfb6a2aeae6c7907b39d1,EC-GAD-DAULE-LPI-GADIMCD-2025-01,REGENERACION,MATERIAL,,CABLE DE COBRE DESNUDO #4 / 7 HILOS,m,CABLE DE COBRE DESNUDO 4 / 7 HILOS,m,MATERIAL|m|0|CABLE DE COBRE DESNUDO 4 / 7 HILOS,ALIAS-dd9009d47a49b007ea8a95f1,0
D25-RU-a04aaebcf3105649082b,INSV1-ee43979eab5b8b494d368a11,EC-GAD-DAULE-LPI-GADIMCD-2025-01,REGENERACION,MATERIAL,,CABLE DE COBRE 15 KV #500 MCM,m,CABLE DE COBRE 15 KV 500 MCM,m,MATERIAL|m|0|CABLE DE COBRE 15 KV 500 MCM,ALIAS-0401498589f20432c6f6922a,0
D25-RU-13915824a3de2f5df976,INSV1-860a341532384c9fe1f93fb5,EC-GAD-DAULE-LPI-GADIMCD-2025-01,REGENERACION,MATERIAL,,CABLE DE ALUMINIO 4/0 AWG - TTU,m,CABLE DE ALUMINIO 4/0 AWG - TTU,m,MATERIAL|m|0|CABLE DE ALUMINIO 4/0 AWG - TTU,ALIAS-6e449f5ae78b4fa593c78f2d,0
D25-RU-02b3c68e188413b1c590,INSV1-fabf4411323d5b985fff3602,EC-GAD-DAULE-LPI-GADIMCD-2025-01,REGENERACION,MATERIAL,,PUNTAS TERMINAL (INTERIOR-EXTERIOR) #2 15KV - USO (INTERIOR - EXTERIOR) 2-3M / AIS-PT-13-01,UNIDAD,PUNTAS TERMINAL INTERIOR-EXTERIOR 2 15KV - USO INTERIOR - EXTERIOR 2-3M / AIS-PT-13-01,u,MATERIAL|u|0|PUNTAS TERMINAL INTERIOR-EXTERIOR 2 15KV - USO INTERIOR - EXTERIOR 2-3M / AIS-PT-13-01,ALIAS-a545cc5651eba675b4f964df,0
D25-RU-c7bc784823ed40755dd1,INSV1-c1e72adc8c07a9f68deddbc1,EC-GAD-DAULE-LPI-GADIMCD-2025-01,REGENERACION,MATERIAL,,CINTA AISLANTE #33 (19mm X 20mm X 0.177mm),ROLLO,CINTA AISLANTE 33 19MM X 20MM X 0.177MM,rollo,MATERIAL|rollo|0|CINTA AISLANTE 33 19MM X 20MM X 0.177MM,ALIAS-18fcb78be30942e70909dea5,0
D25-RU-3b39332643fc7d108051,INSV1-3815e59b89befd71e68018f7,EC-GAD-DAULE-LPI-GADIMCD-2025-01,REGENERACION,MATERIAL,,CINTA AISLANTE AUTOFUNDENTE #23,ROLLO,CINTA AISLANTE AUTOFUNDENTE 23,rollo,MATERIAL|rollo|0|CINTA AISLANTE AUTOFUNDENTE 23,ALIAS-d7f982fbdc9719319f521c5d,0
D25-RU-63fe06be220db173f86c,INSV1-b681e82186a300f3622d0c25,EC-GAD-DAULE-LPI-GADIMCD-2025-01,REGENERACION,MATERIAL,,CABLE DE COBRE TIPO TW #10 AWG,m,CABLE DE COBRE TIPO TW 10 AWG,m,MATERIAL|m|0|CABLE DE COBRE TIPO TW 10 AWG,ALIAS-0e007563652952cffd19006c,0
D25-RU-f010e8814e2af0b90504,INSV1-e4fc5509c62aaa1af6d7bf84,EC-GAD-DAULE-LPI-GADIMCD-2025-01,REGENERACION,MATERIAL,,ELBOW CONECTOR,UNIDAD,ELBOW CONECTOR,u,MATERIAL|u|0|ELBOW CONECTOR,ALIAS-d01a7093e2934b95eecfdd4f,0
D25-RU-4418e95e19ff9243f976,INSV1-5293ce7211e2f117dfdc7785,EC-GAD-DAULE-LPI-GADIMCD-2025-01,REGENERACION,MATERIAL,,"TRANSFORMADOR 1F TIPO PAD MOUNTED DE 75 KVA, 1B PRIMARIO 7960/120-240v TIPO MALLA O RADIAL",UNIDAD,TRANSFORMADOR 1F TIPO PAD MOUNTED DE 75 KVA 1B PRIMARIO 7960/120-240V TIPO MALLA O RADIAL,u,MATERIAL|u|0|TRANSFORMADOR 1F TIPO PAD MOUNTED DE 75 KVA 1B PRIMARIO 7960/120-240V TIPO MALLA O RADIAL,ALIAS-ea3699613c7a14ddbe22979d,0
D25-RU-21f602aeebf2ada1bfaf,INSV1-d2c2a62b7168fcc9859273ab,EC-GAD-DAULE-LPI-GADIMCD-2025-01,REGENERACION,MATERIAL,,BUSHING INSERT,UNIDAD,BUSHING INSERT,u,MATERIAL|u|0|BUSHING INSERT,ALIAS-e5d765d44275e7126db8b66a,0
D25-RU-9d1228f0d6cf97ba0bb1,INSV1-c9ed77062cac6a35ea41dbae,EC-GAD-DAULE-LPI-GADIMCD-2025-01,REGENERACION,MATERIAL,,TAPA / BUSHING 15KV - 200A CON CABLE PARA ATERRIZAR,UNIDAD,TAPA / BUSHING 15KV - 200A CON CABLE PARA ATERRIZAR,u,MATERIAL|u|0|TAPA / BUSHING 15KV - 200A CON CABLE PARA ATERRIZAR,ALIAS-cb4cbb21c2535e80c0a033e9,0
D25-RU-3dfaa3bc075ae59f6f9f,INSV1-4d152a0089cecdbe10808b88,EC-GAD-DAULE-LPI-GADIMCD-2025-01,REGENERACION,MATERIAL,,TRANSFORMADOR 3F TIPO PAD MOUNTED DE 75 KVA 7960 / 240-120V TIPO MALLA O RADIAL,UNIDAD,TRANSFORMADOR 3F TIPO PAD MOUNTED DE 75 KVA 7960 / 240-120V TIPO MALLA O RADIAL,u,MATERIAL|u|0|TRANSFORMADOR 3F TIPO PAD MOUNTED DE 75 KVA 7960 / 240-120V TIPO MALLA O RADIAL,ALIAS-57f83ead86330b29d4ec7a58,0
D25-RU-21e075ef2a784d6e4079,INSV1-75b07072b3a32841169926c8,EC-GAD-DAULE-LPI-GADIMCD-2025-01,REGENERACION,MANO_OBRA,,SUPERVISOR ELECTRICO GENERAL / SUPERVISOR SANITARIO GENERAL,h,SUPERVISOR ELECTRICO GENERAL / SUPERVISOR SANITARIO GENERAL,h,MANO_OBRA|h|0|SUPERVISOR ELECTRICO GENERAL / SUPERVISOR SANITARIO GENERAL,ALIAS-e4a8d4f614f007e1d9ecfe87,0
D25-RU-bdf9b85b5a362c9d8b65,INSV1-1ba643eada03911852726e25,EC-GAD-DAULE-LPI-GADIMCD-2025-01,REGENERACION,MATERIAL,,"BARRA UNION MULTIPLE DE 6 PUNTOS, 600AMP Y 15KV",UNIDAD,BARRA UNION MULTIPLE DE 6 PUNTOS 600AMP Y 15KV,u,MATERIAL|u|0|BARRA UNION MULTIPLE DE 6 PUNTOS 600AMP Y 15KV,ALIAS-308d14ec98063946fef4167c,0
D25-RU-6ab9231441be8dc34882,INSV1-2927f5500d7de6dbe12f31b8,EC-GAD-DAULE-LPI-GADIMCD-2025-01,REGENERACION,MATERIAL,,"FUSIBLE LIMITADOR DE CORRIENTE, 15KV CAPACIDADES DESDE 6A HASTA 80A",UNIDAD,FUSIBLE LIMITADOR DE CORRIENTE 15KV CAPACIDADES DESDE 6A HASTA 80A,u,MATERIAL|u|0|FUSIBLE LIMITADOR DE CORRIENTE 15KV CAPACIDADES DESDE 6A HASTA 80A,ALIAS-d0f5ad28828354d7d55c9b92,0
D25-RU-2b29b9e349eb5b5f1ef5,INSV1-a9324eeffce1baf2c41091a6,EC-GAD-DAULE-LPI-GADIMCD-2025-01,REGENERACION,MATERIAL,,CONECTOR PARKING 15 KV 200 AMP,UNIDAD,CONECTOR PARKING 15 KV 200 AMP,u,MATERIAL|u|0|CONECTOR PARKING 15 KV 200 AMP,ALIAS-678256d46b882aac97fa14aa,0
D25-RU-3e483991cd1b5ea2b2b6,INSV1-5b9577dc372eced7dd5ba4a9,EC-GAD-DAULE-LPI-GADIMCD-2025-01,REGENERACION,MATERIAL,,INDICADOR DE VOLTAGE A 35KV,UNIDAD,INDICADOR DE VOLTAGE A 35KV,u,MATERIAL|u|0|INDICADOR DE VOLTAGE A 35KV,ALIAS-2349b01bb7a0ed6c5c11ea1c,0
D25-RU-8426d27bb651c9c0e3cc,INSV1-c509fa854c2b5774a32bc98f,EC-GAD-DAULE-LPI-GADIMCD-2025-01,REGENERACION,MATERIAL,,"BARRA COLECTORA DE COBRE 1 1/2"" x 1/4"" L=35cm",UNIDAD,BARRA COLECTORA DE COBRE 1 1/2 X 1/4 L 35CM,u,MATERIAL|u|0|BARRA COLECTORA DE COBRE 1 1/2 X 1/4 L 35CM,ALIAS-a74f09ee51b4958c2a47ecb5,0
D25-RU-7926f2c935e74ffa975e,INSV1-1f0c65777ef3deba70a7cf33,EC-GAD-DAULE-LPI-GADIMCD-2025-01,REGENERACION,MATERIAL,,AISLADOR BARRA 75mm,UNIDAD,AISLADOR BARRA 75MM,u,MATERIAL|u|0|AISLADOR BARRA 75MM,ALIAS-ac6ef4b27631e6683d839b40,0
D25-RU-178206c7a6101b09fbf4,INSV1-388fbc3aa0916c6c9af916d1,EC-GAD-DAULE-LPI-GADIMCD-2025-01,REGENERACION,MATERIAL,,"CONECTOR CODO - FUSIBLE 200A - 15KV, 1/0 AWG",UNIDAD,CONECTOR CODO - FUSIBLE 200A - 15KV 1/0 AWG,u,MATERIAL|u|0|CONECTOR CODO - FUSIBLE 200A - 15KV 1/0 AWG,ALIAS-da7c6d967644c48b683dead1,0
D25-RU-50cca474b7b93e0cd6d9,INSV1-46d51d11f21daf8727ff3e25,EC-GAD-DAULE-LPI-GADIMCD-2025-01,REGENERACION,MATERIAL,,"CONECTOR CODO - FUSIBLE 200A - 15KV, 2 AWG",UNIDAD,CONECTOR CODO - FUSIBLE 200A - 15KV 2 AWG,u,MATERIAL|u|0|CONECTOR CODO - FUSIBLE 200A - 15KV 2 AWG,ALIAS-cb6cb57c4f23d97a4a82962d,0
D25-RU-831865064fc435455acb,INSV1-d4baf286570b2dfd3b1b5bdf,EC-GAD-DAULE-LPI-GADIMCD-2025-01,REGENERACION,MATERIAL,,PAD-SWITCH CONFIGURACION 633. EQUIPO BASICO TIPO PEDESTAL DE SECCIONAMIENTO DE LINEAS DE 15KV EN SF6 CON TRES ENTRADAS DE 600 AMPERIOS PROTEGIDAS CON CODO FUSIBLE Y TRES SALIDAS DE 200 AMPERIOS,UNIDAD,PAD-SWITCH CONFIGURACION 633. EQUIPO BASICO TIPO PEDESTAL DE SECCIONAMIENTO DE LINEAS DE 15KV EN SF6 CON TRES ENTRADAS DE 600 AMPERIOS PROTEGIDAS CON CODO FUSIBLE Y TRES SALIDAS DE 200 AMPERIOS,u,MATERIAL|u|0|PAD-SWITCH CONFIGURACION 633. EQUIPO BASICO TIPO PEDESTAL DE SECCIONAMIENTO DE LINEAS DE 15KV EN SF6 CON TRES ENTRADAS DE 600 AMPERIOS PROTEGIDAS CON CODO FUSIBLE Y TRES SALIDAS DE 200 AMPERIOS,ALIAS-a170467c964d42b3ab453b1f,0
D25-RU-8100db6b09fa2469bc3d,INSV1-2c8490054bebd6858b897f22,EC-GAD-DAULE-LPI-GADIMCD-2025-01,REGENERACION,MATERIAL,,POSTE METALICO DE 12m (CARTELA DOBLE (PM-12-VV)),UNIDAD,POSTE METALICO DE 12M CARTELA DOBLE PM-12-VV,u,MATERIAL|u|0|POSTE METALICO DE 12M CARTELA DOBLE PM-12-VV,ALIAS-66ba1b12190182b548191d27,0
D25-RU-7f70ca9c1c0d76153e7a,INSV1-77306c0f5ea47963c0515aaf,EC-GAD-DAULE-LPI-GADIMCD-2025-01,REGENERACION,MATERIAL,,ENCOFRADO METALICO,m2,ENCOFRADO METALICO,m2,MATERIAL|m2|0|ENCOFRADO METALICO,ALIAS-a039bac49b152569d8b614c9,0
D25-RU-788aee9807f3c4794d61,INSV1-f847ae3a24418967c226f219,EC-GAD-DAULE-LPI-GADIMCD-2025-01,REGENERACION,MATERIAL,,RECUBRIMIENTO GRANO LAVADO,m2,RECUBRIMIENTO GRANO LAVADO,m2,MATERIAL|m2|0|RECUBRIMIENTO GRANO LAVADO,ALIAS-dc38eccb9e99a98d85cff842,0
D25-RU-5adfd0a5e57d65457861,INSV1-ccd4315c32fe3478fdef7e33,EC-GAD-DAULE-LPI-GADIMCD-2025-01,REGENERACION,MATERIAL,,"PUERTA METALICA GALVANIZADA CON PLANCHA Y CELOSIAS FIJAS (INCL. PINTURA, BISAGRA, ETC Y SEÑALIZACION)",UNIDAD,PUERTA METALICA GALVANIZADA CON PLANCHA Y CELOSIAS FIJAS INCL. PINTURA BISAGRA ETC Y SENALIZACION,u,MATERIAL|u|0|PUERTA METALICA GALVANIZADA CON PLANCHA Y CELOSIAS FIJAS INCL. PINTURA BISAGRA ETC Y SENALIZACION,ALIAS-9c3ebf2ce3a892a96540ebcd,0
D25-RU-d2a5beac337664579404,INSV1-0f3d3c7d9c10e29c8c438c8f,EC-GAD-DAULE-LPI-GADIMCD-2025-01,REGENERACION,MATERIAL,,"TAPA METALICA GALVANIZADA 3,85 x 1,05 CON PLANCHA (INCL. SOPORTE, BISAGRA, ETC Y PINTURA)",UNIDAD,TAPA METALICA GALVANIZADA 3 85 X 1 05 CON PLANCHA INCL. SOPORTE BISAGRA ETC Y PINTURA,u,MATERIAL|u|0|TAPA METALICA GALVANIZADA 3 85 X 1 05 CON PLANCHA INCL. SOPORTE BISAGRA ETC Y PINTURA,ALIAS-8943c7d591cc56c88fba9d44,0
D25-RU-88e4b0b6cb2cfa0f2ec8,INSV1-263bf71b7a4a7b1e55abff27,EC-GAD-DAULE-LPI-GADIMCD-2025-01,REGENERACION,MATERIAL,,IMPERMEABILIZACION DE LOSETA (INCL. ADITIVO),m2,IMPERMEABILIZACION DE LOSETA INCL. ADITIVO,m2,MATERIAL|m2|0|IMPERMEABILIZACION DE LOSETA INCL. ADITIVO,ALIAS-e1908b676d563959fb02a316,0
D25-RU-9ae30ee45b6e9b29ea4e,INSV1-68f4fd5f634f748e1ad070b6,EC-GAD-DAULE-LPI-GADIMCD-2025-01,REGENERACION,EQUIPO,,CARRO CANASTA,h,CARRO CANASTA,h,EQUIPO|h|0|CARRO CANASTA,ALIAS-dc6db45d556dbb7e5f2fa635,0
D25-RU-435cd9db5b47bf9ee2f3,INSV1-b879a3122b837f27645256bf,EC-GAD-DAULE-LPI-GADIMCD-2025-01,REGENERACION,MANO_OBRA,,OPERADOR DE GRADA ELEVADORA / CANASTILLA ELEVADORA,h,OPERADOR DE GRADA ELEVADORA / CANASTILLA ELEVADORA,h,MANO_OBRA|h|0|OPERADOR DE GRADA ELEVADORA / CANASTILLA ELEVADORA,ALIAS-3649442cf32c13c90a5bf676,0
D25-RU-0a98794d70703aabf316,INSV1-3c27505d8e39602c6cf417f9,EC-GAD-DAULE-LPI-GADIMCD-2025-01,REGENERACION,MANO_OBRA,,HOJALATERO,h,HOJALATERO,h,MANO_OBRA|h|0|HOJALATERO,ALIAS-da27b761995bbc1b08bd9154,0
D25-RU-735d12fce3afcc3a1ee5,INSV1-7c4406bd529ffd666cd5db8a,EC-GAD-DAULE-LPI-GADIMCD-2025-01,REGENERACION,MATERIAL,,"CAJA METALICA ABISAGRADA DE 40x40x10cm CONSTRUIDO EN PLANCHA 1/16"" PINTADA AL HORNO COLOR BEIGE (INCL. LLAVE UNIVERSAL TIPO TRIANGULAR)",UNIDAD,CAJA METALICA ABISAGRADA DE 40X40X10CM CONSTRUIDO EN PLANCHA 1/16 PINTADA AL HORNO COLOR BEIGE INCL. LLAVE UNIVERSAL TIPO TRIANGULAR,u,MATERIAL|u|0|CAJA METALICA ABISAGRADA DE 40X40X10CM CONSTRUIDO EN PLANCHA 1/16 PINTADA AL HORNO COLOR BEIGE INCL. LLAVE UNIVERSAL TIPO TRIANGULAR,ALIAS-014a81c1c993a89b532ca8a8,0
D25-RU-446a263b99eb9210dd0d,INSV1-44e1f3e147858da47900d227,EC-GAD-DAULE-LPI-GADIMCD-2025-01,REGENERACION,MATERIAL,,"TUBO CONDUIT EMT METAL D=2"" (63mm) x 3m",UNIDAD,TUBO CONDUIT EMT METAL D 2 63MM X 3M,u,MATERIAL|u|0|TUBO CONDUIT EMT METAL D 2 63MM X 3M,ALIAS-1d7e34c5f9f22e50677e6a9e,0
D25-RU-5e0cc8e8df235dc982c6,INSV1-86a30186e9436f55edd47dd1,EC-GAD-DAULE-LPI-GADIMCD-2025-01,REGENERACION,MATERIAL,,"UNION DE CONDUIT EMT D=2"" (Ø63mm)",UNIDAD,UNION DE CONDUIT EMT D 2 DIAM 63MM,u,MATERIAL|u|0|UNION DE CONDUIT EMT D 2 DIAM 63MM,ALIAS-f5d8668519e46f98c1fafed7,0
D25-RU-758eee86ba943695dfc5,INSV1-6332977f8544f2852f9648ad,EC-GAD-DAULE-LPI-GADIMCD-2025-01,REGENERACION,MATERIAL,,TAPA DE GRAFITO ESFEROIDAL DE 60cm DE DIAMETRO CON RESISTENCIA 125 KN,UNIDAD,TAPA DE GRAFITO ESFEROIDAL DE 60CM DE DIAMETRO CON RESISTENCIA 125 KN,u,MATERIAL|u|0|TAPA DE GRAFITO ESFEROIDAL DE 60CM DE DIAMETRO CON RESISTENCIA 125 KN,ALIAS-a05106249dd50f23a2fb1384,0
D25-RU-309433e1a4d657e5742b,INSV1-92193edef7a6495f8c390b5f,EC-GAD-DAULE-LPI-GADIMCD-2025-01,REGENERACION,MATERIAL,,"TUBERIA PVC PRESION D= 2 1/2"" (75mm)",m,TUBERIA PVC PRESION D 2 1/2 75MM,m,MATERIAL|m|0|TUBERIA PVC PRESION D 2 1/2 75MM,ALIAS-ce50f0623d6de2f8b525cb6d,0
D25-RU-bebadbbbf5d988922234,INSV1-78c060a776bfdaf66e9318b4,EC-GAD-DAULE-LPI-GADIMCD-2025-01,REGENERACION,MATERIAL,,"CODO PVC PRESION E/C DE D=2 1/2"" (Ø75mm) x 90°",UNIDAD,CODO PVC PRESION E/C DE D 2 1/2 DIAM 75MM X 90,u,MATERIAL|u|0|CODO PVC PRESION E/C DE D 2 1/2 DIAM 75MM X 90,ALIAS-d7c88692f25d8a700ad8a5eb,0
D25-RU-91652233613d7fd832bb,INSV1-c01a9b43a2063bf2736caf63,EC-GAD-DAULE-LPI-GADIMCD-2025-01,REGENERACION,MATERIAL,,"POSTE METALICO TIPO T1 PARA INSTALACION DE SEMAFORO VEHICULAR Y PEATONAL H=4,00m",UNIDAD,POSTE METALICO TIPO T1 PARA INSTALACION DE SEMAFORO VEHICULAR Y PEATONAL H 4 00M,u,MATERIAL|u|0|POSTE METALICO TIPO T1 PARA INSTALACION DE SEMAFORO VEHICULAR Y PEATONAL H 4 00M,ALIAS-d1d867d8be83546b16294aef,0
D25-RU-f6c0b597f8caa0df3f18,INSV1-3c03bf050b8dffeb4a8dce54,EC-GAD-DAULE-LPI-GADIMCD-2025-01,REGENERACION,MATERIAL,,"POSTE METALICO TIPO T1 PARA INSTALACION DE SEMAFORO VEHICULAR Y PEATONAL H=5,50m",UNIDAD,POSTE METALICO TIPO T1 PARA INSTALACION DE SEMAFORO VEHICULAR Y PEATONAL H 5 50M,u,MATERIAL|u|0|POSTE METALICO TIPO T1 PARA INSTALACION DE SEMAFORO VEHICULAR Y PEATONAL H 5 50M,ALIAS-600923ae1d04b95eae1b8222,0
D25-RU-d39e59a28b2ffaf1e7e6,INSV1-17d710903cfe4bd709234e77,EC-GAD-DAULE-LPI-GADIMCD-2025-01,REGENERACION,MATERIAL,,"BUCIDA BUCERAS (OLIVO NEGRO H=3,00m - H=4,00m)",UNIDAD,BUCIDA BUCERAS OLIVO NEGRO H 3 00M - H 4 00M,u,MATERIAL|u|0|BUCIDA BUCERAS OLIVO NEGRO H 3 00M - H 4 00M,ALIAS-493b267cfc0dccbcf40e400f,0
D25-RU-c10447c6ce99be02dcd0,INSV1-bdc7be157bb4c7b10e7cf35a,EC-GAD-DAULE-LPI-GADIMCD-2025-01,REGENERACION,MATERIAL,,"DURANTA REPENS VAR. GOLD EDGE (DURANTA H=0,30m)",UNIDAD,DURANTA REPENS VAR. GOLD EDGE DURANTA H 0 30M,u,MATERIAL|u|0|DURANTA REPENS VAR. GOLD EDGE DURANTA H 0 30M,ALIAS-0a676ced3801e2988e3b97f7,0
D25-RU-1a839a6fa096f296f933,INSV1-ca10e32c72fd77357ad0798f,EC-GAD-DAULE-LPI-GADIMCD-2025-01,REGENERACION,MATERIAL,,2c AROQUIS PINTOI (CESPED MANI H=0.15m)25xm2,UNIDAD,2C AROQUIS PINTOI CESPED MANI H 0.15M 25XM2,u,MATERIAL|u|0|2C AROQUIS PINTOI CESPED MANI H 0.15M 25XM2,ALIAS-c9b82a73022d0be367d855af,0
D25-RU-1b21d1239e70e1225226,INSV1-b049f2184c597608f2d7723f,EC-GAD-DAULE-LPI-GADIMCD-2025-01,REGENERACION,MATERIAL,,SUSTRATO ORGANICO (TIERRA VEGETAL 40%),UNIDAD,SUSTRATO ORGANICO TIERRA VEGETAL 40%,u,MATERIAL|u|0|SUSTRATO ORGANICO TIERRA VEGETAL 40%,ALIAS-31c5a5ac2d78164daf24ef17,0
D25-RU-7b5714ab9290743d3ff2,INSV1-61c9535f6c79bfa50c485740,EC-GAD-DAULE-LPI-GADIMCD-2025-01,REGENERACION,MATERIAL,,ARCILLA FINA 40% (INCL. TRANSPORTE),m3,ARCILLA FINA 40% INCL. TRANSPORTE,m3,MATERIAL|m3|0|ARCILLA FINA 40% INCL. TRANSPORTE,ALIAS-0eb1880062acc5da5488adec,0
D25-RU-ff78fda6ae125bbdf1c5,INSV1-8b479e90784ef699ff53536c,EC-GAD-DAULE-LPI-GADIMCD-2025-01,REGENERACION,MATERIAL,,SUSTRATO ORGANICO (TIERRA VEGETAL 60% CON LIMO O ARCILLA FINA 40%),UNIDAD,SUSTRATO ORGANICO TIERRA VEGETAL 60% CON LIMO O ARCILLA FINA 40%,u,MATERIAL|u|0|SUSTRATO ORGANICO TIERRA VEGETAL 60% CON LIMO O ARCILLA FINA 40%,ALIAS-3e42f5eb24b1751dd3b37670,0
D25-RU-4ca1ee6c582a114384b5,INSV1-257a2030a322ecb378db067d,EC-GAD-DAULE-LPI-GADIMCD-2025-01,REGENERACION,MATERIAL,,TRATAMIENTO FITOSANITARIOS DE ARBOLES,UNIDAD,TRATAMIENTO FITOSANITARIOS DE ARBOLES,u,MATERIAL|u|0|TRATAMIENTO FITOSANITARIOS DE ARBOLES,ALIAS-24ea0820db79ae62452d7b7d,0
D25-RU-531b10505f23ad0f5b21,INSV1-d371726e15e9cf2a14018ea6,EC-GAD-DAULE-LPI-GADIMCD-2025-01,REGENERACION,MATERIAL,,TUTOR,UNIDAD,TUTOR,u,MATERIAL|u|0|TUTOR,ALIAS-de853c2604802dd95b4d5fa8,0
D25-RU-e54fa7d5599aa16b4f06,INSV1-ee9423da11051eb599c7b032,EC-GAD-DAULE-LPI-GADIMCD-2025-01,REGENERACION,MATERIAL,,FUMIGACION CONTROL FITOSANITARIO (INCL. AGUA),m2,FUMIGACION CONTROL FITOSANITARIO INCL. AGUA,m2,MATERIAL|m2|0|FUMIGACION CONTROL FITOSANITARIO INCL. AGUA,ALIAS-e6fa18aa1caf6892f4924361,0
D25-RU-dc43ed6401f7c25fc80f,INSV1-ead40edd1320b095f98d37f6,EC-GAD-DAULE-LPI-GADIMCD-2025-01,REGENERACION,MATERIAL,,FERTILIZACION (FOLIAR Y EDAFICA),m2,FERTILIZACION FOLIAR Y EDAFICA,m2,MATERIAL|m2|0|FERTILIZACION FOLIAR Y EDAFICA,ALIAS-9e4b9d359d0a514627321db0,0
D25-RU-0a90a35ae834db4f7a17,INSV1-1f0afe1f918240c797c16ac8,EC-GAD-DAULE-LPI-GADIMCD-2025-01,REGENERACION,EQUIPO,,ESCOBA MECANICA AUTOPROPULSADO,h,ESCOBA MECANICA AUTOPROPULSADO,h,EQUIPO|h|0|ESCOBA MECANICA AUTOPROPULSADO,ALIAS-ebb66ad4422da15bad57f46e,0
D25-RU-1aac1801f560ddeb93cb,INSV1-640ace25bc39930b9fcb9da8,EC-GAD-DAULE-LPI-GADIMCD-2025-01,REGENERACION,MANO_OBRA,,OPERADOR DE EQUIPO LIVIANO,h,OPERADOR DE EQUIPO LIVIANO,h,MANO_OBRA|h|0|OPERADOR DE EQUIPO LIVIANO,ALIAS-03598fd268ee2097ba07961a,0
D25-RU-3732616f6d615d67688d,INSV1-32590ba1ef4e476dc3dd4ed9,EC-GAD-DAULE-LPI-GADIMCD-2025-01,REGENERACION,MATERIAL,,SACOS,UNIDAD,SACOS,u,MATERIAL|u|0|SACOS,ALIAS-8f9e467ec951d91e81cfb018,0
D25-RU-93ce4bf57f969b693287,INSV1-125cc7f83d9a7a6408ce5c89,EC-GAD-DAULE-LPI-GADIMCD-2025-01,REGENERACION,MATERIAL,,TIERRA PREPARADA (INCL. TRANSPORTE),m3,TIERRA PREPARADA INCL. TRANSPORTE,m3,MATERIAL|m3|0|TIERRA PREPARADA INCL. TRANSPORTE,ALIAS-55da74231dc3e5915a4d42ae,0
D25-RU-6514813eff586eac1331,INSV1-b8a504968b9e8ecef1642477,EC-GAD-DAULE-LPI-GADIMCD-2025-01,REGENERACION,MATERIAL,,"TABEUIA CARAIBA (GUAYACAN AMARILLO H=3,00m - H=4,00m)",UNIDAD,TABEUIA CARAIBA GUAYACAN AMARILLO H 3 00M - H 4 00M,u,MATERIAL|u|0|TABEUIA CARAIBA GUAYACAN AMARILLO H 3 00M - H 4 00M,ALIAS-20e7a7d0dd09d7fa83d1cf0f,0
D25-RU-780fec32f4afdd5087e0,INSV1-45312f775316965bcdc0c8c4,EC-GAD-DAULE-LPI-GADIMCD-2025-01,REGENERACION,EQUIPO,,CAMION PARA ABASTECIMIENTO Y SUPERVISION,h,CAMION PARA ABASTECIMIENTO Y SUPERVISION,h,EQUIPO|h|0|CAMION PARA ABASTECIMIENTO Y SUPERVISION,ALIAS-7e8dde2bfbfdccd1e8fb5b92,0
D25-RU-540546b784e6518d80e2,INSV1-6ba13ca64f547728cbdc93fd,EC-GAD-DAULE-LPI-GADIMCD-2025-01,REGENERACION,MATERIAL,,PROVISION E INSTALACION DE SEÑAL VERTICAL INFORMATIVA O REGLAMENTARIA DE ALUMINIO DE 2mm CON VYNIL REFLECTIVO DE GRADO XI NORMA ASTM D4956 E IMPRESIÓN DIGITAL (INCL. ELEMENTOS DE SUJECION Y ESTRUCTURA Y SOPORTE 75x75 (LIMITE DE VELOCIDAD MAXIMA),UNIDAD,PROVISION E INSTALACION DE SENAL VERTICAL INFORMATIVA O REGLAMENTARIA DE ALUMINIO DE 2MM CON VYNIL REFLECTIVO DE GRADO XI NORMA ASTM D4956 E IMPRESION DIGITAL INCL. ELEMENTOS DE SUJECION Y ESTRUCTURA Y SOPORTE 75X75 LIMITE DE VELOCIDAD MAXIMA,u,MATERIAL|u|0|PROVISION E INSTALACION DE SENAL VERTICAL INFORMATIVA O REGLAMENTARIA DE ALUMINIO DE 2MM CON VYNIL REFLECTIVO DE GRADO XI NORMA ASTM D4956 E IMPRESION DIGITAL INCL. ELEMENTOS DE SUJECION Y ESTRUCTURA Y SOPORTE 75X75 LIMITE DE VELOCIDAD MAXIMA,ALIAS-20a8b39d7ef10ad4f218473e,0
D25-RU-7aa588c41ef0a407f853,INSV1-c0cc3d47377be673f5d15384,EC-GAD-DAULE-LPI-GADIMCD-2025-01,REGENERACION,MATERIAL,,PROVISION E INSTALACION DE SEÑAL VERTICAL INFORMATIVA O REGLAMENTARIA DE ALUMINIO DE 2mm CON VYNIL REFLECTIVO DE GRADO XI NORMA ASTM D4956 E IMPRESIÓN DIGITAL (INCL. ELEMENTO DE SUJECCION Y ESTRUCTURA Y SOPORTE 60x30 (GRAFICO DE GRUA),UNIDAD,PROVISION E INSTALACION DE SENAL VERTICAL INFORMATIVA O REGLAMENTARIA DE ALUMINIO DE 2MM CON VYNIL REFLECTIVO DE GRADO XI NORMA ASTM D4956 E IMPRESION DIGITAL INCL. ELEMENTO DE SUJECCION Y ESTRUCTURA Y SOPORTE 60X30 GRAFICO DE GRUA,u,MATERIAL|u|0|PROVISION E INSTALACION DE SENAL VERTICAL INFORMATIVA O REGLAMENTARIA DE ALUMINIO DE 2MM CON VYNIL REFLECTIVO DE GRADO XI NORMA ASTM D4956 E IMPRESION DIGITAL INCL. ELEMENTO DE SUJECCION Y ESTRUCTURA Y SOPORTE 60X30 GRAFICO DE GRUA,ALIAS-fbc8e2b2105486ddee3ab11b,0
D25-RU-e48793041a9c72c4c039,INSV1-c82cdac0b90e3b7f2cf215ae,EC-GAD-DAULE-LPI-GADIMCD-2025-01,REGENERACION,MATERIAL,,SEÑAL INFORMATIVA O REGLAMENTARIA AEREA DE ALUMINIO 2mm CON VYNIL REFLECTIVO DE GRADO XI NORMA ASTM D4956 E IMPRESIÓN DIGITAL (INCL. ELEMENTO DE SUJECCION Y ESTRUCTURA DE SOPORTE Y TRANSPORTE) (60x60 DISCO PARE),UNIDAD,SENAL INFORMATIVA O REGLAMENTARIA AEREA DE ALUMINIO 2MM CON VYNIL REFLECTIVO DE GRADO XI NORMA ASTM D4956 E IMPRESION DIGITAL INCL. ELEMENTO DE SUJECCION Y ESTRUCTURA DE SOPORTE Y TRANSPORTE 60X60 DISCO PARE,u,MATERIAL|u|0|SENAL INFORMATIVA O REGLAMENTARIA AEREA DE ALUMINIO 2MM CON VYNIL REFLECTIVO DE GRADO XI NORMA ASTM D4956 E IMPRESION DIGITAL INCL. ELEMENTO DE SUJECCION Y ESTRUCTURA DE SOPORTE Y TRANSPORTE 60X60 DISCO PARE,ALIAS-f007728e39f84ac4fac52bf7,0
D25-RU-93788e5ef3afa4bf3bc1,INSV1-c0117f08afc2bfc00329d523,EC-GAD-DAULE-LPI-GADIMCD-2025-01,REGENERACION,MATERIAL,,PROVISION E INSTALACION DE SEÑAL VERTICAL INFORMATIVA O REGLAMENTARIA DE ALUMINIO DE 2mm CON VYNIL REFLECTIVO DE GRADO XI NORMA ASTM D4956 E IMPRESIÓN DIGITAL (INCL. ELEMENTOS DE SUJECION Y ESTRUCTURA Y SOPORTE 60x60 (PROHIBIDO ESTACIONAR),UNIDAD,PROVISION E INSTALACION DE SENAL VERTICAL INFORMATIVA O REGLAMENTARIA DE ALUMINIO DE 2MM CON VYNIL REFLECTIVO DE GRADO XI NORMA ASTM D4956 E IMPRESION DIGITAL INCL. ELEMENTOS DE SUJECION Y ESTRUCTURA Y SOPORTE 60X60 PROHIBIDO ESTACIONAR,u,MATERIAL|u|0|PROVISION E INSTALACION DE SENAL VERTICAL INFORMATIVA O REGLAMENTARIA DE ALUMINIO DE 2MM CON VYNIL REFLECTIVO DE GRADO XI NORMA ASTM D4956 E IMPRESION DIGITAL INCL. ELEMENTOS DE SUJECION Y ESTRUCTURA Y SOPORTE 60X60 PROHIBIDO ESTACIONAR,ALIAS-60d0f331ca642ce707382f5e,0
D25-RU-016d5ca555410e0c7df6,INSV1-d4fdc9a152b7cdac026320e9,EC-GAD-DAULE-LPI-GADIMCD-2025-01,REGENERACION,MATERIAL,,SEÑAL INFORMATIVA O REGLAMENTARIA AEREA DE ALUMINIO 2mm CON VYNIL REFLECTIVO DE GRADO XI NORMA ASTM D4956 E IMPRESIÓN DIGITAL (INCL. ELEMENTO DE SUJECCION Y ESTRUCTURA DE SOPORTE Y TRANSPORTE) (90x30 UNA VIA),UNIDAD,SENAL INFORMATIVA O REGLAMENTARIA AEREA DE ALUMINIO 2MM CON VYNIL REFLECTIVO DE GRADO XI NORMA ASTM D4956 E IMPRESION DIGITAL INCL. ELEMENTO DE SUJECCION Y ESTRUCTURA DE SOPORTE Y TRANSPORTE 90X30 UNA VIA,u,MATERIAL|u|0|SENAL INFORMATIVA O REGLAMENTARIA AEREA DE ALUMINIO 2MM CON VYNIL REFLECTIVO DE GRADO XI NORMA ASTM D4956 E IMPRESION DIGITAL INCL. ELEMENTO DE SUJECCION Y ESTRUCTURA DE SOPORTE Y TRANSPORTE 90X30 UNA VIA,ALIAS-821be827b58f3c6677144c8a,0
D25-RU-cd384a38198749c8a73e,INSV1-8844e116b63471d5f2f57333,EC-GAD-DAULE-LPI-GADIMCD-2025-01,REGENERACION,MATERIAL,,PROVISION E INSTALACION DE SEÑAL VERTICAL INFORMATIVA O REGLAMENTARIA DE ALUMINIO DE 2mm CON VYNIL REFLECTIVO DE GRADO XI NORMA ASTM D4956 E IMPRESIÓN DIGITAL (INCL. ELEMENTOS DE SUJECION Y ESTRUCTURA Y SOPORTE 90x30 (DOBLE VIA),UNIDAD,PROVISION E INSTALACION DE SENAL VERTICAL INFORMATIVA O REGLAMENTARIA DE ALUMINIO DE 2MM CON VYNIL REFLECTIVO DE GRADO XI NORMA ASTM D4956 E IMPRESION DIGITAL INCL. ELEMENTOS DE SUJECION Y ESTRUCTURA Y SOPORTE 90X30 DOBLE VIA,u,MATERIAL|u|0|PROVISION E INSTALACION DE SENAL VERTICAL INFORMATIVA O REGLAMENTARIA DE ALUMINIO DE 2MM CON VYNIL REFLECTIVO DE GRADO XI NORMA ASTM D4956 E IMPRESION DIGITAL INCL. ELEMENTOS DE SUJECION Y ESTRUCTURA Y SOPORTE 90X30 DOBLE VIA,ALIAS-4e57f0e1814113103bbf234f,0
D25-RU-7ef5037628036b6f2ad2,INSV1-06ce62ab53b8d0fe0573d445,EC-GAD-DAULE-LPI-GADIMCD-2025-01,REGENERACION,MATERIAL,,SEÑAL INFORMATIVA O REGLAMENTARIA AEREA DE ALUMINIO 2mm CON VYNIL REFLECTIVO DE GRADO XI NORMA ASTM D4956 E IMPRESIÓN DIGITAL (INCL. ELEMENTO DE SUJECCION Y ESTRUCTURA DE SOPORTE (30x45 ESTACIONAMIENTO PERSONAS CON MOVILIDAD REDUCIDA),UNIDAD,SENAL INFORMATIVA O REGLAMENTARIA AEREA DE ALUMINIO 2MM CON VYNIL REFLECTIVO DE GRADO XI NORMA ASTM D4956 E IMPRESION DIGITAL INCL. ELEMENTO DE SUJECCION Y ESTRUCTURA DE SOPORTE 30X45 ESTACIONAMIENTO PERSONAS CON MOVILIDAD REDUCIDA,u,MATERIAL|u|0|SENAL INFORMATIVA O REGLAMENTARIA AEREA DE ALUMINIO 2MM CON VYNIL REFLECTIVO DE GRADO XI NORMA ASTM D4956 E IMPRESION DIGITAL INCL. ELEMENTO DE SUJECCION Y ESTRUCTURA DE SOPORTE 30X45 ESTACIONAMIENTO PERSONAS CON MOVILIDAD REDUCIDA,ALIAS-2588243ab80b7ededcaa3f79,0
D25-RU-e9081f448d4a277812c6,INSV1-800d53ee5bf7d41ab8d89b5f,EC-GAD-DAULE-LPI-GADIMCD-2025-01,REGENERACION,MATERIAL,,SEÑAL INFORMATIVA O REGLAMENTARIA AEREA DE ALUMINIO 2mm CON VYNIL REFLECTIVO DE GRADO XI NORMA ASTM D4956 E IMPRESIÓN DIGITAL (INCL. ELEMENTO DE SUJECCION Y ESTRUCTURA DE SOPORTE Y TRANSPORTE) (60x60 PERMITIDO ESTACIONAR),UNIDAD,SENAL INFORMATIVA O REGLAMENTARIA AEREA DE ALUMINIO 2MM CON VYNIL REFLECTIVO DE GRADO XI NORMA ASTM D4956 E IMPRESION DIGITAL INCL. ELEMENTO DE SUJECCION Y ESTRUCTURA DE SOPORTE Y TRANSPORTE 60X60 PERMITIDO ESTACIONAR,u,MATERIAL|u|0|SENAL INFORMATIVA O REGLAMENTARIA AEREA DE ALUMINIO 2MM CON VYNIL REFLECTIVO DE GRADO XI NORMA ASTM D4956 E IMPRESION DIGITAL INCL. ELEMENTO DE SUJECCION Y ESTRUCTURA DE SOPORTE Y TRANSPORTE 60X60 PERMITIDO ESTACIONAR,ALIAS-114daea5f438debdb4b325d1,0
D25-RU-a905eb344c7bf5fa1e8e,INSV1-2b9130e38800886420d65988,EC-GAD-DAULE-LPI-GADIMCD-2025-01,REGENERACION,MATERIAL,,SEÑAL INFORMATIVA O REGLAMENTARIA AEREA DE ALUMINIO 2mm CON VYNIL REFLECTIVO DE GRADO XI NORMA ASTM D4956 E IMPRESIÓN DIGITAL (INCL. ELEMENTO DE SUJECCION Y ESTRUCTURA DE SOPORTE Y TRANSPORTE) (PROXIMIDAD DE CRUCE DE CICLOVIA),UNIDAD,SENAL INFORMATIVA O REGLAMENTARIA AEREA DE ALUMINIO 2MM CON VYNIL REFLECTIVO DE GRADO XI NORMA ASTM D4956 E IMPRESION DIGITAL INCL. ELEMENTO DE SUJECCION Y ESTRUCTURA DE SOPORTE Y TRANSPORTE PROXIMIDAD DE CRUCE DE CICLOVIA,u,MATERIAL|u|0|SENAL INFORMATIVA O REGLAMENTARIA AEREA DE ALUMINIO 2MM CON VYNIL REFLECTIVO DE GRADO XI NORMA ASTM D4956 E IMPRESION DIGITAL INCL. ELEMENTO DE SUJECCION Y ESTRUCTURA DE SOPORTE Y TRANSPORTE PROXIMIDAD DE CRUCE DE CICLOVIA,ALIAS-e5b98ae0a835e6bd9b94ed82,0
D25-RU-6d1380bb57219315d310,INSV1-67cb531f05a1a99756028ae0,EC-GAD-DAULE-LPI-GADIMCD-2025-01,REGENERACION,MATERIAL,,LETRERO DE NOMBRE DE CALLES EN LOS PREDIOS ESQUINEROS SEGÚN ESPECIFICACIONES,UNIDAD,LETRERO DE NOMBRE DE CALLES EN LOS PREDIOS ESQUINEROS SEGUN ESPECIFICACIONES,u,MATERIAL|u|0|LETRERO DE NOMBRE DE CALLES EN LOS PREDIOS ESQUINEROS SEGUN ESPECIFICACIONES,ALIAS-8360d566fca41a6735dbcb24,0
D25-RU-0475dc59d0edf04a183d,INSV1-c206a17ec16dc81e543ad829,EC-GAD-DAULE-LPI-GADIMCD-2025-01,REGENERACION,MATERIAL,,ACCESORIOS DE FIJACION ACERO INOXIDABLE,GLOBAL,ACCESORIOS DE FIJACION ACERO INOXIDABLE,glb,MATERIAL|glb|0|ACCESORIOS DE FIJACION ACERO INOXIDABLE,ALIAS-afaf868a1ae654d22844dd94,0
D25-RU-7032ac0eb9888f5117aa,INSV1-9acc8e71d48c855806792aa2,EC-GAD-DAULE-LPI-GADIMCD-2025-01,REGENERACION,MATERIAL,,"PROVISION E INSTALACION DE SEÑAL VERTICAL INFORMATIVA O REGLAMENTARIA DE ALUMINIO DE 2mm CON VYNIL REFLECTIVO DE GRADO XI NORMA ASTM D4956 E IMPRESIÓN DIGITAL (INCL. ELEMENTOS DE SUJECION, ESTRUCTURA Y SOPORTE 60x60 (NO ENTRE)",UNIDAD,PROVISION E INSTALACION DE SENAL VERTICAL INFORMATIVA O REGLAMENTARIA DE ALUMINIO DE 2MM CON VYNIL REFLECTIVO DE GRADO XI NORMA ASTM D4956 E IMPRESION DIGITAL INCL. ELEMENTOS DE SUJECION ESTRUCTURA Y SOPORTE 60X60 NO ENTRE,u,MATERIAL|u|0|PROVISION E INSTALACION DE SENAL VERTICAL INFORMATIVA O REGLAMENTARIA DE ALUMINIO DE 2MM CON VYNIL REFLECTIVO DE GRADO XI NORMA ASTM D4956 E IMPRESION DIGITAL INCL. ELEMENTOS DE SUJECION ESTRUCTURA Y SOPORTE 60X60 NO ENTRE,ALIAS-ad1b713d0e38e7c829945b39,0
D25-RU-2bb5db68e4852ab2dd62,INSV1-b1d0f6afc5ef7767dbe3e0ba,EC-GAD-DAULE-LPI-GADIMCD-2025-01,REGENERACION,MATERIAL,,"PROVISION E INSTALACION DE SEÑAL VERTICAL INFORMATIVA O REGLAMENTARIA DE ALUMINIO DE 2mm CON VYNIL REFLECTIVO DE GRADO XI NORMA ASTM D4956 E IMPRESIÓN DIGITAL (INCL. ELEMENTOS DE SUJECION, ESTRUCTURA Y SOPORTE 60x60 (SOLO BICICLETAS)",UNIDAD,PROVISION E INSTALACION DE SENAL VERTICAL INFORMATIVA O REGLAMENTARIA DE ALUMINIO DE 2MM CON VYNIL REFLECTIVO DE GRADO XI NORMA ASTM D4956 E IMPRESION DIGITAL INCL. ELEMENTOS DE SUJECION ESTRUCTURA Y SOPORTE 60X60 SOLO BICICLETAS,u,MATERIAL|u|0|PROVISION E INSTALACION DE SENAL VERTICAL INFORMATIVA O REGLAMENTARIA DE ALUMINIO DE 2MM CON VYNIL REFLECTIVO DE GRADO XI NORMA ASTM D4956 E IMPRESION DIGITAL INCL. ELEMENTOS DE SUJECION ESTRUCTURA Y SOPORTE 60X60 SOLO BICICLETAS,ALIAS-abb5d08c7496eea63efa5e10,0
D25-RU-1cd068cf50baaaded9ee,INSV1-fdbc1d35f72d19a583ee3a26,EC-GAD-DAULE-LPI-GADIMCD-2025-01,REGENERACION,MATERIAL,,"PROVISION E INSTALACION DE SEÑAL VERTICAL INFORMATIVA O REGLAMENTARIA DE ALUMINIO DE 2mm CON VYNIL REFLECTIVO DE GRADO XI NORMA ASTM D4956 E IMPRESIÓN DIGITAL (INCL. ELEMENTOS DE SUJECION, ESTRUCTURA Y SOPORTE 60x60 (SOLO MOTOCICLETAS))",UNIDAD,PROVISION E INSTALACION DE SENAL VERTICAL INFORMATIVA O REGLAMENTARIA DE ALUMINIO DE 2MM CON VYNIL REFLECTIVO DE GRADO XI NORMA ASTM D4956 E IMPRESION DIGITAL INCL. ELEMENTOS DE SUJECION ESTRUCTURA Y SOPORTE 60X60 SOLO MOTOCICLETAS,u,MATERIAL|u|0|PROVISION E INSTALACION DE SENAL VERTICAL INFORMATIVA O REGLAMENTARIA DE ALUMINIO DE 2MM CON VYNIL REFLECTIVO DE GRADO XI NORMA ASTM D4956 E IMPRESION DIGITAL INCL. ELEMENTOS DE SUJECION ESTRUCTURA Y SOPORTE 60X60 SOLO MOTOCICLETAS,ALIAS-699fb360a18cae4ee0be56f8,0
D25-RU-962c6dc9dd8fc2062092,INSV1-d76a5379cc8dd909573d5c3d,EC-GAD-DAULE-LPI-GADIMCD-2025-01,REGENERACION,MATERIAL,,"PROVISION E INSTALACION DE MODULO PARA PARQUEO DE BICICLETAS TUBO DE ACERO INOXIDABLE D=2"" E=2mm (INCL. BASE DE HORMIGON)",UNIDAD,PROVISION E INSTALACION DE MODULO PARA PARQUEO DE BICICLETAS TUBO DE ACERO INOXIDABLE D 2 E 2MM INCL. BASE DE HORMIGON,u,MATERIAL|u|0|PROVISION E INSTALACION DE MODULO PARA PARQUEO DE BICICLETAS TUBO DE ACERO INOXIDABLE D 2 E 2MM INCL. BASE DE HORMIGON,ALIAS-cf5e080a7872628f3a71c23a,0
D25-RU-318dc4635bf210829f61,INSV1-d3a86378ad8f8627872b2cea,EC-GAD-DAULE-LPI-GADIMCD-2025-01,REGENERACION,EQUIPO,,CALDERA 1500 LB,h,CALDERA 1500 LB,h,EQUIPO|h|0|CALDERA 1500 LB,ALIAS-73f5be1f8f7a002c6a4b6ac1,0
D25-RU-7864eb4c259abbfb0f31,INSV1-d28905ba0439009ea834b5b0,EC-GAD-DAULE-LPI-GADIMCD-2025-01,REGENERACION,EQUIPO,,SOPLADORA DE ALTO DESEMPEÑO 2 HP,h,SOPLADORA DE ALTO DESEMPENO 2 HP,h,EQUIPO|h|0|SOPLADORA DE ALTO DESEMPENO 2 HP,ALIAS-0bcd394889060e1e38fa79c2,0
D25-RU-431e02ed448f4247c7c4,INSV1-a991a77a088384f29cd76676,EC-GAD-DAULE-LPI-GADIMCD-2025-01,REGENERACION,EQUIPO,,FRANJADORA AUTOPROPULSADA + APLICADOR PRIMER,h,FRANJADORA AUTOPROPULSADA + APLICADOR PRIMER,h,EQUIPO|h|0|FRANJADORA AUTOPROPULSADA + APLICADOR PRIMER,ALIAS-71c9abbde6dcc746417ca8a2,0
D25-RU-d42cc780d2109fb081b5,INSV1-c9b714a8eb9cc5bee02754d5,EC-GAD-DAULE-LPI-GADIMCD-2025-01,REGENERACION,MANO_OBRA,,OPERADOR TERMOFORMADO,h,OPERADOR TERMOFORMADO,h,MANO_OBRA|h|0|OPERADOR TERMOFORMADO,ALIAS-e8af30545b2427eab55ea831,0
D25-RU-96e7abb5dd5ff1f52c55,INSV1-1484905914c9ebb1d72318e4,EC-GAD-DAULE-LPI-GADIMCD-2025-01,REGENERACION,MANO_OBRA,,"OPERADOR DE TRACTOR DE RUEDAS (BARREDORA, CEGADORA, RODILLO REMOLCADO, FRANJEADORA)",h,OPERADOR DE TRACTOR DE RUEDAS BARREDORA CEGADORA RODILLO REMOLCADO FRANJEADORA,h,MANO_OBRA|h|0|OPERADOR DE TRACTOR DE RUEDAS BARREDORA CEGADORA RODILLO REMOLCADO FRANJEADORA,ALIAS-8d7c7efac451d1edcc83e654,0
D25-RU-9e86967e926fcb50db57,INSV1-bc39763e41d1b401b2d4e34f,EC-GAD-DAULE-LPI-GADIMCD-2025-01,REGENERACION,MATERIAL,,PINTURA TERMOPLASTICA E=2.3mm (20 KG),Kg,PINTURA TERMOPLASTICA E 2.3MM 20 KG,kg,MATERIAL|kg|0|PINTURA TERMOPLASTICA E 2.3MM 20 KG,ALIAS-00aa67de99ae450c92db03d4,0
D25-RU-debecb02fda333c3aac5,INSV1-f7ced7def770b9e44363e924,EC-GAD-DAULE-LPI-GADIMCD-2025-01,REGENERACION,MATERIAL,,MICROESFERA TIPO I,Kg,MICROESFERA TIPO I,kg,MATERIAL|kg|0|MICROESFERA TIPO I,ALIAS-23b82065465baa6e2c4a3f08,0
D25-RU-8d6738df9440832c1b49,INSV1-86f07dbb8a1c2170ea34bb1a,EC-GAD-DAULE-LPI-GADIMCD-2025-01,REGENERACION,MATERIAL,,MICROESFERA TIPO IV,Kg,MICROESFERA TIPO IV,kg,MATERIAL|kg|0|MICROESFERA TIPO IV,ALIAS-4bad4c95f060aad072537feb,0
D25-RU-f513503103e1938ddabe,INSV1-628edb1eb88bde4cb27eb75e,EC-GAD-DAULE-LPI-GADIMCD-2025-01,REGENERACION,MATERIAL,,IMPRIMANTE EPOXICO,GALON,IMPRIMANTE EPOXICO,galon,MATERIAL|galon|0|IMPRIMANTE EPOXICO,ALIAS-401c7ab81d3fbecd2531cc0c,0
D25-RU-e1fb566831f2021e3f2f,INSV1-6d58354e0158ce5ca50c8a9d,EC-GAD-DAULE-LPI-GADIMCD-2025-01,REGENERACION,EQUIPO,,ANTORCHA,h,ANTORCHA,h,EQUIPO|h|0|ANTORCHA,ALIAS-a794a39724c3a9477f2d962a,0
D25-RU-64436ded9478b6bc417e,INSV1-60707b9d7057df2d5cb8027e,EC-GAD-DAULE-LPI-GADIMCD-2025-01,REGENERACION,MATERIAL,,"PREFORMADO TERMOPLASTICO DE E=2,3mm DISEÑO FLECHA, PASO CEBRA, LINEA DE PARE",m2,PREFORMADO TERMOPLASTICO DE E 2 3MM DISENO FLECHA PASO CEBRA LINEA DE PARE,m2,MATERIAL|m2|0|PREFORMADO TERMOPLASTICO DE E 2 3MM DISENO FLECHA PASO CEBRA LINEA DE PARE,ALIAS-fa8e5ffbcc3daba4981c827b,0
D25-RU-df279ba35179118cc9c7,INSV1-8a0cfad4ad900a6b5236c7bf,EC-GAD-DAULE-LPI-GADIMCD-2025-01,REGENERACION,MATERIAL,,GAS INDUSTRIAL (GLP),Kg,GAS INDUSTRIAL GLP,kg,MATERIAL|kg|0|GAS INDUSTRIAL GLP,ALIAS-3ffb923eec611a1ed6f55b92,0
D25-RU-b8510f2ee7c7df5a12b7,INSV1-b57cbf220a5ee8d054b2acc1,EC-GAD-DAULE-LPI-GADIMCD-2025-01,REGENERACION,MATERIAL,,"DISEÑO ""MINUSVALIDO"" 1,7x1,8m EN TERMOPLASTICO PREFORMADO DE E=2,3mm COLOR BLANCO O AMARILLO (INCL. INSUMO VARIOS)",UNIDAD,DISENO MINUSVALIDO 1 7X1 8M EN TERMOPLASTICO PREFORMADO DE E 2 3MM COLOR BLANCO O AMARILLO INCL. INSUMO VARIOS,u,MATERIAL|u|0|DISENO MINUSVALIDO 1 7X1 8M EN TERMOPLASTICO PREFORMADO DE E 2 3MM COLOR BLANCO O AMARILLO INCL. INSUMO VARIOS,ALIAS-fd55105bca3a17b4914a8a24,0
D25-RU-8c2e8a0e99410052fe0e,INSV1-7211f6ecceba0fa67218f76e,EC-GAD-DAULE-LPI-GADIMCD-2025-01,REGENERACION,MATERIAL,,SECCIONADOR DE FUSIBLE 100A - 15KV,UNIDAD,SECCIONADOR DE FUSIBLE 100A - 15KV,u,MATERIAL|u|0|SECCIONADOR DE FUSIBLE 100A - 15KV,ALIAS-6ace522ad04571c4617fd576,0
D25-RU-6ec25c1461afa40f0878,INSV1-6eb6d3c4bdbeb47acb39cdaf,EC-GAD-DAULE-LPI-GADIMCD-2025-01,REGENERACION,MATERIAL,,ESTRIBO DE ALUMINIO CON CONECTORES,UNIDAD,ESTRIBO DE ALUMINIO CON CONECTORES,u,MATERIAL|u|0|ESTRIBO DE ALUMINIO CON CONECTORES,ALIAS-8864a1c96a86a57ad4da3f00,0
D25-RU-a42435f8883659a8e5fa,INSV1-3486e548ded1700e7720be88,EC-GAD-DAULE-LPI-GADIMCD-2025-01,REGENERACION,MATERIAL,,GRAPA LINEA VIVA #2 AWG,UNIDAD,GRAPA LINEA VIVA 2 AWG,u,MATERIAL|u|0|GRAPA LINEA VIVA 2 AWG,ALIAS-f682537925ef66aee35dca11,0
D25-RU-ddce3807abfb3e19ab75,INSV1-e72b132b696e2b6f6af45053,EC-GAD-DAULE-LPI-GADIMCD-2025-01,REGENERACION,MATERIAL,,TACHAS REFLECTIVAS TIPO BIDIRECCIONAL,UNIDAD,TACHAS REFLECTIVAS TIPO BIDIRECCIONAL,u,MATERIAL|u|0|TACHAS REFLECTIVAS TIPO BIDIRECCIONAL,ALIAS-97501218db5a69301604ec70,0
D25-RU-edde59bb8b668f3dd98e,INSV1-1ef224858ba33176b316354e,EC-GAD-DAULE-LPI-GADIMCD-2025-01,REGENERACION,MATERIAL,,PEGAMENTO EPOXICO BI-COMPONENTE A+B PARA TACHAS,CANECA,PEGAMENTO EPOXICO BI-COMPONENTE A+B PARA TACHAS,caneca,MATERIAL|caneca|0|PEGAMENTO EPOXICO BI-COMPONENTE A+B PARA TACHAS,ALIAS-cab1560bac11f1a4a0d8dc7e,0
D25-RU-753324048d150c1110be,INSV1-01bb7893e6d71674a60866ff,EC-GAD-DAULE-LPI-GADIMCD-2025-01,REGENERACION,MATERIAL,,"LETRERO DE HOMBRE TRABAJANDO, PELIGRO, USO RACIONAL DE BOCINA, VELOCIDAD MAXIMA, ETC",UNIDAD,LETRERO DE HOMBRE TRABAJANDO PELIGRO USO RACIONAL DE BOCINA VELOCIDAD MAXIMA ETC,u,MATERIAL|u|0|LETRERO DE HOMBRE TRABAJANDO PELIGRO USO RACIONAL DE BOCINA VELOCIDAD MAXIMA ETC,ALIAS-e553647be36d2f0f5a58ece6,0
D25-RU-a9f8e89eb92c0fa744d1,INSV1-4079e3455c4f26e8835a07a8,EC-GAD-DAULE-LPI-GADIMCD-2025-01,REGENERACION,MATERIAL,,TACHOS METALICOS DE 55 GALONES,UNIDAD,TACHOS METALICOS DE 55 GALONES,u,MATERIAL|u|0|TACHOS METALICOS DE 55 GALONES,ALIAS-aab7e1bd3cfe42a9c445888c,0
D25-RU-4ddd04151250e803099b,INSV1-7ccd1b8c91c3a5f02f22e041,EC-GAD-DAULE-LPI-GADIMCD-2025-01,REGENERACION,MATERIAL,,BASES DE HORMIGON ARMADO,UNIDAD,BASES DE HORMIGON ARMADO,u,MATERIAL|u|0|BASES DE HORMIGON ARMADO,ALIAS-19f883cb9b111f98de65b6b1,0
D25-RU-297b5301d58610169046,INSV1-b35f2e9b85534feac06abb74,EC-GAD-DAULE-LPI-GADIMCD-2025-01,REGENERACION,MANO_OBRA,,TECNICO EN OBRAS CIVILES,h,TECNICO EN OBRAS CIVILES,h,MANO_OBRA|h|0|TECNICO EN OBRAS CIVILES,ALIAS-4f70946bdf27a721da60344a,0
D25-RU-26fa3ba76d52aa302963,INSV1-de7676e29c96ffef3d12a532,EC-GAD-DAULE-LPI-GADIMCD-2025-01,REGENERACION,MATERIAL,,CHARLA DE CAPACITACION,UNIDAD,CHARLA DE CAPACITACION,u,MATERIAL|u|0|CHARLA DE CAPACITACION,ALIAS-21eab9e1617327520c0e3641,0
D25-RU-9d559a0942125ba89fa7,INSV1-cc8a16e750aef1719a1e5fe4,EC-GAD-DAULE-LPI-GADIMCD-2025-01,REGENERACION,MATERIAL,,FOLLETO INFORMATIVO,UNIDAD,FOLLETO INFORMATIVO,u,MATERIAL|u|0|FOLLETO INFORMATIVO,ALIAS-e9a5d3c8842d668131157b99,0
D25-RU-add664f4d63a2c6a422b,INSV1-58e91d3bfc1539f5b5d18a6d,EC-GAD-DAULE-LPI-GADIMCD-2025-01,REGENERACION,MATERIAL,,PROYECTOR DE VIDEOS,UNIDAD,PROYECTOR DE VIDEOS,u,MATERIAL|u|0|PROYECTOR DE VIDEOS,ALIAS-092e0ece25ad011741305233,0
D25-RU-810de42d45dc2de2a5b9,INSV1-5ad7015529af8d7f512078b3,EC-GAD-DAULE-LPI-GADIMCD-2025-01,REGENERACION,MATERIAL,,PAPELOGRAFO,UNIDAD,PAPELOGRAFO,u,MATERIAL|u|0|PAPELOGRAFO,ALIAS-4a632e4751de6bafba9203f8,0
D25-RU-e5ec90453db075e8742d,INSV1-1037e47ddcaa1c8809c1ae31,EC-GAD-DAULE-LPI-GADIMCD-2025-01,REGENERACION,MATERIAL,,EQUIPO ELECTRONICO PARA PRESENTACION DE LA CAPACITACION,UNIDAD,EQUIPO ELECTRONICO PARA PRESENTACION DE LA CAPACITACION,u,MATERIAL|u|0|EQUIPO ELECTRONICO PARA PRESENTACION DE LA CAPACITACION,ALIAS-ca28c5a515bbdea720513886,0
D25-RU-569edc921909fa6856ca,INSV1-c903c152a71e2d82814c88f7,EC-GAD-DAULE-LPI-GADIMCD-2025-01,REGENERACION,MATERIAL,,"CINTA DEMARCATORIAS DE ADVERTENCIA ""PELIGRO"" DE COLOR AMARILLO CON LETRAS NEGRAS (ROLLO: ANCHO= 4"" x 250m)",ROLLO,CINTA DEMARCATORIAS DE ADVERTENCIA PELIGRO DE COLOR AMARILLO CON LETRAS NEGRAS ROLLO ANCHO 4 X 250M,rollo,MATERIAL|rollo|0|CINTA DEMARCATORIAS DE ADVERTENCIA PELIGRO DE COLOR AMARILLO CON LETRAS NEGRAS ROLLO ANCHO 4 X 250M,ALIAS-8e4c995ed46e884b47db4407,0
D25-RU-160d2935e43744c15711,INSV1-469aeddca0fa743cbf8edd85,EC-GAD-DAULE-LPI-GADIMCD-2025-01,REGENERACION,MANO_OBRA,,AYUDANTE DE CARPINTERO,h,AYUDANTE DE CARPINTERO,h,MANO_OBRA|h|0|AYUDANTE DE CARPINTERO,ALIAS-2c786613bc1b90f4df0bde07,0
D25-RU-dfee32bd90a697e759bb,INSV1-a91875efb7ef0456462185bf,EC-GAD-DAULE-LPI-GADIMCD-2025-01,REGENERACION,MATERIAL,,TUBO CUADRADO DE ACERO INOXIDABLE 50x50 E=3mm,m,TUBO CUADRADO DE ACERO INOXIDABLE 50X50 E 3MM,m,MATERIAL|m|0|TUBO CUADRADO DE ACERO INOXIDABLE 50X50 E 3MM,ALIAS-9fd0fc675ad03ec76eccabf6,0
D25-RU-02b8edae9fa12d983c4b,INSV1-2f9ea8759cb60a18b00cb15f,EC-GAD-DAULE-LPI-GADIMCD-2025-01,REGENERACION,MATERIAL,,LONA DE 13 ONZAS IMPRESA CON PINTURA ECOSOLVENTE,m2,LONA DE 13 ONZAS IMPRESA CON PINTURA ECOSOLVENTE,m2,MATERIAL|m2|0|LONA DE 13 ONZAS IMPRESA CON PINTURA ECOSOLVENTE,ALIAS-92b077009c23f4a2cafc0dc6,0
D25-RU-332c14acbb88d2c4e367,INSV1-51171b85f75dd64c0cfa2969,EC-GAD-DAULE-LPI-GADIMCD-2025-01,REGENERACION,MATERIAL,,LIJA #240,UNIDAD,LIJA 240,u,MATERIAL|u|0|LIJA 240,ALIAS-05fa6e79f729a904086c817c,0
D25-RU-3033558ec74067be9b49,INSV1-bb7c6805c78eb41cdb654966,EC-GAD-DAULE-LPI-GADIMCD-2025-01,REGENERACION,MATERIAL,,MALLA PLASTICA DE SEGURIDAD COLOR REFLECTIVO,m,MALLA PLASTICA DE SEGURIDAD COLOR REFLECTIVO,m,MATERIAL|m|0|MALLA PLASTICA DE SEGURIDAD COLOR REFLECTIVO,ALIAS-ae7d0b077e105a1abec88458,0
D25-RU-cc44de1e0b5d15398cf2,INSV1-1e1e3260826ef88ae26e4abe,EC-GAD-DAULE-LPI-GADIMCD-2025-01,REGENERACION,MATERIAL,,PALETA DE - PARE/SIGA,UNIDAD,PALETA DE - PARE/SIGA,u,MATERIAL|u|0|PALETA DE - PARE/SIGA,ALIAS-6a1903f49b7b37f614e00239,0
D25-RU-432b55ca1df88126cf72,INSV1-4fc13712ba041dfdff377598,EC-GAD-DAULE-LPI-GADIMCD-2025-01,REGENERACION,MATERIAL,,TANQUETA DE POLIETILENO DE BAJA DENSIDAD CON H=102cm; D=71cm CON BASE,UNIDAD,TANQUETA DE POLIETILENO DE BAJA DENSIDAD CON H 102CM D 71CM CON BASE,u,MATERIAL|u|0|TANQUETA DE POLIETILENO DE BAJA DENSIDAD CON H 102CM D 71CM CON BASE,ALIAS-bcf9e48de2a26ac1387359d8,0
D25-RU-0ff86af08bb701bf3434,INSV1-ab7a9b27979c45176aa576c7,EC-GAD-DAULE-LPI-GADIMCD-2025-01,REGENERACION,MATERIAL,,DELINEADOR TUBULAR EN PVC (INCL. LASTRE (ARENA) O AGUA),UNIDAD,DELINEADOR TUBULAR EN PVC INCL. LASTRE ARENA O AGUA,u,MATERIAL|u|0|DELINEADOR TUBULAR EN PVC INCL. LASTRE ARENA O AGUA,ALIAS-bc2c1f26a2d921eb32c4682b,0
D25-RU-5e2693362642d4b2b270,INSV1-1f61eb8f94aeae8855acdb17,EC-GAD-DAULE-LPI-GADIMCD-2025-01,REGENERACION,MATERIAL,,CASCOS DE PROTECCION TIPO IG-NTE INEM 146 (COLOR BLANCO O AMARILLO),UNIDAD,CASCOS DE PROTECCION TIPO IG-NTE INEM 146 COLOR BLANCO O AMARILLO,u,MATERIAL|u|0|CASCOS DE PROTECCION TIPO IG-NTE INEM 146 COLOR BLANCO O AMARILLO,ALIAS-21388ce0c6a1c5960ba44bc0,0
D25-RU-134a67e668b8f263b67c,INSV1-618d623248ff7b32ebf64df3,EC-GAD-DAULE-LPI-GADIMCD-2025-01,REGENERACION,MATERIAL,,CHALECOS REFLECTIVOS,UNIDAD,CHALECOS REFLECTIVOS,u,MATERIAL|u|0|CHALECOS REFLECTIVOS,ALIAS-ecf93834b6efa36131724a8d,0
D25-RU-8f09dd3428249b099dbd,INSV1-c7422199104e2473381f67d5,EC-GAD-DAULE-LPI-GADIMCD-2025-01,REGENERACION,MATERIAL,,BOTAS DE CAUCHO,UNIDAD,BOTAS DE CAUCHO,u,MATERIAL|u|0|BOTAS DE CAUCHO,ALIAS-636c2e9dbd73beba469363ab,0
D25-RU-79e84aedbe3be26be926,INSV1-b8b2dddcdbeff82722092caa,EC-GAD-DAULE-LPI-GADIMCD-2025-01,REGENERACION,MATERIAL,,GUANTES DE PROTECCION PUNTAS DE PVC (PAR),UNIDAD,GUANTES DE PROTECCION PUNTAS DE PVC PAR,u,MATERIAL|u|0|GUANTES DE PROTECCION PUNTAS DE PVC PAR,ALIAS-43730e6398bfe73a47bd5ac8,0
D25-RU-9132489b2b042c33cfcb,INSV1-51c19b473f6c236e2b87a1cc,EC-GAD-DAULE-LPI-GADIMCD-2025-01,REGENERACION,MATERIAL,,GAFAS DE PROTECCION (ANTIEMPAÑANTES Y TRANSPARENTES),UNIDAD,GAFAS DE PROTECCION ANTIEMPANANTES Y TRANSPARENTES,u,MATERIAL|u|0|GAFAS DE PROTECCION ANTIEMPANANTES Y TRANSPARENTES,ALIAS-7b60f519ac79be324fbf1660,0
D25-RU-a7871a9f63d800cc0139,INSV1-768cc25239773f32d9e9852a,EC-GAD-DAULE-LPI-GADIMCD-2025-01,REGENERACION,MATERIAL,,"BUZON CON CINTA REFLECTIVA EN EL PECHO Y ESPALDA (INCL. LOGO DE LA ""ENTIDAD"" Y ""CONTRATISTA"")",UNIDAD,BUZON CON CINTA REFLECTIVA EN EL PECHO Y ESPALDA INCL. LOGO DE LA ENTIDAD Y CONTRATISTA,u,MATERIAL|u|0|BUZON CON CINTA REFLECTIVA EN EL PECHO Y ESPALDA INCL. LOGO DE LA ENTIDAD Y CONTRATISTA,ALIAS-4082b4f4868023e28f4aae1c,0
D25-RU-76873db63026ead76350,INSV1-317bfb591f3896999089b225,EC-GAD-DAULE-LPI-GADIMCD-2025-01,REGENERACION,MATERIAL,,BOTAS DE SEGURIDAD INDUSTRIAL (INCL. PUNTAS DE ACERO Y PLANTILLA ANTIPERFORANTE) (PAR),UNIDAD,BOTAS DE SEGURIDAD INDUSTRIAL INCL. PUNTAS DE ACERO Y PLANTILLA ANTIPERFORANTE PAR,u,MATERIAL|u|0|BOTAS DE SEGURIDAD INDUSTRIAL INCL. PUNTAS DE ACERO Y PLANTILLA ANTIPERFORANTE PAR,ALIAS-31a5e4b137fd3cdd2ed49759,0
D25-RU-303c9574b82a0f8e7d65,INSV1-3c5835cffd6ba89ae4bceb99,EC-GAD-DAULE-LPI-GADIMCD-2025-01,REGENERACION,MATERIAL,,TAPONES AUDITIVO REUTILIZABLES 25DB NRR - (PAR),UNIDAD,TAPONES AUDITIVO REUTILIZABLES 25DB NRR - PAR,u,MATERIAL|u|0|TAPONES AUDITIVO REUTILIZABLES 25DB NRR - PAR,ALIAS-237dc5956bcedb9617a783dc,0
D25-RU-916b7feae1ef755dcf8e,INSV1-2d40b16660f6bfae882dd0f9,EC-GAD-DAULE-LPI-GADIMCD-2025-01,REGENERACION,MATERIAL,,PANTALON JEAN CON CINTA REFLECTIVA,UNIDAD,PANTALON JEAN CON CINTA REFLECTIVA,u,MATERIAL|u|0|PANTALON JEAN CON CINTA REFLECTIVA,ALIAS-882271a088beff82ee6345b4,0
D25-RU-245649a5431ed5b3bb3d,INSV1-f1bf600256d2e52e98eb037f,EC-GAD-DAULE-LPI-GADIMCD-2025-01,REGENERACION,MATERIAL,,"PLANCHA PLYWOOD 4,00x8,00x5,20 mm",UNIDAD,PLANCHA PLYWOOD 4 00X8 00X5 20 MM,u,MATERIAL|u|0|PLANCHA PLYWOOD 4 00X8 00X5 20 MM,ALIAS-b12b0257f82698baed2b585a,0
D25-RU-2429f00c4421ba7ae824,INSV1-a28fde72fa3d84fe237d4076,EC-GAD-DAULE-LPI-GADIMCD-2025-01,REGENERACION,MATERIAL,,"EXTINTOR DE POLVO QUIMICO SECO (PQS) DE 20 LIBRAS DE CAPACIDAD, RECARGABLE PARA FUEGOS CLASE A,B,C",UNIDAD,EXTINTOR DE POLVO QUIMICO SECO PQS DE 20 LIBRAS DE CAPACIDAD RECARGABLE PARA FUEGOS CLASE A B C,u,MATERIAL|u|0|EXTINTOR DE POLVO QUIMICO SECO PQS DE 20 LIBRAS DE CAPACIDAD RECARGABLE PARA FUEGOS CLASE A B C,ALIAS-50148d4a4b5b27822dc4dd37,0
D25-RU-b7ab63ccec3fe6481fe2,INSV1-069cc942dd55c73352cf4ca6,EC-GAD-DAULE-LPI-GADIMCD-2025-01,REGENERACION,MATERIAL,,VARIOS ELEMENTOS DE SUJECION,UNIDAD,VARIOS ELEMENTOS DE SUJECION,u,MATERIAL|u|0|VARIOS ELEMENTOS DE SUJECION,ALIAS-a58fda12663eef180f95bea7,0
D25-RU-fe0aeae7ef12f1911400,INSV1-6ee08c937d8fad3aac68b3ce,EC-GAD-DAULE-LPI-GADIMCD-2025-01,REGENERACION,MATERIAL,,TACO DE EXPANSION Y TIRAFONDO #10,UNIDAD,TACO DE EXPANSION Y TIRAFONDO 10,u,MATERIAL|u|0|TACO DE EXPANSION Y TIRAFONDO 10,ALIAS-5ed28332264e9719081d82d3,0
D25-RU-ea36ced56632252c41fe,INSV1-a312b67b62b5684372b62b03,EC-GAD-DAULE-LPI-GADIMCD-2025-01,REGENERACION,EQUIPO,,SONOMETRO CLASE II,h,SONOMETRO CLASE II,h,EQUIPO|h|0|SONOMETRO CLASE II,ALIAS-65267f519d62fe33a0c83296,0
D25-RU-1c111fb517ac78e80775,INSV1-467be0765720494fc0fde8bc,EC-GAD-DAULE-LPI-GADIMCD-2025-01,REGENERACION,MANO_OBRA,,RESIDENTE DE OBRA,h,RESIDENTE DE OBRA,h,MANO_OBRA|h|0|RESIDENTE DE OBRA,ALIAS-9d94708dcf6b0689479150d1,0
D25-RU-6467113afe38581c0351,INSV1-271fbf141a5de1ed0dd70688,EC-GAD-DAULE-LPI-GADIMCD-2025-01,REGENERACION,MANO_OBRA,,"INGENIERO CIVIL (ESTRUCTURAL, HIDRAULICO Y VIAL)",h,INGENIERO CIVIL ESTRUCTURAL HIDRAULICO Y VIAL,h,MANO_OBRA|h|0|INGENIERO CIVIL ESTRUCTURAL HIDRAULICO Y VIAL,ALIAS-0f0ace3116ed88ff269a626a,0
D25-RU-e5fe152206ebe21f72e0,INSV1-39c2fec3cd251cc0aef58fd8,EC-GAD-DAULE-LPI-GADIMCD-2025-01,REGENERACION,MATERIAL,,LABORATORIO ACREDITADO ANTE EL OAE,UNIDAD,LABORATORIO ACREDITADO ANTE EL OAE,u,MATERIAL|u|0|LABORATORIO ACREDITADO ANTE EL OAE,ALIAS-5b02d59e3edbabdcc3973670,0
D25-RU-9b71f9dc32c15bd5d68f,INSV1-213dfe96fe84d54c70b49559,EC-GAD-DAULE-LPI-GADIMCD-2025-01,REGENERACION,EQUIPO,,EQUIPO PARA MONITOREO DE CALIDAD DE AIRE,h,EQUIPO PARA MONITOREO DE CALIDAD DE AIRE,h,EQUIPO|h|0|EQUIPO PARA MONITOREO DE CALIDAD DE AIRE,ALIAS-1fccda89f919637ca1b599e4,0
