insumo_v1_id,source_id,dataset_origen,precio_unitario,unidad,cantidad_apariciones,precio_observado_id,nota
INSV1-00457fced460bdbe2cd7b927,EC-GAD-DAULE-LPI-GADIMCD-2025-01,REGENERACION,1.260000,m,6,PRV1-3fbe41d9c429a4fc4ccfccc6,Precio documental observado en proyecto fuente; no equivale a precio de mercado actual.
INSV1-00685de80864fb99666efe93,EC-GAD-DAULE-LPI-GADIMCD-2025-03,MALECON,180.000000,u,2,PRV1-b3566f2e83b6090b9d695c3c,Precio documental observado en proyecto fuente; no equivale a precio de mercado actual.
INSV1-00a213c6e6451d21bc18a25a,EC-GAD-DAULE-LPI-GADIMCD-2025-01,REGENERACION,41.180000,h,2,PRV1-c605273a0dec3e087bec995a,Precio documental observado en proyecto fuente; no equivale a precio de mercado actual.
INSV1-00e1a5ba3b2f0d2468f389c0,EC-GAD-DAULE-LPI-GADIMCD-2025-01,REGENERACION,95.800000,u,3,PRV1-e863f8750908567f79498fa1,Precio documental observado en proyecto fuente; no equivale a precio de mercado actual.
INSV1-00f10640e2282b48a0ef1c7a,EC-GAD-DAULE-LPI-GADIMCD-2025-01,REGENERACION,10.000000,u,3,PRV1-1fdb5d063315cafdd55f8be5,Precio documental observado en proyecto fuente; no equivale a precio de mercado actual.
INSV1-012685ad120dafd8b5f4ba43,EC-GAD-DAULE-LPI-GADIMCD-2025-03,MALECON,2.930000,u,1,PRV1-92d813360e16104c08a6bfa2,Precio documental observado en proyecto fuente; no equivale a precio de mercado actual.
INSV1-0147d7530367c10735e423b5,EC-GAD-DAULE-LPI-GADIMCD-2025-03,MALECON,15.000000,u,1,PRV1-8baa2fce9802a38b669c33d0,Precio documental observado en proyecto fuente; no equivale a precio de mercado actual.
INSV1-01796dcd3095a5bb388c1a46,EC-GAD-DAULE-LPI-GADIMCD-2025-03,MALECON,16.000000,u,1,PRV1-45ec267bde947ce66d55c23a,Precio documental observado en proyecto fuente; no equivale a precio de mercado actual.
INSV1-0198eb25cd2ebec6bec5b98f,EC-GAD-DAULE-LPI-GADIMCD-2025-03,MALECON,10.000000,u,1,PRV1-a132f201c2bffc3a1dc41b02,Precio documental observado en proyecto fuente; no equivale a precio de mercado actual.
INSV1-019b26b9ea115e3362542b0d,EC-GAD-DAULE-LPI-GADIMCD-2025-03,MALECON,3.160000,kg,48,PRV1-fe97e2612ca14eb2dc6700ce,Precio documental observado en proyecto fuente; no equivale a precio de mercado actual.
INSV1-01b7a6c72ef8ff8ec00a5097,EC-GAD-DAULE-LPI-GADIMCD-2025-03,MALECON,3.470000,kg,47,PRV1-fc79c2bc676d6867ce47267a,Precio documental observado en proyecto fuente; no equivale a precio de mercado actual.
INSV1-01bb7893e6d71674a60866ff,EC-GAD-DAULE-LPI-GADIMCD-2025-01,REGENERACION,30.010000,u,2,PRV1-0276fcdc4f8c4254058f71ff,Precio documental observado en proyecto fuente; no equivale a precio de mercado actual.
INSV1-02337cf78007056ba293e3a7,EC-GAD-DAULE-LPI-GADIMCD-2025-01,REGENERACION,12.160000,u,2,PRV1-1753946f0467d13437bcb38f,Precio documental observado en proyecto fuente; no equivale a precio de mercado actual.
INSV1-0346c6f041aa6b4c103b8c57,EC-GAD-DAULE-LPI-GADIMCD-2025-03,MALECON,269.240000,u,1,PRV1-8320cd60226863820bfe9f1a,Precio documental observado en proyecto fuente; no equivale a precio de mercado actual.
INSV1-0354c43c3053c85da35a9725,EC-GAD-DAULE-LPI-GADIMCD-2025-03,MALECON,43.500000,u,1,PRV1-f261edcfec14611e5c74617a,Precio documental observado en proyecto fuente; no equivale a precio de mercado actual.
INSV1-0395ca91e2501c400f2c3d35,EC-GAD-DAULE-LPI-GADIMCD-2025-03,MALECON,4.760000,h,21,PRV1-a4b3dcfdd8035d8e6a50fa68,Precio documental observado en proyecto fuente; no equivale a precio de mercado actual.
INSV1-03b30f7fe0c2cdaea65532cb,EC-GAD-DAULE-LPI-GADIMCD-2025-01,REGENERACION,0.970000,m,2,PRV1-78f755a70b231dcfdb9f5d77,Precio documental observado en proyecto fuente; no equivale a precio de mercado actual.
INSV1-03eaf0cc11e16e74dc62daf4,EC-GAD-DAULE-LPI-GADIMCD-2025-03,MALECON,0.030000,u,3,PRV1-40f8d9b8a48bc67633471067,Precio documental observado en proyecto fuente; no equivale a precio de mercado actual.
INSV1-0404acc97cfd1b280a71c5c9,EC-GAD-DAULE-LPI-GADIMCD-2025-03,MALECON,982.100000,u,1,PRV1-1b0026fbd5a9f6fbebd0ae2d,Precio documental observado en proyecto fuente; no equivale a precio de mercado actual.
INSV1-047e6339438e17d56b2eed3c,EC-GAD-DAULE-LPI-GADIMCD-2025-03,MALECON,3.840000,h,1,PRV1-521fdc74ccd31142a99f3452,Precio documental observado en proyecto fuente; no equivale a precio de mercado actual.
INSV1-0497c3d33cac2326f4df6c3d,EC-GAD-DAULE-LPI-GADIMCD-2025-03,MALECON,150.000000,h,1,PRV1-9227aa7b189e846489582593,Precio documental observado en proyecto fuente; no equivale a precio de mercado actual.
INSV1-04aa841d48e96a3b6e2a32ea,EC-GAD-DAULE-LPI-GADIMCD-2025-03,MALECON,30.710000,m2,1,PRV1-7b90a7389ea1fcd5f959fb3f,Precio documental observado en proyecto fuente; no equivale a precio de mercado actual.
INSV1-04bfef75809a52c6d4cd9dab,EC-GAD-DAULE-LPI-GADIMCD-2025-03,MALECON,260.640000,u,1,PRV1-d9ed3af143c9fbaaf36f6977,Precio documental observado en proyecto fuente; no equivale a precio de mercado actual.
INSV1-05098738080368f6161b4da3,EC-GAD-DAULE-LPI-GADIMCD-2025-03,MALECON,1800.000000,u,1,PRV1-77db5ec639cbab980748fbf1,Precio documental observado en proyecto fuente; no equivale a precio de mercado actual.
INSV1-056668f31ac4bf5d799e8d5d,EC-GAD-DAULE-LPI-GADIMCD-2025-03,MALECON,80.000000,u,1,PRV1-3bc469029286c71afe2b272c,Precio documental observado en proyecto fuente; no equivale a precio de mercado actual.
INSV1-058f1dda2bcbcd4bf8c9b4b2,EC-GAD-DAULE-LPI-GADIMCD-2025-03,MALECON,8.400000,u,3,PRV1-f381b8e6046e9b84464479f0,Precio documental observado en proyecto fuente; no equivale a precio de mercado actual.
INSV1-05afe3c67a71d219cd80920a,EC-GAD-DAULE-LPI-GADIMCD-2025-03,MALECON,2.000000,kg,12,PRV1-c6108a9648da688bf217de0e,Precio documental observado en proyecto fuente; no equivale a precio de mercado actual.
INSV1-061b4a5369964ad3c373773d,EC-GAD-DAULE-LPI-GADIMCD-2025-03,MALECON,1.400000,u,1,PRV1-3de9188cebe7cd45f920f42d,Precio documental observado en proyecto fuente; no equivale a precio de mercado actual.
INSV1-0661982753e16d3cfb4db3ae,EC-GAD-DAULE-LPI-GADIMCD-2025-03,MALECON,3.300000,u,1,PRV1-b8540ca81da99d5e596ddc76,Precio documental observado en proyecto fuente; no equivale a precio de mercado actual.
INSV1-067218e0173e99721b92e01a,EC-GAD-DAULE-LPI-GADIMCD-2025-01,REGENERACION,4.750000,h,2,PRV1-d17b256aca584e00809d3d8a,Precio documental observado en proyecto fuente; no equivale a precio de mercado actual.
INSV1-069cc942dd55c73352cf4ca6,EC-GAD-DAULE-LPI-GADIMCD-2025-01,REGENERACION,1.510000,u,1,PRV1-5829a43859579e25c6a58914,Precio documental observado en proyecto fuente; no equivale a precio de mercado actual.
INSV1-06ce62ab53b8d0fe0573d445,EC-GAD-DAULE-LPI-GADIMCD-2025-01,REGENERACION,126.010000,u,2,PRV1-e72151ab9ca27d9a2e936fdc,Precio documental observado en proyecto fuente; no equivale a precio de mercado actual.
INSV1-06de9fe855cd914911b337f8,EC-GAD-DAULE-LPI-GADIMCD-2025-03,MALECON,325.410000,u,1,PRV1-edd4282b3140fb58c4dfa87c,Precio documental observado en proyecto fuente; no equivale a precio de mercado actual.
INSV1-06e1097ad6a6e316490ab010,EC-GAD-DAULE-LPI-GADIMCD-2025-01,REGENERACION,3.010000,u,4,PRV1-f6253bdecab3def00ff8ce07,Precio documental observado en proyecto fuente; no equivale a precio de mercado actual.
INSV1-07273db6e3bd4bf35545f282,EC-GAD-DAULE-LPI-GADIMCD-2025-03,MALECON,3.400000,u,1,PRV1-2f97ad7c0e3691854631afa6,Precio documental observado en proyecto fuente; no equivale a precio de mercado actual.
INSV1-08063c3a351aefd8efafd009,EC-GAD-DAULE-LPI-GADIMCD-2025-03,MALECON,2.000000,u,1,PRV1-717a0b97cfd248d4c85f9eaf,Precio documental observado en proyecto fuente; no equivale a precio de mercado actual.
INSV1-0807787f9a0041f66b042d39,EC-GAD-DAULE-LPI-GADIMCD-2025-01,REGENERACION,7.360000,u,4,PRV1-ec83dafae4562994ef0ab009,Precio documental observado en proyecto fuente; no equivale a precio de mercado actual.
INSV1-080c33ad21875a69f67d5fed,EC-GAD-DAULE-LPI-GADIMCD-2025-03,MALECON,450.000000,u,1,PRV1-92c72a1f8087c0b6b2ecfcbd,Precio documental observado en proyecto fuente; no equivale a precio de mercado actual.
INSV1-0836ba6817549bfa7fd20e69,EC-GAD-DAULE-LPI-GADIMCD-2025-03,MALECON,10.000000,gln,1,PRV1-2c2f9b10b30cfaac9473d261,Precio documental observado en proyecto fuente; no equivale a precio de mercado actual.
INSV1-086b987b6bdbeaa73c32772c,EC-GAD-DAULE-LPI-GADIMCD-2025-03,MALECON,7.180000,u,3,PRV1-847d635ca6c076533a1dd4db,Precio documental observado en proyecto fuente; no equivale a precio de mercado actual.
INSV1-08ccb34fe064ba040ade9279,EC-GAD-DAULE-LPI-GADIMCD-2025-03,MALECON,2.000000,u,1,PRV1-ff67fe34bc88f46364808511,Precio documental observado en proyecto fuente; no equivale a precio de mercado actual.
INSV1-08ea5486625e86b5b1aebcd1,EC-GAD-DAULE-LPI-GADIMCD-2025-01,REGENERACION,139.000000,m3,2,PRV1-633f6e42466861a64f08173e,Precio documental observado en proyecto fuente; no equivale a precio de mercado actual.
INSV1-08fb0772ff69e0b75de2afde,EC-GAD-DAULE-LPI-GADIMCD-2025-01,REGENERACION,16.660000,galon,2,PRV1-6f5a9714dd17e4816f23e084,Precio documental observado en proyecto fuente; no equivale a precio de mercado actual.
INSV1-091382ece1f6ec8f8c4220d8,EC-GAD-DAULE-LPI-GADIMCD-2025-03,MALECON,1.000000,u,1,PRV1-8b46a2d48dcb6d1afb3dddb2,Precio documental observado en proyecto fuente; no equivale a precio de mercado actual.
INSV1-093892dd15b26af35d452619,EC-GAD-DAULE-LPI-GADIMCD-2025-03,MALECON,894.760000,u,1,PRV1-4f04afb42e7b1365a463408f,Precio documental observado en proyecto fuente; no equivale a precio de mercado actual.
INSV1-0999e119db1a3ac3acd7dde1,EC-GAD-DAULE-LPI-GADIMCD-2025-03,MALECON,2.270000,m,1,PRV1-7f860f2fd7ae5851c7cd6f91,Precio documental observado en proyecto fuente; no equivale a precio de mercado actual.
INSV1-09c8f4b11b28fc063f6a055d,EC-GAD-DAULE-LPI-GADIMCD-2025-01,REGENERACION,1.400000,u,16,PRV1-acaad4141263d5e92b0f0cdb,Precio documental observado en proyecto fuente; no equivale a precio de mercado actual.
INSV1-09d01f24b096f1b475b3bf59,EC-GAD-DAULE-LPI-GADIMCD-2025-01,REGENERACION,14.000000,m2,2,PRV1-63bdd2743dcabbf95112ed70,Precio documental observado en proyecto fuente; no equivale a precio de mercado actual.
INSV1-09fef02c1b81eb9db2ed3b28,EC-GAD-DAULE-LPI-GADIMCD-2025-03,MALECON,7.150000,u,1,PRV1-03d82dd2ad938c325057e0fc,Precio documental observado en proyecto fuente; no equivale a precio de mercado actual.
INSV1-0a2186a371d58ecaa7b804c1,EC-GAD-DAULE-LPI-GADIMCD-2025-03,MALECON,170.380000,u,1,PRV1-c4b9b5984c034aad68ea6346,Precio documental observado en proyecto fuente; no equivale a precio de mercado actual.
INSV1-0acf5c80aebb315e5fd32d2d,EC-GAD-DAULE-LPI-GADIMCD-2025-03,MALECON,1.000000,u,1,PRV1-4e70665580e88e98f750e37e,Precio documental observado en proyecto fuente; no equivale a precio de mercado actual.
INSV1-0ad09d0aa96ea7dc9c26efb7,EC-GAD-DAULE-LPI-GADIMCD-2025-01,REGENERACION,6.220000,h,7,PRV1-0d9e19c97204b924363490eb,Precio documental observado en proyecto fuente; no equivale a precio de mercado actual.
INSV1-0b65210e0b32d18c540264fc,EC-GAD-DAULE-LPI-GADIMCD-2025-01,REGENERACION,2.000000,m,2,PRV1-4ee793e994d01425b36c8f5e,Precio documental observado en proyecto fuente; no equivale a precio de mercado actual.
INSV1-0c0f31070f8ec0335fd8e5da,EC-GAD-DAULE-LPI-GADIMCD-2025-03,MALECON,10.020000,m2,1,PRV1-031888aca217c1b2136c8f65,Precio documental observado en proyecto fuente; no equivale a precio de mercado actual.
INSV1-0c38811d6f17afe8a360691d,EC-GAD-DAULE-LPI-GADIMCD-2025-01,REGENERACION,1.010000,glb,2,PRV1-ca5a91826c21f36c23e903c2,Precio documental observado en proyecto fuente; no equivale a precio de mercado actual.
INSV1-0c8e2c11c6ba4bd076d408f5,EC-GAD-DAULE-LPI-GADIMCD-2025-03,MALECON,3.830000,u,1,PRV1-649c991aafcaa9e1d2acf4f8,Precio documental observado en proyecto fuente; no equivale a precio de mercado actual.
INSV1-0d6b01d4e811c2c5e8896689,EC-GAD-DAULE-LPI-GADIMCD-2025-01,REGENERACION,3.010000,glb,47,PRV1-4180f1da684e7f6a923334ba,Precio documental observado en proyecto fuente; no equivale a precio de mercado actual.
INSV1-0daf3d3b4143a34ebfa30981,EC-GAD-DAULE-LPI-GADIMCD-2025-01,REGENERACION,20.000000,galon,4,PRV1-9b0a5b7189adb339f537801a,Precio documental observado en proyecto fuente; no equivale a precio de mercado actual.
INSV1-0db8625bf787b7ef61edff42,EC-GAD-DAULE-LPI-GADIMCD-2025-03,MALECON,168.690000,m3,1,PRV1-5118524553568574e53c3e30,Precio documental observado en proyecto fuente; no equivale a precio de mercado actual.
INSV1-0e27637b0ceb59eb1dfda0ec,EC-GAD-DAULE-LPI-GADIMCD-2025-03,MALECON,16.240000,m,4,PRV1-df81f75e0c5f7001a8024a0b,Precio documental observado en proyecto fuente; no equivale a precio de mercado actual.
INSV1-0e4868298366dfcdc99c147c,EC-GAD-DAULE-LPI-GADIMCD-2025-03,MALECON,5.800000,m,1,PRV1-01c241bd42d9b1119e11bfc1,Precio documental observado en proyecto fuente; no equivale a precio de mercado actual.
INSV1-0e5488057fefea93f84cbb00,EC-GAD-DAULE-LPI-GADIMCD-2025-01,REGENERACION,8.840000,m,2,PRV1-47e2de408f81c8f149e69c64,Precio documental observado en proyecto fuente; no equivale a precio de mercado actual.
INSV1-0e64406af0115ae1a8ecee12,EC-GAD-DAULE-LPI-GADIMCD-2025-03,MALECON,250.000000,u,1,PRV1-622f9bf267012a67ed7e7686,Precio documental observado en proyecto fuente; no equivale a precio de mercado actual.
INSV1-0e76ddfc8362b2e1cebd5ff0,EC-GAD-DAULE-LPI-GADIMCD-2025-03,MALECON,272.160000,u,2,PRV1-5fa0ee2b7426326b3866823a,Precio documental observado en proyecto fuente; no equivale a precio de mercado actual.
INSV1-0e983686295d811c7eef8c7e,EC-GAD-DAULE-LPI-GADIMCD-2025-03,MALECON,5.170000,m,3,PRV1-c272310558e5941bf782d721,Precio documental observado en proyecto fuente; no equivale a precio de mercado actual.
INSV1-0ebc369d8dc4b3c67097ec5b,EC-GAD-DAULE-LPI-GADIMCD-2025-01,REGENERACION,1.500000,h,23,PRV1-2b43a5efc31ef1b493185e5c,Precio documental observado en proyecto fuente; no equivale a precio de mercado actual.
INSV1-0ed4133e2381cc4fc80d18c2,EC-GAD-DAULE-LPI-GADIMCD-2025-03,MALECON,0.700000,u,1,PRV1-f064a4c32a14d6d8ab3b973a,Precio documental observado en proyecto fuente; no equivale a precio de mercado actual.
INSV1-0ee158a3e0f0d7cd831a33d9,EC-GAD-DAULE-LPI-GADIMCD-2025-01,REGENERACION,236.010000,u,4,PRV1-bcdd5c6be6b1d667ab65ccca,Precio documental observado en proyecto fuente; no equivale a precio de mercado actual.
INSV1-0ef94894e47396549b788939,EC-GAD-DAULE-LPI-GADIMCD-2025-03,MALECON,160.000000,u,2,PRV1-99e1b89cd70bdc6f26c904d3,Precio documental observado en proyecto fuente; no equivale a precio de mercado actual.
INSV1-0f020cec4cbfff658d524c5e,EC-GAD-DAULE-LPI-GADIMCD-2025-03,MALECON,15.000000,u,1,PRV1-26c7e1e221e0c9420d5697f1,Precio documental observado en proyecto fuente; no equivale a precio de mercado actual.
INSV1-0f3d3c7d9c10e29c8c438c8f,EC-GAD-DAULE-LPI-GADIMCD-2025-01,REGENERACION,477.280000,u,2,PRV1-ed966a327cea3643020e4018,Precio documental observado en proyecto fuente; no equivale a precio de mercado actual.
INSV1-0f6a27064161c32bd9c3a454,EC-GAD-DAULE-LPI-GADIMCD-2025-03,MALECON,10.980000,m,2,PRV1-387847e8bc14044a0d051f12,Precio documental observado en proyecto fuente; no equivale a precio de mercado actual.
INSV1-0f862c75b675bb4cfff3fd1f,EC-GAD-DAULE-LPI-GADIMCD-2025-03,MALECON,4.200000,u,1,PRV1-38a88e3419112cff16a8d6b1,Precio documental observado en proyecto fuente; no equivale a precio de mercado actual.
INSV1-0fa374390218f323f9dd328c,EC-GAD-DAULE-LPI-GADIMCD-2025-01,REGENERACION,0.400000,u,4,PRV1-f14727953e9ef2f613a54dc8,Precio documental observado en proyecto fuente; no equivale a precio de mercado actual.
INSV1-0faaf003a63bd6405523317d,EC-GAD-DAULE-LPI-GADIMCD-2025-03,MALECON,0.400000,m,1,PRV1-b8dc6df0e01255b2e12ac7a2,Precio documental observado en proyecto fuente; no equivale a precio de mercado actual.
INSV1-0fcdc4c4dc1fafc94069e9ab,EC-GAD-DAULE-LPI-GADIMCD-2025-03,MALECON,105.840000,u,1,PRV1-d5ff92ffb5fef2aaf0ce898c,Precio documental observado en proyecto fuente; no equivale a precio de mercado actual.
INSV1-0fe5cebb3acb809e9329bbf7,EC-GAD-DAULE-LPI-GADIMCD-2025-01,REGENERACION,5.000000,u,3,PRV1-fec8be813aa83245897440f4,Precio documental observado en proyecto fuente; no equivale a precio de mercado actual.
INSV1-1003de3ed50da8e018cfa7fe,EC-GAD-DAULE-LPI-GADIMCD-2025-03,MALECON,31.630000,m2,1,PRV1-e8ad6e76097569525f9e32cf,Precio documental observado en proyecto fuente; no equivale a precio de mercado actual.
INSV1-101010cfe135fa4b0e8ac6ca,EC-GAD-DAULE-LPI-GADIMCD-2025-03,MALECON,115.000000,m2,1,PRV1-936bf2f6dbf681ae2049b34b,Precio documental observado en proyecto fuente; no equivale a precio de mercado actual.
INSV1-1037e47ddcaa1c8809c1ae31,EC-GAD-DAULE-LPI-GADIMCD-2025-01,REGENERACION,190.060000,u,1,PRV1-bd155473e5c638859d93c2f6,Precio documental observado en proyecto fuente; no equivale a precio de mercado actual.
INSV1-106deb07d202f0494bb5e902,EC-GAD-DAULE-LPI-GADIMCD-2025-01,REGENERACION,1.500000,m3,187,PRV1-82f0c0ad2c40170b0929311b,Precio documental observado en proyecto fuente; no equivale a precio de mercado actual.
INSV1-106deb07d202f0494bb5e902,EC-GAD-DAULE-LPI-GADIMCD-2025-03,MALECON,1.750000,m3,91,PRV1-114a3b040af85650dcb66c11,Precio documental observado en proyecto fuente; no equivale a precio de mercado actual.
INSV1-10a2dbf0b7782ab72b137059,EC-GAD-DAULE-LPI-GADIMCD-2025-01,REGENERACION,90.000000,glb,4,PRV1-676ef542d42fe46385120751,Precio documental observado en proyecto fuente; no equivale a precio de mercado actual.
INSV1-10c502af96146311cc3b2323,EC-GAD-DAULE-LPI-GADIMCD-2025-03,MALECON,2.010000,u,1,PRV1-19190da7fa8f0187a7101532,Precio documental observado en proyecto fuente; no equivale a precio de mercado actual.
INSV1-10d2e0991dc99e6ba0706146,EC-GAD-DAULE-LPI-GADIMCD-2025-03,MALECON,6.300000,galón (us),16,PRV1-2933e7dc5dde965992508a02,Precio documental observado en proyecto fuente; no equivale a precio de mercado actual.
INSV1-10e36f199ea60ba6e1518f87,EC-GAD-DAULE-LPI-GADIMCD-2025-03,MALECON,3.140000,m,1,PRV1-24db0ad9746b4ebe9fb96bd2,Precio documental observado en proyecto fuente; no equivale a precio de mercado actual.
INSV1-11342e52de3a716a08e83a07,EC-GAD-DAULE-LPI-GADIMCD-2025-03,MALECON,27.000000,u,1,PRV1-16df23cf9d0228cb8394aae6,Precio documental observado en proyecto fuente; no equivale a precio de mercado actual.
INSV1-1154b21c029f91a74c92dea1,EC-GAD-DAULE-LPI-GADIMCD-2025-01,REGENERACION,4.230000,h,2,PRV1-835db2b658461efa06f72da3,Precio documental observado en proyecto fuente; no equivale a precio de mercado actual.
INSV1-1154b21c029f91a74c92dea1,EC-GAD-DAULE-LPI-GADIMCD-2025-03,MALECON,4.230000,h,1,PRV1-4ac822b292af2d2fead56a45,Precio documental observado en proyecto fuente; no equivale a precio de mercado actual.
INSV1-11700ce119b7aa9867ecd353,EC-GAD-DAULE-LPI-GADIMCD-2025-01,REGENERACION,700.000000,u,2,PRV1-f19df418595fed71a6362b92,Precio documental observado en proyecto fuente; no equivale a precio de mercado actual.
INSV1-11de36ecb3f0c43f12ac7919,EC-GAD-DAULE-LPI-GADIMCD-2025-03,MALECON,7.300000,u,1,PRV1-71438125e8eb6f57a5249d31,Precio documental observado en proyecto fuente; no equivale a precio de mercado actual.
INSV1-1212047f0c4132a05205f73b,EC-GAD-DAULE-LPI-GADIMCD-2025-03,MALECON,10.330000,m,1,PRV1-0705722c04cdd02db491ab25,Precio documental observado en proyecto fuente; no equivale a precio de mercado actual.
INSV1-12150d683dcf5dd4a1dd3dcf,EC-GAD-DAULE-LPI-GADIMCD-2025-03,MALECON,2.530000,m,2,PRV1-f36166c0bfad64270de35784,Precio documental observado en proyecto fuente; no equivale a precio de mercado actual.
INSV1-1221813d59a79e6fa171bca4,EC-GAD-DAULE-LPI-GADIMCD-2025-03,MALECON,1.540000,m,2,PRV1-b5e8c5217d9d621c30bbe629,Precio documental observado en proyecto fuente; no equivale a precio de mercado actual.
INSV1-122f48698c64237be204618d,EC-GAD-DAULE-LPI-GADIMCD-2025-03,MALECON,24.610000,u,1,PRV1-52cf5a59a587118464b86901,Precio documental observado en proyecto fuente; no equivale a precio de mercado actual.
INSV1-125cc7f83d9a7a6408ce5c89,EC-GAD-DAULE-LPI-GADIMCD-2025-01,REGENERACION,26.000000,m3,2,PRV1-7b2f1c0ce0c4232795386089,Precio documental observado en proyecto fuente; no equivale a precio de mercado actual.
INSV1-12e6301485cbadb72cbcc882,EC-GAD-DAULE-LPI-GADIMCD-2025-03,MALECON,7446.000000,u,1,PRV1-b9be1e91103fbef00983eefc,Precio documental observado en proyecto fuente; no equivale a precio de mercado actual.
INSV1-12fc7985e13a2f8bf4a7a5e6,EC-GAD-DAULE-LPI-GADIMCD-2025-03,MALECON,110.000000,u,1,PRV1-95ef1b6b249c2e27f9403a5e,Precio documental observado en proyecto fuente; no equivale a precio de mercado actual.
INSV1-13010b540943504bd47045af,EC-GAD-DAULE-LPI-GADIMCD-2025-01,REGENERACION,4.810000,l,24,PRV1-8db1ccb0acd8b3da01fe7832,Precio documental observado en proyecto fuente; no equivale a precio de mercado actual.
INSV1-130cd89e7a45af0253123460,EC-GAD-DAULE-LPI-GADIMCD-2025-03,MALECON,10.910000,u,3,PRV1-9fa0a39c07eab0c22c45e9cb,Precio documental observado en proyecto fuente; no equivale a precio de mercado actual.
INSV1-1390142fd61d3a4e6ac25723,EC-GAD-DAULE-LPI-GADIMCD-2025-01,REGENERACION,1125.500000,u,2,PRV1-03bf322b90257c2b759ae538,Precio documental observado en proyecto fuente; no equivale a precio de mercado actual.
INSV1-13a26e56ee499f95b8ba4eca,EC-GAD-DAULE-LPI-GADIMCD-2025-03,MALECON,7.670000,u,2,PRV1-eb3fae30d8dcf45cabfbdcb1,Precio documental observado en proyecto fuente; no equivale a precio de mercado actual.
INSV1-13ae176a451d8aa746acf913,EC-GAD-DAULE-LPI-GADIMCD-2025-03,MALECON,1230.730000,u,2,PRV1-c9a590e5f9eebef553f50a19,Precio documental observado en proyecto fuente; no equivale a precio de mercado actual.
INSV1-13b1f8e79c4b7fcf494a8c90,EC-GAD-DAULE-LPI-GADIMCD-2025-01,REGENERACION,63.550000,u,2,PRV1-08a61caf8ec88909f4a785d9,Precio documental observado en proyecto fuente; no equivale a precio de mercado actual.
INSV1-13f9269b325a2a5c2242fa3c,EC-GAD-DAULE-LPI-GADIMCD-2025-01,REGENERACION,5.980000,u,8,PRV1-67e2151bea685b2f667e04c5,Precio documental observado en proyecto fuente; no equivale a precio de mercado actual.
INSV1-144dadc79825acfa9ee05308,EC-GAD-DAULE-LPI-GADIMCD-2025-03,MALECON,7.000000,h,14,PRV1-08ee0b589957e18355b91a6e,Precio documental observado en proyecto fuente; no equivale a precio de mercado actual.
INSV1-146be2257c19b86890bad41c,EC-GAD-DAULE-LPI-GADIMCD-2025-03,MALECON,22.090000,u,1,PRV1-e542b072fdb6ef1a6d6cf6c8,Precio documental observado en proyecto fuente; no equivale a precio de mercado actual.
INSV1-1476145cbc90a0b2ce5df8da,EC-GAD-DAULE-LPI-GADIMCD-2025-03,MALECON,0.520000,u,1,PRV1-02905664b77e63ebbdeeeaf7,Precio documental observado en proyecto fuente; no equivale a precio de mercado actual.
INSV1-1484905914c9ebb1d72318e4,EC-GAD-DAULE-LPI-GADIMCD-2025-01,REGENERACION,4.520000,h,13,PRV1-a082dfdb241642cf06e15263,Precio documental observado en proyecto fuente; no equivale a precio de mercado actual.
INSV1-1484905914c9ebb1d72318e4,EC-GAD-DAULE-LPI-GADIMCD-2025-03,MALECON,4.520000,h,4,PRV1-a543f345da69c13ecd93b7bf,Precio documental observado en proyecto fuente; no equivale a precio de mercado actual.
INSV1-14990cd7e0c8c663ac837152,EC-GAD-DAULE-LPI-GADIMCD-2025-03,MALECON,3.500000,u,1,PRV1-b4c1c36d73ebaeeafffa4ed8,Precio documental observado en proyecto fuente; no equivale a precio de mercado actual.
INSV1-14a05296b506f569bcf7402a,EC-GAD-DAULE-LPI-GADIMCD-2025-03,MALECON,514.200000,u,1,PRV1-4abf805583254ad9ec9744d6,Precio documental observado en proyecto fuente; no equivale a precio de mercado actual.
INSV1-14b3cddcffbfe8c1f95d9333,EC-GAD-DAULE-LPI-GADIMCD-2025-03,MALECON,4.280000,h,6,PRV1-4a7c25ff83f5c013e9ea1244,Precio documental observado en proyecto fuente; no equivale a precio de mercado actual.
INSV1-14f11e903b2fb844349933c6,EC-GAD-DAULE-LPI-GADIMCD-2025-03,MALECON,25.600000,u,1,PRV1-e1720cd2a6ac8bfec40694d8,Precio documental observado en proyecto fuente; no equivale a precio de mercado actual.
INSV1-1515399975108866efa70c4e,EC-GAD-DAULE-LPI-GADIMCD-2025-01,REGENERACION,5.010000,m2,2,PRV1-d666f9d96ab452be580dabd6,Precio documental observado en proyecto fuente; no equivale a precio de mercado actual.
INSV1-15978cf02a95110276c9ff4b,EC-GAD-DAULE-LPI-GADIMCD-2025-03,MALECON,7.000000,u,1,PRV1-82cce940573957e19c24d4a7,Precio documental observado en proyecto fuente; no equivale a precio de mercado actual.
INSV1-15d32efb20be571ebcd2c0ca,EC-GAD-DAULE-LPI-GADIMCD-2025-03,MALECON,60.000000,u,1,PRV1-705f78ad228a0245fec42758,Precio documental observado en proyecto fuente; no equivale a precio de mercado actual.
INSV1-15d708fc50e5de9f302ebb87,EC-GAD-DAULE-LPI-GADIMCD-2025-03,MALECON,46.200000,u,1,PRV1-6e207c6c121e829de728a40a,Precio documental observado en proyecto fuente; no equivale a precio de mercado actual.
INSV1-1611c65ac742bd1720ae08c0,EC-GAD-DAULE-LPI-GADIMCD-2025-03,MALECON,18.400000,m,1,PRV1-04966bc4d4deb8cdf78dd06c,Precio documental observado en proyecto fuente; no equivale a precio de mercado actual.
INSV1-16b47ff913c706acf98c862c,EC-GAD-DAULE-LPI-GADIMCD-2025-03,MALECON,25.000000,u,5,PRV1-a446b4da59f144d98445c6c7,Precio documental observado en proyecto fuente; no equivale a precio de mercado actual.
INSV1-1725b9588a162aaf1a40bb86,EC-GAD-DAULE-LPI-GADIMCD-2025-03,MALECON,68.050000,m2,1,PRV1-3a3d76dceb21ba483b3e4d45,Precio documental observado en proyecto fuente; no equivale a precio de mercado actual.
INSV1-1752d92185b0fb9124287d6e,EC-GAD-DAULE-LPI-GADIMCD-2025-03,MALECON,15.000000,u,1,PRV1-513f55693a6d656b4ca5102d,Precio documental observado en proyecto fuente; no equivale a precio de mercado actual.
INSV1-177ca35280d216becf4e0d64,EC-GAD-DAULE-LPI-GADIMCD-2025-03,MALECON,1.460000,u,2,PRV1-957cb3f9fafa805195620bbc,Precio documental observado en proyecto fuente; no equivale a precio de mercado actual.
INSV1-17d710903cfe4bd709234e77,EC-GAD-DAULE-LPI-GADIMCD-2025-01,REGENERACION,39.500000,u,3,PRV1-5122d89fd53e6e03ff5a45d8,Precio documental observado en proyecto fuente; no equivale a precio de mercado actual.
INSV1-17ed9e28ba1d749b041f72c9,EC-GAD-DAULE-LPI-GADIMCD-2025-03,MALECON,18.040000,m,1,PRV1-448c14b47b8faf75b2de0547,Precio documental observado en proyecto fuente; no equivale a precio de mercado actual.
INSV1-18204bdd046b97cd5d566d53,EC-GAD-DAULE-LPI-GADIMCD-2025-01,REGENERACION,4.520000,h,18,PRV1-10e323236c1bfdf9adeb4fb8,Precio documental observado en proyecto fuente; no equivale a precio de mercado actual.
INSV1-185094598eccd1b13371b28f,EC-GAD-DAULE-LPI-GADIMCD-2025-01,REGENERACION,3.130000,h,2,PRV1-af9e43adf2af6fc76d5da7d3,Precio documental observado en proyecto fuente; no equivale a precio de mercado actual.
INSV1-1863875e0834bfb8cd2c25fb,EC-GAD-DAULE-LPI-GADIMCD-2025-03,MALECON,3200.000000,u,2,PRV1-7fd4aeee8d3344de99b769c8,Precio documental observado en proyecto fuente; no equivale a precio de mercado actual.
INSV1-18a0c7f474da7cd63541186e,EC-GAD-DAULE-LPI-GADIMCD-2025-03,MALECON,1.950000,m2,1,PRV1-c92a29bd6d2e7ffb591b07f2,Precio documental observado en proyecto fuente; no equivale a precio de mercado actual.
INSV1-18c4eb75787b3a1ee5a994a4,EC-GAD-DAULE-LPI-GADIMCD-2025-03,MALECON,0.480000,u,1,PRV1-52c9b0ae9664aef266064fe7,Precio documental observado en proyecto fuente; no equivale a precio de mercado actual.
INSV1-18f534213d5228a399e6d213,EC-GAD-DAULE-LPI-GADIMCD-2025-03,MALECON,0.670000,m,7,PRV1-e4d17860035b7002469ff541,Precio documental observado en proyecto fuente; no equivale a precio de mercado actual.
INSV1-19082090432e7dc1467c49cc,EC-GAD-DAULE-LPI-GADIMCD-2025-03,MALECON,25.000000,u,1,PRV1-788882a0d3e701fad49236f9,Precio documental observado en proyecto fuente; no equivale a precio de mercado actual.
INSV1-19c259c38861d1d2861baae0,EC-GAD-DAULE-LPI-GADIMCD-2025-03,MALECON,3.220000,u,1,PRV1-14e2b9736280d0ce43fcf4e9,Precio documental observado en proyecto fuente; no equivale a precio de mercado actual.
INSV1-19fee3dc57581c84aed30b0e,EC-GAD-DAULE-LPI-GADIMCD-2025-03,MALECON,40.000000,u,1,PRV1-1c40302124d4545669dee1f1,Precio documental observado en proyecto fuente; no equivale a precio de mercado actual.
INSV1-19ff274435ad42c54f9d6cc5,EC-GAD-DAULE-LPI-GADIMCD-2025-03,MALECON,1.530000,m,1,PRV1-8e3f2e12e9b9517c3cb5bf08,Precio documental observado en proyecto fuente; no equivale a precio de mercado actual.
INSV1-1ad441f43111d99894bb84cb,EC-GAD-DAULE-LPI-GADIMCD-2025-01,REGENERACION,1.050000,u,3,PRV1-f8de655a74ccee235b42d4f0,Precio documental observado en proyecto fuente; no equivale a precio de mercado actual.
INSV1-1adc8d6a365519b4c3fc1a5d,EC-GAD-DAULE-LPI-GADIMCD-2025-01,REGENERACION,70.010000,m2,2,PRV1-82bb22dec3255cf7a323a3e7,Precio documental observado en proyecto fuente; no equivale a precio de mercado actual.
INSV1-1ae4926f3bc96d6539ea9aca,EC-GAD-DAULE-LPI-GADIMCD-2025-03,MALECON,11.420000,u,2,PRV1-daa9fbd60148b01c940ffc82,Precio documental observado en proyecto fuente; no equivale a precio de mercado actual.
INSV1-1afb04610a76c737fa730750,EC-GAD-DAULE-LPI-GADIMCD-2025-03,MALECON,6.580000,u,1,PRV1-94151d80087c86ca6d2cdfa7,Precio documental observado en proyecto fuente; no equivale a precio de mercado actual.
INSV1-1b522aff9526534f952c9036,EC-GAD-DAULE-LPI-GADIMCD-2025-03,MALECON,228.900000,m,1,PRV1-12f0469e4d921201a14ebcb8,Precio documental observado en proyecto fuente; no equivale a precio de mercado actual.
INSV1-1ba643eada03911852726e25,EC-GAD-DAULE-LPI-GADIMCD-2025-01,REGENERACION,2350.000000,u,2,PRV1-f4fa6b9eb3d07dd21a0b8e9f,Precio documental observado en proyecto fuente; no equivale a precio de mercado actual.
INSV1-1bdef756bd7cf7ad45195dda,EC-GAD-DAULE-LPI-GADIMCD-2025-01,REGENERACION,4.400000,u,2,PRV1-66cf1355d5effdd4a0c175fe,Precio documental observado en proyecto fuente; no equivale a precio de mercado actual.
INSV1-1bf33cb042ba716172c68136,EC-GAD-DAULE-LPI-GADIMCD-2025-03,MALECON,1360.080000,u,1,PRV1-acd3e41c1ba69b7f5032f78c,Precio documental observado en proyecto fuente; no equivale a precio de mercado actual.
INSV1-1c1195fb85b62c6d97b8d97b,EC-GAD-DAULE-LPI-GADIMCD-2025-03,MALECON,170.380000,u,1,PRV1-aba13ba8b524e328ddf64613,Precio documental observado en proyecto fuente; no equivale a precio de mercado actual.
INSV1-1c40b115b9aa32d8adef74b8,EC-GAD-DAULE-LPI-GADIMCD-2025-03,MALECON,2.980000,u,1,PRV1-7771d26c6c3008c31b7d3d69,Precio documental observado en proyecto fuente; no equivale a precio de mercado actual.
INSV1-1c63dd0c157889304c651cdd,EC-GAD-DAULE-LPI-GADIMCD-2025-03,MALECON,15.000000,h,3,PRV1-4951d5de83a5a397e5f0ffb9,Precio documental observado en proyecto fuente; no equivale a precio de mercado actual.
INSV1-1c9b1aed2edc6eccda5cee4a,EC-GAD-DAULE-LPI-GADIMCD-2025-03,MALECON,380.000000,u,1,PRV1-3901e721a3dac7b2ea7578d7,Precio documental observado en proyecto fuente; no equivale a precio de mercado actual.
INSV1-1cf4e45327201a09425dbc60,EC-GAD-DAULE-LPI-GADIMCD-2025-03,MALECON,425.000000,u,1,PRV1-92c88c67ff8e1201d21894f2,Precio documental observado en proyecto fuente; no equivale a precio de mercado actual.
INSV1-1d0f76872fb04d1428fd72f1,EC-GAD-DAULE-LPI-GADIMCD-2025-03,MALECON,1.800000,u,1,PRV1-6903c1f9e6a0dd55e28cd510,Precio documental observado en proyecto fuente; no equivale a precio de mercado actual.
INSV1-1d0fab08920ed4789327e0ab,EC-GAD-DAULE-LPI-GADIMCD-2025-03,MALECON,293.000000,u,1,PRV1-9926eb1a302326ba7134eb29,Precio documental observado en proyecto fuente; no equivale a precio de mercado actual.
INSV1-1d5e21c4106779af04936551,EC-GAD-DAULE-LPI-GADIMCD-2025-03,MALECON,9.000000,m2,2,PRV1-5a89ef02dfb574851646830f,Precio documental observado en proyecto fuente; no equivale a precio de mercado actual.
INSV1-1d9d04f4a4624e1da6a1cd9e,EC-GAD-DAULE-LPI-GADIMCD-2025-03,MALECON,224.390000,m2,4,PRV1-d1d369ff93f2ea828d3ed440,Precio documental observado en proyecto fuente; no equivale a precio de mercado actual.
INSV1-1e0c41385adcfb94979a94dc,EC-GAD-DAULE-LPI-GADIMCD-2025-03,MALECON,489.800000,u,1,PRV1-bade10aa16ef4ea6f34afd0f,Precio documental observado en proyecto fuente; no equivale a precio de mercado actual.
INSV1-1e1e3260826ef88ae26e4abe,EC-GAD-DAULE-LPI-GADIMCD-2025-01,REGENERACION,9.250000,u,1,PRV1-751b66526dc8d19909fa1a67,Precio documental observado en proyecto fuente; no equivale a precio de mercado actual.
INSV1-1ef224858ba33176b316354e,EC-GAD-DAULE-LPI-GADIMCD-2025-01,REGENERACION,1009.820000,caneca,1,PRV1-4545b0878e985a1f6a08d024,Precio documental observado en proyecto fuente; no equivale a precio de mercado actual.
INSV1-1f0afe1f918240c797c16ac8,EC-GAD-DAULE-LPI-GADIMCD-2025-01,REGENERACION,17.000000,h,2,PRV1-4563d10cd98cd2877ddf549c,Precio documental observado en proyecto fuente; no equivale a precio de mercado actual.
INSV1-1f0c65777ef3deba70a7cf33,EC-GAD-DAULE-LPI-GADIMCD-2025-01,REGENERACION,1.500000,u,4,PRV1-fd83861a1bfc9587fbc5c90d,Precio documental observado en proyecto fuente; no equivale a precio de mercado actual.
INSV1-1f0ea1c9be0ff68083eeb51e,EC-GAD-DAULE-LPI-GADIMCD-2025-01,REGENERACION,3.290000,u,2,PRV1-66fc03b2282d13468734c0c9,Precio documental observado en proyecto fuente; no equivale a precio de mercado actual.
INSV1-1f1e8bc7aeb3b6824f2c1ba3,EC-GAD-DAULE-LPI-GADIMCD-2025-03,MALECON,20.440000,u,2,PRV1-1a4081282e1b744028d0d128,Precio documental observado en proyecto fuente; no equivale a precio de mercado actual.
INSV1-1f3dfc6b64a4b7263b8af0e0,EC-GAD-DAULE-LPI-GADIMCD-2025-03,MALECON,0.170000,kg,1,PRV1-5b82f3321510b8b0d5912c0f,Precio documental observado en proyecto fuente; no equivale a precio de mercado actual.
INSV1-1f6190d24dfcb96d201ab8a5,EC-GAD-DAULE-LPI-GADIMCD-2025-01,REGENERACION,58.460000,u,2,PRV1-eea05986f62d45f7b4f1c901,Precio documental observado en proyecto fuente; no equivale a precio de mercado actual.
INSV1-1f61eb8f94aeae8855acdb17,EC-GAD-DAULE-LPI-GADIMCD-2025-01,REGENERACION,6.800000,u,1,PRV1-7a360634cfa64102249a638d,Precio documental observado en proyecto fuente; no equivale a precio de mercado actual.
INSV1-1f7961b3290c3c9407726829,EC-GAD-DAULE-LPI-GADIMCD-2025-01,REGENERACION,4.750000,h,4,PRV1-45599db3ad422aeef3567d14,Precio documental observado en proyecto fuente; no equivale a precio de mercado actual.
INSV1-1f79b505cd784a0e8a562c8e,EC-GAD-DAULE-LPI-GADIMCD-2025-03,MALECON,20.000000,m2,1,PRV1-a53cce14a6e05cd0c46b9db4,Precio documental observado en proyecto fuente; no equivale a precio de mercado actual.
INSV1-20cefc34e5a3731489bff2b9,EC-GAD-DAULE-LPI-GADIMCD-2025-03,MALECON,4.750000,h,141,PRV1-3f7f100187cc76c77d5825c9,Precio documental observado en proyecto fuente; no equivale a precio de mercado actual.
INSV1-21196fd0bd660f993bd0abd8,EC-GAD-DAULE-LPI-GADIMCD-2025-03,MALECON,15.330000,galón (us),16,PRV1-b7aec0331a7dc88ccfb2b19a,Precio documental observado en proyecto fuente; no equivale a precio de mercado actual.
INSV1-2120fda5a711200fb42add6a,EC-GAD-DAULE-LPI-GADIMCD-2025-03,MALECON,1.740000,m,3,PRV1-e0b850d75634cf475ff31e6d,Precio documental observado en proyecto fuente; no equivale a precio de mercado actual.
INSV1-212beb8dabb880fbeb8d18e9,EC-GAD-DAULE-LPI-GADIMCD-2025-03,MALECON,22.760000,galón (us),7,PRV1-4c3758396ee242598040f9a0,Precio documental observado en proyecto fuente; no equivale a precio de mercado actual.
INSV1-213dfe96fe84d54c70b49559,EC-GAD-DAULE-LPI-GADIMCD-2025-01,REGENERACION,220.000000,h,1,PRV1-15fcbe6cb804f46c69852cbc,Precio documental observado en proyecto fuente; no equivale a precio de mercado actual.
INSV1-2181762c2aec28f7e964f00a,EC-GAD-DAULE-LPI-GADIMCD-2025-03,MALECON,7958.000000,u,1,PRV1-f26fa4665f82a52d6bdd5e3d,Precio documental observado en proyecto fuente; no equivale a precio de mercado actual.
INSV1-21ab6ac99ea21ea83ed58448,EC-GAD-DAULE-LPI-GADIMCD-2025-01,REGENERACION,106.260000,u,2,PRV1-df80f220f10e514ae90731e1,Precio documental observado en proyecto fuente; no equivale a precio de mercado actual.
INSV1-21d64ca370388f2ee4c84b7e,EC-GAD-DAULE-LPI-GADIMCD-2025-01,REGENERACION,25.950000,u,4,PRV1-daddeddfa599367c089a7163,Precio documental observado en proyecto fuente; no equivale a precio de mercado actual.
INSV1-21ea431d6761b5fe1f6073a7,EC-GAD-DAULE-LPI-GADIMCD-2025-03,MALECON,15.970000,m,2,PRV1-5f8d5d3f7ac7efb8d28b52fe,Precio documental observado en proyecto fuente; no equivale a precio de mercado actual.
INSV1-21f2ff3847dab40d5e5ea49e,EC-GAD-DAULE-LPI-GADIMCD-2025-01,REGENERACION,16.660000,galon,6,PRV1-7a7a9de731ca73a0e1824d79,Precio documental observado en proyecto fuente; no equivale a precio de mercado actual.
INSV1-2223d6cb25a93d23a4f6740a,EC-GAD-DAULE-LPI-GADIMCD-2025-03,MALECON,200.000000,u,1,PRV1-9cdcb19f81d7caeab235753c,Precio documental observado en proyecto fuente; no equivale a precio de mercado actual.
INSV1-22d43160c1e800a137ac44e6,EC-GAD-DAULE-LPI-GADIMCD-2025-03,MALECON,13.000000,m2,1,PRV1-fcfa58530046dd3321dc2ac5,Precio documental observado en proyecto fuente; no equivale a precio de mercado actual.
INSV1-23402e0af8a5bec3ef2b36d1,EC-GAD-DAULE-LPI-GADIMCD-2025-01,REGENERACION,27.500000,h,18,PRV1-82c88b757121aae980e9ab24,Precio documental observado en proyecto fuente; no equivale a precio de mercado actual.
INSV1-23642ca9aff54d32696789df,EC-GAD-DAULE-LPI-GADIMCD-2025-03,MALECON,1.510000,u,2,PRV1-53e2e6912f8101a6147e82b3,Precio documental observado en proyecto fuente; no equivale a precio de mercado actual.
INSV1-23cff3c2bb663f1102e1d4dc,EC-GAD-DAULE-LPI-GADIMCD-2025-03,MALECON,4.480000,u,3,PRV1-498278ac8e440d1fe0fe002d,Precio documental observado en proyecto fuente; no equivale a precio de mercado actual.
INSV1-24b0b9de8feae1aac09bf5a5,EC-GAD-DAULE-LPI-GADIMCD-2025-03,MALECON,1.680000,u,1,PRV1-4838438fc860070dea9176ff,Precio documental observado en proyecto fuente; no equivale a precio de mercado actual.
INSV1-25340c3c6a1cf07c5aa5aa6f,EC-GAD-DAULE-LPI-GADIMCD-2025-03,MALECON,218.000000,u,2,PRV1-edfe72ca8b5d22f554c4e6c0,Precio documental observado en proyecto fuente; no equivale a precio de mercado actual.
INSV1-25373e7148a8cb0802cc05a9,EC-GAD-DAULE-LPI-GADIMCD-2025-01,REGENERACION,0.150000,h,28,PRV1-e164b1c055b500a7f85cf376,Precio documental observado en proyecto fuente; no equivale a precio de mercado actual.
INSV1-255bded90ac8a92f4e0eabb6,EC-GAD-DAULE-LPI-GADIMCD-2025-01,REGENERACION,14.810000,m3,111,PRV1-3bffd1c8adb0647d3e15872e,Precio documental observado en proyecto fuente; no equivale a precio de mercado actual.
INSV1-255d82444cc7d97aa13b0a0d,EC-GAD-DAULE-LPI-GADIMCD-2025-01,REGENERACION,16.010000,u,2,PRV1-614e1b951612a1926ed1cc4e,Precio documental observado en proyecto fuente; no equivale a precio de mercado actual.
INSV1-25783a7741fba24b24b83703,EC-GAD-DAULE-LPI-GADIMCD-2025-01,REGENERACION,2.000000,kg,105,PRV1-6c0b1ff2400fbc28a38aab83,Precio documental observado en proyecto fuente; no equivale a precio de mercado actual.
INSV1-257a2030a322ecb378db067d,EC-GAD-DAULE-LPI-GADIMCD-2025-01,REGENERACION,25.530000,u,2,PRV1-165295879ceadabcf8bcf7d4,Precio documental observado en proyecto fuente; no equivale a precio de mercado actual.
INSV1-25d046dbfa2f6d3b4788f1f5,EC-GAD-DAULE-LPI-GADIMCD-2025-03,MALECON,45.000000,h,5,PRV1-0ec2aa7b24ddfad3d60f892c,Precio documental observado en proyecto fuente; no equivale a precio de mercado actual.
INSV1-25f47c2994f27174a4e5483d,EC-GAD-DAULE-LPI-GADIMCD-2025-01,REGENERACION,3.000000,u,4,PRV1-3df618331f12ec4cdc9b9982,Precio documental observado en proyecto fuente; no equivale a precio de mercado actual.
INSV1-26126bdfb81df65dba9b52ae,EC-GAD-DAULE-LPI-GADIMCD-2025-03,MALECON,19600.000000,u,1,PRV1-7c64856f785d52909954816d,Precio documental observado en proyecto fuente; no equivale a precio de mercado actual.
INSV1-263bf71b7a4a7b1e55abff27,EC-GAD-DAULE-LPI-GADIMCD-2025-01,REGENERACION,18.190000,m2,2,PRV1-88404b764e3032fd0ea13ae9,Precio documental observado en proyecto fuente; no equivale a precio de mercado actual.
INSV1-26bc4be30a20b37f6016bfa1,EC-GAD-DAULE-LPI-GADIMCD-2025-03,MALECON,3.750000,h,51,PRV1-92dc66b9c1869753f400c520,Precio documental observado en proyecto fuente; no equivale a precio de mercado actual.
INSV1-26f234a4635a00e5ae48cbd5,EC-GAD-DAULE-LPI-GADIMCD-2025-03,MALECON,1.000000,u,2,PRV1-c5e1743fb8a80984c0eee82a,Precio documental observado en proyecto fuente; no equivale a precio de mercado actual.
INSV1-26f5fd97903b14a4897d06f5,EC-GAD-DAULE-LPI-GADIMCD-2025-03,MALECON,700.000000,u,2,PRV1-9cf5142e0e17753f99ee9303,Precio documental observado en proyecto fuente; no equivale a precio de mercado actual.
INSV1-271fbf141a5de1ed0dd70688,EC-GAD-DAULE-LPI-GADIMCD-2025-01,REGENERACION,4.770000,h,1,PRV1-6b8365823b74a6099ca9c388,Precio documental observado en proyecto fuente; no equivale a precio de mercado actual.
INSV1-2771b03697f79ee2d73aecbb,EC-GAD-DAULE-LPI-GADIMCD-2025-03,MALECON,6.000000,m,4,PRV1-ee9b6529b9e71fa7820df818,Precio documental observado en proyecto fuente; no equivale a precio de mercado actual.
INSV1-27a238f0b7a09a4708c53d5f,EC-GAD-DAULE-LPI-GADIMCD-2025-01,REGENERACION,1.810000,kg,4,PRV1-58001ad6a051f27ca4b912c0,Precio documental observado en proyecto fuente; no equivale a precio de mercado actual.
INSV1-27e104db7d7d48964f868822,EC-GAD-DAULE-LPI-GADIMCD-2025-01,REGENERACION,40.000000,u,4,PRV1-eb80c64681e7d857f10a82c9,Precio documental observado en proyecto fuente; no equivale a precio de mercado actual.
INSV1-280d61a70e03157e7b83c108,EC-GAD-DAULE-LPI-GADIMCD-2025-03,MALECON,0.600000,u,1,PRV1-930e981e33711475b85a5ef1,Precio documental observado en proyecto fuente; no equivale a precio de mercado actual.
INSV1-2892cf7dfb06f497b71387fb,EC-GAD-DAULE-LPI-GADIMCD-2025-03,MALECON,0.610000,u,1,PRV1-e417a5158c701885f502196f,Precio documental observado en proyecto fuente; no equivale a precio de mercado actual.
INSV1-2927f5500d7de6dbe12f31b8,EC-GAD-DAULE-LPI-GADIMCD-2025-01,REGENERACION,175.000000,u,2,PRV1-b5c593d00eded3d58a95b062,Precio documental observado en proyecto fuente; no equivale a precio de mercado actual.
INSV1-2956231e12aa00f47b383920,EC-GAD-DAULE-LPI-GADIMCD-2025-03,MALECON,54.490000,galón (us),10,PRV1-e0319a3410cbd6d1fbed2a00,Precio documental observado en proyecto fuente; no equivale a precio de mercado actual.
INSV1-2979b6df423430464f009d2c,EC-GAD-DAULE-LPI-GADIMCD-2025-01,REGENERACION,1.000000,m,8,PRV1-f4b1be012808596633286bd2,Precio documental observado en proyecto fuente; no equivale a precio de mercado actual.
INSV1-29e00a9064a7f97dd56e0a8e,EC-GAD-DAULE-LPI-GADIMCD-2025-03,MALECON,80.920000,m,1,PRV1-a9ba5f84af04fd84958406e6,Precio documental observado en proyecto fuente; no equivale a precio de mercado actual.
INSV1-2b1fd68a00050d2f37674891,EC-GAD-DAULE-LPI-GADIMCD-2025-01,REGENERACION,1.200000,kg,70,PRV1-d1f23e8b2df0709d701ebd69,Precio documental observado en proyecto fuente; no equivale a precio de mercado actual.
INSV1-2b203b943a7225b904e990b1,EC-GAD-DAULE-LPI-GADIMCD-2025-01,REGENERACION,83.000000,m3,2,PRV1-9dad9c53d8b6ba5ef8bb7e35,Precio documental observado en proyecto fuente; no equivale a precio de mercado actual.
INSV1-2b9130e38800886420d65988,EC-GAD-DAULE-LPI-GADIMCD-2025-01,REGENERACION,125.010000,u,2,PRV1-93029065f7949b951a34ae0f,Precio documental observado en proyecto fuente; no equivale a precio de mercado actual.
INSV1-2bc624c705a1ac3b17ae092d,EC-GAD-DAULE-LPI-GADIMCD-2025-03,MALECON,32.570000,m,1,PRV1-114ecc92983cafb991fab68b,Precio documental observado en proyecto fuente; no equivale a precio de mercado actual.
INSV1-2bcfd7f2cd5bba67e32a487b,EC-GAD-DAULE-LPI-GADIMCD-2025-01,REGENERACION,54.560000,u,2,PRV1-6ff95d9b0a48a6a601355706,Precio documental observado en proyecto fuente; no equivale a precio de mercado actual.
INSV1-2bfa3b0f65470f3e0906fe63,EC-GAD-DAULE-LPI-GADIMCD-2025-03,MALECON,1.520000,m,1,PRV1-30970b6ecd5d3e0fcf39e585,Precio documental observado en proyecto fuente; no equivale a precio de mercado actual.
INSV1-2c020759880fa5d567cfc831,EC-GAD-DAULE-LPI-GADIMCD-2025-03,MALECON,47.550000,u,5,PRV1-a0ffa58a13a38825345e4df8,Precio documental observado en proyecto fuente; no equivale a precio de mercado actual.
INSV1-2c30b12b14d407692f7adcdd,EC-GAD-DAULE-LPI-GADIMCD-2025-03,MALECON,6.160000,kg,1,PRV1-093a960829d4434acb6178f3,Precio documental observado en proyecto fuente; no equivale a precio de mercado actual.
INSV1-2c42748a134dc7387ea6a2ac,EC-GAD-DAULE-LPI-GADIMCD-2025-03,MALECON,1185.780000,u,1,PRV1-920fe380d9c83a2a1a990c62,Precio documental observado en proyecto fuente; no equivale a precio de mercado actual.
INSV1-2c8490054bebd6858b897f22,EC-GAD-DAULE-LPI-GADIMCD-2025-01,REGENERACION,1250.000000,u,2,PRV1-e5d5850bc206fd6e5caa78f6,Precio documental observado en proyecto fuente; no equivale a precio de mercado actual.
INSV1-2cae10b2de447be55ae1885f,EC-GAD-DAULE-LPI-GADIMCD-2025-03,MALECON,18.200000,galón (us),7,PRV1-97dc8091481fb35f978a2f90,Precio documental observado en proyecto fuente; no equivale a precio de mercado actual.
INSV1-2cdf7a271efddf8f095ad3e8,EC-GAD-DAULE-LPI-GADIMCD-2025-03,MALECON,3.580000,u,10,PRV1-aa7b2f134ec28a8618fddaa2,Precio documental observado en proyecto fuente; no equivale a precio de mercado actual.
INSV1-2ce15b021b2e2445d4d57e89,EC-GAD-DAULE-LPI-GADIMCD-2025-03,MALECON,0.030000,u,3,PRV1-23b365b83f8a70ffa738b69e,Precio documental observado en proyecto fuente; no equivale a precio de mercado actual.
INSV1-2d199576206a2a5eda9aaff1,EC-GAD-DAULE-LPI-GADIMCD-2025-01,REGENERACION,2.010000,glb,2,PRV1-f35b50d7a88f6403ffa41403,Precio documental observado en proyecto fuente; no equivale a precio de mercado actual.
INSV1-2d28c1e58b2d40ccef7096f7,EC-GAD-DAULE-LPI-GADIMCD-2025-03,MALECON,40.000000,1,1,PRV1-5467bbbf84fa95a77485e1f2,Precio documental observado en proyecto fuente; no equivale a precio de mercado actual.
INSV1-2d40b16660f6bfae882dd0f9,EC-GAD-DAULE-LPI-GADIMCD-2025-01,REGENERACION,13.500000,u,1,PRV1-958579379aaad9523ce58fb0,Precio documental observado en proyecto fuente; no equivale a precio de mercado actual.
INSV1-2d6e69bfe126b634119f1232,EC-GAD-DAULE-LPI-GADIMCD-2025-03,MALECON,144.530000,u,1,PRV1-dd6da3489ff2c6101d283ef2,Precio documental observado en proyecto fuente; no equivale a precio de mercado actual.
INSV1-2d8eed883639f9320fc852e2,EC-GAD-DAULE-LPI-GADIMCD-2025-01,REGENERACION,24.010000,galon,2,PRV1-dc4f96f0752cc0889a810b1c,Precio documental observado en proyecto fuente; no equivale a precio de mercado actual.
INSV1-2d9cc6ac80356facc875465b,EC-GAD-DAULE-LPI-GADIMCD-2025-03,MALECON,1.930000,u,1,PRV1-0c4bd0268e8f3ae23d152de0,Precio documental observado en proyecto fuente; no equivale a precio de mercado actual.
INSV1-2e45e6005449b1bc93474199,EC-GAD-DAULE-LPI-GADIMCD-2025-03,MALECON,20.000000,u,1,PRV1-a60b8dd042851dcd0d9db0f7,Precio documental observado en proyecto fuente; no equivale a precio de mercado actual.
INSV1-2e53409b0845e61592de1f16,EC-GAD-DAULE-LPI-GADIMCD-2025-03,MALECON,25.000000,u,7,PRV1-903861abf6869d3c78deb1d5,Precio documental observado en proyecto fuente; no equivale a precio de mercado actual.
INSV1-2e5f88c88fe19c4a19ecb8e3,EC-GAD-DAULE-LPI-GADIMCD-2025-03,MALECON,0.600000,u,1,PRV1-40268c4b33b9f1fbb28ee938,Precio documental observado en proyecto fuente; no equivale a precio de mercado actual.
INSV1-2ebb8db7b54c9c0ed4b195bd,EC-GAD-DAULE-LPI-GADIMCD-2025-01,REGENERACION,24.100000,u,2,PRV1-46fdd44ec7780dfa9a9076ad,Precio documental observado en proyecto fuente; no equivale a precio de mercado actual.
INSV1-2ed3cce1adb013cb1bad12a1,EC-GAD-DAULE-LPI-GADIMCD-2025-03,MALECON,78.830000,u,1,PRV1-035aa35d7b32bed85b1a8235,Precio documental observado en proyecto fuente; no equivale a precio de mercado actual.
INSV1-2ef3b061a971e2cd838dc10c,EC-GAD-DAULE-LPI-GADIMCD-2025-03,MALECON,1.160000,l,1,PRV1-13955217538556903b555b33,Precio documental observado en proyecto fuente; no equivale a precio de mercado actual.
INSV1-2ef93473625a0fb55a2bf1e3,EC-GAD-DAULE-LPI-GADIMCD-2025-03,MALECON,6.490000,m,1,PRV1-f6cbc001abf33890f303a5d3,Precio documental observado en proyecto fuente; no equivale a precio de mercado actual.
INSV1-2f2624a08958fe1391e338e7,EC-GAD-DAULE-LPI-GADIMCD-2025-03,MALECON,4.750000,h,3,PRV1-c7fd88168144c17027950ef7,Precio documental observado en proyecto fuente; no equivale a precio de mercado actual.
INSV1-2f31530752c02404fee4e907,EC-GAD-DAULE-LPI-GADIMCD-2025-01,REGENERACION,1.210000,m,2,PRV1-aba2d10b9cd33fef99eb39b8,Precio documental observado en proyecto fuente; no equivale a precio de mercado actual.
INSV1-2f62828c14994b702b544f6b,EC-GAD-DAULE-LPI-GADIMCD-2025-01,REGENERACION,3.450000,m,4,PRV1-1e87bafe6710171ede253691,Precio documental observado en proyecto fuente; no equivale a precio de mercado actual.
INSV1-2f78553e4c31f75da9fd44bd,EC-GAD-DAULE-LPI-GADIMCD-2025-03,MALECON,85.000000,m2,4,PRV1-8ca7749ac5c2ad603f9f7385,Precio documental observado en proyecto fuente; no equivale a precio de mercado actual.
INSV1-2f9257ad4fe081c97a9869c3,EC-GAD-DAULE-LPI-GADIMCD-2025-01,REGENERACION,0.610000,u,2,PRV1-2aa868ee9c664a2f69b2f5a0,Precio documental observado en proyecto fuente; no equivale a precio de mercado actual.
INSV1-2f9ea8759cb60a18b00cb15f,EC-GAD-DAULE-LPI-GADIMCD-2025-01,REGENERACION,11.200000,m2,1,PRV1-8b7f9562b22747e0c271e6de,Precio documental observado en proyecto fuente; no equivale a precio de mercado actual.
INSV1-2fd0fd4a27c23e7e69c4da8d,EC-GAD-DAULE-LPI-GADIMCD-2025-01,REGENERACION,2.000000,h,3,PRV1-db202ea9ced0534a9e30d201,Precio documental observado en proyecto fuente; no equivale a precio de mercado actual.
INSV1-2fd9cf289218ccf771ba937a,EC-GAD-DAULE-LPI-GADIMCD-2025-03,MALECON,450.000000,u,5,PRV1-eb8d2d291e1659f8caa5f9aa,Precio documental observado en proyecto fuente; no equivale a precio de mercado actual.
INSV1-300a09b9094021abe03a21c7,EC-GAD-DAULE-LPI-GADIMCD-2025-03,MALECON,4.280000,u,11,PRV1-2ebb7dfab9893cbad83dc913,Precio documental observado en proyecto fuente; no equivale a precio de mercado actual.
INSV1-306db6dad99a554c7212a988,EC-GAD-DAULE-LPI-GADIMCD-2025-03,MALECON,43.480000,u,1,PRV1-c6861171bb0e6a65973d4254,Precio documental observado en proyecto fuente; no equivale a precio de mercado actual.
INSV1-307c606b8510de1057ac533a,EC-GAD-DAULE-LPI-GADIMCD-2025-01,REGENERACION,10.000000,m2,2,PRV1-e157039e36488222fb7a4980,Precio documental observado en proyecto fuente; no equivale a precio de mercado actual.
INSV1-30a42b72d82d97ef1dfee3e7,EC-GAD-DAULE-LPI-GADIMCD-2025-03,MALECON,127.370000,m3,12,PRV1-fee259f533c726e2fc740492,Precio documental observado en proyecto fuente; no equivale a precio de mercado actual.
INSV1-30b9640f12b316f91fe73eae,EC-GAD-DAULE-LPI-GADIMCD-2025-01,REGENERACION,10.150000,h,2,PRV1-b7e5d099c20a3c18621ab218,Precio documental observado en proyecto fuente; no equivale a precio de mercado actual.
INSV1-30c69462d56940de309dbe22,EC-GAD-DAULE-LPI-GADIMCD-2025-03,MALECON,11100.000000,u,1,PRV1-d8054fa7bc2a02bc76da7623,Precio documental observado en proyecto fuente; no equivale a precio de mercado actual.
INSV1-30d99541a76d1dd859a6bf47,EC-GAD-DAULE-LPI-GADIMCD-2025-03,MALECON,6.760000,u,1,PRV1-b9b2b5e9efb620f20413e8d8,Precio documental observado en proyecto fuente; no equivale a precio de mercado actual.
INSV1-31467c0106a7c4dbe985f493,EC-GAD-DAULE-LPI-GADIMCD-2025-03,MALECON,2.100000,u,2,PRV1-4fafd42f40f04085406a84c8,Precio documental observado en proyecto fuente; no equivale a precio de mercado actual.
INSV1-3170081ba3938af0d0d8ec70,EC-GAD-DAULE-LPI-GADIMCD-2025-03,MALECON,25.000000,u,1,PRV1-25cd66ff9d3f2df0db817230,Precio documental observado en proyecto fuente; no equivale a precio de mercado actual.
INSV1-317bfb591f3896999089b225,EC-GAD-DAULE-LPI-GADIMCD-2025-01,REGENERACION,41.500000,u,1,PRV1-44e03177df446164fee99f81,Precio documental observado en proyecto fuente; no equivale a precio de mercado actual.
INSV1-318fa576e63ec214246207cb,EC-GAD-DAULE-LPI-GADIMCD-2025-03,MALECON,29.680000,u,1,PRV1-8d2014aa3ac7a7414253d801,Precio documental observado en proyecto fuente; no equivale a precio de mercado actual.
INSV1-31b10c294cca475b227a1f17,EC-GAD-DAULE-LPI-GADIMCD-2025-03,MALECON,6.120000,u,5,PRV1-13c5fdab77293ab0f1eddd5d,Precio documental observado en proyecto fuente; no equivale a precio de mercado actual.
INSV1-31c69791409f97ac5f9325cf,EC-GAD-DAULE-LPI-GADIMCD-2025-03,MALECON,22.410000,m2,1,PRV1-028bd8baa5d52b2e71f36580,Precio documental observado en proyecto fuente; no equivale a precio de mercado actual.
INSV1-31c7212fab8c5b79a0a15bbc,EC-GAD-DAULE-LPI-GADIMCD-2025-01,REGENERACION,10.010000,u,2,PRV1-acb4c315990c269fb9483e5e,Precio documental observado en proyecto fuente; no equivale a precio de mercado actual.
INSV1-31d1a0c09ec2657a531d7c72,EC-GAD-DAULE-LPI-GADIMCD-2025-03,MALECON,41.000000,u,1,PRV1-b325de02251eba5bbd2304f9,Precio documental observado en proyecto fuente; no equivale a precio de mercado actual.
INSV1-3201e1792fa8f42ff43a89a1,EC-GAD-DAULE-LPI-GADIMCD-2025-01,REGENERACION,25.000000,h,22,PRV1-1fffce3afdb654b963055afd,Precio documental observado en proyecto fuente; no equivale a precio de mercado actual.
INSV1-3201e1792fa8f42ff43a89a1,EC-GAD-DAULE-LPI-GADIMCD-2025-03,MALECON,50.000000,h,1,PRV1-3c550106de78376b3291c358,Precio documental observado en proyecto fuente; no equivale a precio de mercado actual.
INSV1-32517f03ed9d30ee210d4c3b,EC-GAD-DAULE-LPI-GADIMCD-2025-01,REGENERACION,1.670000,kg,4,PRV1-2595f1ecc0099b5d71d9a2c3,Precio documental observado en proyecto fuente; no equivale a precio de mercado actual.
INSV1-32590ba1ef4e476dc3dd4ed9,EC-GAD-DAULE-LPI-GADIMCD-2025-01,REGENERACION,0.310000,u,2,PRV1-72110705dbab8881af2c7420,Precio documental observado en proyecto fuente; no equivale a precio de mercado actual.
INSV1-32bd73df37eb97e122a2512e,EC-GAD-DAULE-LPI-GADIMCD-2025-03,MALECON,2.370000,u,3,PRV1-c9aeec5e6d1afa1707709b6c,Precio documental observado en proyecto fuente; no equivale a precio de mercado actual.
INSV1-32bfd1ce72e25bd2bae9be09,EC-GAD-DAULE-LPI-GADIMCD-2025-03,MALECON,1.620000,u,1,PRV1-7aea7d3b84d9baf9ef26bc23,Precio documental observado en proyecto fuente; no equivale a precio de mercado actual.
INSV1-331af8923971cccfba2dfb36,EC-GAD-DAULE-LPI-GADIMCD-2025-03,MALECON,6.040000,u,2,PRV1-2c6d132444ef080a96d79be4,Precio documental observado en proyecto fuente; no equivale a precio de mercado actual.
INSV1-339cc0397d5a23a71ed72304,EC-GAD-DAULE-LPI-GADIMCD-2025-03,MALECON,12.240000,u,1,PRV1-61eb29c6e63085b0a8ddc5c8,Precio documental observado en proyecto fuente; no equivale a precio de mercado actual.
INSV1-342850c3420c005013a0ee42,EC-GAD-DAULE-LPI-GADIMCD-2025-01,REGENERACION,22.010000,u,2,PRV1-78d7d3740cc9867ae857221f,Precio documental observado en proyecto fuente; no equivale a precio de mercado actual.
INSV1-344b9420f72a13fb72f02723,EC-GAD-DAULE-LPI-GADIMCD-2025-03,MALECON,4.950000,u,1,PRV1-19368a5442f094fe9a5834e8,Precio documental observado en proyecto fuente; no equivale a precio de mercado actual.
INSV1-3462ea5a42f9f34e8ac2a543,EC-GAD-DAULE-LPI-GADIMCD-2025-03,MALECON,4.000000,u,1,PRV1-0e7b84d1b1e8e06f5f368f7a,Precio documental observado en proyecto fuente; no equivale a precio de mercado actual.
INSV1-3486e548ded1700e7720be88,EC-GAD-DAULE-LPI-GADIMCD-2025-01,REGENERACION,9.510000,u,1,PRV1-2060d297c6f6594cb0be9a7b,Precio documental observado en proyecto fuente; no equivale a precio de mercado actual.
INSV1-34a0b53903044dd07da8a3e2,EC-GAD-DAULE-LPI-GADIMCD-2025-03,MALECON,4.280000,h,2,PRV1-bc0d37d901288a4bd04a5846,Precio documental observado en proyecto fuente; no equivale a precio de mercado actual.
INSV1-34b849675bccde9fe2d83797,EC-GAD-DAULE-LPI-GADIMCD-2025-03,MALECON,10.330000,l,10,PRV1-b6398cbd49aba163d515844e,Precio documental observado en proyecto fuente; no equivale a precio de mercado actual.
INSV1-3525705d7d0363d3e863abc7,EC-GAD-DAULE-LPI-GADIMCD-2025-03,MALECON,12.480000,u,1,PRV1-37d4495df9d4874982c8d4ba,Precio documental observado en proyecto fuente; no equivale a precio de mercado actual.
INSV1-353f6861cce1ba84dc35f9ae,EC-GAD-DAULE-LPI-GADIMCD-2025-03,MALECON,360.000000,u,1,PRV1-01e3b4a9905b76594c47d627,Precio documental observado en proyecto fuente; no equivale a precio de mercado actual.
INSV1-357b81dd10b9e844ced27697,EC-GAD-DAULE-LPI-GADIMCD-2025-03,MALECON,0.900000,m,8,PRV1-ffc36a6e62b92cf744e46a01,Precio documental observado en proyecto fuente; no equivale a precio de mercado actual.
INSV1-359b8ab91e76fdca117f0287,EC-GAD-DAULE-LPI-GADIMCD-2025-03,MALECON,2.000000,h,2,PRV1-b3137c8740fee7b8d72a0825,Precio documental observado en proyecto fuente; no equivale a precio de mercado actual.
INSV1-35bd0bbe241791d141abd01a,EC-GAD-DAULE-LPI-GADIMCD-2025-03,MALECON,12.200000,m3,1,PRV1-41391f8ef46166856a618545,Precio documental observado en proyecto fuente; no equivale a precio de mercado actual.
INSV1-35c735bfb6d98e21937d3a3a,EC-GAD-DAULE-LPI-GADIMCD-2025-03,MALECON,2.370000,u,2,PRV1-74d8635213dee044e8af5064,Precio documental observado en proyecto fuente; no equivale a precio de mercado actual.
INSV1-36444440fcf027b858077425,EC-GAD-DAULE-LPI-GADIMCD-2025-03,MALECON,40.000000,u,1,PRV1-d2dc94717bef87212086ac53,Precio documental observado en proyecto fuente; no equivale a precio de mercado actual.
INSV1-370ba4f76c775bc57d9b2c66,EC-GAD-DAULE-LPI-GADIMCD-2025-03,MALECON,1200.000000,u,1,PRV1-d12aab59921a74ed7e6ac167,Precio documental observado en proyecto fuente; no equivale a precio de mercado actual.
INSV1-379100625b69dc0116b554dc,EC-GAD-DAULE-LPI-GADIMCD-2025-03,MALECON,19.000000,h,1,PRV1-7fdd4b9c570648e3a20a03a1,Precio documental observado en proyecto fuente; no equivale a precio de mercado actual.
INSV1-37b31679fa66ef5cb5eeaf66,EC-GAD-DAULE-LPI-GADIMCD-2025-03,MALECON,22.080000,m3,2,PRV1-b4570b55a64639d6df8c5f96,Precio documental observado en proyecto fuente; no equivale a precio de mercado actual.
INSV1-37b8af6f88857339e200cb4e,EC-GAD-DAULE-LPI-GADIMCD-2025-03,MALECON,125.000000,h,2,PRV1-186dcf3b87cbd89038f707ed,Precio documental observado en proyecto fuente; no equivale a precio de mercado actual.
INSV1-37e62b4c8fbca53e61aa8099,EC-GAD-DAULE-LPI-GADIMCD-2025-03,MALECON,75.000000,u,3,PRV1-0c3087d14c2768e817f8c8e5,Precio documental observado en proyecto fuente; no equivale a precio de mercado actual.
INSV1-37fd82d294ffdef0a4f24b5f,EC-GAD-DAULE-LPI-GADIMCD-2025-01,REGENERACION,5.010000,u,4,PRV1-97d5a2786f351baf050cb36f,Precio documental observado en proyecto fuente; no equivale a precio de mercado actual.
INSV1-3815e59b89befd71e68018f7,EC-GAD-DAULE-LPI-GADIMCD-2025-01,REGENERACION,9.000000,rollo,9,PRV1-8405eee4c3599de0893a554d,Precio documental observado en proyecto fuente; no equivale a precio de mercado actual.
INSV1-383fe1c1bd8fdb3dc459a554,EC-GAD-DAULE-LPI-GADIMCD-2025-03,MALECON,5.880000,m2,2,PRV1-82294626d37167cf7e40208d,Precio documental observado en proyecto fuente; no equivale a precio de mercado actual.
INSV1-3879fc0d0e569a78d5ec35bf,EC-GAD-DAULE-LPI-GADIMCD-2025-03,MALECON,28.000000,u,1,PRV1-8241db8e9e5db49c09f85940,Precio documental observado en proyecto fuente; no equivale a precio de mercado actual.
INSV1-388fbc3aa0916c6c9af916d1,EC-GAD-DAULE-LPI-GADIMCD-2025-01,REGENERACION,160.000000,u,2,PRV1-f36ac643677bc7195aa9cd96,Precio documental observado en proyecto fuente; no equivale a precio de mercado actual.
INSV1-390249674975d8d45b2996f7,EC-GAD-DAULE-LPI-GADIMCD-2025-03,MALECON,43.600000,u,1,PRV1-e755f043d9f3a5be4879fdd2,Precio documental observado en proyecto fuente; no equivale a precio de mercado actual.
INSV1-3947f2ab44f1b80714355f58,EC-GAD-DAULE-LPI-GADIMCD-2025-01,REGENERACION,4.000000,u,11,PRV1-89aa976074498e02e0976fe2,Precio documental observado en proyecto fuente; no equivale a precio de mercado actual.
INSV1-39530f6fb37623efbf67c242,EC-GAD-DAULE-LPI-GADIMCD-2025-03,MALECON,89695.000000,u,1,PRV1-6ae513977bd86b0861626439,Precio documental observado en proyecto fuente; no equivale a precio de mercado actual.
INSV1-3953b09aaf27789e2a5f33e8,EC-GAD-DAULE-LPI-GADIMCD-2025-03,MALECON,37.210000,m,1,PRV1-2de1faafbe87152e626c7d9a,Precio documental observado en proyecto fuente; no equivale a precio de mercado actual.
INSV1-39a9aecf6e82be943d453c5c,EC-GAD-DAULE-LPI-GADIMCD-2025-03,MALECON,1.500000,kg,12,PRV1-e5f91edd81692d763e53c9ef,Precio documental observado en proyecto fuente; no equivale a precio de mercado actual.
INSV1-39c2fec3cd251cc0aef58fd8,EC-GAD-DAULE-LPI-GADIMCD-2025-01,REGENERACION,2000.010000,u,1,PRV1-55995bf85acb975560df7568,Precio documental observado en proyecto fuente; no equivale a precio de mercado actual.
INSV1-3a05dadbbedec7829adfbfab,EC-GAD-DAULE-LPI-GADIMCD-2025-03,MALECON,10.750000,u,1,PRV1-478fd6652856fdc902c434bc,Precio documental observado en proyecto fuente; no equivale a precio de mercado actual.
INSV1-3a13d23dd34caa2a10811226,EC-GAD-DAULE-LPI-GADIMCD-2025-03,MALECON,4.960000,m,3,PRV1-3aa091b0b98bc14b5e9d9af3,Precio documental observado en proyecto fuente; no equivale a precio de mercado actual.
INSV1-3a1c75e46e2630c6a12ff6a4,EC-GAD-DAULE-LPI-GADIMCD-2025-03,MALECON,2.000000,h,1,PRV1-87b36846b1d8af885710564b,Precio documental observado en proyecto fuente; no equivale a precio de mercado actual.
INSV1-3a465a7a0009a96871dda3f5,EC-GAD-DAULE-LPI-GADIMCD-2025-03,MALECON,3772.280000,u,1,PRV1-f384affe3aedd0288b986337,Precio documental observado en proyecto fuente; no equivale a precio de mercado actual.
INSV1-3a5a7be0af585cd66ca5b1e4,EC-GAD-DAULE-LPI-GADIMCD-2025-03,MALECON,49.210000,u,1,PRV1-b72a5f9561d78b728c46bfe4,Precio documental observado en proyecto fuente; no equivale a precio de mercado actual.
INSV1-3a71b95d5d4e165971bfd188,EC-GAD-DAULE-LPI-GADIMCD-2025-03,MALECON,36.250000,u,2,PRV1-e8a81abb4e0b7eff798fea56,Precio documental observado en proyecto fuente; no equivale a precio de mercado actual.
INSV1-3a7356c53d1f164da75070b0,EC-GAD-DAULE-LPI-GADIMCD-2025-03,MALECON,60.000000,u,4,PRV1-817d2351a19f04139ec80b7c,Precio documental observado en proyecto fuente; no equivale a precio de mercado actual.
INSV1-3aa4d4fa47f597ef650b2d0f,EC-GAD-DAULE-LPI-GADIMCD-2025-03,MALECON,20.000000,u,1,PRV1-0ddad87514301d9c35bd2f1b,Precio documental observado en proyecto fuente; no equivale a precio de mercado actual.
INSV1-3aafb0d3fb39354724fd1708,EC-GAD-DAULE-LPI-GADIMCD-2025-03,MALECON,0.500000,h,1,PRV1-04e772cf6cb3765953213d18,Precio documental observado en proyecto fuente; no equivale a precio de mercado actual.
INSV1-3aafb0d3fb39354724fd1708,EC-GAD-DAULE-LPI-GADIMCD-2025-03,MALECON,15.000000,h,7,PRV1-b2ffe3d8e501e9a2e6b2ad9c,Precio documental observado en proyecto fuente; no equivale a precio de mercado actual.
INSV1-3abec716c8fa4c92c5747b70,EC-GAD-DAULE-LPI-GADIMCD-2025-03,MALECON,2.610000,m,4,PRV1-4cd6d962968d413d607463f6,Precio documental observado en proyecto fuente; no equivale a precio de mercado actual.
INSV1-3af42f79f985ff25a6de282f,EC-GAD-DAULE-LPI-GADIMCD-2025-03,MALECON,6.700000,u,2,PRV1-3360d1bd4fb2d3fdc6471968,Precio documental observado en proyecto fuente; no equivale a precio de mercado actual.
INSV1-3b4795e9fe668dfd88e65740,EC-GAD-DAULE-LPI-GADIMCD-2025-03,MALECON,4.640000,m,5,PRV1-7a0cc5ec89f16bdd9473a4f0,Precio documental observado en proyecto fuente; no equivale a precio de mercado actual.
INSV1-3b5cb5c357b8e2e0e48567f9,EC-GAD-DAULE-LPI-GADIMCD-2025-03,MALECON,147.620000,u,2,PRV1-71ee3ac27028d297a16b3f9f,Precio documental observado en proyecto fuente; no equivale a precio de mercado actual.
INSV1-3c03bf050b8dffeb4a8dce54,EC-GAD-DAULE-LPI-GADIMCD-2025-01,REGENERACION,285.500000,u,2,PRV1-b2df524bf94aa1868ea2a75f,Precio documental observado en proyecto fuente; no equivale a precio de mercado actual.
INSV1-3c27505d8e39602c6cf417f9,EC-GAD-DAULE-LPI-GADIMCD-2025-01,REGENERACION,4.280000,h,2,PRV1-f8210584ce50042a2e1d7271,Precio documental observado en proyecto fuente; no equivale a precio de mercado actual.
INSV1-3c4815fbfcdfb8e5c0cfee05,EC-GAD-DAULE-LPI-GADIMCD-2025-01,REGENERACION,2.600000,u,6,PRV1-26fdd20f7e67c61492b9ec07,Precio documental observado en proyecto fuente; no equivale a precio de mercado actual.
INSV1-3c5835cffd6ba89ae4bceb99,EC-GAD-DAULE-LPI-GADIMCD-2025-01,REGENERACION,2.750000,u,1,PRV1-ec2f08e1f78c3fed9a8e3aa8,Precio documental observado en proyecto fuente; no equivale a precio de mercado actual.
INSV1-3cd370621f4ea3f7494cf88c,EC-GAD-DAULE-LPI-GADIMCD-2025-03,MALECON,3.000000,m,3,PRV1-4458e832482062e0f4dfe7f7,Precio documental observado en proyecto fuente; no equivale a precio de mercado actual.
INSV1-3ceac4d9d12868b72151e2a2,EC-GAD-DAULE-LPI-GADIMCD-2025-03,MALECON,3.920000,u,1,PRV1-e5b7722b784f5a3e2dc579d0,Precio documental observado en proyecto fuente; no equivale a precio de mercado actual.
INSV1-3d1e215e7eae3472dc431de8,EC-GAD-DAULE-LPI-GADIMCD-2025-01,REGENERACION,4.230000,h,130,PRV1-975f36a192fd62d7d32a16cd,Precio documental observado en proyecto fuente; no equivale a precio de mercado actual.
INSV1-3d1e215e7eae3472dc431de8,EC-GAD-DAULE-LPI-GADIMCD-2025-03,MALECON,4.230000,h,3,PRV1-e3d5fabab2cd7d36046ba621,Precio documental observado en proyecto fuente; no equivale a precio de mercado actual.
INSV1-3d3574293b8f2ab04b1601dd,EC-GAD-DAULE-LPI-GADIMCD-2025-03,MALECON,4.000000,u,2,PRV1-ec39346a864618917a11c5ae,Precio documental observado en proyecto fuente; no equivale a precio de mercado actual.
INSV1-3e6e72469e98f50a4b294b19,EC-GAD-DAULE-LPI-GADIMCD-2025-03,MALECON,7.000000,kg,12,PRV1-02bb0c22398c42906babd575,Precio documental observado en proyecto fuente; no equivale a precio de mercado actual.
INSV1-3efb67febf0f5d1e1acf1c91,EC-GAD-DAULE-LPI-GADIMCD-2025-03,MALECON,0.800000,u,1,PRV1-17ad71ccc7651824f501f89a,Precio documental observado en proyecto fuente; no equivale a precio de mercado actual.
INSV1-3f9c2cfcef8d9c677c0d1151,EC-GAD-DAULE-LPI-GADIMCD-2025-03,MALECON,1.500000,sc,17,PRV1-2e3e8df00229a637002b4acd,Precio documental observado en proyecto fuente; no equivale a precio de mercado actual.
INSV1-3fca933a1e18ed49055e29b0,EC-GAD-DAULE-LPI-GADIMCD-2025-03,MALECON,1.620000,u,2,PRV1-a8dee15436ef6d3180e3925e,Precio documental observado en proyecto fuente; no equivale a precio de mercado actual.
INSV1-4001524d6b8df28c6202f48a,EC-GAD-DAULE-LPI-GADIMCD-2025-03,MALECON,0.290000,u,2,PRV1-f0dabb56383ed23f293a57c9,Precio documental observado en proyecto fuente; no equivale a precio de mercado actual.
INSV1-4079e3455c4f26e8835a07a8,EC-GAD-DAULE-LPI-GADIMCD-2025-01,REGENERACION,75.510000,u,1,PRV1-dc68179b3640a4a7f9c4badd,Precio documental observado en proyecto fuente; no equivale a precio de mercado actual.
INSV1-409ed96dde5a7207739ef872,EC-GAD-DAULE-LPI-GADIMCD-2025-03,MALECON,1.600000,u,2,PRV1-a0f42f76dcc5dfed34032814,Precio documental observado en proyecto fuente; no equivale a precio de mercado actual.
INSV1-40e767dd453e2328f6b45661,EC-GAD-DAULE-LPI-GADIMCD-2025-03,MALECON,170.380000,u,1,PRV1-c220e2a46c7f7c7cf2d0e3b1,Precio documental observado en proyecto fuente; no equivale a precio de mercado actual.
INSV1-40e7ba6bd318d2780df0b07f,EC-GAD-DAULE-LPI-GADIMCD-2025-03,MALECON,3.440000,m,1,PRV1-4170eef5ece70ce767f29f07,Precio documental observado en proyecto fuente; no equivale a precio de mercado actual.
INSV1-414e66c161a38b112f9aaaf5,EC-GAD-DAULE-LPI-GADIMCD-2025-01,REGENERACION,20.010000,u,2,PRV1-ef0940dbb7149725d3a89ed9,Precio documental observado en proyecto fuente; no equivale a precio de mercado actual.
INSV1-416d130cd3b69afa4f6f1fc2,EC-GAD-DAULE-LPI-GADIMCD-2025-03,MALECON,5.380000,m,4,PRV1-0a0948713013d66dab6e67ee,Precio documental observado en proyecto fuente; no equivale a precio de mercado actual.
INSV1-41b3a5408c9dda215923891e,EC-GAD-DAULE-LPI-GADIMCD-2025-03,MALECON,4.000000,m2,1,PRV1-960f1c3f27280b8080684801,Precio documental observado en proyecto fuente; no equivale a precio de mercado actual.
INSV1-41eedf53065f238237ec510b,EC-GAD-DAULE-LPI-GADIMCD-2025-03,MALECON,0.850000,u,2,PRV1-53143bbf9d108e14eabacba2,Precio documental observado en proyecto fuente; no equivale a precio de mercado actual.
INSV1-4201dcf8e83af6f501b56c16,EC-GAD-DAULE-LPI-GADIMCD-2025-03,MALECON,2684.100000,u,1,PRV1-2ae9c52e607c8f2791497d07,Precio documental observado en proyecto fuente; no equivale a precio de mercado actual.
INSV1-42067d30fe46fbde5444d4cc,EC-GAD-DAULE-LPI-GADIMCD-2025-03,MALECON,15330.000000,u,1,PRV1-dc9f296e8a03f35dc59d6adc,Precio documental observado en proyecto fuente; no equivale a precio de mercado actual.
INSV1-425cf97cc53542cfddc3d9bf,EC-GAD-DAULE-LPI-GADIMCD-2025-03,MALECON,2.000000,u,3,PRV1-505848acd3dc856113fcac71,Precio documental observado en proyecto fuente; no equivale a precio de mercado actual.
INSV1-42ae88b7db8484ef106773c5,EC-GAD-DAULE-LPI-GADIMCD-2025-03,MALECON,4.280000,h,52,PRV1-736f592c81df15bfc76e712c,Precio documental observado en proyecto fuente; no equivale a precio de mercado actual.
INSV1-42bbb2783dfc12a28e2ef7f7,EC-GAD-DAULE-LPI-GADIMCD-2025-01,REGENERACION,4.230000,h,4,PRV1-3f6d02d31c101ee0581a5520,Precio documental observado en proyecto fuente; no equivale a precio de mercado actual.
INSV1-42bbb2783dfc12a28e2ef7f7,EC-GAD-DAULE-LPI-GADIMCD-2025-03,MALECON,4.230000,h,2,PRV1-15d8f4c782bb7d24ca3e1c16,Precio documental observado en proyecto fuente; no equivale a precio de mercado actual.
INSV1-430cdf9f9bf8a5cee6a0992f,EC-GAD-DAULE-LPI-GADIMCD-2025-03,MALECON,149.990000,u,3,PRV1-c29c59e304c5f74a2684e508,Precio documental observado en proyecto fuente; no equivale a precio de mercado actual.
INSV1-4397895b60cf4155d25bfa7b,EC-GAD-DAULE-LPI-GADIMCD-2025-03,MALECON,4.520000,h,2,PRV1-2a67670c3346cd792a1341ae,Precio documental observado en proyecto fuente; no equivale a precio de mercado actual.
INSV1-43e7c429e5b3dd5af6d92997,EC-GAD-DAULE-LPI-GADIMCD-2025-03,MALECON,19.900000,m3,36,PRV1-05e6d147e2ae1b3ed3421088,Precio documental observado en proyecto fuente; no equivale a precio de mercado actual.
INSV1-4427f38bbe54cc1b3f125e8e,EC-GAD-DAULE-LPI-GADIMCD-2025-03,MALECON,1.800000,kg,17,PRV1-cbc6480e064298b3a072f513,Precio documental observado en proyecto fuente; no equivale a precio de mercado actual.
INSV1-443c23e35815515948653565,EC-GAD-DAULE-LPI-GADIMCD-2025-03,MALECON,2.500000,h,1,PRV1-3833b40ab1b6a2d3b4b9bd2f,Precio documental observado en proyecto fuente; no equivale a precio de mercado actual.
INSV1-4447dddb6d00cef90c3d41cf,EC-GAD-DAULE-LPI-GADIMCD-2025-03,MALECON,59.000000,u,2,PRV1-d0529a48ad2a22bf9cd09997,Precio documental observado en proyecto fuente; no equivale a precio de mercado actual.
INSV1-44d38c9575e94397a7c82ffc,EC-GAD-DAULE-LPI-GADIMCD-2025-03,MALECON,120.000000,u,1,PRV1-3383ccdd8b9257a79b69246d,Precio documental observado en proyecto fuente; no equivale a precio de mercado actual.
INSV1-44d918f7ed4dd5c44b78ac76,EC-GAD-DAULE-LPI-GADIMCD-2025-03,MALECON,250.000000,u,7,PRV1-3d89488c41c28c74dae9bb54,Precio documental observado en proyecto fuente; no equivale a precio de mercado actual.
INSV1-44e1f3e147858da47900d227,EC-GAD-DAULE-LPI-GADIMCD-2025-01,REGENERACION,17.840000,u,2,PRV1-912a767bed2876f1c095255b,Precio documental observado en proyecto fuente; no equivale a precio de mercado actual.
INSV1-44ec59a187b380e3b9dab21e,EC-GAD-DAULE-LPI-GADIMCD-2025-03,MALECON,44.660000,u,1,PRV1-c6990c32d0c841d559d80915,Precio documental observado en proyecto fuente; no equivale a precio de mercado actual.
INSV1-44ef89f469c1dcfa47e5c9ee,EC-GAD-DAULE-LPI-GADIMCD-2025-03,MALECON,472.100000,m,1,PRV1-b0f1966d0a2cad4ddc36dd82,Precio documental observado en proyecto fuente; no equivale a precio de mercado actual.
INSV1-450a6949ea35be741dc409b1,EC-GAD-DAULE-LPI-GADIMCD-2025-03,MALECON,1.250000,u,1,PRV1-091a5fa16a306a7aacf9ba0f,Precio documental observado en proyecto fuente; no equivale a precio de mercado actual.
INSV1-45312f775316965bcdc0c8c4,EC-GAD-DAULE-LPI-GADIMCD-2025-01,REGENERACION,6.200000,h,29,PRV1-cfcbe6dbd1d2edaa6e800ead,Precio documental observado en proyecto fuente; no equivale a precio de mercado actual.
INSV1-457626201a7dacb9b0eb05ad,EC-GAD-DAULE-LPI-GADIMCD-2025-01,REGENERACION,4.000000,u,2,PRV1-3fb72e498bf8acd4f36f6741,Precio documental observado en proyecto fuente; no equivale a precio de mercado actual.
INSV1-45b71f73c272bcd7d7b264d8,EC-GAD-DAULE-LPI-GADIMCD-2025-03,MALECON,3.140000,m2,2,PRV1-39e945d7b7b55ce01abb18c9,Precio documental observado en proyecto fuente; no equivale a precio de mercado actual.
INSV1-45ce3d3d1578d4a83df47143,EC-GAD-DAULE-LPI-GADIMCD-2025-01,REGENERACION,0.160000,kg,4,PRV1-d2c0a58694b3288582060772,Precio documental observado en proyecto fuente; no equivale a precio de mercado actual.
INSV1-45eced97316fd9647ba3299b,EC-GAD-DAULE-LPI-GADIMCD-2025-03,MALECON,30.090000,u,5,PRV1-d28ed0366d4e9635ea477a7a,Precio documental observado en proyecto fuente; no equivale a precio de mercado actual.
INSV1-4608be4753a0ad8112a876cc,EC-GAD-DAULE-LPI-GADIMCD-2025-03,MALECON,563.000000,u,1,PRV1-923cd51c886fcbfb2ca62089,Precio documental observado en proyecto fuente; no equivale a precio de mercado actual.
INSV1-465f5c4b026975b41f3caa57,EC-GAD-DAULE-LPI-GADIMCD-2025-01,REGENERACION,20.000000,h,14,PRV1-b0c79b857bb73598ef6a80d7,Precio documental observado en proyecto fuente; no equivale a precio de mercado actual.
INSV1-466a79e49604492baa755ff1,EC-GAD-DAULE-LPI-GADIMCD-2025-03,MALECON,12.600000,u,1,PRV1-3fef0389f6f919c609fc2adf,Precio documental observado en proyecto fuente; no equivale a precio de mercado actual.
INSV1-466d1d3f2823ab268162ac7c,EC-GAD-DAULE-LPI-GADIMCD-2025-03,MALECON,50.000000,h,4,PRV1-5e0909c5f0d8a610e1112385,Precio documental observado en proyecto fuente; no equivale a precio de mercado actual.
INSV1-467be0765720494fc0fde8bc,EC-GAD-DAULE-LPI-GADIMCD-2025-01,REGENERACION,4.770000,h,1,PRV1-5c18cf980b14bf579f592f03,Precio documental observado en proyecto fuente; no equivale a precio de mercado actual.
INSV1-467be0765720494fc0fde8bc,EC-GAD-DAULE-LPI-GADIMCD-2025-03,MALECON,4.770000,h,21,PRV1-a27c28d9c522df2d411cd468,Precio documental observado en proyecto fuente; no equivale a precio de mercado actual.
INSV1-4688e165c7aa869a9bc318a0,EC-GAD-DAULE-LPI-GADIMCD-2025-01,REGENERACION,35.000000,u,4,PRV1-20da0f0ae088adb07effcc3d,Precio documental observado en proyecto fuente; no equivale a precio de mercado actual.
INSV1-468c5de2eb8ebd6ffcef12b6,EC-GAD-DAULE-LPI-GADIMCD-2025-03,MALECON,38.940000,u,2,PRV1-3922ae868fd6832c816f137f,Precio documental observado en proyecto fuente; no equivale a precio de mercado actual.
INSV1-469aeddca0fa743cbf8edd85,EC-GAD-DAULE-LPI-GADIMCD-2025-01,REGENERACION,4.230000,h,3,PRV1-ea39d59a51c014f215a8e0dc,Precio documental observado en proyecto fuente; no equivale a precio de mercado actual.
INSV1-46d51d11f21daf8727ff3e25,EC-GAD-DAULE-LPI-GADIMCD-2025-01,REGENERACION,120.000000,u,2,PRV1-46c9582bdfcf853139c2586a,Precio documental observado en proyecto fuente; no equivale a precio de mercado actual.
INSV1-46dbc16d8613d0da93b29dcf,EC-GAD-DAULE-LPI-GADIMCD-2025-03,MALECON,14.010000,m,4,PRV1-7d2c7dd7dc6d6d7fcac578c1,Precio documental observado en proyecto fuente; no equivale a precio de mercado actual.
INSV1-46f04db693df544f7615ff68,EC-GAD-DAULE-LPI-GADIMCD-2025-03,MALECON,4.750000,h,36,PRV1-f973c4c2bafc58ad5c0f3067,Precio documental observado en proyecto fuente; no equivale a precio de mercado actual.
INSV1-46fdeeb4d00a996751171d93,EC-GAD-DAULE-LPI-GADIMCD-2025-03,MALECON,2.240000,m,7,PRV1-e475bce20e4bd4a0863980ea,Precio documental observado en proyecto fuente; no equivale a precio de mercado actual.
INSV1-4717d4885edce1b4c1e05bbf,EC-GAD-DAULE-LPI-GADIMCD-2025-03,MALECON,77153.240000,u,1,PRV1-3de13d223de009e648eafafa,Precio documental observado en proyecto fuente; no equivale a precio de mercado actual.
INSV1-472497cc447e89f5bab1b115,EC-GAD-DAULE-LPI-GADIMCD-2025-01,REGENERACION,0.650000,m,2,PRV1-21ab38a61184f7ec3a58f90f,Precio documental observado en proyecto fuente; no equivale a precio de mercado actual.
INSV1-472a1a3a3f35bb4a5320251e,EC-GAD-DAULE-LPI-GADIMCD-2025-03,MALECON,21.440000,u,1,PRV1-673ef926c61d0e3899ff845d,Precio documental observado en proyecto fuente; no equivale a precio de mercado actual.
INSV1-4736aff57487bb6bb08e9037,EC-GAD-DAULE-LPI-GADIMCD-2025-03,MALECON,10.000000,u,1,PRV1-b8f2d761fcbe894cf13bd37c,Precio documental observado en proyecto fuente; no equivale a precio de mercado actual.
INSV1-475ff49ecd1a7cb45e10457d,EC-GAD-DAULE-LPI-GADIMCD-2025-03,MALECON,12.000000,u,1,PRV1-7f41a86d161dfe1c80ec7fa6,Precio documental observado en proyecto fuente; no equivale a precio de mercado actual.
INSV1-4778e72633fd44dd4ff6c51d,EC-GAD-DAULE-LPI-GADIMCD-2025-03,MALECON,10.000000,u,1,PRV1-0aeaca76f177a548b8a68a3a,Precio documental observado en proyecto fuente; no equivale a precio de mercado actual.
INSV1-4794634c9609aa64c8a05b5e,EC-GAD-DAULE-LPI-GADIMCD-2025-03,MALECON,1.000000,u,1,PRV1-b7482b10a91a025f06dff131,Precio documental observado en proyecto fuente; no equivale a precio de mercado actual.
INSV1-47995b0cceb55d9a5a06e168,EC-GAD-DAULE-LPI-GADIMCD-2025-03,MALECON,4.520000,h,2,PRV1-418225870b33618e66455d6f,Precio documental observado en proyecto fuente; no equivale a precio de mercado actual.
INSV1-47b1328e043d837124d5bd9d,EC-GAD-DAULE-LPI-GADIMCD-2025-03,MALECON,35.000000,u,1,PRV1-7ad717366aa30dcb46ef27db,Precio documental observado en proyecto fuente; no equivale a precio de mercado actual.
INSV1-47bd5241ede3bb26a3b2b7a5,EC-GAD-DAULE-LPI-GADIMCD-2025-03,MALECON,30.000000,h,2,PRV1-98c2b52d0cd989a0fa2917d9,Precio documental observado en proyecto fuente; no equivale a precio de mercado actual.
INSV1-47c8fbd276f102b3b95bdbce,EC-GAD-DAULE-LPI-GADIMCD-2025-03,MALECON,16.000000,m3,2,PRV1-ae86b6a0493eaab135aa1754,Precio documental observado en proyecto fuente; no equivale a precio de mercado actual.
INSV1-47cc737fc2c9c5e593b29343,EC-GAD-DAULE-LPI-GADIMCD-2025-03,MALECON,520.590000,m,2,PRV1-de97ab20fac5cd2b736b5e81,Precio documental observado en proyecto fuente; no equivale a precio de mercado actual.
INSV1-47d716dd9e446f5af705e65d,EC-GAD-DAULE-LPI-GADIMCD-2025-01,REGENERACION,0.850000,galon,28,PRV1-a8417922b8212055903baf90,Precio documental observado en proyecto fuente; no equivale a precio de mercado actual.
INSV1-47e34784ec4d0421711378fd,EC-GAD-DAULE-LPI-GADIMCD-2025-03,MALECON,1200.000000,u,1,PRV1-49f837a27d3e38755b024a60,Precio documental observado en proyecto fuente; no equivale a precio de mercado actual.
INSV1-4875810312d718f30e6a2d7b,EC-GAD-DAULE-LPI-GADIMCD-2025-03,MALECON,1.130000,kg,1,PRV1-8fc25ee5d53129edf4eb6594,Precio documental observado en proyecto fuente; no equivale a precio de mercado actual.
INSV1-48c596bed92f63fb274bfe6b,EC-GAD-DAULE-LPI-GADIMCD-2025-03,MALECON,0.020000,u,2,PRV1-43be79a7212205119ddc1435,Precio documental observado en proyecto fuente; no equivale a precio de mercado actual.
INSV1-48d1d69541a17cbcbc3a50d5,EC-GAD-DAULE-LPI-GADIMCD-2025-01,REGENERACION,7.140000,m,4,PRV1-63def53c335a62302e150432,Precio documental observado en proyecto fuente; no equivale a precio de mercado actual.
INSV1-492caebc9b5eed5b39f5cce1,EC-GAD-DAULE-LPI-GADIMCD-2025-03,MALECON,194.030000,m3,4,PRV1-1b7068de93b66d52cd44039e,Precio documental observado en proyecto fuente; no equivale a precio de mercado actual.
INSV1-493b63bb4a4782610c512f15,EC-GAD-DAULE-LPI-GADIMCD-2025-01,REGENERACION,4.010000,u,2,PRV1-26fa31c63e2f0886cab61a55,Precio documental observado en proyecto fuente; no equivale a precio de mercado actual.
INSV1-49406da118920131b982102f,EC-GAD-DAULE-LPI-GADIMCD-2025-03,MALECON,2.940000,m,3,PRV1-aafdf4b0d0912cdd10788fa7,Precio documental observado en proyecto fuente; no equivale a precio de mercado actual.
INSV1-498ae781c588122689603c61,EC-GAD-DAULE-LPI-GADIMCD-2025-03,MALECON,650.000000,u,1,PRV1-88db3458b829eab387114af3,Precio documental observado en proyecto fuente; no equivale a precio de mercado actual.
INSV1-49b9feec03a6ef52bf6ea6a2,EC-GAD-DAULE-LPI-GADIMCD-2025-03,MALECON,16.000000,h,17,PRV1-42600221f4cbc2b5e0224044,Precio documental observado en proyecto fuente; no equivale a precio de mercado actual.
INSV1-49dfc0aa4069ed5d6a1234e3,EC-GAD-DAULE-LPI-GADIMCD-2025-03,MALECON,8.370000,u,1,PRV1-09293f3564654be586c04ad5,Precio documental observado en proyecto fuente; no equivale a precio de mercado actual.
INSV1-49e04969ef439104f4100c82,EC-GAD-DAULE-LPI-GADIMCD-2025-01,REGENERACION,1.000000,h,2,PRV1-9c67933d06b8bb7185654d3c,Precio documental observado en proyecto fuente; no equivale a precio de mercado actual.
INSV1-49e247bdb9322c6221231453,EC-GAD-DAULE-LPI-GADIMCD-2025-03,MALECON,90.000000,u,1,PRV1-adbbbac88dbffce8f1937a94,Precio documental observado en proyecto fuente; no equivale a precio de mercado actual.
INSV1-4a58dd0c594394836f343434,EC-GAD-DAULE-LPI-GADIMCD-2025-03,MALECON,4.480000,u,2,PRV1-1f37aab9688377eb7f25dd6c,Precio documental observado en proyecto fuente; no equivale a precio de mercado actual.
INSV1-4a8176110e221b4ba70fc90f,EC-GAD-DAULE-LPI-GADIMCD-2025-03,MALECON,12.600000,m2,2,PRV1-35e7e33dc87a1353fffc7200,Precio documental observado en proyecto fuente; no equivale a precio de mercado actual.
INSV1-4a97da7649502aa41b192b33,EC-GAD-DAULE-LPI-GADIMCD-2025-01,REGENERACION,20.000000,h,2,PRV1-1be68dbd20ec0e8fad055bdf,Precio documental observado en proyecto fuente; no equivale a precio de mercado actual.
INSV1-4a993c5a4d93298ce364f82e,EC-GAD-DAULE-LPI-GADIMCD-2025-03,MALECON,15.000000,u,1,PRV1-3d4316dff781d7896c3c1af2,Precio documental observado en proyecto fuente; no equivale a precio de mercado actual.
INSV1-4b0d2759cf8c9dbc211dbbd5,EC-GAD-DAULE-LPI-GADIMCD-2025-03,MALECON,58.380000,u,3,PRV1-ea36aae47180531af4354c65,Precio documental observado en proyecto fuente; no equivale a precio de mercado actual.
INSV1-4b2eb7c881350b8952035e10,EC-GAD-DAULE-LPI-GADIMCD-2025-03,MALECON,5.400000,u,2,PRV1-a58de5dac0bb9ef6f45cd81d,Precio documental observado en proyecto fuente; no equivale a precio de mercado actual.
INSV1-4b85c3499bc4ec962feb7eb6,EC-GAD-DAULE-LPI-GADIMCD-2025-03,MALECON,4.150000,m2,3,PRV1-f0767a9157f4a6a60043b968,Precio documental observado en proyecto fuente; no equivale a precio de mercado actual.
INSV1-4bc1192aa439f1f066d5687b,EC-GAD-DAULE-LPI-GADIMCD-2025-03,MALECON,0.700000,u,1,PRV1-8318c4fad28dd61836eb4772,Precio documental observado en proyecto fuente; no equivale a precio de mercado actual.
INSV1-4bd99d8f00373f4f91ddd9a8,EC-GAD-DAULE-LPI-GADIMCD-2025-01,REGENERACION,18.500000,u,2,PRV1-46ce94386a158f826fbe5a4b,Precio documental observado en proyecto fuente; no equivale a precio de mercado actual.
INSV1-4c4ed88950c92c774bb14ac4,EC-GAD-DAULE-LPI-GADIMCD-2025-03,MALECON,8.960000,u,2,PRV1-520329239df4dd2feb8ab7d5,Precio documental observado en proyecto fuente; no equivale a precio de mercado actual.
INSV1-4c84f66cfe1d6fa702cb56aa,EC-GAD-DAULE-LPI-GADIMCD-2025-03,MALECON,0.560000,u,1,PRV1-a8c91b1721636fb07cdebc15,Precio documental observado en proyecto fuente; no equivale a precio de mercado actual.
INSV1-4cad6559191ebc2d8a47fe86,EC-GAD-DAULE-LPI-GADIMCD-2025-01,REGENERACION,17.010000,u,2,PRV1-7afc93e446609a95293b815c,Precio documental observado en proyecto fuente; no equivale a precio de mercado actual.
INSV1-4cfb4d38bdff20ca46cd5f23,EC-GAD-DAULE-LPI-GADIMCD-2025-01,REGENERACION,6.220000,h,45,PRV1-f7b1d6c38e1cd4b11f8809de,Precio documental observado en proyecto fuente; no equivale a precio de mercado actual.
INSV1-4d09cb3eee5de9fdf0377eec,EC-GAD-DAULE-LPI-GADIMCD-2025-03,MALECON,50.980000,u,1,PRV1-a63d30bc384316f62b943a97,Precio documental observado en proyecto fuente; no equivale a precio de mercado actual.
INSV1-4d152a0089cecdbe10808b88,EC-GAD-DAULE-LPI-GADIMCD-2025-01,REGENERACION,4875.000000,u,1,PRV1-0d22604f4c3219a756cc90d7,Precio documental observado en proyecto fuente; no equivale a precio de mercado actual.
INSV1-4d2ee805e37eebe3c6c2da93,EC-GAD-DAULE-LPI-GADIMCD-2025-01,REGENERACION,7.360000,kg,2,PRV1-42c13867277f6fc4925fe372,Precio documental observado en proyecto fuente; no equivale a precio de mercado actual.
INSV1-4d8b9f2f5b81bbd1220810d1,EC-GAD-DAULE-LPI-GADIMCD-2025-03,MALECON,2.400000,m,2,PRV1-012ad14f14de2eabce6f28aa,Precio documental observado en proyecto fuente; no equivale a precio de mercado actual.
INSV1-4d8e3efd49bd272d6bd0c3fa,EC-GAD-DAULE-LPI-GADIMCD-2025-03,MALECON,15.000000,u,1,PRV1-74fa8c2633c5b21c99e6ca2a,Precio documental observado en proyecto fuente; no equivale a precio de mercado actual.
INSV1-4d983e48f2bba49a99bf4a77,EC-GAD-DAULE-LPI-GADIMCD-2025-01,REGENERACION,386.370000,u,1,PRV1-74040860f1a57ce3e7b0db17,Precio documental observado en proyecto fuente; no equivale a precio de mercado actual.
INSV1-4d9fdd33cf57395505ec0522,EC-GAD-DAULE-LPI-GADIMCD-2025-03,MALECON,0.050000,h,4,PRV1-6ba353b4610299e34b194ca1,Precio documental observado en proyecto fuente; no equivale a precio de mercado actual.
INSV1-4dd2512ac04066974006ccdf,EC-GAD-DAULE-LPI-GADIMCD-2025-01,REGENERACION,4.280000,h,151,PRV1-c633dd7a3a771f9a52396920,Precio documental observado en proyecto fuente; no equivale a precio de mercado actual.
INSV1-4dd2512ac04066974006ccdf,EC-GAD-DAULE-LPI-GADIMCD-2025-03,MALECON,4.280000,h,138,PRV1-7e5ff56cf7e4f0062918c69c,Precio documental observado en proyecto fuente; no equivale a precio de mercado actual.
INSV1-4e02a14eb907a3237ad89291,EC-GAD-DAULE-LPI-GADIMCD-2025-03,MALECON,2058.000000,u,1,PRV1-a3e3416083f08bb5fba0d4b3,Precio documental observado en proyecto fuente; no equivale a precio de mercado actual.
INSV1-4e2906f425ea0816ae8a3e22,EC-GAD-DAULE-LPI-GADIMCD-2025-01,REGENERACION,4.010000,u,11,PRV1-ea7fd68537036f35d7fc07b2,Precio documental observado en proyecto fuente; no equivale a precio de mercado actual.
INSV1-4e68dfb648aa3d5ab8c4b423,EC-GAD-DAULE-LPI-GADIMCD-2025-03,MALECON,20.000000,m2,2,PRV1-0a13767f8d076b696f7b296b,Precio documental observado en proyecto fuente; no equivale a precio de mercado actual.
INSV1-4eabc2169c5d971606950527,EC-GAD-DAULE-LPI-GADIMCD-2025-03,MALECON,0.050000,h,4,PRV1-2dad89c884b1217c3dfd5f6d,Precio documental observado en proyecto fuente; no equivale a precio de mercado actual.
INSV1-4ec35469b9cc15c2b69f40df,EC-GAD-DAULE-LPI-GADIMCD-2025-01,REGENERACION,7.400000,u,4,PRV1-d3042a9af9f50ba52c97a0ed,Precio documental observado en proyecto fuente; no equivale a precio de mercado actual.
INSV1-4ef720e2ef7cdb4c521ae59a,EC-GAD-DAULE-LPI-GADIMCD-2025-03,MALECON,1.140000,kg,1,PRV1-3bc49cf48a9a770a93ba7a4b,Precio documental observado en proyecto fuente; no equivale a precio de mercado actual.
INSV1-4f1c060a98b4712a4b099a1c,EC-GAD-DAULE-LPI-GADIMCD-2025-03,MALECON,7.600000,m2,2,PRV1-d11bb3ad6d179758fa9fdd1b,Precio documental observado en proyecto fuente; no equivale a precio de mercado actual.
INSV1-4f22d05cc55c2a24555b4d68,EC-GAD-DAULE-LPI-GADIMCD-2025-01,REGENERACION,30.000000,m2,2,PRV1-172beb136d36d5a336284db6,Precio documental observado en proyecto fuente; no equivale a precio de mercado actual.
INSV1-4f3ae1f3225118052a41c92a,EC-GAD-DAULE-LPI-GADIMCD-2025-03,MALECON,1.380000,u,2,PRV1-28684461af65252551adfb75,Precio documental observado en proyecto fuente; no equivale a precio de mercado actual.
INSV1-4fa2c6f9df6f2fa85f0e8144,EC-GAD-DAULE-LPI-GADIMCD-2025-03,MALECON,3.570000,l,4,PRV1-d6530c679396f92a2d172b8a,Precio documental observado en proyecto fuente; no equivale a precio de mercado actual.
INSV1-4fc13712ba041dfdff377598,EC-GAD-DAULE-LPI-GADIMCD-2025-01,REGENERACION,70.000000,u,1,PRV1-21ef8e5ee04b9d2fc5c48e4b,Precio documental observado en proyecto fuente; no equivale a precio de mercado actual.
INSV1-4fd25c3e661372fc93d591d7,EC-GAD-DAULE-LPI-GADIMCD-2025-03,MALECON,700.000000,u,1,PRV1-24ade10b2f5821938833d641,Precio documental observado en proyecto fuente; no equivale a precio de mercado actual.
INSV1-4ffa1272d9a972fcebd9e7e5,EC-GAD-DAULE-LPI-GADIMCD-2025-03,MALECON,45.000000,galón (us),2,PRV1-69382ec850b8f159ea9dd4f5,Precio documental observado en proyecto fuente; no equivale a precio de mercado actual.
INSV1-50109d7a0e604778fab0ef3e,EC-GAD-DAULE-LPI-GADIMCD-2025-03,MALECON,4.750000,h,4,PRV1-0026d68cff1915dbf44c6466,Precio documental observado en proyecto fuente; no equivale a precio de mercado actual.
INSV1-5016e7220b834d069fbe05cc,EC-GAD-DAULE-LPI-GADIMCD-2025-03,MALECON,16.000000,u,5,PRV1-6b446bb76673feeea03f7482,Precio documental observado en proyecto fuente; no equivale a precio de mercado actual.
INSV1-5114b70a7383e9d66989793a,EC-GAD-DAULE-LPI-GADIMCD-2025-03,MALECON,11.200000,u,5,PRV1-f3b5a3a1543b61b49de2d6a2,Precio documental observado en proyecto fuente; no equivale a precio de mercado actual.
INSV1-51171b85f75dd64c0cfa2969,EC-GAD-DAULE-LPI-GADIMCD-2025-01,REGENERACION,0.290000,u,1,PRV1-5b053249e9a951d814063b18,Precio documental observado en proyecto fuente; no equivale a precio de mercado actual.
INSV1-515748a88fc1b66e49ae7c61,EC-GAD-DAULE-LPI-GADIMCD-2025-03,MALECON,8.620000,m,1,PRV1-b477652796ab7b97d5e250ed,Precio documental observado en proyecto fuente; no equivale a precio de mercado actual.
INSV1-519a3e6a95b1da6aa7d0426d,EC-GAD-DAULE-LPI-GADIMCD-2025-03,MALECON,163.750000,u,1,PRV1-5109d1b415e8addc83485449,Precio documental observado en proyecto fuente; no equivale a precio de mercado actual.
INSV1-51c19b473f6c236e2b87a1cc,EC-GAD-DAULE-LPI-GADIMCD-2025-01,REGENERACION,2.250000,u,1,PRV1-de87009e3d66d32ad26f86bf,Precio documental observado en proyecto fuente; no equivale a precio de mercado actual.
INSV1-51c632db81ec5bdba316337e,EC-GAD-DAULE-LPI-GADIMCD-2025-03,MALECON,70.000000,m2,1,PRV1-54baaf7284dfebea49c30b36,Precio documental observado en proyecto fuente; no equivale a precio de mercado actual.
INSV1-523e700a6ef8d365346b441a,EC-GAD-DAULE-LPI-GADIMCD-2025-03,MALECON,459.000000,u,1,PRV1-fa9fb3df94a8f9e3d6b79fa2,Precio documental observado en proyecto fuente; no equivale a precio de mercado actual.
INSV1-5267e34e8bc3be78866fa53d,EC-GAD-DAULE-LPI-GADIMCD-2025-03,MALECON,15000.000000,u,1,PRV1-dc23aced63c183708d355bec,Precio documental observado en proyecto fuente; no equivale a precio de mercado actual.
INSV1-527e3d90735a6e3f25aedf4d,EC-GAD-DAULE-LPI-GADIMCD-2025-03,MALECON,17.000000,m2,2,PRV1-bd266e0234d426695c4c30c5,Precio documental observado en proyecto fuente; no equivale a precio de mercado actual.
INSV1-5293ce7211e2f117dfdc7785,EC-GAD-DAULE-LPI-GADIMCD-2025-01,REGENERACION,4547.070000,u,2,PRV1-ca1373e4cadbe15340cc818f,Precio documental observado en proyecto fuente; no equivale a precio de mercado actual.
INSV1-53179c120fa92445dec734e1,EC-GAD-DAULE-LPI-GADIMCD-2025-03,MALECON,12.870000,m,1,PRV1-d3d4f1543f9e5a6e419ab851,Precio documental observado en proyecto fuente; no equivale a precio de mercado actual.
INSV1-534dcad304a38edf3a4a51ba,EC-GAD-DAULE-LPI-GADIMCD-2025-03,MALECON,0.600000,u,1,PRV1-f0fe0902060798f9c26f1390,Precio documental observado en proyecto fuente; no equivale a precio de mercado actual.
INSV1-53826cf5ff9d5def7a3cf865,EC-GAD-DAULE-LPI-GADIMCD-2025-03,MALECON,15.120000,u,2,PRV1-ab85f9086a2764002182fc10,Precio documental observado en proyecto fuente; no equivale a precio de mercado actual.
INSV1-543fca077698caef5e8781e2,EC-GAD-DAULE-LPI-GADIMCD-2025-03,MALECON,5.000000,u,1,PRV1-8f0f8a508997bd24b23379c9,Precio documental observado en proyecto fuente; no equivale a precio de mercado actual.
INSV1-544f110943acdd2e84dd3502,EC-GAD-DAULE-LPI-GADIMCD-2025-01,REGENERACION,35.000000,h,8,PRV1-7c5874018660905724cfd6c2,Precio documental observado en proyecto fuente; no equivale a precio de mercado actual.
INSV1-544f110943acdd2e84dd3502,EC-GAD-DAULE-LPI-GADIMCD-2025-03,MALECON,30.000000,h,8,PRV1-8878d5a5b772f94653cede51,Precio documental observado en proyecto fuente; no equivale a precio de mercado actual.
INSV1-548bc2ec6a0aef0f763fd742,EC-GAD-DAULE-LPI-GADIMCD-2025-03,MALECON,2.660000,m3,2,PRV1-9834473f534ff5b12da7ab43,Precio documental observado en proyecto fuente; no equivale a precio de mercado actual.
INSV1-54da5fbf741b1ed11eaac603,EC-GAD-DAULE-LPI-GADIMCD-2025-03,MALECON,2.430000,u,1,PRV1-4486fb6da4d2ec42fd6ccd75,Precio documental observado en proyecto fuente; no equivale a precio de mercado actual.
INSV1-552aff17b8f06de18dd5863a,EC-GAD-DAULE-LPI-GADIMCD-2025-03,MALECON,170.380000,u,1,PRV1-09bc4c06d3d650ceb7af7ef4,Precio documental observado en proyecto fuente; no equivale a precio de mercado actual.
INSV1-5588c455b6d6571f7c77b381,EC-GAD-DAULE-LPI-GADIMCD-2025-03,MALECON,6.000000,u,1,PRV1-525ce9c8ccb340612b531e9d,Precio documental observado en proyecto fuente; no equivale a precio de mercado actual.
INSV1-55a8e8deaf67762e9ad712b0,EC-GAD-DAULE-LPI-GADIMCD-2025-01,REGENERACION,6.000000,u,2,PRV1-cfdfe725b7c15760881a2436,Precio documental observado en proyecto fuente; no equivale a precio de mercado actual.
INSV1-55d1d67de2b984b4d7c53ba5,EC-GAD-DAULE-LPI-GADIMCD-2025-03,MALECON,2.600000,kg,2,PRV1-c85000e323b95d855d96476e,Precio documental observado en proyecto fuente; no equivale a precio de mercado actual.
INSV1-562a15df79cfd8787532bcaa,EC-GAD-DAULE-LPI-GADIMCD-2025-03,MALECON,10.000000,m,2,PRV1-23c2432c02954d0246cf5203,Precio documental observado en proyecto fuente; no equivale a precio de mercado actual.
INSV1-568902b5a601326999c5d68f,EC-GAD-DAULE-LPI-GADIMCD-2025-03,MALECON,3.500000,u,3,PRV1-60b6c766fa4c688e6dab4a94,Precio documental observado en proyecto fuente; no equivale a precio de mercado actual.
INSV1-568f88bb621739055503540a,EC-GAD-DAULE-LPI-GADIMCD-2025-01,REGENERACION,4.750000,h,4,PRV1-e0edfcb8f583117bfd5e4aeb,Precio documental observado en proyecto fuente; no equivale a precio de mercado actual.
INSV1-56a1e786fe54a73387cf4d47,EC-GAD-DAULE-LPI-GADIMCD-2025-03,MALECON,49.500000,u,1,PRV1-b4484fef0fba587887ce2ef9,Precio documental observado en proyecto fuente; no equivale a precio de mercado actual.
INSV1-56da64408836c52c15e5deb9,EC-GAD-DAULE-LPI-GADIMCD-2025-03,MALECON,450.000000,u,1,PRV1-7f9341f93ff81bcd3aa5d5cc,Precio documental observado en proyecto fuente; no equivale a precio de mercado actual.
INSV1-56db915a08387177b46e28e0,EC-GAD-DAULE-LPI-GADIMCD-2025-01,REGENERACION,1.500000,h,19,PRV1-23a5ab4d28e07d35e4f0351c,Precio documental observado en proyecto fuente; no equivale a precio de mercado actual.
INSV1-56db915a08387177b46e28e0,EC-GAD-DAULE-LPI-GADIMCD-2025-03,MALECON,2.500000,h,73,PRV1-2d0d45e13db789b93f023cfe,Precio documental observado en proyecto fuente; no equivale a precio de mercado actual.
INSV1-56e4ec6c662107e13395bf87,EC-GAD-DAULE-LPI-GADIMCD-2025-03,MALECON,135.680000,u,1,PRV1-56203bbbdbb9d018467b4828,Precio documental observado en proyecto fuente; no equivale a precio de mercado actual.
INSV1-57150ac429dbd986cc37b6e2,EC-GAD-DAULE-LPI-GADIMCD-2025-03,MALECON,4.690000,m,2,PRV1-e2040ced7ad7483d1599343e,Precio documental observado en proyecto fuente; no equivale a precio de mercado actual.
INSV1-5751f94fcdd3f36dddae82db,EC-GAD-DAULE-LPI-GADIMCD-2025-01,REGENERACION,7.500000,h,2,PRV1-7a862bb0ade6e9509c43c71f,Precio documental observado en proyecto fuente; no equivale a precio de mercado actual.
INSV1-5781c4c2d37dac0afb7270ee,EC-GAD-DAULE-LPI-GADIMCD-2025-03,MALECON,0.680000,u,1,PRV1-811f07bba9e23cf46c33624c,Precio documental observado en proyecto fuente; no equivale a precio de mercado actual.
INSV1-5799745d1f74d40125dc7810,EC-GAD-DAULE-LPI-GADIMCD-2025-03,MALECON,50.000000,u,1,PRV1-79588862ad5db46f741627ea,Precio documental observado en proyecto fuente; no equivale a precio de mercado actual.
INSV1-57ae0f49359d2eb4a48d8473,EC-GAD-DAULE-LPI-GADIMCD-2025-03,MALECON,16.800000,u,3,PRV1-444bef5485140b18e5ea80b6,Precio documental observado en proyecto fuente; no equivale a precio de mercado actual.
INSV1-57d83bfb3b16f73a2a7f1d03,EC-GAD-DAULE-LPI-GADIMCD-2025-01,REGENERACION,1.710000,u,6,PRV1-31af63ad1c2661618f68acbb,Precio documental observado en proyecto fuente; no equivale a precio de mercado actual.
INSV1-586692e003a8f9a68764ce96,EC-GAD-DAULE-LPI-GADIMCD-2025-03,MALECON,2.450000,u,1,PRV1-3ec37360fba9a9281b588115,Precio documental observado en proyecto fuente; no equivale a precio de mercado actual.
INSV1-58cc214402fb4656129a1eec,EC-GAD-DAULE-LPI-GADIMCD-2025-03,MALECON,250.000000,u,3,PRV1-ebdddd0a112d8414e4e6c8fb,Precio documental observado en proyecto fuente; no equivale a precio de mercado actual.
INSV1-58cf155b4c30b6041c57df64,EC-GAD-DAULE-LPI-GADIMCD-2025-03,MALECON,150.000000,h,2,PRV1-6f002634e567697c5bc1f9f5,Precio documental observado en proyecto fuente; no equivale a precio de mercado actual.
INSV1-58e91d3bfc1539f5b5d18a6d,EC-GAD-DAULE-LPI-GADIMCD-2025-01,REGENERACION,150.010000,u,1,PRV1-6e2bd45193bcd48878bb106e,Precio documental observado en proyecto fuente; no equivale a precio de mercado actual.
INSV1-590b35cd0cccad0020a1bd20,EC-GAD-DAULE-LPI-GADIMCD-2025-03,MALECON,15.000000,h,3,PRV1-939216628bab5dc18db799cb,Precio documental observado en proyecto fuente; no equivale a precio de mercado actual.
INSV1-592b129cbde28f731bb96edf,EC-GAD-DAULE-LPI-GADIMCD-2025-01,REGENERACION,4.270000,saco,2,PRV1-832be18c5258393af49e2af6,Precio documental observado en proyecto fuente; no equivale a precio de mercado actual.
INSV1-592eaaeb9e6b55b1f140fb82,EC-GAD-DAULE-LPI-GADIMCD-2025-01,REGENERACION,8.000000,m2,2,PRV1-4a4fe73505378a762657183d,Precio documental observado en proyecto fuente; no equivale a precio de mercado actual.
INSV1-594dda4ba58f286c761f3f95,EC-GAD-DAULE-LPI-GADIMCD-2025-01,REGENERACION,3.500000,h,31,PRV1-305a69de8b110af9979cb262,Precio documental observado en proyecto fuente; no equivale a precio de mercado actual.
INSV1-597dd9ff18fc99711f511846,EC-GAD-DAULE-LPI-GADIMCD-2025-03,MALECON,170.380000,u,1,PRV1-a8885daafc3fa0198432e50e,Precio documental observado en proyecto fuente; no equivale a precio de mercado actual.
INSV1-59ef98e735101c174291ec31,EC-GAD-DAULE-LPI-GADIMCD-2025-03,MALECON,108.880000,u,1,PRV1-aadeb294b5013e536d775744,Precio documental observado en proyecto fuente; no equivale a precio de mercado actual.
INSV1-5a2a3c407a3d1e6fc92fce92,EC-GAD-DAULE-LPI-GADIMCD-2025-03,MALECON,1.120000,m,1,PRV1-29efaef179f05a2bbf8936a8,Precio documental observado en proyecto fuente; no equivale a precio de mercado actual.
INSV1-5a9c825abaa71eb4a638f171,EC-GAD-DAULE-LPI-GADIMCD-2025-03,MALECON,64.960000,m,1,PRV1-6b1c97b35515e6d6a42edbd7,Precio documental observado en proyecto fuente; no equivale a precio de mercado actual.
INSV1-5ad7015529af8d7f512078b3,EC-GAD-DAULE-LPI-GADIMCD-2025-01,REGENERACION,0.250000,u,1,PRV1-7f46c6b570ac46299b648360,Precio documental observado en proyecto fuente; no equivale a precio de mercado actual.
INSV1-5af02a7ee76fcc6a64686e24,EC-GAD-DAULE-LPI-GADIMCD-2025-03,MALECON,45.000000,h,21,PRV1-3dd0bed7b73f2ccab1420092,Precio documental observado en proyecto fuente; no equivale a precio de mercado actual.
INSV1-5af769723bc903a3ba2818ff,EC-GAD-DAULE-LPI-GADIMCD-2025-03,MALECON,0.040000,u,3,PRV1-1ec0a440f810f5861f9f608e,Precio documental observado en proyecto fuente; no equivale a precio de mercado actual.
INSV1-5b0974fba21d2d8865684579,EC-GAD-DAULE-LPI-GADIMCD-2025-01,REGENERACION,3.910000,m2,2,PRV1-5a3d3b0437a56956deaa8d2a,Precio documental observado en proyecto fuente; no equivale a precio de mercado actual.
INSV1-5b10d17847c73ece00657e86,EC-GAD-DAULE-LPI-GADIMCD-2025-03,MALECON,3.000000,kg,13,PRV1-ca44e49b24cb30dd7f0b87f2,Precio documental observado en proyecto fuente; no equivale a precio de mercado actual.
INSV1-5b9577dc372eced7dd5ba4a9,EC-GAD-DAULE-LPI-GADIMCD-2025-01,REGENERACION,97.740000,u,2,PRV1-08374b298177d773036829db,Precio documental observado en proyecto fuente; no equivale a precio de mercado actual.
INSV1-5baac7b36f9b3a9716cc9c6d,EC-GAD-DAULE-LPI-GADIMCD-2025-01,REGENERACION,8.180000,u,4,PRV1-50b0774e7eb1eecae65f7393,Precio documental observado en proyecto fuente; no equivale a precio de mercado actual.
INSV1-5bf2704d6daa2badfcbcbacf,EC-GAD-DAULE-LPI-GADIMCD-2025-01,REGENERACION,0.360000,u,4,PRV1-558859989ce2cf532c9c1cec,Precio documental observado en proyecto fuente; no equivale a precio de mercado actual.
INSV1-5c39998864a5646442cfb616,EC-GAD-DAULE-LPI-GADIMCD-2025-03,MALECON,1.980000,m,3,PRV1-68667c91d7b94e10dfb1bc2c,Precio documental observado en proyecto fuente; no equivale a precio de mercado actual.
INSV1-5c5eafca1aae4f4f8945cf95,EC-GAD-DAULE-LPI-GADIMCD-2025-03,MALECON,1.800000,u,13,PRV1-9b0347c136f7622efcc7702b,Precio documental observado en proyecto fuente; no equivale a precio de mercado actual.
INSV1-5c8d43b53ed9b9e55defce4a,EC-GAD-DAULE-LPI-GADIMCD-2025-03,MALECON,1274.000000,u,1,PRV1-62ac6a46ecc5f777a4ecaba1,Precio documental observado en proyecto fuente; no equivale a precio de mercado actual.
INSV1-5cb5aefb74b99441b9b5ed50,EC-GAD-DAULE-LPI-GADIMCD-2025-01,REGENERACION,4.250000,u,3,PRV1-3e2f0968c9237d0ade923aab,Precio documental observado en proyecto fuente; no equivale a precio de mercado actual.
INSV1-5cbfa168cca045112a884a80,EC-GAD-DAULE-LPI-GADIMCD-2025-03,MALECON,1.900000,m,3,PRV1-d52392aa879d17f6fbcc8ecc,Precio documental observado en proyecto fuente; no equivale a precio de mercado actual.
INSV1-5d725059bfb1c7cb7180e70c,EC-GAD-DAULE-LPI-GADIMCD-2025-03,MALECON,1666.000000,u,1,PRV1-43604382c6a44e344830e35a,Precio documental observado en proyecto fuente; no equivale a precio de mercado actual.
INSV1-5dbdad09bae882a0c4c68aac,EC-GAD-DAULE-LPI-GADIMCD-2025-03,MALECON,117.590000,m,1,PRV1-b26196b4c29e1ee5d4fc448d,Precio documental observado en proyecto fuente; no equivale a precio de mercado actual.
INSV1-5ddbb8abcf94bc340e3849a3,EC-GAD-DAULE-LPI-GADIMCD-2025-03,MALECON,5.000000,h,6,PRV1-d89c9fc6467277113dd34452,Precio documental observado en proyecto fuente; no equivale a precio de mercado actual.
INSV1-5df11067e253c0410da944f1,EC-GAD-DAULE-LPI-GADIMCD-2025-03,MALECON,2.370000,u,3,PRV1-a33950f9dfda6db71e0a7b4a,Precio documental observado en proyecto fuente; no equivale a precio de mercado actual.
INSV1-5dfd4e22f83ab1fd3cb4a81b,EC-GAD-DAULE-LPI-GADIMCD-2025-01,REGENERACION,3.110000,u,2,PRV1-bbc53e1b2ad42a8c91ce4161,Precio documental observado en proyecto fuente; no equivale a precio de mercado actual.
INSV1-5e150d1fde4658cbeae623dc,EC-GAD-DAULE-LPI-GADIMCD-2025-03,MALECON,0.520000,u,2,PRV1-bb6ebb08c72f7643f3b03211,Precio documental observado en proyecto fuente; no equivale a precio de mercado actual.
INSV1-5e2982bfb31f2d6e1f9b3f6e,EC-GAD-DAULE-LPI-GADIMCD-2025-03,MALECON,170.380000,u,1,PRV1-4a2fd7d10913d4b158744eb9,Precio documental observado en proyecto fuente; no equivale a precio de mercado actual.
INSV1-5ed064e29e618f8a94e493ce,EC-GAD-DAULE-LPI-GADIMCD-2025-03,MALECON,6.120000,m3,2,PRV1-dc838415a36b1ecdadbb407b,Precio documental observado en proyecto fuente; no equivale a precio de mercado actual.
INSV1-5ed414d77afa8777c21fa0cb,EC-GAD-DAULE-LPI-GADIMCD-2025-03,MALECON,15.000000,u,3,PRV1-06037ab11621bbaa53abdb99,Precio documental observado en proyecto fuente; no equivale a precio de mercado actual.
INSV1-5fc0676ab38ab7d76ea6e289,EC-GAD-DAULE-LPI-GADIMCD-2025-03,MALECON,27.230000,galón (us),16,PRV1-1e5b3f2212d58887e00f24f9,Precio documental observado en proyecto fuente; no equivale a precio de mercado actual.
INSV1-5fd2b64a0328ab27cdb8f7f2,EC-GAD-DAULE-LPI-GADIMCD-2025-03,MALECON,1.550000,kg,12,PRV1-f10162f9cb9b2a59a4ac6f48,Precio documental observado en proyecto fuente; no equivale a precio de mercado actual.
INSV1-606101332ad2045c671247a6,EC-GAD-DAULE-LPI-GADIMCD-2025-03,MALECON,106.400000,u,4,PRV1-4fc23137c5ebdc570a7fe149,Precio documental observado en proyecto fuente; no equivale a precio de mercado actual.
INSV1-60707b9d7057df2d5cb8027e,EC-GAD-DAULE-LPI-GADIMCD-2025-01,REGENERACION,40.010000,m2,6,PRV1-40a22a6b3b2ed3d657e1eb7b,Precio documental observado en proyecto fuente; no equivale a precio de mercado actual.
INSV1-608cff6be76b62dc6c2699bc,EC-GAD-DAULE-LPI-GADIMCD-2025-01,REGENERACION,22.000000,u,2,PRV1-039ef007721c7e63ef2f1e2a,Precio documental observado en proyecto fuente; no equivale a precio de mercado actual.
INSV1-609889537a94ae348f6c4ff4,EC-GAD-DAULE-LPI-GADIMCD-2025-03,MALECON,31.000000,m2,5,PRV1-20e7a39409b808b1ccfb2d18,Precio documental observado en proyecto fuente; no equivale a precio de mercado actual.
INSV1-60ee3ec4fdd1677df364a747,EC-GAD-DAULE-LPI-GADIMCD-2025-03,MALECON,1.720000,u,1,PRV1-1089e4e603bc5eabd847dc9f,Precio documental observado en proyecto fuente; no equivale a precio de mercado actual.
INSV1-6106dbb7e08dd4d749846302,EC-GAD-DAULE-LPI-GADIMCD-2025-03,MALECON,13.080000,u,1,PRV1-9a853831f64662b5e8f7aec8,Precio documental observado en proyecto fuente; no equivale a precio de mercado actual.
INSV1-613f64f80f871911497f386d,EC-GAD-DAULE-LPI-GADIMCD-2025-01,REGENERACION,4.520000,h,8,PRV1-eb271943ee22596da20110f3,Precio documental observado en proyecto fuente; no equivale a precio de mercado actual.
INSV1-613f64f80f871911497f386d,EC-GAD-DAULE-LPI-GADIMCD-2025-03,MALECON,4.520000,h,8,PRV1-c0d537fbca8d3ac11cec6993,Precio documental observado en proyecto fuente; no equivale a precio de mercado actual.
INSV1-614b6d74616e0fe42db99251,EC-GAD-DAULE-LPI-GADIMCD-2025-03,MALECON,0.300000,h,67,PRV1-c2cf3c9e973b720167fad0f4,Precio documental observado en proyecto fuente; no equivale a precio de mercado actual.
INSV1-618760c47af7dc5fa4756dcb,EC-GAD-DAULE-LPI-GADIMCD-2025-03,MALECON,7.000000,u,1,PRV1-a664338b2472dbebad6be7ac,Precio documental observado en proyecto fuente; no equivale a precio de mercado actual.
INSV1-618d623248ff7b32ebf64df3,EC-GAD-DAULE-LPI-GADIMCD-2025-01,REGENERACION,3.800000,u,1,PRV1-948e9b2ada7d110e9568c31f,Precio documental observado en proyecto fuente; no equivale a precio de mercado actual.
INSV1-61c7ad3544e8324403879aae,EC-GAD-DAULE-LPI-GADIMCD-2025-03,MALECON,0.750000,u,4,PRV1-5f37a0fddec50fdb5c62ff67,Precio documental observado en proyecto fuente; no equivale a precio de mercado actual.
INSV1-61c9535f6c79bfa50c485740,EC-GAD-DAULE-LPI-GADIMCD-2025-01,REGENERACION,15.000000,m3,4,PRV1-f9160617b9ee951bd7354b37,Precio documental observado en proyecto fuente; no equivale a precio de mercado actual.
INSV1-61e736281f01f2602eb59625,EC-GAD-DAULE-LPI-GADIMCD-2025-03,MALECON,15.000000,u,1,PRV1-e55911125d2c3bb4ee10916d,Precio documental observado en proyecto fuente; no equivale a precio de mercado actual.
INSV1-6206be68150f1c8c7ff90b7d,EC-GAD-DAULE-LPI-GADIMCD-2025-03,MALECON,0.300000,h,1,PRV1-66b925a143c031e6d96cea74,Precio documental observado en proyecto fuente; no equivale a precio de mercado actual.
INSV1-6206be68150f1c8c7ff90b7d,EC-GAD-DAULE-LPI-GADIMCD-2025-03,MALECON,12.500000,h,3,PRV1-25dfae0ffa1b8e6cb721c66f,Precio documental observado en proyecto fuente; no equivale a precio de mercado actual.
INSV1-6238e9c1bb81e4a25267d44f,EC-GAD-DAULE-LPI-GADIMCD-2025-03,MALECON,3.620000,u,1,PRV1-aaf0a44c23ac48903818249c,Precio documental observado en proyecto fuente; no equivale a precio de mercado actual.
INSV1-623cda020243488075e2be04,EC-GAD-DAULE-LPI-GADIMCD-2025-03,MALECON,10.580000,m,2,PRV1-7cd72ed214d5fca59ea55c85,Precio documental observado en proyecto fuente; no equivale a precio de mercado actual.
INSV1-628edb1eb88bde4cb27eb75e,EC-GAD-DAULE-LPI-GADIMCD-2025-01,REGENERACION,48.660000,galon,17,PRV1-0e7c5e8278a801a64f8f9f53,Precio documental observado en proyecto fuente; no equivale a precio de mercado actual.
INSV1-62d72a19f52a67a8ffa97f84,EC-GAD-DAULE-LPI-GADIMCD-2025-01,REGENERACION,14.000000,u,4,PRV1-63fe22a1d542b52b672b460c,Precio documental observado en proyecto fuente; no equivale a precio de mercado actual.
INSV1-63055f5ba7d9c4bbba5fd6ce,EC-GAD-DAULE-LPI-GADIMCD-2025-01,REGENERACION,3.750000,h,16,PRV1-fa7e7af409af9b4d5dd65fb4,Precio documental observado en proyecto fuente; no equivale a precio de mercado actual.
INSV1-6332977f8544f2852f9648ad,EC-GAD-DAULE-LPI-GADIMCD-2025-01,REGENERACION,142.060000,u,2,PRV1-ef8931c50800dd87eaf96244,Precio documental observado en proyecto fuente; no equivale a precio de mercado actual.
INSV1-6397731913c03a1ad6548a93,EC-GAD-DAULE-LPI-GADIMCD-2025-03,MALECON,5.090000,u,1,PRV1-5f08b6a89de38b9f05984d6d,Precio documental observado en proyecto fuente; no equivale a precio de mercado actual.
INSV1-63a9c5bd449400d326941157,EC-GAD-DAULE-LPI-GADIMCD-2025-03,MALECON,25.000000,u,1,PRV1-6395bf5a8cf3d9c25c6bbee7,Precio documental observado en proyecto fuente; no equivale a precio de mercado actual.
INSV1-63b494be3b225053e4189f7a,EC-GAD-DAULE-LPI-GADIMCD-2025-03,MALECON,10.000000,u,1,PRV1-ed1dd1a8b15ed7f53443efb4,Precio documental observado en proyecto fuente; no equivale a precio de mercado actual.
INSV1-640ace25bc39930b9fcb9da8,EC-GAD-DAULE-LPI-GADIMCD-2025-01,REGENERACION,4.280000,h,2,PRV1-2614746a6fe9ef7bd0e534b7,Precio documental observado en proyecto fuente; no equivale a precio de mercado actual.
INSV1-640ace25bc39930b9fcb9da8,EC-GAD-DAULE-LPI-GADIMCD-2025-03,MALECON,4.280000,h,60,PRV1-1bf34db397c3ace31ac225f1,Precio documental observado en proyecto fuente; no equivale a precio de mercado actual.
INSV1-640c5d43e83b34146264431d,EC-GAD-DAULE-LPI-GADIMCD-2025-03,MALECON,230.000000,u,1,PRV1-2c3e2a9bbb10e335e2417a68,Precio documental observado en proyecto fuente; no equivale a precio de mercado actual.
INSV1-6425144931a1c26c0e466722,EC-GAD-DAULE-LPI-GADIMCD-2025-03,MALECON,7.500000,u,1,PRV1-2feacd7594969cbc6354ca7e,Precio documental observado en proyecto fuente; no equivale a precio de mercado actual.
INSV1-64932b074144128fecc8b550,EC-GAD-DAULE-LPI-GADIMCD-2025-03,MALECON,6.250000,h,49,PRV1-3f0a814f734882ef2f011440,Precio documental observado en proyecto fuente; no equivale a precio de mercado actual.
INSV1-64c71625d26ffe4d2d60e42f,EC-GAD-DAULE-LPI-GADIMCD-2025-03,MALECON,15.000000,u,1,PRV1-bdcdc1f4d39880b197de2682,Precio documental observado en proyecto fuente; no equivale a precio de mercado actual.
INSV1-64cd3d064ce933c4227f2523,EC-GAD-DAULE-LPI-GADIMCD-2025-01,REGENERACION,4.280000,h,28,PRV1-b39108bac1be713846f41006,Precio documental observado en proyecto fuente; no equivale a precio de mercado actual.
INSV1-64cd3d064ce933c4227f2523,EC-GAD-DAULE-LPI-GADIMCD-2025-03,MALECON,4.280000,h,27,PRV1-c85a4344ae4e9416f4530576,Precio documental observado en proyecto fuente; no equivale a precio de mercado actual.
INSV1-64d252a22f905cb77aa9d5ef,EC-GAD-DAULE-LPI-GADIMCD-2025-03,MALECON,170.000000,h,8,PRV1-3755336d20cc91b50c525a5e,Precio documental observado en proyecto fuente; no equivale a precio de mercado actual.
INSV1-64e316849efc8bcf46f27b16,EC-GAD-DAULE-LPI-GADIMCD-2025-03,MALECON,680.000000,u,1,PRV1-b8ff2eac6683728e986c997c,Precio documental observado en proyecto fuente; no equivale a precio de mercado actual.
INSV1-64f9b0b98137789174e397e5,EC-GAD-DAULE-LPI-GADIMCD-2025-03,MALECON,39.500000,h,1,PRV1-034b7e6365daf45d3b5dd0f3,Precio documental observado en proyecto fuente; no equivale a precio de mercado actual.
INSV1-6500809746bb3b8d19114eb6,EC-GAD-DAULE-LPI-GADIMCD-2025-03,MALECON,2.190000,u,3,PRV1-81ffc6e5b1f78920e8ecc129,Precio documental observado en proyecto fuente; no equivale a precio de mercado actual.
INSV1-6513c145ba16a3db5d77843b,EC-GAD-DAULE-LPI-GADIMCD-2025-03,MALECON,15.000000,u,1,PRV1-c22f691cef151f0f853329a0,Precio documental observado en proyecto fuente; no equivale a precio de mercado actual.
INSV1-6514d459cc0fa023827c8d05,EC-GAD-DAULE-LPI-GADIMCD-2025-03,MALECON,246.040000,u,1,PRV1-303fdb1dd47df052f5708218,Precio documental observado en proyecto fuente; no equivale a precio de mercado actual.
INSV1-651d28caea354378725fb2d9,EC-GAD-DAULE-LPI-GADIMCD-2025-03,MALECON,1500.000000,u,1,PRV1-d7b9c27e1cdfac614bc8ef41,Precio documental observado en proyecto fuente; no equivale a precio de mercado actual.
INSV1-654cd65d244f3c13a1bd6878,EC-GAD-DAULE-LPI-GADIMCD-2025-03,MALECON,25.000000,u,1,PRV1-5635691952a00d6ece287b57,Precio documental observado en proyecto fuente; no equivale a precio de mercado actual.
INSV1-654eb85eaa80f82e0e3b15cd,EC-GAD-DAULE-LPI-GADIMCD-2025-03,MALECON,9.380000,u,1,PRV1-81e252a33341823ee173006f,Precio documental observado en proyecto fuente; no equivale a precio de mercado actual.
INSV1-656f2707875ba3be07dbabc0,EC-GAD-DAULE-LPI-GADIMCD-2025-03,MALECON,0.560000,u,2,PRV1-a161fce4e3241f5b4f567185,Precio documental observado en proyecto fuente; no equivale a precio de mercado actual.
INSV1-65b6eeebd85f6081949edaa9,EC-GAD-DAULE-LPI-GADIMCD-2025-03,MALECON,3.500000,h,2,PRV1-316aa2070fd830361bd9da44,Precio documental observado en proyecto fuente; no equivale a precio de mercado actual.
INSV1-665db03eddee8eb5942222ba,EC-GAD-DAULE-LPI-GADIMCD-2025-03,MALECON,20.150000,kg,2,PRV1-409c781d5e3a62c48548223f,Precio documental observado en proyecto fuente; no equivale a precio de mercado actual.
INSV1-66860ef9ae2fc1e605071e3e,EC-GAD-DAULE-LPI-GADIMCD-2025-03,MALECON,0.030000,cc,1,PRV1-85b3f6fd0a01c2e9c8cd83db,Precio documental observado en proyecto fuente; no equivale a precio de mercado actual.
INSV1-66950b862d63406d4c228052,EC-GAD-DAULE-LPI-GADIMCD-2025-01,REGENERACION,4.280000,h,150,PRV1-73e69e3ee8ef18bb6922357f,Precio documental observado en proyecto fuente; no equivale a precio de mercado actual.
INSV1-66950b862d63406d4c228052,EC-GAD-DAULE-LPI-GADIMCD-2025-03,MALECON,4.280000,h,213,PRV1-b4541eb0a2a2e83b9456af66,Precio documental observado en proyecto fuente; no equivale a precio de mercado actual.
INSV1-66982c09397f4ed6c8f519cc,EC-GAD-DAULE-LPI-GADIMCD-2025-03,MALECON,180.000000,u,2,PRV1-fa0ed79d9b60accddc367074,Precio documental observado en proyecto fuente; no equivale a precio de mercado actual.
INSV1-66bc5ab239a5b9957edd855d,EC-GAD-DAULE-LPI-GADIMCD-2025-03,MALECON,7246.150000,u,1,PRV1-b0c96c045d51f532ca0e2f92,Precio documental observado en proyecto fuente; no equivale a precio de mercado actual.
INSV1-66de0ca604f87a658e54a143,EC-GAD-DAULE-LPI-GADIMCD-2025-03,MALECON,0.090000,u,2,PRV1-aa03f1e2144f92669927a5e8,Precio documental observado en proyecto fuente; no equivale a precio de mercado actual.
INSV1-66ea692c51609c8cd925a927,EC-GAD-DAULE-LPI-GADIMCD-2025-01,REGENERACION,1.610000,u,6,PRV1-3e68663b339a4ab75434210b,Precio documental observado en proyecto fuente; no equivale a precio de mercado actual.
INSV1-66ec93061335a09d3765b3b7,EC-GAD-DAULE-LPI-GADIMCD-2025-01,REGENERACION,6.000000,h,2,PRV1-889ff013a19438990361e0ea,Precio documental observado en proyecto fuente; no equivale a precio de mercado actual.
INSV1-676416bbd11edbae7a0493aa,EC-GAD-DAULE-LPI-GADIMCD-2025-03,MALECON,280.000000,u,1,PRV1-74e09b3a1d4b4bcdc07738fb,Precio documental observado en proyecto fuente; no equivale a precio de mercado actual.
INSV1-67bcb609fddcd1e3f50bf4d0,EC-GAD-DAULE-LPI-GADIMCD-2025-03,MALECON,589.480000,u,1,PRV1-a90e8850c0cee7687e7bb52d,Precio documental observado en proyecto fuente; no equivale a precio de mercado actual.
INSV1-67cb531f05a1a99756028ae0,EC-GAD-DAULE-LPI-GADIMCD-2025-01,REGENERACION,105.010000,u,2,PRV1-68b911cc32889cf526c812df,Precio documental observado en proyecto fuente; no equivale a precio de mercado actual.
INSV1-6816972013b2f597b7f36fd5,EC-GAD-DAULE-LPI-GADIMCD-2025-03,MALECON,1.460000,m,7,PRV1-91cc56b0df4f490087283fc7,Precio documental observado en proyecto fuente; no equivale a precio de mercado actual.
INSV1-684fc896f109a6966da03ecc,EC-GAD-DAULE-LPI-GADIMCD-2025-03,MALECON,18.000000,m3,2,PRV1-fc2bcfe5668e240b9b06fd6c,Precio documental observado en proyecto fuente; no equivale a precio de mercado actual.
INSV1-6864fcfa975b87fe138d30af,EC-GAD-DAULE-LPI-GADIMCD-2025-01,REGENERACION,1.600000,kg,4,PRV1-1014515f48736970c5e2241d,Precio documental observado en proyecto fuente; no equivale a precio de mercado actual.
INSV1-6867265544951e8a1168a510,EC-GAD-DAULE-LPI-GADIMCD-2025-03,MALECON,7.300000,u,1,PRV1-57c12c942f5106189b9d3d18,Precio documental observado en proyecto fuente; no equivale a precio de mercado actual.
INSV1-686f51639650787090beaac0,EC-GAD-DAULE-LPI-GADIMCD-2025-03,MALECON,15.000000,u,2,PRV1-55f1cd383b12fcf84bd144c5,Precio documental observado en proyecto fuente; no equivale a precio de mercado actual.
INSV1-68b119c25de43d1b8fb402a6,EC-GAD-DAULE-LPI-GADIMCD-2025-03,MALECON,140.000000,u,2,PRV1-b37ac2a73215823b4877cf95,Precio documental observado en proyecto fuente; no equivale a precio de mercado actual.
INSV1-68d49e2a987bbec25b4a7a58,EC-GAD-DAULE-LPI-GADIMCD-2025-03,MALECON,2.500000,m2,1,PRV1-0bad9b95d07539ccf03a57bf,Precio documental observado en proyecto fuente; no equivale a precio de mercado actual.
INSV1-68f4fd5f634f748e1ad070b6,EC-GAD-DAULE-LPI-GADIMCD-2025-01,REGENERACION,30.000000,h,18,PRV1-b082eb529cb42904496fc511,Precio documental observado en proyecto fuente; no equivale a precio de mercado actual.
INSV1-68f4fd5f634f748e1ad070b6,EC-GAD-DAULE-LPI-GADIMCD-2025-03,MALECON,20.000000,h,15,PRV1-446d78aa72051ba3401656fd,Precio documental observado en proyecto fuente; no equivale a precio de mercado actual.
INSV1-690271d1b9febd0a7cc980c2,EC-GAD-DAULE-LPI-GADIMCD-2025-03,MALECON,250.000000,u,1,PRV1-64b376d44716b835e242d894,Precio documental observado en proyecto fuente; no equivale a precio de mercado actual.
INSV1-6905b98eb5e7f82e542d88b9,EC-GAD-DAULE-LPI-GADIMCD-2025-03,MALECON,4.520000,h,7,PRV1-40d251bc49da928088b3fb43,Precio documental observado en proyecto fuente; no equivale a precio de mercado actual.
INSV1-69067d601de54c6183238e29,EC-GAD-DAULE-LPI-GADIMCD-2025-03,MALECON,1.710000,u,1,PRV1-77696c3a7b19da77d19a86ed,Precio documental observado en proyecto fuente; no equivale a precio de mercado actual.
INSV1-6911f5d6cd1fb4ebaffd5e2d,EC-GAD-DAULE-LPI-GADIMCD-2025-03,MALECON,4.260000,u,3,PRV1-b8d86f371a93d57439223435,Precio documental observado en proyecto fuente; no equivale a precio de mercado actual.
INSV1-693b1ec238c394c6864d9964,EC-GAD-DAULE-LPI-GADIMCD-2025-03,MALECON,5.850000,m,1,PRV1-411dea9f0f957455b8836413,Precio documental observado en proyecto fuente; no equivale a precio de mercado actual.
INSV1-69cb8215fc14b0d18d0fbf52,EC-GAD-DAULE-LPI-GADIMCD-2025-03,MALECON,0.990000,m,2,PRV1-68bf27c2f8e440409dcd4f2c,Precio documental observado en proyecto fuente; no equivale a precio de mercado actual.
INSV1-69f235dedb9609b55591869c,EC-GAD-DAULE-LPI-GADIMCD-2025-01,REGENERACION,170.010000,u,2,PRV1-6192f8fbe83beaf109232f5d,Precio documental observado en proyecto fuente; no equivale a precio de mercado actual.
INSV1-6a11fb55a866815275dc6050,EC-GAD-DAULE-LPI-GADIMCD-2025-03,MALECON,28.600000,u,1,PRV1-6a422aae9faf1a9740f09f91,Precio documental observado en proyecto fuente; no equivale a precio de mercado actual.
INSV1-6a37bcbe3d655ce3e794b76c,EC-GAD-DAULE-LPI-GADIMCD-2025-03,MALECON,155.740000,u,5,PRV1-4b8614ef7adb9f45d90939de,Precio documental observado en proyecto fuente; no equivale a precio de mercado actual.
INSV1-6a9d29baf42688332c29fa83,EC-GAD-DAULE-LPI-GADIMCD-2025-03,MALECON,2.050000,u,5,PRV1-a1b6f83ab687fc442dfa98f4,Precio documental observado en proyecto fuente; no equivale a precio de mercado actual.
INSV1-6ac4595af367d789cd4901fa,EC-GAD-DAULE-LPI-GADIMCD-2025-01,REGENERACION,3.130000,h,10,PRV1-baab958919156bb736c3988e,Precio documental observado en proyecto fuente; no equivale a precio de mercado actual.
INSV1-6ad77539f2193a077eec52ca,EC-GAD-DAULE-LPI-GADIMCD-2025-03,MALECON,147.480000,m,1,PRV1-432d1089040e8fc63930ea40,Precio documental observado en proyecto fuente; no equivale a precio de mercado actual.
INSV1-6af484f885f9fe626159571a,EC-GAD-DAULE-LPI-GADIMCD-2025-03,MALECON,10.120000,u,1,PRV1-57c37cd83d68ae5783ef39f0,Precio documental observado en proyecto fuente; no equivale a precio de mercado actual.
INSV1-6b2209770b36b9dca918a69c,EC-GAD-DAULE-LPI-GADIMCD-2025-01,REGENERACION,20.230000,u,2,PRV1-c2d87283e10b4ec07492b31d,Precio documental observado en proyecto fuente; no equivale a precio de mercado actual.
INSV1-6b7ffc8b1dabc4401e6ef1d1,EC-GAD-DAULE-LPI-GADIMCD-2025-03,MALECON,150.000000,h,1,PRV1-2618635038992a994b826cdd,Precio documental observado en proyecto fuente; no equivale a precio de mercado actual.
INSV1-6ba13ca64f547728cbdc93fd,EC-GAD-DAULE-LPI-GADIMCD-2025-01,REGENERACION,135.510000,u,2,PRV1-45f5e55841670f7545f7c83a,Precio documental observado en proyecto fuente; no equivale a precio de mercado actual.
INSV1-6be95f120042e01f1ef7e0f9,EC-GAD-DAULE-LPI-GADIMCD-2025-03,MALECON,0.720000,kg,2,PRV1-81dd0ae2c3732c565af7dddb,Precio documental observado en proyecto fuente; no equivale a precio de mercado actual.
INSV1-6bf28a0f6389b22dd9738d6a,EC-GAD-DAULE-LPI-GADIMCD-2025-01,REGENERACION,2.900000,kg,2,PRV1-e7ac14208a1dd4bf70400234,Precio documental observado en proyecto fuente; no equivale a precio de mercado actual.
INSV1-6c4a6e7bb1b5e174b21f0ba0,EC-GAD-DAULE-LPI-GADIMCD-2025-03,MALECON,3.360000,u,2,PRV1-7b803bef24e7009944d68c70,Precio documental observado en proyecto fuente; no equivale a precio de mercado actual.
INSV1-6d22f67bf345c2c6967845f1,EC-GAD-DAULE-LPI-GADIMCD-2025-03,MALECON,4.120000,u,1,PRV1-915edc5b541e661abdad53b6,Precio documental observado en proyecto fuente; no equivale a precio de mercado actual.
INSV1-6d24f2d4422ea1ce6449e877,EC-GAD-DAULE-LPI-GADIMCD-2025-01,REGENERACION,905.250000,u,3,PRV1-4a3465754a1e5a909e840cd5,Precio documental observado en proyecto fuente; no equivale a precio de mercado actual.
INSV1-6d45d296661502c5cdb4ed1c,EC-GAD-DAULE-LPI-GADIMCD-2025-03,MALECON,14.750000,m,1,PRV1-73bd59289b10e9b2cf2a3ec3,Precio documental observado en proyecto fuente; no equivale a precio de mercado actual.
INSV1-6d577ae091266d7c47fac4e0,EC-GAD-DAULE-LPI-GADIMCD-2025-03,MALECON,135.000000,m2,1,PRV1-17984fd51105fdb7bb36111d,Precio documental observado en proyecto fuente; no equivale a precio de mercado actual.
INSV1-6d58354e0158ce5ca50c8a9d,EC-GAD-DAULE-LPI-GADIMCD-2025-01,REGENERACION,1.200000,h,8,PRV1-cda47371f2f64b926e5c6c37,Precio documental observado en proyecto fuente; no equivale a precio de mercado actual.
INSV1-6d603a17863603d866570ab0,EC-GAD-DAULE-LPI-GADIMCD-2025-01,REGENERACION,2.000000,h,2,PRV1-e427def9b71d3b6db1dfc148,Precio documental observado en proyecto fuente; no equivale a precio de mercado actual.
INSV1-6db16dcbf94307d214172722,EC-GAD-DAULE-LPI-GADIMCD-2025-03,MALECON,3.500000,u,1,PRV1-cd24be40fa229fdf1fc8f00f,Precio documental observado en proyecto fuente; no equivale a precio de mercado actual.
INSV1-6dfe73154861d9147debb3ac,EC-GAD-DAULE-LPI-GADIMCD-2025-03,MALECON,28.000000,u,1,PRV1-e4f133126dfcba287dff23ff,Precio documental observado en proyecto fuente; no equivale a precio de mercado actual.
INSV1-6e16fac3f2917ac073620b21,EC-GAD-DAULE-LPI-GADIMCD-2025-03,MALECON,2.000000,u,1,PRV1-ce2822629501b948ce8a692c,Precio documental observado en proyecto fuente; no equivale a precio de mercado actual.
INSV1-6e32846a4977a6e76cea719d,EC-GAD-DAULE-LPI-GADIMCD-2025-03,MALECON,10.020000,m2,1,PRV1-b6c67ac25cd1f976a237ed27,Precio documental observado en proyecto fuente; no equivale a precio de mercado actual.
INSV1-6e7a4fac98395a8c69a766b1,EC-GAD-DAULE-LPI-GADIMCD-2025-03,MALECON,4.600000,u,1,PRV1-a7cba93979d137e991fb2388,Precio documental observado en proyecto fuente; no equivale a precio de mercado actual.
INSV1-6e7fd35de2492210365a1afb,EC-GAD-DAULE-LPI-GADIMCD-2025-03,MALECON,423.940000,u,1,PRV1-62cebfda6e0f148ac3460809,Precio documental observado en proyecto fuente; no equivale a precio de mercado actual.
INSV1-6e8116c12116ea8fe58a68d6,EC-GAD-DAULE-LPI-GADIMCD-2025-03,MALECON,67.410000,u,5,PRV1-1deac735471cec8499f35749,Precio documental observado en proyecto fuente; no equivale a precio de mercado actual.
INSV1-6e8a9ec7511393ad8452f66a,EC-GAD-DAULE-LPI-GADIMCD-2025-03,MALECON,4.000000,h,72,PRV1-596f346917f38ab59c7b3d12,Precio documental observado en proyecto fuente; no equivale a precio de mercado actual.
INSV1-6eb6d3c4bdbeb47acb39cdaf,EC-GAD-DAULE-LPI-GADIMCD-2025-01,REGENERACION,55.010000,u,1,PRV1-7a11bc2b800178936f13f3b9,Precio documental observado en proyecto fuente; no equivale a precio de mercado actual.
INSV1-6ee08c937d8fad3aac68b3ce,EC-GAD-DAULE-LPI-GADIMCD-2025-01,REGENERACION,0.300000,u,1,PRV1-03784071a2fbe4bc62ebcd59,Precio documental observado en proyecto fuente; no equivale a precio de mercado actual.
INSV1-6ef7fc40e8d6773fb7463354,EC-GAD-DAULE-LPI-GADIMCD-2025-03,MALECON,80.860000,m2,1,PRV1-bd9375e81dd79c71233a3dda,Precio documental observado en proyecto fuente; no equivale a precio de mercado actual.
INSV1-6f73cd7a2653609448313509,EC-GAD-DAULE-LPI-GADIMCD-2025-01,REGENERACION,9.260000,u,4,PRV1-f4592edf77ab2738bef306e5,Precio documental observado en proyecto fuente; no equivale a precio de mercado actual.
INSV1-70258af84cdfbb080f9a0aba,EC-GAD-DAULE-LPI-GADIMCD-2025-03,MALECON,5.920000,u,1,PRV1-4093a5515c2e8ffb60372d2c,Precio documental observado en proyecto fuente; no equivale a precio de mercado actual.
INSV1-7030c981aa34f80fab29794e,EC-GAD-DAULE-LPI-GADIMCD-2025-03,MALECON,11.200000,u,1,PRV1-2dc83608e760efede640caaa,Precio documental observado en proyecto fuente; no equivale a precio de mercado actual.
INSV1-704095c6f1e26e20387201bf,EC-GAD-DAULE-LPI-GADIMCD-2025-03,MALECON,21.840000,u,1,PRV1-68797440237a8d205c55b8e9,Precio documental observado en proyecto fuente; no equivale a precio de mercado actual.
INSV1-70953ff905e2b2b699f8fc01,EC-GAD-DAULE-LPI-GADIMCD-2025-01,REGENERACION,0.670000,u,4,PRV1-50b9d748facccae225d8c6b9,Precio documental observado en proyecto fuente; no equivale a precio de mercado actual.
INSV1-70ba4bcb381080446357078a,EC-GAD-DAULE-LPI-GADIMCD-2025-03,MALECON,30.000000,u,1,PRV1-096effcb60cb46a7c0dd2c98,Precio documental observado en proyecto fuente; no equivale a precio de mercado actual.
INSV1-71079b8819f7464588085d86,EC-GAD-DAULE-LPI-GADIMCD-2025-01,REGENERACION,10.000000,h,22,PRV1-14229a5ab3ba825f52b32429,Precio documental observado en proyecto fuente; no equivale a precio de mercado actual.
INSV1-71274184a31e207557dc0010,EC-GAD-DAULE-LPI-GADIMCD-2025-01,REGENERACION,5.010000,kg,2,PRV1-47535211bbdf780e07564e2c,Precio documental observado en proyecto fuente; no equivale a precio de mercado actual.
INSV1-713d4393807e38aa3dbf0374,EC-GAD-DAULE-LPI-GADIMCD-2025-03,MALECON,7.710000,m,11,PRV1-0cdc7a68f9fc2d9656133e8f,Precio documental observado en proyecto fuente; no equivale a precio de mercado actual.
INSV1-71cd1d4e55115366643047ea,EC-GAD-DAULE-LPI-GADIMCD-2025-01,REGENERACION,17.630000,m,1,PRV1-7806b22094016b9a8f47e9e9,Precio documental observado en proyecto fuente; no equivale a precio de mercado actual.
INSV1-71ef05584d4b3efc726d752d,EC-GAD-DAULE-LPI-GADIMCD-2025-03,MALECON,8.000000,u,1,PRV1-bd9df50ee85e90084e9d69d5,Precio documental observado en proyecto fuente; no equivale a precio de mercado actual.
INSV1-71fafaca7e3ea55e3397b7dc,EC-GAD-DAULE-LPI-GADIMCD-2025-01,REGENERACION,10.920000,u,10,PRV1-8578333f732c919d0d91aba4,Precio documental observado en proyecto fuente; no equivale a precio de mercado actual.
INSV1-7211f6ecceba0fa67218f76e,EC-GAD-DAULE-LPI-GADIMCD-2025-01,REGENERACION,76.790000,u,1,PRV1-5b53b3c8e35bf63b4efccb8d,Precio documental observado en proyecto fuente; no equivale a precio de mercado actual.
INSV1-723c8791d60380fa8111df40,EC-GAD-DAULE-LPI-GADIMCD-2025-03,MALECON,4.250000,u,1,PRV1-88611101fbcd9d07c6f41915,Precio documental observado en proyecto fuente; no equivale a precio de mercado actual.
INSV1-723dfb6a2aeae6c7907b39d1,EC-GAD-DAULE-LPI-GADIMCD-2025-01,REGENERACION,1.990000,m,4,PRV1-b0f6882af450b6b7c09bf9c3,Precio documental observado en proyecto fuente; no equivale a precio de mercado actual.
INSV1-729545e0beb11daefa6fce71,EC-GAD-DAULE-LPI-GADIMCD-2025-01,REGENERACION,6.000000,glb,2,PRV1-0404d4de732582ef9f344f53,Precio documental observado en proyecto fuente; no equivale a precio de mercado actual.
INSV1-72a6329a622d5b1de0114c5a,EC-GAD-DAULE-LPI-GADIMCD-2025-01,REGENERACION,3.500000,h,22,PRV1-be345236d44cbad5a18a49dd,Precio documental observado en proyecto fuente; no equivale a precio de mercado actual.
INSV1-72cd4e2a1bd551d15ba323de,EC-GAD-DAULE-LPI-GADIMCD-2025-03,MALECON,4.000000,l,2,PRV1-766f5a1c42bae93492bd56ae,Precio documental observado en proyecto fuente; no equivale a precio de mercado actual.
INSV1-72fe441cb0105ec0df2cdb65,EC-GAD-DAULE-LPI-GADIMCD-2025-03,MALECON,6.590000,m2,1,PRV1-3e17a223e9fa95492d7ca542,Precio documental observado en proyecto fuente; no equivale a precio de mercado actual.
INSV1-733b160153d077365fce4ab1,EC-GAD-DAULE-LPI-GADIMCD-2025-03,MALECON,310.000000,u,1,PRV1-5368b154cb9f33464c8d2525,Precio documental observado en proyecto fuente; no equivale a precio de mercado actual.
INSV1-73711b0e5d7917c10e34b22e,EC-GAD-DAULE-LPI-GADIMCD-2025-03,MALECON,10.000000,m2,1,PRV1-4f1fd95c4e0518ad400888ea,Precio documental observado en proyecto fuente; no equivale a precio de mercado actual.
INSV1-73713449876606dedd71ec24,EC-GAD-DAULE-LPI-GADIMCD-2025-03,MALECON,180.000000,u,1,PRV1-b74a8e65bbe1763886ea17f7,Precio documental observado en proyecto fuente; no equivale a precio de mercado actual.
INSV1-73dd4e0d4a01851f7b5ffe97,EC-GAD-DAULE-LPI-GADIMCD-2025-03,MALECON,56.270000,u,1,PRV1-79586745f81e312376919b21,Precio documental observado en proyecto fuente; no equivale a precio de mercado actual.
INSV1-73f026f38786e6fab5a07226,EC-GAD-DAULE-LPI-GADIMCD-2025-01,REGENERACION,175.860000,u,2,PRV1-fad728a99ad9c947972681b9,Precio documental observado en proyecto fuente; no equivale a precio de mercado actual.
INSV1-7468a2ed29ec321f4ba051c9,EC-GAD-DAULE-LPI-GADIMCD-2025-03,MALECON,3.500000,h,2,PRV1-9cb6c6c5d5223ee9efb94abe,Precio documental observado en proyecto fuente; no equivale a precio de mercado actual.
INSV1-74f60a726eb50128dc4bd6da,EC-GAD-DAULE-LPI-GADIMCD-2025-03,MALECON,40.000000,u,4,PRV1-f4ce42188fb26b11f99b5227,Precio documental observado en proyecto fuente; no equivale a precio de mercado actual.
INSV1-752ed38dd31917bc4b43c59b,EC-GAD-DAULE-LPI-GADIMCD-2025-03,MALECON,1200.000000,u,1,PRV1-ca503753918ecbfffdba00a9,Precio documental observado en proyecto fuente; no equivale a precio de mercado actual.
INSV1-754f913221c72bb9132bac74,EC-GAD-DAULE-LPI-GADIMCD-2025-01,REGENERACION,3.010000,u,2,PRV1-ef737e05fcb183458e42ae8a,Precio documental observado en proyecto fuente; no equivale a precio de mercado actual.
INSV1-75b07072b3a32841169926c8,EC-GAD-DAULE-LPI-GADIMCD-2025-01,REGENERACION,4.760000,h,20,PRV1-087adcd0bfbd365a4f2212b5,Precio documental observado en proyecto fuente; no equivale a precio de mercado actual.
INSV1-75b07072b3a32841169926c8,EC-GAD-DAULE-LPI-GADIMCD-2025-03,MALECON,4.760000,h,146,PRV1-0e57276163b3cba6bb3063fd,Precio documental observado en proyecto fuente; no equivale a precio de mercado actual.
INSV1-75bfc3e832f47eba8713857c,EC-GAD-DAULE-LPI-GADIMCD-2025-01,REGENERACION,2.010000,galon,2,PRV1-ca0aeff6b7acfa2522f3f01e,Precio documental observado en proyecto fuente; no equivale a precio de mercado actual.
INSV1-75cefe97796895ff0c0e9626,EC-GAD-DAULE-LPI-GADIMCD-2025-03,MALECON,0.740000,u,3,PRV1-83f4c8865140ade3f8c146d0,Precio documental observado en proyecto fuente; no equivale a precio de mercado actual.
INSV1-75d5d5c5b2c7d6b6a9fa086e,EC-GAD-DAULE-LPI-GADIMCD-2025-03,MALECON,3.000000,u,1,PRV1-6f5130e88dc4d73f907bcd9e,Precio documental observado en proyecto fuente; no equivale a precio de mercado actual.
INSV1-75e98cbf13936b0e11186cea,EC-GAD-DAULE-LPI-GADIMCD-2025-03,MALECON,3131.450000,u,1,PRV1-d7d6d664269ccbdfd1c12b68,Precio documental observado en proyecto fuente; no equivale a precio de mercado actual.
INSV1-75ef6bd794e43310135dd545,EC-GAD-DAULE-LPI-GADIMCD-2025-03,MALECON,3.620000,u,1,PRV1-e3d9cb63e0458624351e2407,Precio documental observado en proyecto fuente; no equivale a precio de mercado actual.
INSV1-764733a23362fe94fc0a068d,EC-GAD-DAULE-LPI-GADIMCD-2025-03,MALECON,1.500000,u,1,PRV1-52a3eb50efb3f464a579f288,Precio documental observado en proyecto fuente; no equivale a precio de mercado actual.
INSV1-7682859800a67ff487f0b173,EC-GAD-DAULE-LPI-GADIMCD-2025-03,MALECON,0.220000,kg,3,PRV1-fc32e4c582dfe9916036797f,Precio documental observado en proyecto fuente; no equivale a precio de mercado actual.
INSV1-7682d41e46b75c83933b0532,EC-GAD-DAULE-LPI-GADIMCD-2025-03,MALECON,1.730000,u,1,PRV1-4bc24872afe9906ccf83e385,Precio documental observado en proyecto fuente; no equivale a precio de mercado actual.
INSV1-768cc25239773f32d9e9852a,EC-GAD-DAULE-LPI-GADIMCD-2025-01,REGENERACION,8.750000,u,1,PRV1-02cda6a271b0ea062798c61c,Precio documental observado en proyecto fuente; no equivale a precio de mercado actual.
INSV1-76c1a5e5c1bdb50673f2f969,EC-GAD-DAULE-LPI-GADIMCD-2025-03,MALECON,0.700000,u,3,PRV1-4d57e0b9a4b86fde58a83ce9,Precio documental observado en proyecto fuente; no equivale a precio de mercado actual.
INSV1-76d00814915ad335858a5c1a,EC-GAD-DAULE-LPI-GADIMCD-2025-01,REGENERACION,0.500000,h,2,PRV1-eaa63734262106ddab0c3438,Precio documental observado en proyecto fuente; no equivale a precio de mercado actual.
INSV1-76d29c60f3c29b682690341d,EC-GAD-DAULE-LPI-GADIMCD-2025-03,MALECON,28.000000,u,1,PRV1-1982cf9f90f58f89a6e20d61,Precio documental observado en proyecto fuente; no equivale a precio de mercado actual.
INSV1-7707381252364439d48bb516,EC-GAD-DAULE-LPI-GADIMCD-2025-03,MALECON,4.000000,tubo,3,PRV1-2eb20dfa3800b93979e32327,Precio documental observado en proyecto fuente; no equivale a precio de mercado actual.
INSV1-770e0b5f0374a51fb932f001,EC-GAD-DAULE-LPI-GADIMCD-2025-01,REGENERACION,5.000000,m2,2,PRV1-188957547e4e09cf52c202e9,Precio documental observado en proyecto fuente; no equivale a precio de mercado actual.
INSV1-77295c99a479aafc512541ea,EC-GAD-DAULE-LPI-GADIMCD-2025-03,MALECON,0.380000,u,1,PRV1-85235f46261aee7d0d60abdd,Precio documental observado en proyecto fuente; no equivale a precio de mercado actual.
INSV1-77306c0f5ea47963c0515aaf,EC-GAD-DAULE-LPI-GADIMCD-2025-01,REGENERACION,5.000000,m2,2,PRV1-ead04984e2c44944fb382a67,Precio documental observado en proyecto fuente; no equivale a precio de mercado actual.
INSV1-77aba549a9f095cecb3b2e65,EC-GAD-DAULE-LPI-GADIMCD-2025-03,MALECON,51.630000,u,5,PRV1-ff2554ef575aa52c58421ea3,Precio documental observado en proyecto fuente; no equivale a precio de mercado actual.
INSV1-77b837ab860eabb433a070cf,EC-GAD-DAULE-LPI-GADIMCD-2025-01,REGENERACION,1.210000,galon,2,PRV1-ef3cdeee2314693e9a327c6a,Precio documental observado en proyecto fuente; no equivale a precio de mercado actual.
INSV1-77c3493c766a86385c72f5c0,EC-GAD-DAULE-LPI-GADIMCD-2025-03,MALECON,188.660000,u,1,PRV1-d742c8afdbd70a12df3cca70,Precio documental observado en proyecto fuente; no equivale a precio de mercado actual.
INSV1-785427b21b397a8ce28f8ebf,EC-GAD-DAULE-LPI-GADIMCD-2025-01,REGENERACION,40.010000,m2,4,PRV1-8a1a3c76452dd2f2c5b13000,Precio documental observado en proyecto fuente; no equivale a precio de mercado actual.
INSV1-78b2cc2b9ea1a2058a66945e,EC-GAD-DAULE-LPI-GADIMCD-2025-01,REGENERACION,15.980000,u,11,PRV1-84bf10607a03345223fefcb5,Precio documental observado en proyecto fuente; no equivale a precio de mercado actual.
INSV1-78bdd14e396419eff9f72f48,EC-GAD-DAULE-LPI-GADIMCD-2025-03,MALECON,80.000000,u,1,PRV1-e6860ce5a07d47921910d5d1,Precio documental observado en proyecto fuente; no equivale a precio de mercado actual.
INSV1-78c060a776bfdaf66e9318b4,EC-GAD-DAULE-LPI-GADIMCD-2025-01,REGENERACION,2.470000,u,2,PRV1-3beace227e337526d48bbdb5,Precio documental observado en proyecto fuente; no equivale a precio de mercado actual.
INSV1-78e332f7cdb942a8d19d5dfd,EC-GAD-DAULE-LPI-GADIMCD-2025-01,REGENERACION,3.150000,h,29,PRV1-b6e9bb2d41a482d855a5e86e,Precio documental observado en proyecto fuente; no equivale a precio de mercado actual.
INSV1-78e332f7cdb942a8d19d5dfd,EC-GAD-DAULE-LPI-GADIMCD-2025-03,MALECON,5.000000,h,98,PRV1-ec773c9c6568d214270397ec,Precio documental observado en proyecto fuente; no equivale a precio de mercado actual.
INSV1-78fe72037bf46d5b149ba680,EC-GAD-DAULE-LPI-GADIMCD-2025-03,MALECON,5.900000,u,1,PRV1-c8b7198010adc0cef5e3880c,Precio documental observado en proyecto fuente; no equivale a precio de mercado actual.
INSV1-791529a1968313cc892b5996,EC-GAD-DAULE-LPI-GADIMCD-2025-03,MALECON,5.700000,g,2,PRV1-c87faeeb12173e856b76e163,Precio documental observado en proyecto fuente; no equivale a precio de mercado actual.
INSV1-7954102c21252fc59eea2a15,EC-GAD-DAULE-LPI-GADIMCD-2025-01,REGENERACION,45.000000,h,2,PRV1-f23d964c09d3a66cf08a9f92,Precio documental observado en proyecto fuente; no equivale a precio de mercado actual.
INSV1-798c3fe604e2c661fc42ad38,EC-GAD-DAULE-LPI-GADIMCD-2025-03,MALECON,37.500000,u,2,PRV1-f1e6449f6f4701465c7dd7fd,Precio documental observado en proyecto fuente; no equivale a precio de mercado actual.
INSV1-79bdca02909ab01a9cd96152,EC-GAD-DAULE-LPI-GADIMCD-2025-03,MALECON,13.860000,u,2,PRV1-b54f536b75e4e02345400182,Precio documental observado en proyecto fuente; no equivale a precio de mercado actual.
INSV1-79ef23d37bbf7244052cc3b6,EC-GAD-DAULE-LPI-GADIMCD-2025-03,MALECON,4.810000,u,6,PRV1-e518f60893afabd01de380b4,Precio documental observado en proyecto fuente; no equivale a precio de mercado actual.
INSV1-79f6df37c83ed745c7befca0,EC-GAD-DAULE-LPI-GADIMCD-2025-01,REGENERACION,4.280000,h,66,PRV1-334fb8146fd88eba4390279c,Precio documental observado en proyecto fuente; no equivale a precio de mercado actual.
INSV1-79f6df37c83ed745c7befca0,EC-GAD-DAULE-LPI-GADIMCD-2025-03,MALECON,4.280000,h,27,PRV1-626906c163daa495601690d1,Precio documental observado en proyecto fuente; no equivale a precio de mercado actual.
INSV1-79fe5832a51c8a0e64c66bfb,EC-GAD-DAULE-LPI-GADIMCD-2025-03,MALECON,13.550000,m,1,PRV1-ca494a3dee5bc715ae5e2078,Precio documental observado en proyecto fuente; no equivale a precio de mercado actual.
INSV1-7a23e5f21e45f90030d27ba7,EC-GAD-DAULE-LPI-GADIMCD-2025-01,REGENERACION,79.560000,u,4,PRV1-5c77deee77e91e7cdcd7b8d0,Precio documental observado en proyecto fuente; no equivale a precio de mercado actual.
INSV1-7ae0b8b9fc26d1d359371c8e,EC-GAD-DAULE-LPI-GADIMCD-2025-03,MALECON,2.240000,u,2,PRV1-aa4dd65937ed15dc59978fc9,Precio documental observado en proyecto fuente; no equivale a precio de mercado actual.
INSV1-7af010f9d46fed17f69a3635,EC-GAD-DAULE-LPI-GADIMCD-2025-03,MALECON,40.000000,u,2,PRV1-5c7f379cd27a28caf2e41cfd,Precio documental observado en proyecto fuente; no equivale a precio de mercado actual.
INSV1-7af8dd686abd7e4a5be84707,EC-GAD-DAULE-LPI-GADIMCD-2025-03,MALECON,2.100000,m,1,PRV1-e8c7a03a1952b4fb9e71bc7c,Precio documental observado en proyecto fuente; no equivale a precio de mercado actual.
INSV1-7b090d8a8aeb1ce5ddfdff63,EC-GAD-DAULE-LPI-GADIMCD-2025-03,MALECON,3.000000,u,2,PRV1-b3910b3af3ba4b8427fea33f,Precio documental observado en proyecto fuente; no equivale a precio de mercado actual.
INSV1-7b46d9aab759653cdbe827b0,EC-GAD-DAULE-LPI-GADIMCD-2025-03,MALECON,0.390000,u,5,PRV1-e49d7a55db7d1b99b939fc32,Precio documental observado en proyecto fuente; no equivale a precio de mercado actual.
INSV1-7b76108b86f58df916db404a,EC-GAD-DAULE-LPI-GADIMCD-2025-03,MALECON,73.820000,u,1,PRV1-4ceeef048efd1075a15bd58d,Precio documental observado en proyecto fuente; no equivale a precio de mercado actual.
INSV1-7b794c2fde468f006c33a4b5,EC-GAD-DAULE-LPI-GADIMCD-2025-03,MALECON,10.000000,u,2,PRV1-64ba700fe21222f9022ac145,Precio documental observado en proyecto fuente; no equivale a precio de mercado actual.
INSV1-7baa5244fb51fc34d80d2a3f,EC-GAD-DAULE-LPI-GADIMCD-2025-03,MALECON,1.900000,lb,1,PRV1-c19ada0b82331313f4c529b5,Precio documental observado en proyecto fuente; no equivale a precio de mercado actual.
INSV1-7befb8d849a2ac5d85eccf7c,EC-GAD-DAULE-LPI-GADIMCD-2025-03,MALECON,8.050000,u,1,PRV1-2274499e94db9f7886d9af1e,Precio documental observado en proyecto fuente; no equivale a precio de mercado actual.
INSV1-7bf739617337ae6af852441c,EC-GAD-DAULE-LPI-GADIMCD-2025-01,REGENERACION,1.910000,galon,2,PRV1-f295ac705429759bffca8260,Precio documental observado en proyecto fuente; no equivale a precio de mercado actual.
INSV1-7c4406bd529ffd666cd5db8a,EC-GAD-DAULE-LPI-GADIMCD-2025-01,REGENERACION,51.150000,u,2,PRV1-35be2f5f5e8aadee207286d8,Precio documental observado en proyecto fuente; no equivale a precio de mercado actual.
INSV1-7c6a865624bfd883278e2d62,EC-GAD-DAULE-LPI-GADIMCD-2025-01,REGENERACION,3.050000,u,3,PRV1-0c2941d9d7260751233c5d66,Precio documental observado en proyecto fuente; no equivale a precio de mercado actual.
INSV1-7c6ea3c042958c72a92da750,EC-GAD-DAULE-LPI-GADIMCD-2025-03,MALECON,4.200000,h,66,PRV1-d47ab341b60a399839e7ffa4,Precio documental observado en proyecto fuente; no equivale a precio de mercado actual.
INSV1-7c6f9584f19600401820fe7a,EC-GAD-DAULE-LPI-GADIMCD-2025-01,REGENERACION,4.010000,u,2,PRV1-07b7e1a66ddb4b29c859a0ac,Precio documental observado en proyecto fuente; no equivale a precio de mercado actual.
INSV1-7c7fc245b55265a611447800,EC-GAD-DAULE-LPI-GADIMCD-2025-03,MALECON,170.380000,u,1,PRV1-c09071f0ff8148c00199f2cc,Precio documental observado en proyecto fuente; no equivale a precio de mercado actual.
INSV1-7cae047544985809450f32c3,EC-GAD-DAULE-LPI-GADIMCD-2025-03,MALECON,6.900000,u,1,PRV1-44bbc67dfa2a795f9c7bc39b,Precio documental observado en proyecto fuente; no equivale a precio de mercado actual.
INSV1-7ccd0afc950487e922577bc1,EC-GAD-DAULE-LPI-GADIMCD-2025-01,REGENERACION,10.000000,m,2,PRV1-c9374c54f51360a8a4bf2587,Precio documental observado en proyecto fuente; no equivale a precio de mercado actual.
INSV1-7ccd1b8c91c3a5f02f22e041,EC-GAD-DAULE-LPI-GADIMCD-2025-01,REGENERACION,40.000000,u,1,PRV1-d046c46427e577402a188755,Precio documental observado en proyecto fuente; no equivale a precio de mercado actual.
INSV1-7cfe7151d9fe75668c573974,EC-GAD-DAULE-LPI-GADIMCD-2025-01,REGENERACION,2.970000,m2,14,PRV1-483ed010cb53b2e81821682d,Precio documental observado en proyecto fuente; no equivale a precio de mercado actual.
INSV1-7d6b4bf376a50e62e1006040,EC-GAD-DAULE-LPI-GADIMCD-2025-03,MALECON,1.010000,u,12,PRV1-b8cd68d699d3bc4c4040a2c8,Precio documental observado en proyecto fuente; no equivale a precio de mercado actual.
INSV1-7de9ac4f51cb827e407b26d3,EC-GAD-DAULE-LPI-GADIMCD-2025-03,MALECON,16.960000,m,2,PRV1-c3b0dd8e285f5b4aecfda564,Precio documental observado en proyecto fuente; no equivale a precio de mercado actual.
INSV1-7df95cc57188d686d17d9cc3,EC-GAD-DAULE-LPI-GADIMCD-2025-03,MALECON,1.040000,u,1,PRV1-3bc5541d01da07863e3a043e,Precio documental observado en proyecto fuente; no equivale a precio de mercado actual.
INSV1-7e4f3e1d0548d33420d71158,EC-GAD-DAULE-LPI-GADIMCD-2025-01,REGENERACION,45.000000,h,2,PRV1-f9415339f3a5cc35065059de,Precio documental observado en proyecto fuente; no equivale a precio de mercado actual.
INSV1-7e529640382bd270a9533695,EC-GAD-DAULE-LPI-GADIMCD-2025-01,REGENERACION,4.280000,h,24,PRV1-3f9f3a256e65b8256e37b4aa,Precio documental observado en proyecto fuente; no equivale a precio de mercado actual.
INSV1-7e529640382bd270a9533695,EC-GAD-DAULE-LPI-GADIMCD-2025-03,MALECON,4.280000,h,53,PRV1-2310c9b21e9c8e0520b95125,Precio documental observado en proyecto fuente; no equivale a precio de mercado actual.
INSV1-7e96b2841c2b63d88784c50b,EC-GAD-DAULE-LPI-GADIMCD-2025-03,MALECON,27.560000,u,1,PRV1-7a2347a472df55be46f3242c,Precio documental observado en proyecto fuente; no equivale a precio de mercado actual.
INSV1-7f008b17c1e265aca46e25f7,EC-GAD-DAULE-LPI-GADIMCD-2025-01,REGENERACION,4.750000,h,27,PRV1-ab5e32da1ddfe92cb36e1bf8,Precio documental observado en proyecto fuente; no equivale a precio de mercado actual.
INSV1-7f008b17c1e265aca46e25f7,EC-GAD-DAULE-LPI-GADIMCD-2025-03,MALECON,4.750000,h,20,PRV1-33460ceed4b067050ac4c8e7,Precio documental observado en proyecto fuente; no equivale a precio de mercado actual.
INSV1-7f10edf1f2c12abc99c07c56,EC-GAD-DAULE-LPI-GADIMCD-2025-03,MALECON,16.000000,u,4,PRV1-25f5ef73256e1e2cc366196f,Precio documental observado en proyecto fuente; no equivale a precio de mercado actual.
INSV1-7f321bd90c409cee4f5659b1,EC-GAD-DAULE-LPI-GADIMCD-2025-03,MALECON,1.320000,u,1,PRV1-1e49f3f95dbf94213d06bef6,Precio documental observado en proyecto fuente; no equivale a precio de mercado actual.
INSV1-7f84210068ce0a06d13171e8,EC-GAD-DAULE-LPI-GADIMCD-2025-03,MALECON,421.000000,u,1,PRV1-285b266b9a4c6c25089be2a6,Precio documental observado en proyecto fuente; no equivale a precio de mercado actual.
INSV1-7fa09034913f36e403bc83ae,EC-GAD-DAULE-LPI-GADIMCD-2025-03,MALECON,3.100000,m,1,PRV1-cf9165300d28460a9d5a7912,Precio documental observado en proyecto fuente; no equivale a precio de mercado actual.
INSV1-7fb140223efe796836d49882,EC-GAD-DAULE-LPI-GADIMCD-2025-03,MALECON,0.120000,kg,16,PRV1-c3c87beaadd36eeea2e66f1a,Precio documental observado en proyecto fuente; no equivale a precio de mercado actual.
INSV1-7fcd18bd2df02f6ba3f354b5,EC-GAD-DAULE-LPI-GADIMCD-2025-01,REGENERACION,25.000000,h,31,PRV1-7b97e507acc7574fb5310350,Precio documental observado en proyecto fuente; no equivale a precio de mercado actual.
INSV1-7fcd18bd2df02f6ba3f354b5,EC-GAD-DAULE-LPI-GADIMCD-2025-03,MALECON,30.000000,h,20,PRV1-de3d71d159e580611e875542,Precio documental observado en proyecto fuente; no equivale a precio de mercado actual.
INSV1-7fcf1eb12e9d1b32865c4b04,EC-GAD-DAULE-LPI-GADIMCD-2025-01,REGENERACION,1.750000,h,6,PRV1-fe63f405f67679688e6e723c,Precio documental observado en proyecto fuente; no equivale a precio de mercado actual.
INSV1-7fd469f1d0938dc2a766a55c,EC-GAD-DAULE-LPI-GADIMCD-2025-03,MALECON,224.000000,u,1,PRV1-25303d55883af4cb47a95ce2,Precio documental observado en proyecto fuente; no equivale a precio de mercado actual.
INSV1-7ffadf1c200305f25b0b9ba3,EC-GAD-DAULE-LPI-GADIMCD-2025-03,MALECON,1100.000000,u,1,PRV1-b566885d0ddf5b4aa193980e,Precio documental observado en proyecto fuente; no equivale a precio de mercado actual.
INSV1-800388ff3d1edc780bf513b8,EC-GAD-DAULE-LPI-GADIMCD-2025-03,MALECON,1200.000000,u,1,PRV1-46241691a5c0d36550ea39f8,Precio documental observado en proyecto fuente; no equivale a precio de mercado actual.
INSV1-800d53ee5bf7d41ab8d89b5f,EC-GAD-DAULE-LPI-GADIMCD-2025-01,REGENERACION,126.710000,u,2,PRV1-edd9ad6535547d003d728062,Precio documental observado en proyecto fuente; no equivale a precio de mercado actual.
INSV1-8049f3ba6dc1fc0a51cc4d64,EC-GAD-DAULE-LPI-GADIMCD-2025-03,MALECON,3.000000,u,1,PRV1-bb7394b2127de2030db34e54,Precio documental observado en proyecto fuente; no equivale a precio de mercado actual.
INSV1-807cab9d5f281a8a10816e91,EC-GAD-DAULE-LPI-GADIMCD-2025-03,MALECON,42.580000,u,1,PRV1-7fbe92a44fecac701c9326b2,Precio documental observado en proyecto fuente; no equivale a precio de mercado actual.
INSV1-810c4d0919fdc29bedf04156,EC-GAD-DAULE-LPI-GADIMCD-2025-03,MALECON,9.400000,u,1,PRV1-efa6b1ebd398c2316c37516e,Precio documental observado en proyecto fuente; no equivale a precio de mercado actual.
INSV1-8133110f73884c685adcb5b7,EC-GAD-DAULE-LPI-GADIMCD-2025-03,MALECON,829.000000,u,1,PRV1-acb4c6c1d59625820417fb83,Precio documental observado en proyecto fuente; no equivale a precio de mercado actual.
INSV1-81ba26534c8719843a0b4536,EC-GAD-DAULE-LPI-GADIMCD-2025-03,MALECON,40.000000,m,1,PRV1-0f04cc9b1bf55e55657e365c,Precio documental observado en proyecto fuente; no equivale a precio de mercado actual.
INSV1-81ca5961787ca9b05cb7c436,EC-GAD-DAULE-LPI-GADIMCD-2025-03,MALECON,7.800000,u,1,PRV1-019ed7a8781c38ba7fbc29c9,Precio documental observado en proyecto fuente; no equivale a precio de mercado actual.
INSV1-81e3982089b4f5294f68dc4c,EC-GAD-DAULE-LPI-GADIMCD-2025-03,MALECON,0.110000,h,1,PRV1-10dad38a650bcf403ed6ad44,Precio documental observado en proyecto fuente; no equivale a precio de mercado actual.
INSV1-81e4f97f16a02324f606e429,EC-GAD-DAULE-LPI-GADIMCD-2025-03,MALECON,190.000000,m2,1,PRV1-909c5028890588b22e0f9554,Precio documental observado en proyecto fuente; no equivale a precio de mercado actual.
INSV1-82068bdb5cf375419fd4c814,EC-GAD-DAULE-LPI-GADIMCD-2025-01,REGENERACION,20.000000,h,9,PRV1-c54472f9373d0e0e73d86864,Precio documental observado en proyecto fuente; no equivale a precio de mercado actual.
INSV1-820d2f96d074cb02c32f66ca,EC-GAD-DAULE-LPI-GADIMCD-2025-03,MALECON,11.200000,u,4,PRV1-d4338c3bd7ed558da381eafe,Precio documental observado en proyecto fuente; no equivale a precio de mercado actual.
INSV1-83532115ee6abcc31a537a60,EC-GAD-DAULE-LPI-GADIMCD-2025-03,MALECON,5.800000,u,4,PRV1-ada87690d634243f7a65e632,Precio documental observado en proyecto fuente; no equivale a precio de mercado actual.
INSV1-8353e780035727400e96a4e0,EC-GAD-DAULE-LPI-GADIMCD-2025-03,MALECON,25.000000,u,1,PRV1-4b1508d720c03a8f85bdeb7a,Precio documental observado en proyecto fuente; no equivale a precio de mercado actual.
INSV1-836e108f0351af8a6814024a,EC-GAD-DAULE-LPI-GADIMCD-2025-01,REGENERACION,10.010000,m3,2,PRV1-e7eb23ed879e9562041c5433,Precio documental observado en proyecto fuente; no equivale a precio de mercado actual.
INSV1-8380f5458926b29e3f8b3ae4,EC-GAD-DAULE-LPI-GADIMCD-2025-03,MALECON,0.050000,u,2,PRV1-cebdfc44e387a58159b91888,Precio documental observado en proyecto fuente; no equivale a precio de mercado actual.
INSV1-83c96c61008c44d499e953fe,EC-GAD-DAULE-LPI-GADIMCD-2025-03,MALECON,66.210000,m2,2,PRV1-956bfb2244d42f11c8bbb2f6,Precio documental observado en proyecto fuente; no equivale a precio de mercado actual.
INSV1-8400f559fa6073adabab10d0,EC-GAD-DAULE-LPI-GADIMCD-2025-01,REGENERACION,20.010000,u,2,PRV1-b36c97a9ea441b2cf1044dde,Precio documental observado en proyecto fuente; no equivale a precio de mercado actual.
INSV1-8409878948d0a9894f6acc23,EC-GAD-DAULE-LPI-GADIMCD-2025-01,REGENERACION,6.000000,m3,4,PRV1-72bf913922cddf9265719ebc,Precio documental observado en proyecto fuente; no equivale a precio de mercado actual.
INSV1-84678d53fe8c6bb4aa398be7,EC-GAD-DAULE-LPI-GADIMCD-2025-01,REGENERACION,25.010000,u,2,PRV1-04897a368ce190495d55fd6c,Precio documental observado en proyecto fuente; no equivale a precio de mercado actual.
INSV1-84f98bceb141781cafc375e2,EC-GAD-DAULE-LPI-GADIMCD-2025-03,MALECON,1.340000,lb,2,PRV1-cb20a28c00ffc5f1d70428d5,Precio documental observado en proyecto fuente; no equivale a precio de mercado actual.
INSV1-851c68421f9019e28cf4d1d6,EC-GAD-DAULE-LPI-GADIMCD-2025-03,MALECON,800.000000,u,1,PRV1-d2c204df68a9d13ad2b8cfdc,Precio documental observado en proyecto fuente; no equivale a precio de mercado actual.
INSV1-857b160b1aa1e104052ad0b2,EC-GAD-DAULE-LPI-GADIMCD-2025-03,MALECON,600.000000,u,12,PRV1-d1f92f7413c66eb736b04aa7,Precio documental observado en proyecto fuente; no equivale a precio de mercado actual.
INSV1-85a987e4062c7b9910580aad,EC-GAD-DAULE-LPI-GADIMCD-2025-03,MALECON,1.500000,u,6,PRV1-8e5a24ab3b9c3bedbbcc4212,Precio documental observado en proyecto fuente; no equivale a precio de mercado actual.
INSV1-85bb32faa7ed66ccc9ef6414,EC-GAD-DAULE-LPI-GADIMCD-2025-03,MALECON,1.930000,u,4,PRV1-466b2a722ca2117c51a5ead4,Precio documental observado en proyecto fuente; no equivale a precio de mercado actual.
INSV1-860a341532384c9fe1f93fb5,EC-GAD-DAULE-LPI-GADIMCD-2025-01,REGENERACION,7.500000,m,2,PRV1-401bd0f5b25f981da26c723e,Precio documental observado en proyecto fuente; no equivale a precio de mercado actual.
INSV1-860b9a3ab1adb0d1e14e4d8c,EC-GAD-DAULE-LPI-GADIMCD-2025-03,MALECON,1000.000000,u,1,PRV1-552513594c1617eaab97db23,Precio documental observado en proyecto fuente; no equivale a precio de mercado actual.
INSV1-8622216f2b5ff7771c39d702,EC-GAD-DAULE-LPI-GADIMCD-2025-03,MALECON,4.000000,m2,1,PRV1-d85cf1aa3c31b7a7618931d9,Precio documental observado en proyecto fuente; no equivale a precio de mercado actual.
INSV1-863cf63e3a4faf60cc2f7e10,EC-GAD-DAULE-LPI-GADIMCD-2025-03,MALECON,119.650000,m3,34,PRV1-81432cd9c0b26a295162a868,Precio documental observado en proyecto fuente; no equivale a precio de mercado actual.
INSV1-8655067ae21977c2940873f2,EC-GAD-DAULE-LPI-GADIMCD-2025-03,MALECON,125.600000,m2,3,PRV1-a2cd4f15aa2b33037712831e,Precio documental observado en proyecto fuente; no equivale a precio de mercado actual.
INSV1-8672b65934e3c5fce0ad52ef,EC-GAD-DAULE-LPI-GADIMCD-2025-03,MALECON,1.840000,u,1,PRV1-5f41e89848ac5f47db0f1951,Precio documental observado en proyecto fuente; no equivale a precio de mercado actual.
INSV1-868cf4bd04169a343900de7f,EC-GAD-DAULE-LPI-GADIMCD-2025-03,MALECON,5.600000,u,3,PRV1-57b2ed3811a77f97c12c875f,Precio documental observado en proyecto fuente; no equivale a precio de mercado actual.
INSV1-869a1a962171030b681e73d8,EC-GAD-DAULE-LPI-GADIMCD-2025-03,MALECON,990.000000,u,1,PRV1-56a1bd4d8e770f67cced67e1,Precio documental observado en proyecto fuente; no equivale a precio de mercado actual.
INSV1-86a30186e9436f55edd47dd1,EC-GAD-DAULE-LPI-GADIMCD-2025-01,REGENERACION,2.400000,u,2,PRV1-3b4196e814adef5ec4b8c9bd,Precio documental observado en proyecto fuente; no equivale a precio de mercado actual.
INSV1-86c80b0578ef10412983b4f3,EC-GAD-DAULE-LPI-GADIMCD-2025-03,MALECON,0.500000,h,67,PRV1-16bce0084364382895ace115,Precio documental observado en proyecto fuente; no equivale a precio de mercado actual.
INSV1-86f07dbb8a1c2170ea34bb1a,EC-GAD-DAULE-LPI-GADIMCD-2025-01,REGENERACION,3.010000,kg,9,PRV1-00f971c2c690a28dfbe70b51,Precio documental observado en proyecto fuente; no equivale a precio de mercado actual.
INSV1-87076f9a81d11519bbcceb9e,EC-GAD-DAULE-LPI-GADIMCD-2025-03,MALECON,6.000000,u,1,PRV1-a80b1e16aac84433d86a7143,Precio documental observado en proyecto fuente; no equivale a precio de mercado actual.
INSV1-87230b16e8a4910d3c440d12,EC-GAD-DAULE-LPI-GADIMCD-2025-03,MALECON,7.000000,u,1,PRV1-b710bcbf3c67e9b94dc00415,Precio documental observado en proyecto fuente; no equivale a precio de mercado actual.
INSV1-8733b0ada3dbece7a0811456,EC-GAD-DAULE-LPI-GADIMCD-2025-03,MALECON,295.000000,u,1,PRV1-dda18476708dd6172a7480d9,Precio documental observado en proyecto fuente; no equivale a precio de mercado actual.
INSV1-87415f085eaddc67da4f88f5,EC-GAD-DAULE-LPI-GADIMCD-2025-03,MALECON,1.090000,u,6,PRV1-3485fabe42024df9b7efa731,Precio documental observado en proyecto fuente; no equivale a precio de mercado actual.
INSV1-874c1362468cb29c0343e8bc,EC-GAD-DAULE-LPI-GADIMCD-2025-03,MALECON,30.000000,u,1,PRV1-f501e605d1cb5a4314e57bbf,Precio documental observado en proyecto fuente; no equivale a precio de mercado actual.
INSV1-8755aab6ccbdab09d487e3f9,EC-GAD-DAULE-LPI-GADIMCD-2025-03,MALECON,4.500000,u,5,PRV1-9dc7167c8cf521432a9eed09,Precio documental observado en proyecto fuente; no equivale a precio de mercado actual.
INSV1-8767b7f7d9d2309a4b2394a3,EC-GAD-DAULE-LPI-GADIMCD-2025-03,MALECON,8.000000,h,1,PRV1-99d498d5d05a975718285faf,Precio documental observado en proyecto fuente; no equivale a precio de mercado actual.
INSV1-878c8509815469520379932a,EC-GAD-DAULE-LPI-GADIMCD-2025-03,MALECON,5.000000,h,4,PRV1-9b7720cb829939f8c00f549a,Precio documental observado en proyecto fuente; no equivale a precio de mercado actual.
INSV1-87d77fe3d688f727b9434fc0,EC-GAD-DAULE-LPI-GADIMCD-2025-03,MALECON,16.000000,u,1,PRV1-11851b78a1548ee3f8e829ed,Precio documental observado en proyecto fuente; no equivale a precio de mercado actual.
INSV1-87fe45566a58c9eaa5402750,EC-GAD-DAULE-LPI-GADIMCD-2025-03,MALECON,2.810000,m2,1,PRV1-e3f795294e95adbc39fbabd8,Precio documental observado en proyecto fuente; no equivale a precio de mercado actual.
INSV1-880c7a55cb0d99a5875d197c,EC-GAD-DAULE-LPI-GADIMCD-2025-03,MALECON,12.900000,u,1,PRV1-e67544794705809343d0b2b6,Precio documental observado en proyecto fuente; no equivale a precio de mercado actual.
INSV1-8844e116b63471d5f2f57333,EC-GAD-DAULE-LPI-GADIMCD-2025-01,REGENERACION,145.810000,u,2,PRV1-87d4f111a05ee963eef4c608,Precio documental observado en proyecto fuente; no equivale a precio de mercado actual.
INSV1-884bbad122d0b83a75f07b94,EC-GAD-DAULE-LPI-GADIMCD-2025-03,MALECON,20.000000,u,1,PRV1-41d14e1a68c30d9009b5f852,Precio documental observado en proyecto fuente; no equivale a precio de mercado actual.
INSV1-8892b8b7c047da9d5240c810,EC-GAD-DAULE-LPI-GADIMCD-2025-01,REGENERACION,19.800000,m,2,PRV1-b372bc20343f88b797a05ac3,Precio documental observado en proyecto fuente; no equivale a precio de mercado actual.
INSV1-892e1456e183f75da548d5ff,EC-GAD-DAULE-LPI-GADIMCD-2025-03,MALECON,6.780000,kg,2,PRV1-c664c771593b2e626916bc20,Precio documental observado en proyecto fuente; no equivale a precio de mercado actual.
INSV1-89869597787a414d3f82a68e,EC-GAD-DAULE-LPI-GADIMCD-2025-03,MALECON,4.240000,u,4,PRV1-b0566734684424f219e4c175,Precio documental observado en proyecto fuente; no equivale a precio de mercado actual.
INSV1-89d42bc9731a9dda823549d9,EC-GAD-DAULE-LPI-GADIMCD-2025-01,REGENERACION,17.000000,m,2,PRV1-d706ed4d007a8c51204c6934,Precio documental observado en proyecto fuente; no equivale a precio de mercado actual.
INSV1-89e4ea03803d3588cb8bad16,EC-GAD-DAULE-LPI-GADIMCD-2025-03,MALECON,35.000000,u,2,PRV1-0e1619e84492dbabd1dfa1ff,Precio documental observado en proyecto fuente; no equivale a precio de mercado actual.
INSV1-8a0cfad4ad900a6b5236c7bf,EC-GAD-DAULE-LPI-GADIMCD-2025-01,REGENERACION,1.110000,kg,8,PRV1-e1cbbcd2f4f8b2ba5c3a67f8,Precio documental observado en proyecto fuente; no equivale a precio de mercado actual.
INSV1-8a15536ff9d04dcff82a0e77,EC-GAD-DAULE-LPI-GADIMCD-2025-03,MALECON,3.360000,m,1,PRV1-16ad2d57726160ee0847ccde,Precio documental observado en proyecto fuente; no equivale a precio de mercado actual.
INSV1-8a565e284b8eb2f35a92e796,EC-GAD-DAULE-LPI-GADIMCD-2025-03,MALECON,299.620000,u,1,PRV1-6aaec1ebbcf39bbf1a589012,Precio documental observado en proyecto fuente; no equivale a precio de mercado actual.
INSV1-8ae4cc1438044abbd0449d14,EC-GAD-DAULE-LPI-GADIMCD-2025-03,MALECON,7.000000,h,11,PRV1-9761fe267a98fb06e9261cc8,Precio documental observado en proyecto fuente; no equivale a precio de mercado actual.
INSV1-8affe226d29d23f164bd2707,EC-GAD-DAULE-LPI-GADIMCD-2025-03,MALECON,7.000000,kg,2,PRV1-3183d304020b2fb2ed5be541,Precio documental observado en proyecto fuente; no equivale a precio de mercado actual.
INSV1-8b2a6a7f93d5bcd401144534,EC-GAD-DAULE-LPI-GADIMCD-2025-03,MALECON,76.160000,u,6,PRV1-1310fb65a83b8038e945a34b,Precio documental observado en proyecto fuente; no equivale a precio de mercado actual.
INSV1-8b430fcbc301ea693a3617ac,EC-GAD-DAULE-LPI-GADIMCD-2025-03,MALECON,1.000000,u,1,PRV1-f2bb0bddfecff5410ab601cc,Precio documental observado en proyecto fuente; no equivale a precio de mercado actual.
INSV1-8b479e90784ef699ff53536c,EC-GAD-DAULE-LPI-GADIMCD-2025-01,REGENERACION,21.260000,u,2,PRV1-ec9d654ee4fa871a332cd2ab,Precio documental observado en proyecto fuente; no equivale a precio de mercado actual.
INSV1-8b5113c478da1a74b72e0a4c,EC-GAD-DAULE-LPI-GADIMCD-2025-03,MALECON,0.500000,u,2,PRV1-51c4f029993a389e17a5059d,Precio documental observado en proyecto fuente; no equivale a precio de mercado actual.
INSV1-8b958434e283a71f1f12cd20,EC-GAD-DAULE-LPI-GADIMCD-2025-01,REGENERACION,3.180000,u,2,PRV1-9e52e98f4922c82d158526e0,Precio documental observado en proyecto fuente; no equivale a precio de mercado actual.
INSV1-8b9dd7ff95cca22704f31d4e,EC-GAD-DAULE-LPI-GADIMCD-2025-03,MALECON,0.280000,u,14,PRV1-3986e68f2d4a07b59a47fcdb,Precio documental observado en proyecto fuente; no equivale a precio de mercado actual.
INSV1-8baad9ccf3fee222064d34ed,EC-GAD-DAULE-LPI-GADIMCD-2025-03,MALECON,20.000000,u,1,PRV1-50d6e083f9055ac8b0f3feca,Precio documental observado en proyecto fuente; no equivale a precio de mercado actual.
INSV1-8be8267a37e37cef6899c497,EC-GAD-DAULE-LPI-GADIMCD-2025-03,MALECON,12.880000,u,1,PRV1-f6c496ca5fd487f617e596b5,Precio documental observado en proyecto fuente; no equivale a precio de mercado actual.
INSV1-8bfe5fb50ab7104050a272e0,EC-GAD-DAULE-LPI-GADIMCD-2025-03,MALECON,0.950000,u,1,PRV1-1eecfe7f2639479cb462b873,Precio documental observado en proyecto fuente; no equivale a precio de mercado actual.
INSV1-8bfe6863027fbd8e44b08d31,EC-GAD-DAULE-LPI-GADIMCD-2025-01,REGENERACION,27.900000,u,2,PRV1-0daf13ae7e36623c74092ec0,Precio documental observado en proyecto fuente; no equivale a precio de mercado actual.
INSV1-8c8238335adb7f34ab2c8b41,EC-GAD-DAULE-LPI-GADIMCD-2025-03,MALECON,65.320000,u,1,PRV1-9b612974273c658ebec16a46,Precio documental observado en proyecto fuente; no equivale a precio de mercado actual.
INSV1-8c962c35454d497543973e61,EC-GAD-DAULE-LPI-GADIMCD-2025-03,MALECON,15.300000,u,1,PRV1-9266298ffd4ed47fe7459e2e,Precio documental observado en proyecto fuente; no equivale a precio de mercado actual.
INSV1-8ca0ea3196a6c5010ac26999,EC-GAD-DAULE-LPI-GADIMCD-2025-01,REGENERACION,18.010000,galon,10,PRV1-236fb25b37457a126dbec8b0,Precio documental observado en proyecto fuente; no equivale a precio de mercado actual.
INSV1-8ce05f3bcedc28ff37019dc8,EC-GAD-DAULE-LPI-GADIMCD-2025-03,MALECON,33.580000,m2,1,PRV1-d0cfb58109b08ff8b5cfd5ba,Precio documental observado en proyecto fuente; no equivale a precio de mercado actual.
INSV1-8d04b710fa326a19f6e7d1f9,EC-GAD-DAULE-LPI-GADIMCD-2025-03,MALECON,31.500000,m2,6,PRV1-b9f064b961ec9708b2937253,Precio documental observado en proyecto fuente; no equivale a precio de mercado actual.
INSV1-8dc21316ec88ac1b3ef6ee44,EC-GAD-DAULE-LPI-GADIMCD-2025-03,MALECON,4.520000,m,4,PRV1-0204c23136b0193f460a4301,Precio documental observado en proyecto fuente; no equivale a precio de mercado actual.
INSV1-8df933ecf8440e953273eebc,EC-GAD-DAULE-LPI-GADIMCD-2025-03,MALECON,224.000000,u,6,PRV1-1648e396b0f04f86d3e9c20b,Precio documental observado en proyecto fuente; no equivale a precio de mercado actual.
INSV1-8e443ce583247af3e6931997,EC-GAD-DAULE-LPI-GADIMCD-2025-03,MALECON,5.000000,h,1,PRV1-0ae430e66429a0d5e933d1e7,Precio documental observado en proyecto fuente; no equivale a precio de mercado actual.
INSV1-8e74c14d3156c60fa0d094b9,EC-GAD-DAULE-LPI-GADIMCD-2025-03,MALECON,12.800000,m2,3,PRV1-9259fe9058c10b328ea0db81,Precio documental observado en proyecto fuente; no equivale a precio de mercado actual.
INSV1-8e83066fd2e38b984f9ce4a2,EC-GAD-DAULE-LPI-GADIMCD-2025-01,REGENERACION,7.000000,h,4,PRV1-f3c41ed204148fb7fec65c08,Precio documental observado en proyecto fuente; no equivale a precio de mercado actual.
INSV1-8e8d37c56d319c2497f10898,EC-GAD-DAULE-LPI-GADIMCD-2025-03,MALECON,135.200000,m,2,PRV1-07be5e1ec685795c3b516416,Precio documental observado en proyecto fuente; no equivale a precio de mercado actual.
INSV1-8ec7454bb00db565f97cc661,EC-GAD-DAULE-LPI-GADIMCD-2025-03,MALECON,1.680000,u,2,PRV1-7b58a1367113fe3a5b4a042d,Precio documental observado en proyecto fuente; no equivale a precio de mercado actual.
INSV1-8f43c61e5ca96efa617ab4b5,EC-GAD-DAULE-LPI-GADIMCD-2025-03,MALECON,28.000000,m,1,PRV1-1a29215d89eb65948b025049,Precio documental observado en proyecto fuente; no equivale a precio de mercado actual.
INSV1-8f7a015e7a588bdab7b95a3d,EC-GAD-DAULE-LPI-GADIMCD-2025-03,MALECON,28.500000,m2,1,PRV1-f038486120224f48fc0b7750,Precio documental observado en proyecto fuente; no equivale a precio de mercado actual.
INSV1-8fa88aa9c5cd2873643fe5bf,EC-GAD-DAULE-LPI-GADIMCD-2025-03,MALECON,1.500000,u,4,PRV1-3d3e6226d172f4b0abda2606,Precio documental observado en proyecto fuente; no equivale a precio de mercado actual.
INSV1-901d67681e0a04fe7fb6bd60,EC-GAD-DAULE-LPI-GADIMCD-2025-01,REGENERACION,75.010000,u,2,PRV1-c219250a44bb174bf03ecae9,Precio documental observado en proyecto fuente; no equivale a precio de mercado actual.
INSV1-9043579c1fa05a089e67e34d,EC-GAD-DAULE-LPI-GADIMCD-2025-03,MALECON,5.480000,u,2,PRV1-205326ea9109016526d57e72,Precio documental observado en proyecto fuente; no equivale a precio de mercado actual.
INSV1-907652761e33b7dad2f446c5,EC-GAD-DAULE-LPI-GADIMCD-2025-03,MALECON,8.400000,u,3,PRV1-e8e92f713c8c1c0c154a29a0,Precio documental observado en proyecto fuente; no equivale a precio de mercado actual.
INSV1-90f63e38a39059a5d36a166b,EC-GAD-DAULE-LPI-GADIMCD-2025-03,MALECON,33.000000,u,8,PRV1-f7676bb77c578fa13b241c4d,Precio documental observado en proyecto fuente; no equivale a precio de mercado actual.
INSV1-90f96e1d8b44c0767f3a89f0,EC-GAD-DAULE-LPI-GADIMCD-2025-01,REGENERACION,4.750000,h,2,PRV1-8337cf3d014a8c00b2339350,Precio documental observado en proyecto fuente; no equivale a precio de mercado actual.
INSV1-9106f681456f57ba5dc3c7b1,EC-GAD-DAULE-LPI-GADIMCD-2025-03,MALECON,33.320000,u,11,PRV1-5227bc27ffde585db1dc2ed8,Precio documental observado en proyecto fuente; no equivale a precio de mercado actual.
INSV1-91237982d3b34743eca66720,EC-GAD-DAULE-LPI-GADIMCD-2025-01,REGENERACION,10.000000,h,14,PRV1-e7701d7275bf85ac4c86af46,Precio documental observado en proyecto fuente; no equivale a precio de mercado actual.
INSV1-91237982d3b34743eca66720,EC-GAD-DAULE-LPI-GADIMCD-2025-03,MALECON,45.000000,h,12,PRV1-eaf10316d857c927bfc9a884,Precio documental observado en proyecto fuente; no equivale a precio de mercado actual.
INSV1-915482e648dddb228a493c29,EC-GAD-DAULE-LPI-GADIMCD-2025-01,REGENERACION,15.010000,galon,4,PRV1-fd24f0c64cc21720b30b8fd5,Precio documental observado en proyecto fuente; no equivale a precio de mercado actual.
INSV1-916ee5d7679a7935ce9f8ea8,EC-GAD-DAULE-LPI-GADIMCD-2025-01,REGENERACION,1.500000,h,4,PRV1-2cc2434f13674459b98ba9bb,Precio documental observado en proyecto fuente; no equivale a precio de mercado actual.
INSV1-9175d0b9d2c5254c8113d616,EC-GAD-DAULE-LPI-GADIMCD-2025-01,REGENERACION,80.010000,u,4,PRV1-82a0ed2be8878061b34dc2bb,Precio documental observado en proyecto fuente; no equivale a precio de mercado actual.
INSV1-91aea9036aa16ff085f70827,EC-GAD-DAULE-LPI-GADIMCD-2025-03,MALECON,4.520000,h,13,PRV1-5e97519c093d292464e133f0,Precio documental observado en proyecto fuente; no equivale a precio de mercado actual.
INSV1-91b1f7608263b2212e91c48f,EC-GAD-DAULE-LPI-GADIMCD-2025-03,MALECON,120.000000,u,5,PRV1-1d49cb9ef86dbdcee2839ca0,Precio documental observado en proyecto fuente; no equivale a precio de mercado actual.
INSV1-91c3c39c04cfbe44f5181478,EC-GAD-DAULE-LPI-GADIMCD-2025-03,MALECON,0.280000,u,14,PRV1-c6fe913b818b458b65774057,Precio documental observado en proyecto fuente; no equivale a precio de mercado actual.
INSV1-91d7fcb7572c01efb06b9445,EC-GAD-DAULE-LPI-GADIMCD-2025-03,MALECON,16.000000,u,4,PRV1-1950027a02b33d63da0b8990,Precio documental observado en proyecto fuente; no equivale a precio de mercado actual.
INSV1-91e17f943aa5a0a6b4c48832,EC-GAD-DAULE-LPI-GADIMCD-2025-01,REGENERACION,72.000000,m2,2,PRV1-96c0679bb9e1717c0c51a19d,Precio documental observado en proyecto fuente; no equivale a precio de mercado actual.
INSV1-92193edef7a6495f8c390b5f,EC-GAD-DAULE-LPI-GADIMCD-2025-01,REGENERACION,2.010000,m,2,PRV1-8dd0b2ba4f406cd960697a97,Precio documental observado en proyecto fuente; no equivale a precio de mercado actual.
INSV1-92292921e9231ad709d174ea,EC-GAD-DAULE-LPI-GADIMCD-2025-03,MALECON,0.500000,u,1,PRV1-edf97b01977ddc4fca4e82d9,Precio documental observado en proyecto fuente; no equivale a precio de mercado actual.
INSV1-9249d2647973e1bca2779817,EC-GAD-DAULE-LPI-GADIMCD-2025-03,MALECON,7.500000,h,6,PRV1-2baf3f430e7b6def968b9e6b,Precio documental observado en proyecto fuente; no equivale a precio de mercado actual.
INSV1-926d2befa8332fe3d9baadc5,EC-GAD-DAULE-LPI-GADIMCD-2025-01,REGENERACION,0.500000,u,11,PRV1-bf20d0247c0dd7b70a39d583,Precio documental observado en proyecto fuente; no equivale a precio de mercado actual.
INSV1-92b1554ed6ce2b80797b2b33,EC-GAD-DAULE-LPI-GADIMCD-2025-03,MALECON,5.000000,h,2,PRV1-7f6de1fd4d7d817812ad2454,Precio documental observado en proyecto fuente; no equivale a precio de mercado actual.
INSV1-92e68f56bbbcd0f1b054aa2f,EC-GAD-DAULE-LPI-GADIMCD-2025-03,MALECON,300.000000,u,1,PRV1-411e63eafd7f1a06a3522cee,Precio documental observado en proyecto fuente; no equivale a precio de mercado actual.
INSV1-9301a2ac3542c76516408d7f,EC-GAD-DAULE-LPI-GADIMCD-2025-03,MALECON,9.000000,u,1,PRV1-e931ef96876d390f12607ceb,Precio documental observado en proyecto fuente; no equivale a precio de mercado actual.
INSV1-93473c892710d3e71f55299a,EC-GAD-DAULE-LPI-GADIMCD-2025-03,MALECON,17.500000,m3,8,PRV1-18bb756947dc00bdca3caddb,Precio documental observado en proyecto fuente; no equivale a precio de mercado actual.
INSV1-93515fe5f95e62445c9748b5,EC-GAD-DAULE-LPI-GADIMCD-2025-03,MALECON,0.870000,kg,1,PRV1-b9c108e0c8f87dbd4e53165b,Precio documental observado en proyecto fuente; no equivale a precio de mercado actual.
INSV1-935bdd45da4d635d0df7b3e5,EC-GAD-DAULE-LPI-GADIMCD-2025-03,MALECON,2.500000,u,2,PRV1-a8d3431459a9933318dc15c2,Precio documental observado en proyecto fuente; no equivale a precio de mercado actual.
INSV1-93674c023debbc9a145ef5be,EC-GAD-DAULE-LPI-GADIMCD-2025-03,MALECON,6.000000,u,1,PRV1-639ff3cbd634ccbe44372e7e,Precio documental observado en proyecto fuente; no equivale a precio de mercado actual.
INSV1-93b9a474881f1caa0d6e0123,EC-GAD-DAULE-LPI-GADIMCD-2025-03,MALECON,12.880000,u,2,PRV1-82653d5f1f26c6a2a2bb1674,Precio documental observado en proyecto fuente; no equivale a precio de mercado actual.
INSV1-94012b2737ef16e999a55d0f,EC-GAD-DAULE-LPI-GADIMCD-2025-03,MALECON,1.840000,u,4,PRV1-4d8d37a6123b9cf598eb3bf4,Precio documental observado en proyecto fuente; no equivale a precio de mercado actual.
INSV1-94be4efdc459e105cf606477,EC-GAD-DAULE-LPI-GADIMCD-2025-01,REGENERACION,4.000000,u,4,PRV1-31869a3d0d1c458f0f8024e7,Precio documental observado en proyecto fuente; no equivale a precio de mercado actual.
INSV1-94c3557e19410a2a351d7108,EC-GAD-DAULE-LPI-GADIMCD-2025-03,MALECON,120.000000,u,1,PRV1-ed80480da6b388b7da5dc9aa,Precio documental observado en proyecto fuente; no equivale a precio de mercado actual.
INSV1-94cb93d16a8b6592d390d8fb,EC-GAD-DAULE-LPI-GADIMCD-2025-03,MALECON,3.580000,kg,2,PRV1-48c3b991d85e2be4f4de7232,Precio documental observado en proyecto fuente; no equivale a precio de mercado actual.
INSV1-94cbb27b20338002aa3a192b,EC-GAD-DAULE-LPI-GADIMCD-2025-01,REGENERACION,4.000000,h,2,PRV1-44e6fd32cd4f2ddf260dea4a,Precio documental observado en proyecto fuente; no equivale a precio de mercado actual.
INSV1-954cb36acb0011d8de6ee675,EC-GAD-DAULE-LPI-GADIMCD-2025-01,REGENERACION,18.280000,u,10,PRV1-4c0b5cbfbd3b1bfb9c40d913,Precio documental observado en proyecto fuente; no equivale a precio de mercado actual.
INSV1-9559be7b619ac49721020e3d,EC-GAD-DAULE-LPI-GADIMCD-2025-03,MALECON,9.180000,u,4,PRV1-f90889c850f284c3ae7218d3,Precio documental observado en proyecto fuente; no equivale a precio de mercado actual.
INSV1-95a133814bc449d4b1bdf8ef,EC-GAD-DAULE-LPI-GADIMCD-2025-03,MALECON,19.630000,m2,1,PRV1-a6f6c871c195683bc1ffca9e,Precio documental observado en proyecto fuente; no equivale a precio de mercado actual.
INSV1-95a1c94d8a5302f5c1879cc3,EC-GAD-DAULE-LPI-GADIMCD-2025-03,MALECON,4.500000,u,4,PRV1-1e564e72a9eeb98a8f163dc0,Precio documental observado en proyecto fuente; no equivale a precio de mercado actual.
INSV1-95c9f265fe94e5d1af46e491,EC-GAD-DAULE-LPI-GADIMCD-2025-03,MALECON,9.000000,u,1,PRV1-357ed4815520c6eb7e18aa19,Precio documental observado en proyecto fuente; no equivale a precio de mercado actual.
INSV1-962e66ba8a3ee82e5937c21d,EC-GAD-DAULE-LPI-GADIMCD-2025-03,MALECON,8.000000,u,2,PRV1-7d5f855116d917d9a199c342,Precio documental observado en proyecto fuente; no equivale a precio de mercado actual.
INSV1-966339a0fd3db42aa68f735b,EC-GAD-DAULE-LPI-GADIMCD-2025-03,MALECON,0.500000,kg,2,PRV1-868c97b735fd0e5f56b80e44,Precio documental observado en proyecto fuente; no equivale a precio de mercado actual.
INSV1-96699735a1ce236e190c4f6d,EC-GAD-DAULE-LPI-GADIMCD-2025-03,MALECON,3.900000,kg,4,PRV1-eba72f0b0dd23fa7ebb1fd08,Precio documental observado en proyecto fuente; no equivale a precio de mercado actual.
INSV1-96bd0c9f6c2874f39885f971,EC-GAD-DAULE-LPI-GADIMCD-2025-03,MALECON,9.250000,m3,3,PRV1-703180b7f11ed4214c254ff1,Precio documental observado en proyecto fuente; no equivale a precio de mercado actual.
INSV1-97a4414fb0f84f741d3ef599,EC-GAD-DAULE-LPI-GADIMCD-2025-03,MALECON,17.500000,u,2,PRV1-859bdeb9f4b0f39f4c52ed5a,Precio documental observado en proyecto fuente; no equivale a precio de mercado actual.
INSV1-97d9a214ff787b418db91a9f,EC-GAD-DAULE-LPI-GADIMCD-2025-03,MALECON,4.690000,m,1,PRV1-b744c6836d85f96f7cd1555f,Precio documental observado en proyecto fuente; no equivale a precio de mercado actual.
INSV1-9812ab4e7151b93cd4a601ec,EC-GAD-DAULE-LPI-GADIMCD-2025-03,MALECON,2.080000,u,1,PRV1-9799e393c0710f87ca2983ce,Precio documental observado en proyecto fuente; no equivale a precio de mercado actual.
INSV1-9823d10692632b849d216ab0,EC-GAD-DAULE-LPI-GADIMCD-2025-03,MALECON,1.500000,m,2,PRV1-9ade58b1a124cc24161ecccb,Precio documental observado en proyecto fuente; no equivale a precio de mercado actual.
INSV1-982e0fc188c143ee39aa9cb9,EC-GAD-DAULE-LPI-GADIMCD-2025-03,MALECON,3.920000,u,15,PRV1-51abb7d2b9270f3731099990,Precio documental observado en proyecto fuente; no equivale a precio de mercado actual.
INSV1-98d810f0fda33f3927998157,EC-GAD-DAULE-LPI-GADIMCD-2025-03,MALECON,422.820000,m2,3,PRV1-aaa7fcde84cfd62a9f163c29,Precio documental observado en proyecto fuente; no equivale a precio de mercado actual.
INSV1-9919214d91339519683769e3,EC-GAD-DAULE-LPI-GADIMCD-2025-03,MALECON,0.170000,kg,3,PRV1-8e02792122dedfa6b64c2c91,Precio documental observado en proyecto fuente; no equivale a precio de mercado actual.
INSV1-991cd6d35201ee2635459b2e,EC-GAD-DAULE-LPI-GADIMCD-2025-03,MALECON,1.250000,h,15,PRV1-b775de866e9243a94526dec1,Precio documental observado en proyecto fuente; no equivale a precio de mercado actual.
INSV1-9925baf3cfeec97d79bf68f9,EC-GAD-DAULE-LPI-GADIMCD-2025-03,MALECON,0.350000,kg,1,PRV1-366c3dd20d9c453e59417e88,Precio documental observado en proyecto fuente; no equivale a precio de mercado actual.
INSV1-9957136929915558d2da262f,EC-GAD-DAULE-LPI-GADIMCD-2025-03,MALECON,22.400000,u,1,PRV1-1eb65b7d1f88c5aef1a13b20,Precio documental observado en proyecto fuente; no equivale a precio de mercado actual.
INSV1-99742b4f7f2c77c429451669,EC-GAD-DAULE-LPI-GADIMCD-2025-03,MALECON,16.930000,kg,2,PRV1-624c0dbdd3129cd99424e5bc,Precio documental observado en proyecto fuente; no equivale a precio de mercado actual.
INSV1-99a5f6605ec5cd0d7b159185,EC-GAD-DAULE-LPI-GADIMCD-2025-03,MALECON,43.000000,u,1,PRV1-c033fb83447efd3c5b1631da,Precio documental observado en proyecto fuente; no equivale a precio de mercado actual.
INSV1-99bb456f0d4bbe30bc77b04d,EC-GAD-DAULE-LPI-GADIMCD-2025-03,MALECON,47.500000,u,1,PRV1-4ed2b1fe87aff82892104434,Precio documental observado en proyecto fuente; no equivale a precio de mercado actual.
INSV1-99d5e5d855b46ca85053a053,EC-GAD-DAULE-LPI-GADIMCD-2025-03,MALECON,300.000000,u,1,PRV1-b341db21336eb399f5af1530,Precio documental observado en proyecto fuente; no equivale a precio de mercado actual.
INSV1-99db61a59988e52b3e7ea296,EC-GAD-DAULE-LPI-GADIMCD-2025-01,REGENERACION,6.170000,m2,6,PRV1-32347fc36c95591aef17e19f,Precio documental observado en proyecto fuente; no equivale a precio de mercado actual.
INSV1-99fa10940ff26e474d9e9b9f,EC-GAD-DAULE-LPI-GADIMCD-2025-01,REGENERACION,2.010000,l,2,PRV1-eea8ebe28f4352f898941a6c,Precio documental observado en proyecto fuente; no equivale a precio de mercado actual.
INSV1-9a7c029d5390734dc673b149,EC-GAD-DAULE-LPI-GADIMCD-2025-03,MALECON,7.950000,m,1,PRV1-498815d9116b414edc3b0b72,Precio documental observado en proyecto fuente; no equivale a precio de mercado actual.
INSV1-9a879f03c9be49b4e9a170ef,EC-GAD-DAULE-LPI-GADIMCD-2025-03,MALECON,686.000000,u,1,PRV1-c0f1020c5f82873ca73ae385,Precio documental observado en proyecto fuente; no equivale a precio de mercado actual.
INSV1-9a99fa6f766523f4d6c7ee6a,EC-GAD-DAULE-LPI-GADIMCD-2025-01,REGENERACION,3.390000,m,2,PRV1-5a5cd6d255e72cd46765693b,Precio documental observado en proyecto fuente; no equivale a precio de mercado actual.
INSV1-9ab3dfbbb0980958e18b513c,EC-GAD-DAULE-LPI-GADIMCD-2025-03,MALECON,0.030000,h,3,PRV1-0b70a9a6d7647b96aa73ff7e,Precio documental observado en proyecto fuente; no equivale a precio de mercado actual.
INSV1-9acc8e71d48c855806792aa2,EC-GAD-DAULE-LPI-GADIMCD-2025-01,REGENERACION,125.110000,u,2,PRV1-7763021ada0d885f11dc96e4,Precio documental observado en proyecto fuente; no equivale a precio de mercado actual.
INSV1-9afa158300e9fda3597224f0,EC-GAD-DAULE-LPI-GADIMCD-2025-03,MALECON,0.500000,u,2,PRV1-6d6462f448c40d8fd8b72a2c,Precio documental observado en proyecto fuente; no equivale a precio de mercado actual.
INSV1-9b2ed9c39a8961d283044fd8,EC-GAD-DAULE-LPI-GADIMCD-2025-03,MALECON,170.380000,u,1,PRV1-65109fd6fac692dc28f77bd8,Precio documental observado en proyecto fuente; no equivale a precio de mercado actual.
INSV1-9b4f5bf4014fc28b3ee2b1f2,EC-GAD-DAULE-LPI-GADIMCD-2025-03,MALECON,4.560000,m,1,PRV1-21bcfce0059ee8e1aeab2a60,Precio documental observado en proyecto fuente; no equivale a precio de mercado actual.
INSV1-9ba172e0b247189dc0b01ac2,EC-GAD-DAULE-LPI-GADIMCD-2025-01,REGENERACION,4.750000,h,2,PRV1-6419c9ba71835d320800fe71,Precio documental observado en proyecto fuente; no equivale a precio de mercado actual.
INSV1-9ba172e0b247189dc0b01ac2,EC-GAD-DAULE-LPI-GADIMCD-2025-03,MALECON,4.750000,h,8,PRV1-9ac581aedfed1806a26625c6,Precio documental observado en proyecto fuente; no equivale a precio de mercado actual.
INSV1-9bbb7aa46b75153449f9fe8b,EC-GAD-DAULE-LPI-GADIMCD-2025-03,MALECON,230.000000,u,2,PRV1-978e81cf92b0303eb2dc7585,Precio documental observado en proyecto fuente; no equivale a precio de mercado actual.
INSV1-9bd62a4f022ad2ab098ff0c2,EC-GAD-DAULE-LPI-GADIMCD-2025-03,MALECON,22.090000,u,2,PRV1-97bdfb3f500f28358e53fa1b,Precio documental observado en proyecto fuente; no equivale a precio de mercado actual.
INSV1-9bda71d533ce44c3314e5b1b,EC-GAD-DAULE-LPI-GADIMCD-2025-03,MALECON,1.940000,u,1,PRV1-56fd799f90ac7a980d1735db,Precio documental observado en proyecto fuente; no equivale a precio de mercado actual.
INSV1-9c7c8b854fa28a5678f2b0cb,EC-GAD-DAULE-LPI-GADIMCD-2025-03,MALECON,1.120000,u,3,PRV1-b230832560850dc892546cdc,Precio documental observado en proyecto fuente; no equivale a precio de mercado actual.
INSV1-9c8a472d3a8040573826c6c0,EC-GAD-DAULE-LPI-GADIMCD-2025-03,MALECON,4.750000,h,53,PRV1-3111d49bab15bb107d88683f,Precio documental observado en proyecto fuente; no equivale a precio de mercado actual.
INSV1-9cf0e8757d82eebd37a56c10,EC-GAD-DAULE-LPI-GADIMCD-2025-03,MALECON,100.000000,m2,3,PRV1-a7779cfae23940da1c1d3690,Precio documental observado en proyecto fuente; no equivale a precio de mercado actual.
INSV1-9d0b87773a7434e07d2e9ec5,EC-GAD-DAULE-LPI-GADIMCD-2025-01,REGENERACION,21.010000,u,15,PRV1-2b090792b26120556b679a52,Precio documental observado en proyecto fuente; no equivale a precio de mercado actual.
INSV1-9d2e70b58eaf337802683b87,EC-GAD-DAULE-LPI-GADIMCD-2025-03,MALECON,76.160000,u,1,PRV1-679d7093665969d2b3d2d031,Precio documental observado en proyecto fuente; no equivale a precio de mercado actual.
INSV1-9d5829a7cbfc8405adc0d81d,EC-GAD-DAULE-LPI-GADIMCD-2025-03,MALECON,1.940000,u,3,PRV1-1f0dc2dc94a5c088df5419ee,Precio documental observado en proyecto fuente; no equivale a precio de mercado actual.
INSV1-9d6964f8f4bca91e0f8b67c7,EC-GAD-DAULE-LPI-GADIMCD-2025-03,MALECON,4.000000,u,1,PRV1-66ae761f5b030e7543374697,Precio documental observado en proyecto fuente; no equivale a precio de mercado actual.
INSV1-9d84af793bf5a52cab06287a,EC-GAD-DAULE-LPI-GADIMCD-2025-03,MALECON,6.220000,h,13,PRV1-333e5c4c06fdb411770fb85d,Precio documental observado en proyecto fuente; no equivale a precio de mercado actual.
INSV1-9d857e0d32a3ee20bc0b04d7,EC-GAD-DAULE-LPI-GADIMCD-2025-01,REGENERACION,6.430000,m,6,PRV1-0bda960af44b7c49c0202eea,Precio documental observado en proyecto fuente; no equivale a precio de mercado actual.
INSV1-9d924431247e46c1518d13ad,EC-GAD-DAULE-LPI-GADIMCD-2025-01,REGENERACION,120.010000,u,2,PRV1-d1b9a2e1502ff7ed21bd07fe,Precio documental observado en proyecto fuente; no equivale a precio de mercado actual.
INSV1-9da143b2b5d84d23678350b7,EC-GAD-DAULE-LPI-GADIMCD-2025-03,MALECON,754.950000,u,1,PRV1-6df45732123c84f5830c3791,Precio documental observado en proyecto fuente; no equivale a precio de mercado actual.
INSV1-9dc4e8c0259419d8c98a3b54,EC-GAD-DAULE-LPI-GADIMCD-2025-03,MALECON,0.220000,kg,2,PRV1-392846899b109ccc92e40182,Precio documental observado en proyecto fuente; no equivale a precio de mercado actual.
INSV1-9dfa0bf9f0c7bd1ce8a60baa,EC-GAD-DAULE-LPI-GADIMCD-2025-03,MALECON,0.450000,u,1,PRV1-dc83bf33cb13d7071c52a662,Precio documental observado en proyecto fuente; no equivale a precio de mercado actual.
INSV1-9e178590794f4a93128d39d8,EC-GAD-DAULE-LPI-GADIMCD-2025-03,MALECON,3.700000,u,1,PRV1-1fcecb716a3e70f47afd8b12,Precio documental observado en proyecto fuente; no equivale a precio de mercado actual.
INSV1-9e312b44bfbaff06f94fa879,EC-GAD-DAULE-LPI-GADIMCD-2025-03,MALECON,182.330000,u,1,PRV1-9b611edcb1dbde137563d322,Precio documental observado en proyecto fuente; no equivale a precio de mercado actual.
INSV1-9e58e30d24095059e192cdf3,EC-GAD-DAULE-LPI-GADIMCD-2025-01,REGENERACION,1.510000,u,2,PRV1-ec24c42f89989420b2f3b848,Precio documental observado en proyecto fuente; no equivale a precio de mercado actual.
INSV1-9e5e1917627709881cb226ac,EC-GAD-DAULE-LPI-GADIMCD-2025-01,REGENERACION,2.000000,glb,2,PRV1-df61e605ec15a6eb80b0e539,Precio documental observado en proyecto fuente; no equivale a precio de mercado actual.
INSV1-9e6e32c26c83e56cb5ce619c,EC-GAD-DAULE-LPI-GADIMCD-2025-03,MALECON,13.000000,galón (us),1,PRV1-233673c91d2a91a19db29b26,Precio documental observado en proyecto fuente; no equivale a precio de mercado actual.
INSV1-9e8e7698a6ed8caff81b2c4e,EC-GAD-DAULE-LPI-GADIMCD-2025-03,MALECON,15.000000,u,1,PRV1-ba7647db00dc7d9871ea25a7,Precio documental observado en proyecto fuente; no equivale a precio de mercado actual.
INSV1-9e940d3c8774cd1996a77a94,EC-GAD-DAULE-LPI-GADIMCD-2025-03,MALECON,7.500000,m3,15,PRV1-f7b100347e0389b3a3f1b8bd,Precio documental observado en proyecto fuente; no equivale a precio de mercado actual.
INSV1-9eb7db8eb806ad7978ec9304,EC-GAD-DAULE-LPI-GADIMCD-2025-03,MALECON,3.920000,u,1,PRV1-5f8452ca3486990c31541588,Precio documental observado en proyecto fuente; no equivale a precio de mercado actual.
INSV1-9f1f099f87a8bca4fc93a31d,EC-GAD-DAULE-LPI-GADIMCD-2025-01,REGENERACION,40.000000,u,3,PRV1-2a98e5933264720aff9bdaf0,Precio documental observado en proyecto fuente; no equivale a precio de mercado actual.
INSV1-a02dac399444a4262343581d,EC-GAD-DAULE-LPI-GADIMCD-2025-03,MALECON,1.680000,kg,4,PRV1-e1d84ab5d6037bdbe084d43f,Precio documental observado en proyecto fuente; no equivale a precio de mercado actual.
INSV1-a03e55d86f11f3b0da9c8fef,EC-GAD-DAULE-LPI-GADIMCD-2025-03,MALECON,5.000000,u,1,PRV1-0c8bf72242fca64fd07d6760,Precio documental observado en proyecto fuente; no equivale a precio de mercado actual.
INSV1-a05ff3c9e6d3e5b6b7c2e8dd,EC-GAD-DAULE-LPI-GADIMCD-2025-03,MALECON,3.810000,u,1,PRV1-8569127b3c4cbd9a85dc37e2,Precio documental observado en proyecto fuente; no equivale a precio de mercado actual.
INSV1-a08df580ab45921517ae849b,EC-GAD-DAULE-LPI-GADIMCD-2025-03,MALECON,7.420000,m2,1,PRV1-8611bfa0107a8e39e87fd48c,Precio documental observado en proyecto fuente; no equivale a precio de mercado actual.
INSV1-a0a8ba5fd361c60d68bda0b7,EC-GAD-DAULE-LPI-GADIMCD-2025-03,MALECON,1.120000,kg,16,PRV1-f9bfa86997463917724afe2d,Precio documental observado en proyecto fuente; no equivale a precio de mercado actual.
INSV1-a18fcc2482e7b6d40dee88db,EC-GAD-DAULE-LPI-GADIMCD-2025-03,MALECON,0.550000,u,2,PRV1-8404f89e5bd4022f128f698f,Precio documental observado en proyecto fuente; no equivale a precio de mercado actual.
INSV1-a1f23bbaf9faf2aa95dff037,EC-GAD-DAULE-LPI-GADIMCD-2025-03,MALECON,1.350000,u,2,PRV1-1337c3a9c9d01647a39e5c38,Precio documental observado en proyecto fuente; no equivale a precio de mercado actual.
INSV1-a21c70779a44a7cb77df78b2,EC-GAD-DAULE-LPI-GADIMCD-2025-01,REGENERACION,1.400000,u,5,PRV1-b35db33d8917b786c974798a,Precio documental observado en proyecto fuente; no equivale a precio de mercado actual.
INSV1-a28fde72fa3d84fe237d4076,EC-GAD-DAULE-LPI-GADIMCD-2025-01,REGENERACION,40.420000,u,1,PRV1-d50c10636c3154724900c84b,Precio documental observado en proyecto fuente; no equivale a precio de mercado actual.
INSV1-a2920020ef31190c95f9b85b,EC-GAD-DAULE-LPI-GADIMCD-2025-03,MALECON,0.600000,u,1,PRV1-90bff844db5ad91665da1f19,Precio documental observado en proyecto fuente; no equivale a precio de mercado actual.
INSV1-a312b67b62b5684372b62b03,EC-GAD-DAULE-LPI-GADIMCD-2025-01,REGENERACION,280.000000,h,1,PRV1-d74a8d6066d15f8c9486ad63,Precio documental observado en proyecto fuente; no equivale a precio de mercado actual.
INSV1-a34a9ab399365e43d92d0a52,EC-GAD-DAULE-LPI-GADIMCD-2025-03,MALECON,5.630000,u,2,PRV1-7a8d446d41ef80472c705fa7,Precio documental observado en proyecto fuente; no equivale a precio de mercado actual.
INSV1-a363e206ffeeaff2ab6bbc22,EC-GAD-DAULE-LPI-GADIMCD-2025-01,REGENERACION,79.560000,u,2,PRV1-5b9a5ec68e22e84c29e1af2e,Precio documental observado en proyecto fuente; no equivale a precio de mercado actual.
INSV1-a3b8512452b7dafd87732636,EC-GAD-DAULE-LPI-GADIMCD-2025-03,MALECON,2800.000000,u,1,PRV1-c55dd581d1352297cf55148e,Precio documental observado en proyecto fuente; no equivale a precio de mercado actual.
INSV1-a4583cdb0bf014cfc267896b,EC-GAD-DAULE-LPI-GADIMCD-2025-03,MALECON,5.600000,u,5,PRV1-154f3e670d2af566e459efbc,Precio documental observado en proyecto fuente; no equivale a precio de mercado actual.
INSV1-a4c47972564c08225ff97e12,EC-GAD-DAULE-LPI-GADIMCD-2025-03,MALECON,97.070000,u,2,PRV1-afb791a1fa67f6524b4adbd5,Precio documental observado en proyecto fuente; no equivale a precio de mercado actual.
INSV1-a4f58aa38fb8ded9e89b653c,EC-GAD-DAULE-LPI-GADIMCD-2025-03,MALECON,2.500000,h,3,PRV1-339b7c659263e021f2c21184,Precio documental observado en proyecto fuente; no equivale a precio de mercado actual.
INSV1-a4fde0ed12aada983f4378e9,EC-GAD-DAULE-LPI-GADIMCD-2025-03,MALECON,30.000000,u,1,PRV1-bf7fa1140ab10512f9199f0e,Precio documental observado en proyecto fuente; no equivale a precio de mercado actual.
INSV1-a57420f0d1babf0465870c69,EC-GAD-DAULE-LPI-GADIMCD-2025-01,REGENERACION,3.130000,h,105,PRV1-9f7da4df8b0ade2b2191153c,Precio documental observado en proyecto fuente; no equivale a precio de mercado actual.
INSV1-a59463e7bdc6f228b2442650,EC-GAD-DAULE-LPI-GADIMCD-2025-03,MALECON,1064.460000,u,1,PRV1-00a458652e2784490004f62e,Precio documental observado en proyecto fuente; no equivale a precio de mercado actual.
INSV1-a59bb7f9e6c743392c9be666,EC-GAD-DAULE-LPI-GADIMCD-2025-03,MALECON,2.410000,u,1,PRV1-d63b919a0b509bb26196e10d,Precio documental observado en proyecto fuente; no equivale a precio de mercado actual.
INSV1-a5dbbf4875705d512e4383c7,EC-GAD-DAULE-LPI-GADIMCD-2025-03,MALECON,11.000000,u,1,PRV1-8218d42b6798af6fa4ffa01d,Precio documental observado en proyecto fuente; no equivale a precio de mercado actual.
INSV1-a5ea5628f99646cd4ab57f2e,EC-GAD-DAULE-LPI-GADIMCD-2025-03,MALECON,1390.000000,u,1,PRV1-f2bd95026738784e20a9b2b4,Precio documental observado en proyecto fuente; no equivale a precio de mercado actual.
INSV1-a5fd7f1fa7d5296ea676af03,EC-GAD-DAULE-LPI-GADIMCD-2025-03,MALECON,1.180000,galón (us),4,PRV1-4b6e454cb59e3cdd13b7f1b1,Precio documental observado en proyecto fuente; no equivale a precio de mercado actual.
INSV1-a643180dba4e75e24281e1e7,EC-GAD-DAULE-LPI-GADIMCD-2025-03,MALECON,5.000000,u,20,PRV1-1885b9e4266aa6dd81052dfa,Precio documental observado en proyecto fuente; no equivale a precio de mercado actual.
INSV1-a6b5ba567f2472a88f4768e5,EC-GAD-DAULE-LPI-GADIMCD-2025-03,MALECON,3.500000,m,8,PRV1-5010cb6036dc0709af0dab82,Precio documental observado en proyecto fuente; no equivale a precio de mercado actual.
INSV1-a6bc6928eaaf4bf40e8465d9,EC-GAD-DAULE-LPI-GADIMCD-2025-01,REGENERACION,4.750000,h,111,PRV1-1300142965bb5e4d81afda0c,Precio documental observado en proyecto fuente; no equivale a precio de mercado actual.
INSV1-a6d06ebd0b58912efe12c3cf,EC-GAD-DAULE-LPI-GADIMCD-2025-03,MALECON,157.000000,u,1,PRV1-7de3c23bdcf4408adbd4e32d,Precio documental observado en proyecto fuente; no equivale a precio de mercado actual.
INSV1-a70cb7b85057bc126ed0f2c4,EC-GAD-DAULE-LPI-GADIMCD-2025-01,REGENERACION,22.000000,u,2,PRV1-ecb535d568e4449a412a9c09,Precio documental observado en proyecto fuente; no equivale a precio de mercado actual.
INSV1-a74bb453f654acd0ad9ca233,EC-GAD-DAULE-LPI-GADIMCD-2025-03,MALECON,25.000000,u,1,PRV1-e6dd98865bcc6dc996111b76,Precio documental observado en proyecto fuente; no equivale a precio de mercado actual.
INSV1-a7c3450d052406b11f47510a,EC-GAD-DAULE-LPI-GADIMCD-2025-03,MALECON,45.000000,h,4,PRV1-88b00b9daf967cfee03fa8be,Precio documental observado en proyecto fuente; no equivale a precio de mercado actual.
INSV1-a7de97cd72200f3416929363,EC-GAD-DAULE-LPI-GADIMCD-2025-01,REGENERACION,4.000000,u,4,PRV1-d2b5fb4381d85c7439db1374,Precio documental observado en proyecto fuente; no equivale a precio de mercado actual.
INSV1-a80442e7e6489c0a0e09d542,EC-GAD-DAULE-LPI-GADIMCD-2025-03,MALECON,1.750000,h,53,PRV1-01cf2f6b231bd8456899a9f0,Precio documental observado en proyecto fuente; no equivale a precio de mercado actual.
INSV1-a8253a8a27049716daa16a2d,EC-GAD-DAULE-LPI-GADIMCD-2025-03,MALECON,7.900000,sc,33,PRV1-02ccaee07ad22199ed9168f6,Precio documental observado en proyecto fuente; no equivale a precio de mercado actual.
INSV1-a83ca7cf1deaefccdcd15fbd,EC-GAD-DAULE-LPI-GADIMCD-2025-03,MALECON,3.500000,u,1,PRV1-f9936ac122c6917657b92cee,Precio documental observado en proyecto fuente; no equivale a precio de mercado actual.
INSV1-a86544bde2fe0881f778b478,EC-GAD-DAULE-LPI-GADIMCD-2025-03,MALECON,5.630000,u,1,PRV1-6c641fa5a966c18a4f3c7c49,Precio documental observado en proyecto fuente; no equivale a precio de mercado actual.
INSV1-a88e3a24198932507a3bdf88,EC-GAD-DAULE-LPI-GADIMCD-2025-03,MALECON,900.000000,u,1,PRV1-4a5e081f476a201503cd331c,Precio documental observado en proyecto fuente; no equivale a precio de mercado actual.
INSV1-a8a16aa255013ed14e59c60a,EC-GAD-DAULE-LPI-GADIMCD-2025-03,MALECON,66.100000,m2,4,PRV1-5f5095e4a3fdf8ca28567f8b,Precio documental observado en proyecto fuente; no equivale a precio de mercado actual.
INSV1-a8b247fea4444e8d5e3ad94b,EC-GAD-DAULE-LPI-GADIMCD-2025-03,MALECON,0.910000,u,2,PRV1-7b2af3e039da023ce10a2fae,Precio documental observado en proyecto fuente; no equivale a precio de mercado actual.
INSV1-a91875efb7ef0456462185bf,EC-GAD-DAULE-LPI-GADIMCD-2025-01,REGENERACION,4.420000,m,1,PRV1-f944bae0e39fc8113969977e,Precio documental observado en proyecto fuente; no equivale a precio de mercado actual.
INSV1-a9324eeffce1baf2c41091a6,EC-GAD-DAULE-LPI-GADIMCD-2025-01,REGENERACION,77.280000,u,2,PRV1-4e977f66e67233eda0cead45,Precio documental observado en proyecto fuente; no equivale a precio de mercado actual.
INSV1-a964662ba7e491fdd43c0b16,EC-GAD-DAULE-LPI-GADIMCD-2025-03,MALECON,5.790000,u,3,PRV1-9bbd3a648de65cb82b1d4b80,Precio documental observado en proyecto fuente; no equivale a precio de mercado actual.
INSV1-a97fd3b1ab56884bd7be4962,EC-GAD-DAULE-LPI-GADIMCD-2025-03,MALECON,4.400000,u,1,PRV1-db9b4143ce618df40187941a,Precio documental observado en proyecto fuente; no equivale a precio de mercado actual.
INSV1-a991a77a088384f29cd76676,EC-GAD-DAULE-LPI-GADIMCD-2025-01,REGENERACION,18.700000,h,9,PRV1-5f6448aec18e9298b79f835b,Precio documental observado en proyecto fuente; no equivale a precio de mercado actual.
INSV1-a99406a3873259c64638af73,EC-GAD-DAULE-LPI-GADIMCD-2025-03,MALECON,430.000000,u,1,PRV1-71c3ce74597921cd68364f9f,Precio documental observado en proyecto fuente; no equivale a precio de mercado actual.
INSV1-a9f4304ab8b6ac10007a39a0,EC-GAD-DAULE-LPI-GADIMCD-2025-01,REGENERACION,5.030000,kg,23,PRV1-8a056a33fc824fb5ef492305,Precio documental observado en proyecto fuente; no equivale a precio de mercado actual.
INSV1-aa074bc6796108aaab5c56c6,EC-GAD-DAULE-LPI-GADIMCD-2025-03,MALECON,10.000000,u,1,PRV1-3c89bac6438474aa3be526b6,Precio documental observado en proyecto fuente; no equivale a precio de mercado actual.
INSV1-aa6bff46be88b9210b0de77e,EC-GAD-DAULE-LPI-GADIMCD-2025-03,MALECON,47.480000,galón (us),2,PRV1-2d5b899b5599e2336bd63151,Precio documental observado en proyecto fuente; no equivale a precio de mercado actual.
INSV1-aab14188f5d364983313dda6,EC-GAD-DAULE-LPI-GADIMCD-2025-01,REGENERACION,20.010000,u,2,PRV1-e9bc87257e3e675b49620ef0,Precio documental observado en proyecto fuente; no equivale a precio de mercado actual.
INSV1-aab942070419e33cc784fdb9,EC-GAD-DAULE-LPI-GADIMCD-2025-01,REGENERACION,7.500000,m2,2,PRV1-ef8025021c60c41349b39f13,Precio documental observado en proyecto fuente; no equivale a precio de mercado actual.
INSV1-aac0d355ae0134d1f6ad8751,EC-GAD-DAULE-LPI-GADIMCD-2025-01,REGENERACION,4.280000,h,20,PRV1-7915d571aa6ba9a342e4e05c,Precio documental observado en proyecto fuente; no equivale a precio de mercado actual.
INSV1-aac0d355ae0134d1f6ad8751,EC-GAD-DAULE-LPI-GADIMCD-2025-03,MALECON,4.280000,h,279,PRV1-f96df4c4c16b9804226cba80,Precio documental observado en proyecto fuente; no equivale a precio de mercado actual.
INSV1-aadea2c14615919480f6ff2c,EC-GAD-DAULE-LPI-GADIMCD-2025-03,MALECON,1.000000,u,1,PRV1-e2746ea1ed85a8f43a1c06b3,Precio documental observado en proyecto fuente; no equivale a precio de mercado actual.
INSV1-ab06bf3276ef81aeeed9fc05,EC-GAD-DAULE-LPI-GADIMCD-2025-03,MALECON,70.000000,u,1,PRV1-353560391f060f56eeb10cbb,Precio documental observado en proyecto fuente; no equivale a precio de mercado actual.
INSV1-ab1ffda4046a13cc844e095b,EC-GAD-DAULE-LPI-GADIMCD-2025-01,REGENERACION,2.500000,kg,28,PRV1-8277fefae98b99a0cd1db2df,Precio documental observado en proyecto fuente; no equivale a precio de mercado actual.
INSV1-ab7a9b27979c45176aa576c7,EC-GAD-DAULE-LPI-GADIMCD-2025-01,REGENERACION,14.000000,u,1,PRV1-eb3265d4b634578a6d7c90f8,Precio documental observado en proyecto fuente; no equivale a precio de mercado actual.
INSV1-abaed161e9fb1fb56af49198,EC-GAD-DAULE-LPI-GADIMCD-2025-03,MALECON,9.180000,m,3,PRV1-98b698c21431ee39ce0a9ed6,Precio documental observado en proyecto fuente; no equivale a precio de mercado actual.
INSV1-abf488ccefbd429b59072986,EC-GAD-DAULE-LPI-GADIMCD-2025-03,MALECON,8.000000,u,6,PRV1-f5a0f8e52cdd01621524c87f,Precio documental observado en proyecto fuente; no equivale a precio de mercado actual.
INSV1-ac24e758139969aa4a63216b,EC-GAD-DAULE-LPI-GADIMCD-2025-03,MALECON,2.500000,u,1,PRV1-4d167b7e6c11539f75b6da08,Precio documental observado en proyecto fuente; no equivale a precio de mercado actual.
INSV1-ac2fec3284cd3a9103f81edd,EC-GAD-DAULE-LPI-GADIMCD-2025-01,REGENERACION,70.010000,u,2,PRV1-b1a66c12a0d02259b76c0078,Precio documental observado en proyecto fuente; no equivale a precio de mercado actual.
INSV1-ac942737a85126b8aba4f47f,EC-GAD-DAULE-LPI-GADIMCD-2025-03,MALECON,7.890000,m,4,PRV1-e99707347d25f5dcf46b5ba3,Precio documental observado en proyecto fuente; no equivale a precio de mercado actual.
INSV1-acbb52db319201e62b8ae6d2,EC-GAD-DAULE-LPI-GADIMCD-2025-03,MALECON,230.000000,u,1,PRV1-a10190d8443f506c26624f4e,Precio documental observado en proyecto fuente; no equivale a precio de mercado actual.
INSV1-acceaa326761cddfa56962ee,EC-GAD-DAULE-LPI-GADIMCD-2025-03,MALECON,4.750000,h,2,PRV1-37bd5e69192416ca353b4633,Precio documental observado en proyecto fuente; no equivale a precio de mercado actual.
INSV1-acd9a3fbd5ab9f3a5f3085d5,EC-GAD-DAULE-LPI-GADIMCD-2025-03,MALECON,1.500000,h,5,PRV1-287b5a4da9ab9e43bd65883e,Precio documental observado en proyecto fuente; no equivale a precio de mercado actual.
INSV1-ad1c4558d38ef3f7ea866480,EC-GAD-DAULE-LPI-GADIMCD-2025-03,MALECON,8.650000,m2,1,PRV1-f33a59e3211a2ba3630cf695,Precio documental observado en proyecto fuente; no equivale a precio de mercado actual.
INSV1-ad2bb09bb7ce2cab71b2b92c,EC-GAD-DAULE-LPI-GADIMCD-2025-01,REGENERACION,11.600000,u,8,PRV1-c8a3dae68d81facd37bd8c4e,Precio documental observado en proyecto fuente; no equivale a precio de mercado actual.
INSV1-ad3d846947acc436c5b0a82f,EC-GAD-DAULE-LPI-GADIMCD-2025-03,MALECON,170.380000,u,1,PRV1-c3047d49829cca51b72f7df0,Precio documental observado en proyecto fuente; no equivale a precio de mercado actual.
INSV1-ad47868907a4348489e813e1,EC-GAD-DAULE-LPI-GADIMCD-2025-03,MALECON,105.000000,m2,3,PRV1-668e37d37436de1223924fa5,Precio documental observado en proyecto fuente; no equivale a precio de mercado actual.
INSV1-ad99cd89de1d3534de53eafc,EC-GAD-DAULE-LPI-GADIMCD-2025-03,MALECON,3.640000,u,2,PRV1-8b638f72f4f53c11b15ad236,Precio documental observado en proyecto fuente; no equivale a precio de mercado actual.
INSV1-adba21f081ef4e4e14a6ceb2,EC-GAD-DAULE-LPI-GADIMCD-2025-03,MALECON,12000.000000,u,1,PRV1-e2993553dec9c8b899e3f0fe,Precio documental observado en proyecto fuente; no equivale a precio de mercado actual.
INSV1-addd2e9f54adf6db11e56fc4,EC-GAD-DAULE-LPI-GADIMCD-2025-03,MALECON,17.000000,u,2,PRV1-2e76922b0cc32e1d5ca2381d,Precio documental observado en proyecto fuente; no equivale a precio de mercado actual.
INSV1-ade8a717eb590e474eec377b,EC-GAD-DAULE-LPI-GADIMCD-2025-03,MALECON,4.230000,kg,2,PRV1-13b909902d9428b236fba13e,Precio documental observado en proyecto fuente; no equivale a precio de mercado actual.
INSV1-adf1d82e1a81a874bb5d1985,EC-GAD-DAULE-LPI-GADIMCD-2025-03,MALECON,8.400000,u,4,PRV1-6ae92a2208ad92995493e0e9,Precio documental observado en proyecto fuente; no equivale a precio de mercado actual.
INSV1-ae279f5ff70861677c7554f4,EC-GAD-DAULE-LPI-GADIMCD-2025-01,REGENERACION,5.680000,u,2,PRV1-64bb0b4fc74946e96e19c5f0,Precio documental observado en proyecto fuente; no equivale a precio de mercado actual.
INSV1-ae5ad8e04d33305771eaaaca,EC-GAD-DAULE-LPI-GADIMCD-2025-01,REGENERACION,20.000000,u,3,PRV1-bc8be02262d0121bb43c731d,Precio documental observado en proyecto fuente; no equivale a precio de mercado actual.
INSV1-ae61f8dfd20878c5eda4dde4,EC-GAD-DAULE-LPI-GADIMCD-2025-03,MALECON,2.950000,m,1,PRV1-8f1fe0ae4af244b7bc6e8f37,Precio documental observado en proyecto fuente; no equivale a precio de mercado actual.
INSV1-ae64c7e507ee716b3349a2f1,EC-GAD-DAULE-LPI-GADIMCD-2025-03,MALECON,4.520000,h,2,PRV1-f3035a01f719fa2111e4d096,Precio documental observado en proyecto fuente; no equivale a precio de mercado actual.
INSV1-ae678f420f7488a4e2ca8e4a,EC-GAD-DAULE-LPI-GADIMCD-2025-01,REGENERACION,6.310000,galon,13,PRV1-a86bace44bd78af25be20550,Precio documental observado en proyecto fuente; no equivale a precio de mercado actual.
INSV1-ae7b86d63e30d8b31997f294,EC-GAD-DAULE-LPI-GADIMCD-2025-03,MALECON,55.000000,galón (us),2,PRV1-7b6121429521be56ad15244f,Precio documental observado en proyecto fuente; no equivale a precio de mercado actual.
INSV1-ae8c4929ea0b44df238881cc,EC-GAD-DAULE-LPI-GADIMCD-2025-01,REGENERACION,1.410000,m,2,PRV1-0d5df90ed509da1594f18e4e,Precio documental observado en proyecto fuente; no equivale a precio de mercado actual.
INSV1-ae943c2fd2d3e361ef117438,EC-GAD-DAULE-LPI-GADIMCD-2025-03,MALECON,6.630000,u,1,PRV1-673349eb0313ec98a59e0327,Precio documental observado en proyecto fuente; no equivale a precio de mercado actual.
INSV1-aee7c4962175a34ad677d645,EC-GAD-DAULE-LPI-GADIMCD-2025-01,REGENERACION,68.540000,u,4,PRV1-f1c37398ee07af415f80f347,Precio documental observado en proyecto fuente; no equivale a precio de mercado actual.
INSV1-aef9668609035b5622a7be29,EC-GAD-DAULE-LPI-GADIMCD-2025-03,MALECON,1.710000,u,1,PRV1-688b1b16c2f476904ab43284,Precio documental observado en proyecto fuente; no equivale a precio de mercado actual.
INSV1-af3691c12244c6e150639508,EC-GAD-DAULE-LPI-GADIMCD-2025-03,MALECON,5.020000,u,3,PRV1-71843707a714d7f9660ad1fc,Precio documental observado en proyecto fuente; no equivale a precio de mercado actual.
INSV1-af3bec3239b74cf8b2c96dae,EC-GAD-DAULE-LPI-GADIMCD-2025-03,MALECON,1.100000,kg,8,PRV1-b0373b2bf8d6bbd1a8194a5f,Precio documental observado en proyecto fuente; no equivale a precio de mercado actual.
INSV1-af835662328dfccdc76013a8,EC-GAD-DAULE-LPI-GADIMCD-2025-03,MALECON,28.400000,h,2,PRV1-54f467d3f5edc650ae71aa1b,Precio documental observado en proyecto fuente; no equivale a precio de mercado actual.
INSV1-afaf9d5e04d6e1d10c8069d1,EC-GAD-DAULE-LPI-GADIMCD-2025-01,REGENERACION,18.000000,u,18,PRV1-cd9f3ae39b01e90043cff89e,Precio documental observado en proyecto fuente; no equivale a precio de mercado actual.
INSV1-b049f2184c597608f2d7723f,EC-GAD-DAULE-LPI-GADIMCD-2025-01,REGENERACION,21.260000,u,2,PRV1-806b7874f90944b65950a35b,Precio documental observado en proyecto fuente; no equivale a precio de mercado actual.
INSV1-b061ad4ddb3f7fc5fc398e74,EC-GAD-DAULE-LPI-GADIMCD-2025-01,REGENERACION,12.000000,m3,10,PRV1-0c05ad9529488ad434dca2b6,Precio documental observado en proyecto fuente; no equivale a precio de mercado actual.
INSV1-b0941219c40aa5c18f86b431,EC-GAD-DAULE-LPI-GADIMCD-2025-03,MALECON,32.700000,m2,2,PRV1-ee67e4677b69806ff181a91b,Precio documental observado en proyecto fuente; no equivale a precio de mercado actual.
INSV1-b0b811756b318363ed063019,EC-GAD-DAULE-LPI-GADIMCD-2025-03,MALECON,1.790000,u,2,PRV1-4a2369d198a1012cead1dacc,Precio documental observado en proyecto fuente; no equivale a precio de mercado actual.
INSV1-b0bca27d75b381671c885d37,EC-GAD-DAULE-LPI-GADIMCD-2025-01,REGENERACION,3.710000,u,4,PRV1-7de7a2ec414b13110923bd05,Precio documental observado en proyecto fuente; no equivale a precio de mercado actual.
INSV1-b15621589ddeb19b44c15e60,EC-GAD-DAULE-LPI-GADIMCD-2025-03,MALECON,4.230000,u,1,PRV1-52c8cf2ae1881a11a4f53891,Precio documental observado en proyecto fuente; no equivale a precio de mercado actual.
INSV1-b1c904a1c6ea2a5a9df83cd1,EC-GAD-DAULE-LPI-GADIMCD-2025-03,MALECON,809.000000,u,1,PRV1-ffe302698ad06a0524e67b0c,Precio documental observado en proyecto fuente; no equivale a precio de mercado actual.
INSV1-b1ceb1d2104778df28bbbb75,EC-GAD-DAULE-LPI-GADIMCD-2025-03,MALECON,8.400000,u,3,PRV1-e16f09036faf2f113fc70d9d,Precio documental observado en proyecto fuente; no equivale a precio de mercado actual.
INSV1-b1d0f6afc5ef7767dbe3e0ba,EC-GAD-DAULE-LPI-GADIMCD-2025-01,REGENERACION,125.110000,u,2,PRV1-65044cc3484fd7a782708ec8,Precio documental observado en proyecto fuente; no equivale a precio de mercado actual.
INSV1-b20c203f1827e3331cb075d5,EC-GAD-DAULE-LPI-GADIMCD-2025-01,REGENERACION,64.180000,u,2,PRV1-3f99e4d6a9a7ad33071ebafb,Precio documental observado en proyecto fuente; no equivale a precio de mercado actual.
INSV1-b2316903008f4aae4b8df8f6,EC-GAD-DAULE-LPI-GADIMCD-2025-03,MALECON,2.500000,h,20,PRV1-50b0f4d3dc6b2f01abab7a8e,Precio documental observado en proyecto fuente; no equivale a precio de mercado actual.
INSV1-b27102427b487e852434b0e8,EC-GAD-DAULE-LPI-GADIMCD-2025-03,MALECON,45.000000,u,3,PRV1-fc579e8ae191c6d64e78671e,Precio documental observado en proyecto fuente; no equivale a precio de mercado actual.
INSV1-b2ab8ae8521c58fdd343086d,EC-GAD-DAULE-LPI-GADIMCD-2025-03,MALECON,41.150000,m2,3,PRV1-b614b96b84c4cb2b433eef79,Precio documental observado en proyecto fuente; no equivale a precio de mercado actual.
INSV1-b2e6eb221c2ca5eb9e589978,EC-GAD-DAULE-LPI-GADIMCD-2025-03,MALECON,0.250000,h,2,PRV1-9e05e603a9c1fe516840ff92,Precio documental observado en proyecto fuente; no equivale a precio de mercado actual.
INSV1-b2ff46ef30de446498b895e0,EC-GAD-DAULE-LPI-GADIMCD-2025-01,REGENERACION,45.000000,h,2,PRV1-5589054e0564b3cd6ae9185e,Precio documental observado en proyecto fuente; no equivale a precio de mercado actual.
INSV1-b2ff46ef30de446498b895e0,EC-GAD-DAULE-LPI-GADIMCD-2025-03,MALECON,50.000000,h,8,PRV1-e6f21857222aac72a35c1064,Precio documental observado en proyecto fuente; no equivale a precio de mercado actual.
INSV1-b2ff905410180303f6cc4b65,EC-GAD-DAULE-LPI-GADIMCD-2025-01,REGENERACION,3.010000,u,26,PRV1-74a08a4f50378799a0d9af6b,Precio documental observado en proyecto fuente; no equivale a precio de mercado actual.
INSV1-b31a936441887422285fff03,EC-GAD-DAULE-LPI-GADIMCD-2025-03,MALECON,30.000000,h,4,PRV1-3fde071df87e647f73d271b5,Precio documental observado en proyecto fuente; no equivale a precio de mercado actual.
INSV1-b35eccac24cd5b4c487948c8,EC-GAD-DAULE-LPI-GADIMCD-2025-03,MALECON,17800.000000,u,1,PRV1-690f6727f69751bc3242f25c,Precio documental observado en proyecto fuente; no equivale a precio de mercado actual.
INSV1-b35f2e9b85534feac06abb74,EC-GAD-DAULE-LPI-GADIMCD-2025-01,REGENERACION,4.520000,h,2,PRV1-884ca2c260923e716791c686,Precio documental observado en proyecto fuente; no equivale a precio de mercado actual.
INSV1-b40caf00f08656435d9368ba,EC-GAD-DAULE-LPI-GADIMCD-2025-03,MALECON,4767.000000,u,1,PRV1-3962f6fc7cb83f2a474095e4,Precio documental observado en proyecto fuente; no equivale a precio de mercado actual.
INSV1-b41f86e9ef80ffe26c9665b4,EC-GAD-DAULE-LPI-GADIMCD-2025-03,MALECON,1.400000,u,1,PRV1-eddfb1fb73295863a16f01cc,Precio documental observado en proyecto fuente; no equivale a precio de mercado actual.
INSV1-b4253f448d3a30ad2df87da5,EC-GAD-DAULE-LPI-GADIMCD-2025-03,MALECON,12.900000,u,1,PRV1-0ad959aaaac3973fcdfb0534,Precio documental observado en proyecto fuente; no equivale a precio de mercado actual.
INSV1-b4414030e303693eefc20dad,EC-GAD-DAULE-LPI-GADIMCD-2025-03,MALECON,60.000000,u,3,PRV1-72bec37bf14e17609716739d,Precio documental observado en proyecto fuente; no equivale a precio de mercado actual.
INSV1-b452dd0c62bbed4f4f30ef1f,EC-GAD-DAULE-LPI-GADIMCD-2025-01,REGENERACION,4.750000,h,411,PRV1-d7405be7116d53ab48409217,Precio documental observado en proyecto fuente; no equivale a precio de mercado actual.
INSV1-b452dd0c62bbed4f4f30ef1f,EC-GAD-DAULE-LPI-GADIMCD-2025-03,MALECON,4.750000,h,687,PRV1-775c03475688a37ccd07c645,Precio documental observado en proyecto fuente; no equivale a precio de mercado actual.
INSV1-b465f4c1f3b04f90aaced61e,EC-GAD-DAULE-LPI-GADIMCD-2025-03,MALECON,3.500000,u,2,PRV1-7d5ae8a5cb3fc77f893ac3c9,Precio documental observado en proyecto fuente; no equivale a precio de mercado actual.
INSV1-b46bf340ce54c59ce3612995,EC-GAD-DAULE-LPI-GADIMCD-2025-03,MALECON,1.110000,m,1,PRV1-3e9f00944ebe1e65127e6866,Precio documental observado en proyecto fuente; no equivale a precio de mercado actual.
INSV1-b46e140bd5699d1bc4c2608a,EC-GAD-DAULE-LPI-GADIMCD-2025-03,MALECON,19.000000,m2,1,PRV1-322abccec5afff81c6f657e8,Precio documental observado en proyecto fuente; no equivale a precio de mercado actual.
INSV1-b4bd96075198be54d760a5c2,EC-GAD-DAULE-LPI-GADIMCD-2025-03,MALECON,450.000000,u,2,PRV1-4a2b7153c2e332fc245afc65,Precio documental observado en proyecto fuente; no equivale a precio de mercado actual.
INSV1-b4fd5a382d89acaa37b840a9,EC-GAD-DAULE-LPI-GADIMCD-2025-03,MALECON,96.160000,u,5,PRV1-8c65d5e5bd25221da83c1e59,Precio documental observado en proyecto fuente; no equivale a precio de mercado actual.
INSV1-b54eae860684e44646605487,EC-GAD-DAULE-LPI-GADIMCD-2025-03,MALECON,15.170000,u,2,PRV1-762b7ff789ae0ded43694a43,Precio documental observado en proyecto fuente; no equivale a precio de mercado actual.
INSV1-b57cbf220a5ee8d054b2acc1,EC-GAD-DAULE-LPI-GADIMCD-2025-01,REGENERACION,166.010000,u,2,PRV1-f02893b348eda1b32016efc7,Precio documental observado en proyecto fuente; no equivale a precio de mercado actual.
INSV1-b58c3c51316466c9922ef34c,EC-GAD-DAULE-LPI-GADIMCD-2025-03,MALECON,7.850000,u,1,PRV1-8a96b22eebaed6c85fdb870c,Precio documental observado en proyecto fuente; no equivale a precio de mercado actual.
INSV1-b5a76b204f9934ce0810cdf1,EC-GAD-DAULE-LPI-GADIMCD-2025-03,MALECON,2.000000,m2,5,PRV1-d9a44811fc2dcb0d47bf9cc7,Precio documental observado en proyecto fuente; no equivale a precio de mercado actual.
INSV1-b6020d5b3f735229c4e1c017,EC-GAD-DAULE-LPI-GADIMCD-2025-03,MALECON,1.900000,kg,24,PRV1-076ea4740e18646172fc3e85,Precio documental observado en proyecto fuente; no equivale a precio de mercado actual.
INSV1-b639606b6ec81ada211fc5ba,EC-GAD-DAULE-LPI-GADIMCD-2025-03,MALECON,8.400000,u,1,PRV1-1c54ff28f105143f8063d8d2,Precio documental observado en proyecto fuente; no equivale a precio de mercado actual.
INSV1-b640017d6767c3eaf30434f2,EC-GAD-DAULE-LPI-GADIMCD-2025-03,MALECON,3.360000,u,2,PRV1-c51b1e7c17984fd3d18aa4bc,Precio documental observado en proyecto fuente; no equivale a precio de mercado actual.
INSV1-b6424b677392dbc036838c3c,EC-GAD-DAULE-LPI-GADIMCD-2025-03,MALECON,5.010000,u,1,PRV1-afe7e4294b8837d42cb22ffa,Precio documental observado en proyecto fuente; no equivale a precio de mercado actual.
INSV1-b655fe95390d8c5abce87bc5,EC-GAD-DAULE-LPI-GADIMCD-2025-03,MALECON,1.410000,u,1,PRV1-f416052d985d6a610fc66716,Precio documental observado en proyecto fuente; no equivale a precio de mercado actual.
INSV1-b65a6db6c8e6081fdefbcfa0,EC-GAD-DAULE-LPI-GADIMCD-2025-03,MALECON,0.430000,u,1,PRV1-4a8138038b7135ac6c533886,Precio documental observado en proyecto fuente; no equivale a precio de mercado actual.
INSV1-b65be227075ca5cd99a23710,EC-GAD-DAULE-LPI-GADIMCD-2025-01,REGENERACION,0.610000,u,2,PRV1-09aca73c2a1f9916df319086,Precio documental observado en proyecto fuente; no equivale a precio de mercado actual.
INSV1-b681e82186a300f3622d0c25,EC-GAD-DAULE-LPI-GADIMCD-2025-01,REGENERACION,0.610000,m,6,PRV1-8c897b871528795affed0a9c,Precio documental observado en proyecto fuente; no equivale a precio de mercado actual.
INSV1-b6cc111202ee6c433f8fcf3f,EC-GAD-DAULE-LPI-GADIMCD-2025-01,REGENERACION,4.350000,h,43,PRV1-645916fb579e80c8987fe78a,Precio documental observado en proyecto fuente; no equivale a precio de mercado actual.
INSV1-b6cc111202ee6c433f8fcf3f,EC-GAD-DAULE-LPI-GADIMCD-2025-03,MALECON,4.350000,h,55,PRV1-6a346b2b873bf0dc89067840,Precio documental observado en proyecto fuente; no equivale a precio de mercado actual.
INSV1-b6e6618720570c8c71fc9aca,EC-GAD-DAULE-LPI-GADIMCD-2025-01,REGENERACION,2.010000,galon,4,PRV1-3b3cbc6e5bee05ea48acbe26,Precio documental observado en proyecto fuente; no equivale a precio de mercado actual.
INSV1-b6ef57a54c73890f3210a7c5,EC-GAD-DAULE-LPI-GADIMCD-2025-03,MALECON,5.000000,u,1,PRV1-42531278fc90777a2717af6e,Precio documental observado en proyecto fuente; no equivale a precio de mercado actual.
INSV1-b714c5b287e05cec99e7eb2b,EC-GAD-DAULE-LPI-GADIMCD-2025-03,MALECON,160.000000,u,1,PRV1-41831f7e5a89a188e2175e3f,Precio documental observado en proyecto fuente; no equivale a precio de mercado actual.
INSV1-b730177b226315d3a8f26247,EC-GAD-DAULE-LPI-GADIMCD-2025-01,REGENERACION,4.520000,h,2,PRV1-79364e6b3c174a7a689a8ae4,Precio documental observado en proyecto fuente; no equivale a precio de mercado actual.
INSV1-b75db1bdd03f3d7fc6b41c2e,EC-GAD-DAULE-LPI-GADIMCD-2025-03,MALECON,0.600000,lb,2,PRV1-dcef24dfc6abb21f46df8add,Precio documental observado en proyecto fuente; no equivale a precio de mercado actual.
INSV1-b790d5c6e27ca3ca0ad7d392,EC-GAD-DAULE-LPI-GADIMCD-2025-03,MALECON,4.000000,u,4,PRV1-2c499dd8bfe600e4daf6d1ab,Precio documental observado en proyecto fuente; no equivale a precio de mercado actual.
INSV1-b7a2566067fc8f59168b44e5,EC-GAD-DAULE-LPI-GADIMCD-2025-03,MALECON,6.730000,u,1,PRV1-061e1daf87e09b4a8ddc914d,Precio documental observado en proyecto fuente; no equivale a precio de mercado actual.
INSV1-b82635ff8666c942d924708d,EC-GAD-DAULE-LPI-GADIMCD-2025-03,MALECON,109.030000,m,1,PRV1-408e5389fbc97bcd79925e51,Precio documental observado en proyecto fuente; no equivale a precio de mercado actual.
INSV1-b879a3122b837f27645256bf,EC-GAD-DAULE-LPI-GADIMCD-2025-01,REGENERACION,4.520000,h,18,PRV1-cf7336d9797dd3375bb693f4,Precio documental observado en proyecto fuente; no equivale a precio de mercado actual.
INSV1-b87f2358a4fbe22b064e71bc,EC-GAD-DAULE-LPI-GADIMCD-2025-03,MALECON,6.000000,u,6,PRV1-2ce32e501907e9ad4510b9e9,Precio documental observado en proyecto fuente; no equivale a precio de mercado actual.
INSV1-b8a298e31a0c5bbddc78ec28,EC-GAD-DAULE-LPI-GADIMCD-2025-03,MALECON,95.000000,u,1,PRV1-1c7bf4451178b2642b09a9fa,Precio documental observado en proyecto fuente; no equivale a precio de mercado actual.
INSV1-b8a504968b9e8ecef1642477,EC-GAD-DAULE-LPI-GADIMCD-2025-01,REGENERACION,52.140000,u,3,PRV1-806ba8b165c7973fbfb96c62,Precio documental observado en proyecto fuente; no equivale a precio de mercado actual.
INSV1-b8b2dddcdbeff82722092caa,EC-GAD-DAULE-LPI-GADIMCD-2025-01,REGENERACION,0.800000,u,1,PRV1-3d721a62ada8cdb8521f7ad5,Precio documental observado en proyecto fuente; no equivale a precio de mercado actual.
INSV1-b8e48fcb52da467a5ea4524e,EC-GAD-DAULE-LPI-GADIMCD-2025-03,MALECON,6.240000,u,1,PRV1-c9868423fa52818fdd2b05b7,Precio documental observado en proyecto fuente; no equivale a precio de mercado actual.
INSV1-b8ea0f88d3ce8afb056290fb,EC-GAD-DAULE-LPI-GADIMCD-2025-03,MALECON,4.830000,m,1,PRV1-99bd8e1dd048794eaf0fc246,Precio documental observado en proyecto fuente; no equivale a precio de mercado actual.
INSV1-b95e439967a54a26a7980e3c,EC-GAD-DAULE-LPI-GADIMCD-2025-03,MALECON,126.240000,m3,4,PRV1-08a5733815416d26f7846d14,Precio documental observado en proyecto fuente; no equivale a precio de mercado actual.
INSV1-b97ca9a243a9aedd65c6f747,EC-GAD-DAULE-LPI-GADIMCD-2025-03,MALECON,480.000000,u,2,PRV1-57f5f08312118fac1544fa6b,Precio documental observado en proyecto fuente; no equivale a precio de mercado actual.
INSV1-ba8287197ad51cd723ac7e89,EC-GAD-DAULE-LPI-GADIMCD-2025-03,MALECON,9.400000,u,2,PRV1-a26ad2ddd30ebcf2fcd6e5dd,Precio documental observado en proyecto fuente; no equivale a precio de mercado actual.
INSV1-bab453cf4a7277f71a35bd17,EC-GAD-DAULE-LPI-GADIMCD-2025-01,REGENERACION,2.140000,u,6,PRV1-6bb9815647eac0ca2298da84,Precio documental observado en proyecto fuente; no equivale a precio de mercado actual.
INSV1-bad40d48f206fda4326bed93,EC-GAD-DAULE-LPI-GADIMCD-2025-03,MALECON,3.840000,u,2,PRV1-4f033eeb0560251f7ce425e4,Precio documental observado en proyecto fuente; no equivale a precio de mercado actual.
INSV1-bada375918b71777d42bcbc4,EC-GAD-DAULE-LPI-GADIMCD-2025-03,MALECON,1.000000,m,1,PRV1-5f1be520cd195d8202004439,Precio documental observado en proyecto fuente; no equivale a precio de mercado actual.
INSV1-bb24d9f292bf69e462bbce4f,EC-GAD-DAULE-LPI-GADIMCD-2025-01,REGENERACION,2.010000,u,4,PRV1-fc6eca9fea94462a8815630e,Precio documental observado en proyecto fuente; no equivale a precio de mercado actual.
INSV1-bb7c6805c78eb41cdb654966,EC-GAD-DAULE-LPI-GADIMCD-2025-01,REGENERACION,2.160000,m,1,PRV1-2430c279bd1b0fb03c7e7005,Precio documental observado en proyecto fuente; no equivale a precio de mercado actual.
INSV1-bbd7da501cb339dfaed0a6ac,EC-GAD-DAULE-LPI-GADIMCD-2025-01,REGENERACION,270.010000,u,2,PRV1-2fe46360865e43914cc0185f,Precio documental observado en proyecto fuente; no equivale a precio de mercado actual.
INSV1-bc07b60006ff845fc1d554c1,EC-GAD-DAULE-LPI-GADIMCD-2025-03,MALECON,200.000000,u,1,PRV1-4c343286073cc2bd5117f124,Precio documental observado en proyecto fuente; no equivale a precio de mercado actual.
INSV1-bc0ae10f1ddad0d2945c0705,EC-GAD-DAULE-LPI-GADIMCD-2025-01,REGENERACION,5.010000,u,2,PRV1-d7ec37eb7bacd9a558630476,Precio documental observado en proyecto fuente; no equivale a precio de mercado actual.
INSV1-bc39763e41d1b401b2d4e34f,EC-GAD-DAULE-LPI-GADIMCD-2025-01,REGENERACION,3.060000,kg,9,PRV1-97b2c4a3a0f79471e7dc6ff3,Precio documental observado en proyecto fuente; no equivale a precio de mercado actual.
INSV1-bc641b77505934568e903e9a,EC-GAD-DAULE-LPI-GADIMCD-2025-03,MALECON,122.210000,u,1,PRV1-b37684d3b40c0eb2132fbb0f,Precio documental observado en proyecto fuente; no equivale a precio de mercado actual.
INSV1-bc71f872286d7ce879f2ac9b,EC-GAD-DAULE-LPI-GADIMCD-2025-03,MALECON,48.670000,u,3,PRV1-9e6e438f0053377d8ad567aa,Precio documental observado en proyecto fuente; no equivale a precio de mercado actual.
INSV1-bcf16c5b8a6e9177df695316,EC-GAD-DAULE-LPI-GADIMCD-2025-03,MALECON,1.250000,h,4,PRV1-03cbe01798aad1c38274e2b1,Precio documental observado en proyecto fuente; no equivale a precio de mercado actual.
INSV1-bd0f29ec0eb6d7c3842c87c1,EC-GAD-DAULE-LPI-GADIMCD-2025-03,MALECON,135.000000,m,1,PRV1-8983bf8245244c2515fc1606,Precio documental observado en proyecto fuente; no equivale a precio de mercado actual.
INSV1-bd38a78d2064728b93112615,EC-GAD-DAULE-LPI-GADIMCD-2025-03,MALECON,6341.630000,u,1,PRV1-2988e682331f091b2238c530,Precio documental observado en proyecto fuente; no equivale a precio de mercado actual.
INSV1-bd6538db1baa3d5411ea7192,EC-GAD-DAULE-LPI-GADIMCD-2025-03,MALECON,29.080000,m2,3,PRV1-4b0d4fb13af6dbb45d85c93c,Precio documental observado en proyecto fuente; no equivale a precio de mercado actual.
INSV1-bd8644fa6c4233e5f7b6625a,EC-GAD-DAULE-LPI-GADIMCD-2025-01,REGENERACION,2.310000,m,2,PRV1-09328184f24c4dbb0ea150a7,Precio documental observado en proyecto fuente; no equivale a precio de mercado actual.
INSV1-bd9f9ef6dc89df0e5e64f1b9,EC-GAD-DAULE-LPI-GADIMCD-2025-03,MALECON,894.760000,u,1,PRV1-1f018907aad68430b48bc117,Precio documental observado en proyecto fuente; no equivale a precio de mercado actual.
INSV1-bdaab1b0a2ba34b540d3289b,EC-GAD-DAULE-LPI-GADIMCD-2025-01,REGENERACION,2.000000,h,2,PRV1-d711b2f31daca343c9ff4936,Precio documental observado en proyecto fuente; no equivale a precio de mercado actual.
INSV1-bdc7be157bb4c7b10e7cf35a,EC-GAD-DAULE-LPI-GADIMCD-2025-01,REGENERACION,0.750000,u,4,PRV1-92b3649450bbd095b0838442,Precio documental observado en proyecto fuente; no equivale a precio de mercado actual.
INSV1-bdf28f091a51ab2479ddf63e,EC-GAD-DAULE-LPI-GADIMCD-2025-03,MALECON,350.000000,u,1,PRV1-43be2f9478f87a2964f636bb,Precio documental observado en proyecto fuente; no equivale a precio de mercado actual.
INSV1-be0f6184898be8b4f27cc4fb,EC-GAD-DAULE-LPI-GADIMCD-2025-03,MALECON,60.000000,u,3,PRV1-2d0ae6806529d920457b2257,Precio documental observado en proyecto fuente; no equivale a precio de mercado actual.
INSV1-be1ac3b79c2a5d093b67e484,EC-GAD-DAULE-LPI-GADIMCD-2025-03,MALECON,65.000000,u,1,PRV1-2343abefaa417aca2552b23a,Precio documental observado en proyecto fuente; no equivale a precio de mercado actual.
INSV1-be291c361761ca7f571ab30c,EC-GAD-DAULE-LPI-GADIMCD-2025-01,REGENERACION,0.300000,u,4,PRV1-87db3e9e58b34252382af441,Precio documental observado en proyecto fuente; no equivale a precio de mercado actual.
INSV1-be328aca53bb9bc5b44e3aa9,EC-GAD-DAULE-LPI-GADIMCD-2025-03,MALECON,45.000000,h,4,PRV1-345ea940058e7ad2a2bb7738,Precio documental observado en proyecto fuente; no equivale a precio de mercado actual.
INSV1-bef504fe434a284df4ab131f,EC-GAD-DAULE-LPI-GADIMCD-2025-01,REGENERACION,2.010000,u,4,PRV1-997a384df8ef6bab8ee4be04,Precio documental observado en proyecto fuente; no equivale a precio de mercado actual.
INSV1-bef51c061a9af8eb8b0672b5,EC-GAD-DAULE-LPI-GADIMCD-2025-01,REGENERACION,977.010000,u,2,PRV1-91f2e3a4c98c2d8aaaafc95e,Precio documental observado en proyecto fuente; no equivale a precio de mercado actual.
INSV1-bf9bf8cc4703af07ba5ffd53,EC-GAD-DAULE-LPI-GADIMCD-2025-01,REGENERACION,6.010000,m2,2,PRV1-ea5e4ddd253aafc52e9cd403,Precio documental observado en proyecto fuente; no equivale a precio de mercado actual.
INSV1-c0117f08afc2bfc00329d523,EC-GAD-DAULE-LPI-GADIMCD-2025-01,REGENERACION,125.110000,u,2,PRV1-fe316eae1636e28743875d00,Precio documental observado en proyecto fuente; no equivale a precio de mercado actual.
INSV1-c01a9b43a2063bf2736caf63,EC-GAD-DAULE-LPI-GADIMCD-2025-01,REGENERACION,243.190000,u,2,PRV1-ccd6d1551cbf94e888c9bc87,Precio documental observado en proyecto fuente; no equivale a precio de mercado actual.
INSV1-c041ad72a1318ca3b81e8110,EC-GAD-DAULE-LPI-GADIMCD-2025-01,REGENERACION,73.870000,u,2,PRV1-b32b74325bac5b8c7319ad47,Precio documental observado en proyecto fuente; no equivale a precio de mercado actual.
INSV1-c0900e5759983eb6b33e0d49,EC-GAD-DAULE-LPI-GADIMCD-2025-03,MALECON,2.500000,h,2,PRV1-d9673095b0cdae3054a04ddd,Precio documental observado en proyecto fuente; no equivale a precio de mercado actual.
INSV1-c0cc3d47377be673f5d15384,EC-GAD-DAULE-LPI-GADIMCD-2025-01,REGENERACION,120.010000,u,2,PRV1-68e23f32ef2a2d32cf550c82,Precio documental observado en proyecto fuente; no equivale a precio de mercado actual.
INSV1-c0da69493c2835bf57415838,EC-GAD-DAULE-LPI-GADIMCD-2025-01,REGENERACION,2.500000,h,4,PRV1-439fe849aa128d81e934cb51,Precio documental observado en proyecto fuente; no equivale a precio de mercado actual.
INSV1-c11c4503debc8788740e7f2a,EC-GAD-DAULE-LPI-GADIMCD-2025-03,MALECON,2.800000,u,2,PRV1-69e76e1e7bdfae926df6349b,Precio documental observado en proyecto fuente; no equivale a precio de mercado actual.
INSV1-c16094ad65235b9a4d0c9ba4,EC-GAD-DAULE-LPI-GADIMCD-2025-03,MALECON,2.430000,m2,1,PRV1-493721df04125ea434ecd11c,Precio documental observado en proyecto fuente; no equivale a precio de mercado actual.
INSV1-c1675ab6f158668d0c4160a8,EC-GAD-DAULE-LPI-GADIMCD-2025-03,MALECON,25.000000,u,1,PRV1-1d9dcd48d6c4ee771e5fb397,Precio documental observado en proyecto fuente; no equivale a precio de mercado actual.
INSV1-c16a4e94cfa762fdbcd1018f,EC-GAD-DAULE-LPI-GADIMCD-2025-01,REGENERACION,58.380000,u,2,PRV1-23f1ce3f4cc6db0f205b6e3c,Precio documental observado en proyecto fuente; no equivale a precio de mercado actual.
INSV1-c1865c23b74540776666799e,EC-GAD-DAULE-LPI-GADIMCD-2025-03,MALECON,21.250000,u,1,PRV1-b1ed018af8df75a60548eb9b,Precio documental observado en proyecto fuente; no equivale a precio de mercado actual.
INSV1-c1d83e5e831252249b9bccac,EC-GAD-DAULE-LPI-GADIMCD-2025-03,MALECON,17.630000,m,1,PRV1-08f2dcc2bc151d6ac86124fe,Precio documental observado en proyecto fuente; no equivale a precio de mercado actual.
INSV1-c1df6cd0d55ab50d18ced03b,EC-GAD-DAULE-LPI-GADIMCD-2025-03,MALECON,11.100000,h,1,PRV1-0b0251d25075508d79724c55,Precio documental observado en proyecto fuente; no equivale a precio de mercado actual.
INSV1-c1e72adc8c07a9f68deddbc1,EC-GAD-DAULE-LPI-GADIMCD-2025-01,REGENERACION,6.000000,rollo,9,PRV1-1f61f687ba5fe815f29dfd30,Precio documental observado en proyecto fuente; no equivale a precio de mercado actual.
INSV1-c1ef82e2c115a9c41e851539,EC-GAD-DAULE-LPI-GADIMCD-2025-03,MALECON,5.000000,m,1,PRV1-a74aef0b4f278c9c7b43be07,Precio documental observado en proyecto fuente; no equivale a precio de mercado actual.
INSV1-c206a17ec16dc81e543ad829,EC-GAD-DAULE-LPI-GADIMCD-2025-01,REGENERACION,8.510000,glb,2,PRV1-d4475344f9d3664f4756346b,Precio documental observado en proyecto fuente; no equivale a precio de mercado actual.
INSV1-c2100f1f7220515dee37717f,EC-GAD-DAULE-LPI-GADIMCD-2025-01,REGENERACION,21.020000,m,1,PRV1-d67591921dec36039c68fb48,Precio documental observado en proyecto fuente; no equivale a precio de mercado actual.
INSV1-c236dabb8094b56e9cff62a5,EC-GAD-DAULE-LPI-GADIMCD-2025-03,MALECON,8.430000,u,1,PRV1-f9854e80b199f3b6e162d068,Precio documental observado en proyecto fuente; no equivale a precio de mercado actual.
INSV1-c2ea7150c9a7c130ee9a3016,EC-GAD-DAULE-LPI-GADIMCD-2025-03,MALECON,0.050000,u,1,PRV1-24637e36799d37ea0950bea3,Precio documental observado en proyecto fuente; no equivale a precio de mercado actual.
INSV1-c31fc9b52c25dcb8f9954ba2,EC-GAD-DAULE-LPI-GADIMCD-2025-01,REGENERACION,150.000000,u,2,PRV1-431f4727421ad7b1ca8a13a6,Precio documental observado en proyecto fuente; no equivale a precio de mercado actual.
INSV1-c328f8dfde4022d14bad8bbe,EC-GAD-DAULE-LPI-GADIMCD-2025-03,MALECON,116.500000,u,1,PRV1-b5d5c7465909bad471347c0b,Precio documental observado en proyecto fuente; no equivale a precio de mercado actual.
INSV1-c3ccd4678192b5134e39697d,EC-GAD-DAULE-LPI-GADIMCD-2025-03,MALECON,18.000000,galón (us),4,PRV1-ac56ae206ebd668ed9258e20,Precio documental observado en proyecto fuente; no equivale a precio de mercado actual.
INSV1-c43454d7e8f21d37ad322914,EC-GAD-DAULE-LPI-GADIMCD-2025-03,MALECON,25.000000,h,1,PRV1-6ca60643c0f2e486f4b47bad,Precio documental observado en proyecto fuente; no equivale a precio de mercado actual.
INSV1-c46b2425ab48c10ac5d1dce7,EC-GAD-DAULE-LPI-GADIMCD-2025-03,MALECON,16.000000,u,6,PRV1-274839abdbefa0e1492652d2,Precio documental observado en proyecto fuente; no equivale a precio de mercado actual.
INSV1-c476e58387dfece8fe17da46,EC-GAD-DAULE-LPI-GADIMCD-2025-03,MALECON,1.900000,m,1,PRV1-85cc7bc121c25390d800f587,Precio documental observado en proyecto fuente; no equivale a precio de mercado actual.
INSV1-c48aae29a512167c79a8f88a,EC-GAD-DAULE-LPI-GADIMCD-2025-03,MALECON,18.500000,u,1,PRV1-5a97ea3f7cb56b519982ca49,Precio documental observado en proyecto fuente; no equivale a precio de mercado actual.
INSV1-c4b64e897610535a801ff7ab,EC-GAD-DAULE-LPI-GADIMCD-2025-03,MALECON,15.000000,u,4,PRV1-4a625dfa9dbb577460c1f66d,Precio documental observado en proyecto fuente; no equivale a precio de mercado actual.
INSV1-c509fa854c2b5774a32bc98f,EC-GAD-DAULE-LPI-GADIMCD-2025-01,REGENERACION,28.420000,u,4,PRV1-3d52874043ed8e47406681df,Precio documental observado en proyecto fuente; no equivale a precio de mercado actual.
INSV1-c534fd3abb629e9a35f4daf1,EC-GAD-DAULE-LPI-GADIMCD-2025-01,REGENERACION,20.930000,u,6,PRV1-b15f4cee06582c25e1ffe0cd,Precio documental observado en proyecto fuente; no equivale a precio de mercado actual.
INSV1-c557c174d674a5fb625dedba,EC-GAD-DAULE-LPI-GADIMCD-2025-01,REGENERACION,1.250000,h,2,PRV1-525d0af9bfce19d9f40a62dd,Precio documental observado en proyecto fuente; no equivale a precio de mercado actual.
INSV1-c597fb1e3ec638c1276c2b14,EC-GAD-DAULE-LPI-GADIMCD-2025-01,REGENERACION,4.280000,h,34,PRV1-1e172d3ecb38286ede003e63,Precio documental observado en proyecto fuente; no equivale a precio de mercado actual.
INSV1-c597fb1e3ec638c1276c2b14,EC-GAD-DAULE-LPI-GADIMCD-2025-03,MALECON,4.280000,h,36,PRV1-12ea189582618d87a2be1586,Precio documental observado en proyecto fuente; no equivale a precio de mercado actual.
INSV1-c5c221555d50bc743a926299,EC-GAD-DAULE-LPI-GADIMCD-2025-03,MALECON,3.700000,m,5,PRV1-7eed71f7b5f7dbe4dea559ea,Precio documental observado en proyecto fuente; no equivale a precio de mercado actual.
INSV1-c606d0adbefb4cc2a2e61d42,EC-GAD-DAULE-LPI-GADIMCD-2025-03,MALECON,4.290000,u,1,PRV1-a02c96b1309c27d3c34711d8,Precio documental observado en proyecto fuente; no equivale a precio de mercado actual.
INSV1-c6175a6474cdb875a533f1bf,EC-GAD-DAULE-LPI-GADIMCD-2025-03,MALECON,39.600000,h,7,PRV1-4af0f781588c837e0e34db45,Precio documental observado en proyecto fuente; no equivale a precio de mercado actual.
INSV1-c641d4cd371ec56ae0a47614,EC-GAD-DAULE-LPI-GADIMCD-2025-03,MALECON,6.220000,h,46,PRV1-203dc0a4a875b86fb0c5257a,Precio documental observado en proyecto fuente; no equivale a precio de mercado actual.
INSV1-c66181c8e3119960420a1c72,EC-GAD-DAULE-LPI-GADIMCD-2025-01,REGENERACION,3.500000,u,90,PRV1-b7fb63273f63e02eb8386673,Precio documental observado en proyecto fuente; no equivale a precio de mercado actual.
INSV1-c6c62c13fc29b7290048123f,EC-GAD-DAULE-LPI-GADIMCD-2025-03,MALECON,380.000000,u,1,PRV1-eabe348f7b53b36bc8989aee,Precio documental observado en proyecto fuente; no equivale a precio de mercado actual.
INSV1-c738c96bfd055c5dbdd1a5e1,EC-GAD-DAULE-LPI-GADIMCD-2025-01,REGENERACION,6.220000,h,53,PRV1-212893d5d9ad7a58e18607e7,Precio documental observado en proyecto fuente; no equivale a precio de mercado actual.
INSV1-c738c96bfd055c5dbdd1a5e1,EC-GAD-DAULE-LPI-GADIMCD-2025-03,MALECON,6.220000,h,29,PRV1-9ee78aa89de68d9c44d6509a,Precio documental observado en proyecto fuente; no equivale a precio de mercado actual.
INSV1-c7422199104e2473381f67d5,EC-GAD-DAULE-LPI-GADIMCD-2025-01,REGENERACION,10.150000,u,1,PRV1-19eefe0ef731d28a138cb26c,Precio documental observado en proyecto fuente; no equivale a precio de mercado actual.
INSV1-c75b579e1f9fcd4ebe7d5f2e,EC-GAD-DAULE-LPI-GADIMCD-2025-03,MALECON,30.000000,u,8,PRV1-1d405f90c079ff8d9ffe07ff,Precio documental observado en proyecto fuente; no equivale a precio de mercado actual.
INSV1-c785406aec15e9ab9e91fe4b,EC-GAD-DAULE-LPI-GADIMCD-2025-03,MALECON,35.000000,u,1,PRV1-5fc6fde2eea36de5b39cd1e9,Precio documental observado en proyecto fuente; no equivale a precio de mercado actual.
INSV1-c7a80f5bd604aa543270841f,EC-GAD-DAULE-LPI-GADIMCD-2025-03,MALECON,15.000000,u,1,PRV1-176ecd8c3958a63ed28a3085,Precio documental observado en proyecto fuente; no equivale a precio de mercado actual.
INSV1-c7af6ede8c3de6dbd2be7ac7,EC-GAD-DAULE-LPI-GADIMCD-2025-03,MALECON,3.920000,u,3,PRV1-590a8f5486f3b32a9ce5c57e,Precio documental observado en proyecto fuente; no equivale a precio de mercado actual.
INSV1-c7c58872fba0f323fa6bad3c,EC-GAD-DAULE-LPI-GADIMCD-2025-01,REGENERACION,130.000000,u,4,PRV1-379b7611463571e33b219c37,Precio documental observado en proyecto fuente; no equivale a precio de mercado actual.
INSV1-c82cdac0b90e3b7f2cf215ae,EC-GAD-DAULE-LPI-GADIMCD-2025-01,REGENERACION,126.010000,u,2,PRV1-e048b28be9e767ae71923fb4,Precio documental observado en proyecto fuente; no equivale a precio de mercado actual.
INSV1-c842c8341809b920ed002995,EC-GAD-DAULE-LPI-GADIMCD-2025-01,REGENERACION,5.010000,m,2,PRV1-f5dbb82d0e1359e77e62aa3c,Precio documental observado en proyecto fuente; no equivale a precio de mercado actual.
INSV1-c84c903beb5da53fa9fcfee7,EC-GAD-DAULE-LPI-GADIMCD-2025-03,MALECON,5.780000,u,1,PRV1-b79fbcc65ce103984a1c6a7e,Precio documental observado en proyecto fuente; no equivale a precio de mercado actual.
INSV1-c86adde4b5543ecd8fb22959,EC-GAD-DAULE-LPI-GADIMCD-2025-03,MALECON,2.600000,u,6,PRV1-d7d73f4fe76b242c19cbb0ed,Precio documental observado en proyecto fuente; no equivale a precio de mercado actual.
INSV1-c87cdd4a505c4a127f1a64d1,EC-GAD-DAULE-LPI-GADIMCD-2025-01,REGENERACION,7.010000,u,6,PRV1-89be6c84e07848e83892263d,Precio documental observado en proyecto fuente; no equivale a precio de mercado actual.
INSV1-c895b116bc5805f72898eaff,EC-GAD-DAULE-LPI-GADIMCD-2025-03,MALECON,33.000000,rl,6,PRV1-bb971111e9304f7ff7087fc5,Precio documental observado en proyecto fuente; no equivale a precio de mercado actual.
INSV1-c8cc35e2cab21055e44ab83f,EC-GAD-DAULE-LPI-GADIMCD-2025-03,MALECON,672.000000,u,1,PRV1-33041f0dab6088d572bab618,Precio documental observado en proyecto fuente; no equivale a precio de mercado actual.
INSV1-c8d3746a0ad244344695d6fb,EC-GAD-DAULE-LPI-GADIMCD-2025-03,MALECON,16.000000,u,1,PRV1-c388f29cf9eb3b3253e6fe64,Precio documental observado en proyecto fuente; no equivale a precio de mercado actual.
INSV1-c8e7926e3076d782d6ba59bf,EC-GAD-DAULE-LPI-GADIMCD-2025-03,MALECON,54.000000,u,1,PRV1-b6458bf9d62f4e1c98c3e11d,Precio documental observado en proyecto fuente; no equivale a precio de mercado actual.
INSV1-c903c152a71e2d82814c88f7,EC-GAD-DAULE-LPI-GADIMCD-2025-01,REGENERACION,7.510000,rollo,1,PRV1-98327236acaa1e34a0edf75c,Precio documental observado en proyecto fuente; no equivale a precio de mercado actual.
INSV1-c91dc0b6cda0ea72148e3452,EC-GAD-DAULE-LPI-GADIMCD-2025-03,MALECON,12.000000,h,3,PRV1-67f1a6cca3d4b294dca72a6d,Precio documental observado en proyecto fuente; no equivale a precio de mercado actual.
INSV1-c947d456225fb0e91efcb70e,EC-GAD-DAULE-LPI-GADIMCD-2025-03,MALECON,1.230000,kg,1,PRV1-f73856038acd55d054a52c51,Precio documental observado en proyecto fuente; no equivale a precio de mercado actual.
INSV1-c94da45dea68d43c808cc023,EC-GAD-DAULE-LPI-GADIMCD-2025-03,MALECON,0.650000,u,3,PRV1-ccdac661dcab61a03756c151,Precio documental observado en proyecto fuente; no equivale a precio de mercado actual.
INSV1-c97f0cad41a425805dc0c725,EC-GAD-DAULE-LPI-GADIMCD-2025-01,REGENERACION,40.000000,h,2,PRV1-5a8065d798dc34b81cf52e4b,Precio documental observado en proyecto fuente; no equivale a precio de mercado actual.
INSV1-c98b969d1c4fb64a71a17234,EC-GAD-DAULE-LPI-GADIMCD-2025-03,MALECON,6.000000,u,1,PRV1-5641774c4f729922a4316782,Precio documental observado en proyecto fuente; no equivale a precio de mercado actual.
INSV1-c9b714a8eb9cc5bee02754d5,EC-GAD-DAULE-LPI-GADIMCD-2025-01,REGENERACION,4.520000,h,17,PRV1-4a4b1d8f601d14c632c8c1bd,Precio documental observado en proyecto fuente; no equivale a precio de mercado actual.
INSV1-c9ed77062cac6a35ea41dbae,EC-GAD-DAULE-LPI-GADIMCD-2025-01,REGENERACION,40.920000,u,5,PRV1-ed513ec0ff58d1a1940b8827,Precio documental observado en proyecto fuente; no equivale a precio de mercado actual.
INSV1-c9f78f31b9d518588308596f,EC-GAD-DAULE-LPI-GADIMCD-2025-03,MALECON,25.000000,h,4,PRV1-195e299ccfd59ad6cfd0de6e,Precio documental observado en proyecto fuente; no equivale a precio de mercado actual.
INSV1-ca10cbd2464915ef4411f846,EC-GAD-DAULE-LPI-GADIMCD-2025-03,MALECON,5.040000,u,3,PRV1-c37b0a6134491c12d95a7411,Precio documental observado en proyecto fuente; no equivale a precio de mercado actual.
INSV1-ca10e32c72fd77357ad0798f,EC-GAD-DAULE-LPI-GADIMCD-2025-01,REGENERACION,0.090000,u,5,PRV1-c5ce3e6bc537b1f290b3399c,Precio documental observado en proyecto fuente; no equivale a precio de mercado actual.
INSV1-ca2d7e22265d10890808fab9,EC-GAD-DAULE-LPI-GADIMCD-2025-03,MALECON,0.700000,u,2,PRV1-3db3e5e4f8317cfb614eb659,Precio documental observado en proyecto fuente; no equivale a precio de mercado actual.
INSV1-ca416f59125c0945d66d093b,EC-GAD-DAULE-LPI-GADIMCD-2025-03,MALECON,117.180000,u,1,PRV1-a641ce08a01dd931e4fbcae7,Precio documental observado en proyecto fuente; no equivale a precio de mercado actual.
INSV1-cb26788bc72b94bf21acd43f,EC-GAD-DAULE-LPI-GADIMCD-2025-03,MALECON,50.000000,m2,2,PRV1-e7af40f99b7f24b7e05b1d88,Precio documental observado en proyecto fuente; no equivale a precio de mercado actual.
INSV1-cb2fe263c384c93cad4062c5,EC-GAD-DAULE-LPI-GADIMCD-2025-03,MALECON,71.120000,m,1,PRV1-14a99fb85de4b1bd52accc32,Precio documental observado en proyecto fuente; no equivale a precio de mercado actual.
INSV1-cb519387915ae7a713fb6389,EC-GAD-DAULE-LPI-GADIMCD-2025-03,MALECON,19.100000,m2,1,PRV1-a922effb73b655471f65c5c5,Precio documental observado en proyecto fuente; no equivale a precio de mercado actual.
INSV1-cb6b2da10cb4349def219523,EC-GAD-DAULE-LPI-GADIMCD-2025-03,MALECON,126.540000,u,6,PRV1-f2ad3032fb2fc1700480f6b9,Precio documental observado en proyecto fuente; no equivale a precio de mercado actual.
INSV1-cb84dc3faa6aa9fc7b4c52d4,EC-GAD-DAULE-LPI-GADIMCD-2025-03,MALECON,4.830000,u,1,PRV1-5c0ca4cf471d7935dbeacb67,Precio documental observado en proyecto fuente; no equivale a precio de mercado actual.
INSV1-cba4a0cb3ef55699a0d77ce4,EC-GAD-DAULE-LPI-GADIMCD-2025-01,REGENERACION,3.750000,h,106,PRV1-43e42fc8d2991ea4886cd568,Precio documental observado en proyecto fuente; no equivale a precio de mercado actual.
INSV1-cba4a0cb3ef55699a0d77ce4,EC-GAD-DAULE-LPI-GADIMCD-2025-03,MALECON,38.000000,h,2,PRV1-8840cd113b48d158cb8a34ef,Precio documental observado en proyecto fuente; no equivale a precio de mercado actual.
INSV1-cbd160ad326c8b71cb1bbf19,EC-GAD-DAULE-LPI-GADIMCD-2025-01,REGENERACION,0.500000,h,2,PRV1-50acdff36ffdf53298ac1a42,Precio documental observado en proyecto fuente; no equivale a precio de mercado actual.
INSV1-cc8a16e750aef1719a1e5fe4,EC-GAD-DAULE-LPI-GADIMCD-2025-01,REGENERACION,1.500000,u,1,PRV1-ca1b83a92dee4f3bef2d4ea5,Precio documental observado en proyecto fuente; no equivale a precio de mercado actual.
INSV1-ccd42dee0afc15b0df93f1de,EC-GAD-DAULE-LPI-GADIMCD-2025-03,MALECON,3.920000,u,6,PRV1-4b4c650f24e675dfab5f3376,Precio documental observado en proyecto fuente; no equivale a precio de mercado actual.
INSV1-ccd4315c32fe3478fdef7e33,EC-GAD-DAULE-LPI-GADIMCD-2025-01,REGENERACION,106.260000,u,2,PRV1-8c67d92d9398f2aa20244ab5,Precio documental observado en proyecto fuente; no equivale a precio de mercado actual.
INSV1-cd10a7a5f491eb4d3e9612d2,EC-GAD-DAULE-LPI-GADIMCD-2025-03,MALECON,3.570000,u,6,PRV1-de014da915286fcbe6078d56,Precio documental observado en proyecto fuente; no equivale a precio de mercado actual.
INSV1-cd5e1c5c976419e3b66a5464,EC-GAD-DAULE-LPI-GADIMCD-2025-01,REGENERACION,9.810000,u,2,PRV1-2ac59bd41e6169f7f3984699,Precio documental observado en proyecto fuente; no equivale a precio de mercado actual.
INSV1-cdc7ee72077345a0a2dc15f5,EC-GAD-DAULE-LPI-GADIMCD-2025-03,MALECON,100.000000,h,2,PRV1-77d1c62791354543cc01cf3b,Precio documental observado en proyecto fuente; no equivale a precio de mercado actual.
INSV1-cde674df0067fd26ef480cef,EC-GAD-DAULE-LPI-GADIMCD-2025-03,MALECON,0.550000,u,1,PRV1-31a75c415e743bca3c38c595,Precio documental observado en proyecto fuente; no equivale a precio de mercado actual.
INSV1-ce3a2f0626f9635beb342c59,EC-GAD-DAULE-LPI-GADIMCD-2025-01,REGENERACION,4.000000,u,2,PRV1-803e300b5557546cd386b377,Precio documental observado en proyecto fuente; no equivale a precio de mercado actual.
INSV1-ce472addcfc35954a6be0487,EC-GAD-DAULE-LPI-GADIMCD-2025-03,MALECON,1774.490000,u,1,PRV1-ba9e9998d24010193db65c9b,Precio documental observado en proyecto fuente; no equivale a precio de mercado actual.
INSV1-ce964ae09bc481e811d485ef,EC-GAD-DAULE-LPI-GADIMCD-2025-03,MALECON,413.000000,u,1,PRV1-fb27ba794b3896774806fd87,Precio documental observado en proyecto fuente; no equivale a precio de mercado actual.
INSV1-ceb32c9f79d38d27be8797f9,EC-GAD-DAULE-LPI-GADIMCD-2025-03,MALECON,40.250000,l,3,PRV1-8d07c2f60953cf4edc6f4e53,Precio documental observado en proyecto fuente; no equivale a precio de mercado actual.
INSV1-cecd0456c3476e6ebbc4a99f,EC-GAD-DAULE-LPI-GADIMCD-2025-03,MALECON,1.680000,u,1,PRV1-4ea3095e174cdf3fcf0abac9,Precio documental observado en proyecto fuente; no equivale a precio de mercado actual.
INSV1-cee8ea4963047af01f4b991d,EC-GAD-DAULE-LPI-GADIMCD-2025-03,MALECON,28.500000,u,1,PRV1-b98550efe53d958de778a289,Precio documental observado en proyecto fuente; no equivale a precio de mercado actual.
INSV1-cf3fa49110c2bfede7d4dd68,EC-GAD-DAULE-LPI-GADIMCD-2025-03,MALECON,68.540000,u,3,PRV1-8cdb8dc92999d227e48f0fe5,Precio documental observado en proyecto fuente; no equivale a precio de mercado actual.
INSV1-cf8fea534f1bbba59fbc0738,EC-GAD-DAULE-LPI-GADIMCD-2025-03,MALECON,50.000000,h,1,PRV1-7b3d0e6a545cfb92a4d3639d,Precio documental observado en proyecto fuente; no equivale a precio de mercado actual.
INSV1-cf99ca239bfc2d20892cc093,EC-GAD-DAULE-LPI-GADIMCD-2025-01,REGENERACION,2.000000,h,12,PRV1-14977d9a970abad5a1dbb42e,Precio documental observado en proyecto fuente; no equivale a precio de mercado actual.
INSV1-cfd71bb25f7132987b7e3384,EC-GAD-DAULE-LPI-GADIMCD-2025-03,MALECON,900.000000,u,1,PRV1-2acb1f811c28a4f32e0fd4cd,Precio documental observado en proyecto fuente; no equivale a precio de mercado actual.
INSV1-cfdb593c1e6bead4e042138c,EC-GAD-DAULE-LPI-GADIMCD-2025-03,MALECON,24.110000,u,1,PRV1-cb5fb14e374f3c3614acabf4,Precio documental observado en proyecto fuente; no equivale a precio de mercado actual.
INSV1-cfeec730fb278fcc512e69ad,EC-GAD-DAULE-LPI-GADIMCD-2025-03,MALECON,32.000000,m,1,PRV1-34f8f1708827777c2f4d1122,Precio documental observado en proyecto fuente; no equivale a precio de mercado actual.
INSV1-d0166bbd2eb66aa68f80ed5e,EC-GAD-DAULE-LPI-GADIMCD-2025-03,MALECON,60.000000,u,2,PRV1-fe492cb74ef7d55ff3dd30fa,Precio documental observado en proyecto fuente; no equivale a precio de mercado actual.
INSV1-d08432f7057c1f7394a29c6a,EC-GAD-DAULE-LPI-GADIMCD-2025-03,MALECON,25.000000,u,2,PRV1-bc3ccfc2e35544f70b326dae,Precio documental observado en proyecto fuente; no equivale a precio de mercado actual.
INSV1-d0b098916ea74425ccb93d1b,EC-GAD-DAULE-LPI-GADIMCD-2025-01,REGENERACION,350.000000,u,2,PRV1-fb6bd46685d16a8febb2032f,Precio documental observado en proyecto fuente; no equivale a precio de mercado actual.
INSV1-d0ce46e4051716e33939be2f,EC-GAD-DAULE-LPI-GADIMCD-2025-03,MALECON,1.000000,u,1,PRV1-fae2c16714be08b1b17dd18e,Precio documental observado en proyecto fuente; no equivale a precio de mercado actual.
INSV1-d0d141828c2b2c5b018a78d5,EC-GAD-DAULE-LPI-GADIMCD-2025-03,MALECON,14.600000,u,2,PRV1-29ab052b6697bf527772c84d,Precio documental observado en proyecto fuente; no equivale a precio de mercado actual.
INSV1-d126f6e0f07f62d4d0712864,EC-GAD-DAULE-LPI-GADIMCD-2025-03,MALECON,3.000000,u,1,PRV1-2e34f91a0c2a0889539a4567,Precio documental observado en proyecto fuente; no equivale a precio de mercado actual.
INSV1-d1354f2bf91004ba4b3786ff,EC-GAD-DAULE-LPI-GADIMCD-2025-03,MALECON,80.000000,u,3,PRV1-4e63e680e856cc1a7f380b51,Precio documental observado en proyecto fuente; no equivale a precio de mercado actual.
INSV1-d1ac427576b48ec123d5b4fd,EC-GAD-DAULE-LPI-GADIMCD-2025-03,MALECON,34.600000,m,6,PRV1-0c3066de89433f2f3f18a235,Precio documental observado en proyecto fuente; no equivale a precio de mercado actual.
INSV1-d1e4bb97ea49361a0d1a9871,EC-GAD-DAULE-LPI-GADIMCD-2025-03,MALECON,400.000000,u,1,PRV1-09ae10d72b4b51a307a7bdb9,Precio documental observado en proyecto fuente; no equivale a precio de mercado actual.
INSV1-d2414a779e455dc10f0c8228,EC-GAD-DAULE-LPI-GADIMCD-2025-01,REGENERACION,0.380000,u,2,PRV1-22bade4af51b15f56412c691,Precio documental observado en proyecto fuente; no equivale a precio de mercado actual.
INSV1-d2456b0371798858cafebdb9,EC-GAD-DAULE-LPI-GADIMCD-2025-03,MALECON,1.500000,u,1,PRV1-253d12a0429dee7c33e606c2,Precio documental observado en proyecto fuente; no equivale a precio de mercado actual.
INSV1-d24cbe0d5b797285e8463ae6,EC-GAD-DAULE-LPI-GADIMCD-2025-03,MALECON,3.760000,u,1,PRV1-f483d999e277e581fc87608b,Precio documental observado en proyecto fuente; no equivale a precio de mercado actual.
INSV1-d28905ba0439009ea834b5b0,EC-GAD-DAULE-LPI-GADIMCD-2025-01,REGENERACION,0.500000,h,17,PRV1-dc73db10e7246db2ed62dec3,Precio documental observado en proyecto fuente; no equivale a precio de mercado actual.
INSV1-d2990edef90a455a838a94a3,EC-GAD-DAULE-LPI-GADIMCD-2025-01,REGENERACION,0.310000,u,2,PRV1-433451abb364d7f15f95a1d3,Precio documental observado en proyecto fuente; no equivale a precio de mercado actual.
INSV1-d29cab0da00645ad94bb7474,EC-GAD-DAULE-LPI-GADIMCD-2025-01,REGENERACION,1.310000,u,2,PRV1-8d4aac2adc80b854cc4f83a1,Precio documental observado en proyecto fuente; no equivale a precio de mercado actual.
INSV1-d2ab3269555e76b06cc32adb,EC-GAD-DAULE-LPI-GADIMCD-2025-01,REGENERACION,3.110000,m3,2,PRV1-bd6decdbf1ce8f434d030665,Precio documental observado en proyecto fuente; no equivale a precio de mercado actual.
INSV1-d2b954901b67aebc50eeca5b,EC-GAD-DAULE-LPI-GADIMCD-2025-01,REGENERACION,3.500000,u,43,PRV1-89e1706b3aa97e89a302e49e,Precio documental observado en proyecto fuente; no equivale a precio de mercado actual.
INSV1-d2c2a62b7168fcc9859273ab,EC-GAD-DAULE-LPI-GADIMCD-2025-01,REGENERACION,51.370000,u,7,PRV1-8dc8a180d76612d519bf5f09,Precio documental observado en proyecto fuente; no equivale a precio de mercado actual.
INSV1-d31f39739052d50f5581250e,EC-GAD-DAULE-LPI-GADIMCD-2025-03,MALECON,10.540000,m,2,PRV1-21f3d85ca8f93c97abce84b3,Precio documental observado en proyecto fuente; no equivale a precio de mercado actual.
INSV1-d33759aa761a9214b670da94,EC-GAD-DAULE-LPI-GADIMCD-2025-03,MALECON,13.920000,u,1,PRV1-cfa15af89ec83036f8531882,Precio documental observado en proyecto fuente; no equivale a precio de mercado actual.
INSV1-d344b7140b927651b3178128,EC-GAD-DAULE-LPI-GADIMCD-2025-03,MALECON,2.870000,u,1,PRV1-ec2fe6c4b6f5a407a431dad0,Precio documental observado en proyecto fuente; no equivale a precio de mercado actual.
INSV1-d36c052d7ae8b9e2ac8afabb,EC-GAD-DAULE-LPI-GADIMCD-2025-03,MALECON,14500.000000,u,1,PRV1-79a9bc8cd6a999f85ee26556,Precio documental observado en proyecto fuente; no equivale a precio de mercado actual.
INSV1-d371726e15e9cf2a14018ea6,EC-GAD-DAULE-LPI-GADIMCD-2025-01,REGENERACION,3.260000,u,4,PRV1-e77d094207486c8fa158a749,Precio documental observado en proyecto fuente; no equivale a precio de mercado actual.
INSV1-d3a86378ad8f8627872b2cea,EC-GAD-DAULE-LPI-GADIMCD-2025-01,REGENERACION,6.200000,h,9,PRV1-84dc0986ecedd6e31c690608,Precio documental observado en proyecto fuente; no equivale a precio de mercado actual.
INSV1-d3c427701d8b2eb8edcd046a,EC-GAD-DAULE-LPI-GADIMCD-2025-03,MALECON,98.420000,u,1,PRV1-870ea3d2dce3908d575dd096,Precio documental observado en proyecto fuente; no equivale a precio de mercado actual.
INSV1-d3ce1e5f94c51b9f36d09276,EC-GAD-DAULE-LPI-GADIMCD-2025-03,MALECON,13305.000000,u,1,PRV1-ac03d5dcaa01f7c7e510bb80,Precio documental observado en proyecto fuente; no equivale a precio de mercado actual.
INSV1-d3d3a44cf922e67346ddec4d,EC-GAD-DAULE-LPI-GADIMCD-2025-01,REGENERACION,20.450000,u,2,PRV1-4323f483455b5f0d7116332c,Precio documental observado en proyecto fuente; no equivale a precio de mercado actual.
INSV1-d4004d4043f1461a417a62c4,EC-GAD-DAULE-LPI-GADIMCD-2025-03,MALECON,150.000000,u,1,PRV1-e2c816a5edf637aca4e77b7b,Precio documental observado en proyecto fuente; no equivale a precio de mercado actual.
INSV1-d40385078e05574fe9177130,EC-GAD-DAULE-LPI-GADIMCD-2025-03,MALECON,122.160000,m3,1,PRV1-9c8e802586c5be28fc349ea0,Precio documental observado en proyecto fuente; no equivale a precio de mercado actual.
INSV1-d417aab8e1723e8885aa6b20,EC-GAD-DAULE-LPI-GADIMCD-2025-03,MALECON,2.000000,h,1,PRV1-60c19006827e6ddf06f862bd,Precio documental observado en proyecto fuente; no equivale a precio de mercado actual.
INSV1-d43f14107ae5fc20286dad1b,EC-GAD-DAULE-LPI-GADIMCD-2025-03,MALECON,4.480000,u,3,PRV1-cd2194b8ba1036ba40e836c5,Precio documental observado en proyecto fuente; no equivale a precio de mercado actual.
INSV1-d4642c8f6b0e4dd541aff24a,EC-GAD-DAULE-LPI-GADIMCD-2025-01,REGENERACION,5.010000,saco,2,PRV1-98c3d72f7b343a8bfd430baf,Precio documental observado en proyecto fuente; no equivale a precio de mercado actual.
INSV1-d4baf286570b2dfd3b1b5bdf,EC-GAD-DAULE-LPI-GADIMCD-2025-01,REGENERACION,155000.000000,u,2,PRV1-de069812e8e1783177661c72,Precio documental observado en proyecto fuente; no equivale a precio de mercado actual.
INSV1-d4c508a99b6615aabaf3f065,EC-GAD-DAULE-LPI-GADIMCD-2025-03,MALECON,150.000000,u,4,PRV1-d0485fabaff5eff0d3c9d809,Precio documental observado en proyecto fuente; no equivale a precio de mercado actual.
INSV1-d4d557257b0c1325f88db85f,EC-GAD-DAULE-LPI-GADIMCD-2025-01,REGENERACION,2.010000,kg,71,PRV1-cb1d51e8e2139063e27a5e68,Precio documental observado en proyecto fuente; no equivale a precio de mercado actual.
INSV1-d4fdc9a152b7cdac026320e9,EC-GAD-DAULE-LPI-GADIMCD-2025-01,REGENERACION,126.010000,u,2,PRV1-7aa01b05d20a8e419f358bb5,Precio documental observado en proyecto fuente; no equivale a precio de mercado actual.
INSV1-d526235b295c6958f6ec7600,EC-GAD-DAULE-LPI-GADIMCD-2025-01,REGENERACION,0.160000,kg,133,PRV1-dbc61b760e60e91acb915f42,Precio documental observado en proyecto fuente; no equivale a precio de mercado actual.
INSV1-d591e8e697234a027ce84810,EC-GAD-DAULE-LPI-GADIMCD-2025-01,REGENERACION,5.650000,u,1,PRV1-1d88d28ac74aa9e333d47180,Precio documental observado en proyecto fuente; no equivale a precio de mercado actual.
INSV1-d5a9411d43f5efea61ab6765,EC-GAD-DAULE-LPI-GADIMCD-2025-03,MALECON,68.850000,u,1,PRV1-bef55edf491162155c7fc22a,Precio documental observado en proyecto fuente; no equivale a precio de mercado actual.
INSV1-d5c91fed6e9245bbf548c7bb,EC-GAD-DAULE-LPI-GADIMCD-2025-03,MALECON,2700.000000,u,1,PRV1-4572c568e3be04b14c12fea4,Precio documental observado en proyecto fuente; no equivale a precio de mercado actual.
INSV1-d5fe902c803949c26d21e6fb,EC-GAD-DAULE-LPI-GADIMCD-2025-03,MALECON,1000.000000,km,1,PRV1-516f1cf8f317ddfd0529f3a3,Precio documental observado en proyecto fuente; no equivale a precio de mercado actual.
INSV1-d651721fd30ac2423b0d99ae,EC-GAD-DAULE-LPI-GADIMCD-2025-03,MALECON,17.650000,u,2,PRV1-03c60ed446097241f6e207ff,Precio documental observado en proyecto fuente; no equivale a precio de mercado actual.
INSV1-d65dde956da831d4949dfcbf,EC-GAD-DAULE-LPI-GADIMCD-2025-03,MALECON,2.240000,kg,4,PRV1-7d70ec275aab3c40f0131e39,Precio documental observado en proyecto fuente; no equivale a precio de mercado actual.
INSV1-d68108b8e223883f0b5c46dd,EC-GAD-DAULE-LPI-GADIMCD-2025-01,REGENERACION,14.000000,m3,2,PRV1-906b6155407a9a4c9f0a3efe,Precio documental observado en proyecto fuente; no equivale a precio de mercado actual.
INSV1-d6cbe40cd059eb7bba269568,EC-GAD-DAULE-LPI-GADIMCD-2025-03,MALECON,18.600000,u,1,PRV1-a69f7c070362931db64feaaa,Precio documental observado en proyecto fuente; no equivale a precio de mercado actual.
INSV1-d6e2908f1a1cff479faa8447,EC-GAD-DAULE-LPI-GADIMCD-2025-01,REGENERACION,4.000000,h,6,PRV1-dbfa5ba769d7a107e203a820,Precio documental observado en proyecto fuente; no equivale a precio de mercado actual.
INSV1-d6f214a22d9fb36a30253043,EC-GAD-DAULE-LPI-GADIMCD-2025-01,REGENERACION,15.530000,galon,13,PRV1-de6e6fc3cb20f437b0082934,Precio documental observado en proyecto fuente; no equivale a precio de mercado actual.
INSV1-d75bc4b25de0e4e19876754c,EC-GAD-DAULE-LPI-GADIMCD-2025-03,MALECON,4.120000,m,1,PRV1-8004e066cfeb37c6233d5194,Precio documental observado en proyecto fuente; no equivale a precio de mercado actual.
INSV1-d76a5379cc8dd909573d5c3d,EC-GAD-DAULE-LPI-GADIMCD-2025-01,REGENERACION,102.010000,u,2,PRV1-4d9cdd6c0dfc84b8d42f4b2c,Precio documental observado en proyecto fuente; no equivale a precio de mercado actual.
INSV1-d77e9d0a85b88451ee58ed31,EC-GAD-DAULE-LPI-GADIMCD-2025-01,REGENERACION,20.010000,m2,4,PRV1-9ead8500a889e0f5c5c930f6,Precio documental observado en proyecto fuente; no equivale a precio de mercado actual.
INSV1-d7bb5fd94845712e36804cc9,EC-GAD-DAULE-LPI-GADIMCD-2025-03,MALECON,30.570000,u,1,PRV1-1a1959831e110c33454fc9d0,Precio documental observado en proyecto fuente; no equivale a precio de mercado actual.
INSV1-d7dd616ef657bd73b9c60bde,EC-GAD-DAULE-LPI-GADIMCD-2025-03,MALECON,3.000000,u,1,PRV1-813fb4cc0ae8663375415f26,Precio documental observado en proyecto fuente; no equivale a precio de mercado actual.
INSV1-d8082defdb8f16416e3753b1,EC-GAD-DAULE-LPI-GADIMCD-2025-03,MALECON,30.000000,h,1,PRV1-5262f9b8f00667130bf08a1d,Precio documental observado en proyecto fuente; no equivale a precio de mercado actual.
INSV1-d82a95ccf983927f39dcd5a4,EC-GAD-DAULE-LPI-GADIMCD-2025-01,REGENERACION,11.260000,m,2,PRV1-fbb3d8a3b54fd990f6c1a76e,Precio documental observado en proyecto fuente; no equivale a precio de mercado actual.
INSV1-d8440c683de1994e6444e4df,EC-GAD-DAULE-LPI-GADIMCD-2025-03,MALECON,21.690000,u,1,PRV1-60128f779f879e1d28b18a40,Precio documental observado en proyecto fuente; no equivale a precio de mercado actual.
INSV1-d86358cbe87b99457e176995,EC-GAD-DAULE-LPI-GADIMCD-2025-03,MALECON,200.000000,u,1,PRV1-20154231600aa511232e66db,Precio documental observado en proyecto fuente; no equivale a precio de mercado actual.
INSV1-d87252e3c4efb681d8610266,EC-GAD-DAULE-LPI-GADIMCD-2025-03,MALECON,1.170000,u,1,PRV1-658d9defab8767dca6b10b13,Precio documental observado en proyecto fuente; no equivale a precio de mercado actual.
INSV1-d8732e5907fc3477d5542f09,EC-GAD-DAULE-LPI-GADIMCD-2025-03,MALECON,7.500000,m,1,PRV1-1b9424979799fde224fa7fac,Precio documental observado en proyecto fuente; no equivale a precio de mercado actual.
INSV1-d8fdb80224f2f5b6b706c102,EC-GAD-DAULE-LPI-GADIMCD-2025-03,MALECON,207.550000,u,1,PRV1-5edb9b4a5ebd3c2a989daa3c,Precio documental observado en proyecto fuente; no equivale a precio de mercado actual.
INSV1-d8feae23aef2cc3f444b83f7,EC-GAD-DAULE-LPI-GADIMCD-2025-03,MALECON,145.000000,h,2,PRV1-fe94ef13fcd9688a71d8100b,Precio documental observado en proyecto fuente; no equivale a precio de mercado actual.
INSV1-d9877a05471cb0d1695fb8a9,EC-GAD-DAULE-LPI-GADIMCD-2025-03,MALECON,10.000000,u,3,PRV1-83e9dcdd1987b15afdfdbd84,Precio documental observado en proyecto fuente; no equivale a precio de mercado actual.
INSV1-d9dfccfc731a791adc6d7682,EC-GAD-DAULE-LPI-GADIMCD-2025-03,MALECON,9815.000000,u,1,PRV1-57954d1eae62662f484716f0,Precio documental observado en proyecto fuente; no equivale a precio de mercado actual.
INSV1-d9e266c454d4905f38a6a818,EC-GAD-DAULE-LPI-GADIMCD-2025-01,REGENERACION,15.000000,m3,129,PRV1-a5da87e6cadf7c75ec48e698,Precio documental observado en proyecto fuente; no equivale a precio de mercado actual.
INSV1-da1350265cc0d2aea5ca04ed,EC-GAD-DAULE-LPI-GADIMCD-2025-03,MALECON,16.600000,m3,3,PRV1-4228ea5138f33140da6789a2,Precio documental observado en proyecto fuente; no equivale a precio de mercado actual.
INSV1-da2aff981bf2b984c4a65ebe,EC-GAD-DAULE-LPI-GADIMCD-2025-03,MALECON,130.700000,u,1,PRV1-179d982153fe1e5b73a136c0,Precio documental observado en proyecto fuente; no equivale a precio de mercado actual.
INSV1-da60c89ea7238ffe21b7282a,EC-GAD-DAULE-LPI-GADIMCD-2025-03,MALECON,0.900000,u,2,PRV1-9305dc2a10d19074f0a041c0,Precio documental observado en proyecto fuente; no equivale a precio de mercado actual.
INSV1-da6a41f7b647c6d464afaf18,EC-GAD-DAULE-LPI-GADIMCD-2025-03,MALECON,13.880000,u,3,PRV1-0ab675d571eb08c2ce8faba1,Precio documental observado en proyecto fuente; no equivale a precio de mercado actual.
INSV1-da920b37e9d3bf1b8400da8f,EC-GAD-DAULE-LPI-GADIMCD-2025-03,MALECON,360.000000,u,1,PRV1-71e88de1be8cfb09881cc39f,Precio documental observado en proyecto fuente; no equivale a precio de mercado actual.
INSV1-daa60df562920733eb60d197,EC-GAD-DAULE-LPI-GADIMCD-2025-03,MALECON,4.500000,u,3,PRV1-a1e84cfabcc6d277a79266c7,Precio documental observado en proyecto fuente; no equivale a precio de mercado actual.
INSV1-daaf851417e9779de3bc4836,EC-GAD-DAULE-LPI-GADIMCD-2025-03,MALECON,25.000000,u,1,PRV1-2c9d5e50d878928944ab12e3,Precio documental observado en proyecto fuente; no equivale a precio de mercado actual.
INSV1-dab91ae50743c4e38ce7763c,EC-GAD-DAULE-LPI-GADIMCD-2025-03,MALECON,16.600000,m2,1,PRV1-eccc9ec38c6d9a31ba77b10e,Precio documental observado en proyecto fuente; no equivale a precio de mercado actual.
INSV1-db02d34a7934f0b305cdc9b1,EC-GAD-DAULE-LPI-GADIMCD-2025-03,MALECON,50.000000,u,1,PRV1-6db07f761491f456486fa222,Precio documental observado en proyecto fuente; no equivale a precio de mercado actual.
INSV1-db5fe6b515097c5380ee635f,EC-GAD-DAULE-LPI-GADIMCD-2025-03,MALECON,900.000000,u,1,PRV1-a8383d8e35b1a991e51d780e,Precio documental observado en proyecto fuente; no equivale a precio de mercado actual.
INSV1-dbe82dede8cf31094fd0d99f,EC-GAD-DAULE-LPI-GADIMCD-2025-03,MALECON,0.990000,u,1,PRV1-9ee1f5c4c0ee81cc15ec34f0,Precio documental observado en proyecto fuente; no equivale a precio de mercado actual.
INSV1-dbedcb01e91c310d439a5264,EC-GAD-DAULE-LPI-GADIMCD-2025-03,MALECON,20.000000,u,1,PRV1-5010a08753192ae705f09ded,Precio documental observado en proyecto fuente; no equivale a precio de mercado actual.
INSV1-dc09d9bafeedb6d412b0b1f5,EC-GAD-DAULE-LPI-GADIMCD-2025-01,REGENERACION,2.010000,u,95,PRV1-c304b02bfd7378c2447905a6,Precio documental observado en proyecto fuente; no equivale a precio de mercado actual.
INSV1-dc5b2bff89a2d50cf3be0e1f,EC-GAD-DAULE-LPI-GADIMCD-2025-03,MALECON,5.270000,u,2,PRV1-37c141d6ca55ccc7f8aebac6,Precio documental observado en proyecto fuente; no equivale a precio de mercado actual.
INSV1-dc6f101cc47e59ee9c2f25f6,EC-GAD-DAULE-LPI-GADIMCD-2025-03,MALECON,29.000000,l,2,PRV1-f2699c97113a3d59aabd7501,Precio documental observado en proyecto fuente; no equivale a precio de mercado actual.
INSV1-dc86156b8f05ebef88737e89,EC-GAD-DAULE-LPI-GADIMCD-2025-03,MALECON,20.000000,m2,1,PRV1-212a4c5a18458cb123386e0d,Precio documental observado en proyecto fuente; no equivale a precio de mercado actual.
INSV1-dcbe8061d6072d3dbaa01750,EC-GAD-DAULE-LPI-GADIMCD-2025-01,REGENERACION,2.950000,u,2,PRV1-acb5e88a3e3cc3386d489b54,Precio documental observado en proyecto fuente; no equivale a precio de mercado actual.
INSV1-dd7c82b5dae9b7b230b855d9,EC-GAD-DAULE-LPI-GADIMCD-2025-03,MALECON,1.290000,u,2,PRV1-42c37d5cded8201bf38b2ab5,Precio documental observado en proyecto fuente; no equivale a precio de mercado actual.
INSV1-ddca619c4956f848c04497cc,EC-GAD-DAULE-LPI-GADIMCD-2025-01,REGENERACION,6.010000,kg,2,PRV1-ca7184aa84492d683a8e3858,Precio documental observado en proyecto fuente; no equivale a precio de mercado actual.
INSV1-de1bf5ce801cae5eeb3b17c0,EC-GAD-DAULE-LPI-GADIMCD-2025-03,MALECON,5.000000,u,1,PRV1-42a1ea73b2b530692259cb0b,Precio documental observado en proyecto fuente; no equivale a precio de mercado actual.
INSV1-de4faec2b328d59335086aeb,EC-GAD-DAULE-LPI-GADIMCD-2025-01,REGENERACION,0.200000,u,2,PRV1-ea5e0df010375603330f7854,Precio documental observado en proyecto fuente; no equivale a precio de mercado actual.
INSV1-de534945173c38f90dd0f261,EC-GAD-DAULE-LPI-GADIMCD-2025-03,MALECON,12.600000,u,1,PRV1-cc973c7f4ff82564baeaae48,Precio documental observado en proyecto fuente; no equivale a precio de mercado actual.
INSV1-de6a0ac9aca770cca43399f4,EC-GAD-DAULE-LPI-GADIMCD-2025-03,MALECON,9.520000,m,1,PRV1-2eaf8fa29cc4fd89144aae50,Precio documental observado en proyecto fuente; no equivale a precio de mercado actual.
INSV1-de7676e29c96ffef3d12a532,EC-GAD-DAULE-LPI-GADIMCD-2025-01,REGENERACION,95.860000,u,1,PRV1-445b53a82f04ab0809183f63,Precio documental observado en proyecto fuente; no equivale a precio de mercado actual.
INSV1-de83312ef633d73f3ca08c90,EC-GAD-DAULE-LPI-GADIMCD-2025-03,MALECON,2450.000000,u,1,PRV1-a42d996d92e4f14d88c12103,Precio documental observado en proyecto fuente; no equivale a precio de mercado actual.
INSV1-dea51e17e9babfa2e0035199,EC-GAD-DAULE-LPI-GADIMCD-2025-01,REGENERACION,129.460000,u,2,PRV1-6eb886d307811f6be9be550d,Precio documental observado en proyecto fuente; no equivale a precio de mercado actual.
INSV1-dea51e17e9babfa2e0035199,EC-GAD-DAULE-LPI-GADIMCD-2025-03,MALECON,5.000000,u,1,PRV1-52eb9bccc70b9d4ac35a8768,Precio documental observado en proyecto fuente; no equivale a precio de mercado actual.
INSV1-deab94b19da43d9add843807,EC-GAD-DAULE-LPI-GADIMCD-2025-03,MALECON,15.000000,u,1,PRV1-aeceb5828aa26f739487be7d,Precio documental observado en proyecto fuente; no equivale a precio de mercado actual.
INSV1-deb5591bafeda14ac1b3e68a,EC-GAD-DAULE-LPI-GADIMCD-2025-03,MALECON,2.500000,h,1,PRV1-c3b7e74367a325103456219f,Precio documental observado en proyecto fuente; no equivale a precio de mercado actual.
INSV1-deb66821a0b683ad20ae298e,EC-GAD-DAULE-LPI-GADIMCD-2025-03,MALECON,62.120000,u,1,PRV1-e5397c8aaaa15e22cf732917,Precio documental observado en proyecto fuente; no equivale a precio de mercado actual.
INSV1-dec3cd8d1cb02ba579141947,EC-GAD-DAULE-LPI-GADIMCD-2025-03,MALECON,7.000000,u,1,PRV1-bf392fee47bfa800aae33c94,Precio documental observado en proyecto fuente; no equivale a precio de mercado actual.
INSV1-dec5f95938d3adef68bbeaa4,EC-GAD-DAULE-LPI-GADIMCD-2025-03,MALECON,29.000000,u,1,PRV1-a27d0aaa8873dce7241df941,Precio documental observado en proyecto fuente; no equivale a precio de mercado actual.
INSV1-dedce4ffb968e6439dcf2479,EC-GAD-DAULE-LPI-GADIMCD-2025-03,MALECON,24.170000,u,1,PRV1-d84c8e445aa2f64224dccd6c,Precio documental observado en proyecto fuente; no equivale a precio de mercado actual.
INSV1-df462a8ebcd3400152113162,EC-GAD-DAULE-LPI-GADIMCD-2025-01,REGENERACION,119.000000,m3,4,PRV1-03647b05af8673e934b09350,Precio documental observado en proyecto fuente; no equivale a precio de mercado actual.
INSV1-dfd9503543b700e0993a7692,EC-GAD-DAULE-LPI-GADIMCD-2025-03,MALECON,1.310000,kg,63,PRV1-e768fa6dc21c0b4bb53405f9,Precio documental observado en proyecto fuente; no equivale a precio de mercado actual.
INSV1-dfdd75b739f00b7c7a50d3f4,EC-GAD-DAULE-LPI-GADIMCD-2025-03,MALECON,10.000000,u,1,PRV1-0ecdd1a01bfba1ec6e74cf67,Precio documental observado en proyecto fuente; no equivale a precio de mercado actual.
INSV1-dfe349b081cbfefd02c5f638,EC-GAD-DAULE-LPI-GADIMCD-2025-01,REGENERACION,15.000000,u,2,PRV1-5e5247505b676237b628fee4,Precio documental observado en proyecto fuente; no equivale a precio de mercado actual.
INSV1-e0087e3ce69cc73f7be0bcb7,EC-GAD-DAULE-LPI-GADIMCD-2025-01,REGENERACION,3.010000,u,10,PRV1-ed57bbfe5cdf469eec4d7448,Precio documental observado en proyecto fuente; no equivale a precio de mercado actual.
INSV1-e06ce18d80666d086a78a05e,EC-GAD-DAULE-LPI-GADIMCD-2025-01,REGENERACION,35.000000,u,2,PRV1-d4c4bae0952a8f6a8917dedf,Precio documental observado en proyecto fuente; no equivale a precio de mercado actual.
INSV1-e145fbb50b5999e7a15949fb,EC-GAD-DAULE-LPI-GADIMCD-2025-03,MALECON,1.500000,m,1,PRV1-cebf46ff1c06df05bd9196fe,Precio documental observado en proyecto fuente; no equivale a precio de mercado actual.
INSV1-e14d6183ceeec247e042bcf1,EC-GAD-DAULE-LPI-GADIMCD-2025-03,MALECON,1.120000,m,1,PRV1-393bb381fc7715b6ec63f154,Precio documental observado en proyecto fuente; no equivale a precio de mercado actual.
INSV1-e15109e199963e803b473a25,EC-GAD-DAULE-LPI-GADIMCD-2025-03,MALECON,175.000000,u,1,PRV1-2cb8cd52aad77fe9816312dd,Precio documental observado en proyecto fuente; no equivale a precio de mercado actual.
INSV1-e1c82ed97e05c85d69c03a10,EC-GAD-DAULE-LPI-GADIMCD-2025-03,MALECON,0.770000,u,1,PRV1-f671d3ae6f7c70dd8578cc36,Precio documental observado en proyecto fuente; no equivale a precio de mercado actual.
INSV1-e20d34fabe88dc478efc6643,EC-GAD-DAULE-LPI-GADIMCD-2025-03,MALECON,19.550000,m,3,PRV1-d49f65bcdcf5246aa7acda73,Precio documental observado en proyecto fuente; no equivale a precio de mercado actual.
INSV1-e221ab2b3a778af66555e84a,EC-GAD-DAULE-LPI-GADIMCD-2025-03,MALECON,1.500000,u,1,PRV1-e9aff4eaa856e57a3473d048,Precio documental observado en proyecto fuente; no equivale a precio de mercado actual.
INSV1-e2842bb278b996ecc25ef66d,EC-GAD-DAULE-LPI-GADIMCD-2025-03,MALECON,18.750000,u,1,PRV1-c2841fd67fc61030e6757e16,Precio documental observado en proyecto fuente; no equivale a precio de mercado actual.
INSV1-e289f74cb8d75f7170773af7,EC-GAD-DAULE-LPI-GADIMCD-2025-03,MALECON,40.000000,sc,23,PRV1-0c610522b0aca43eec9f36ac,Precio documental observado en proyecto fuente; no equivale a precio de mercado actual.
INSV1-e2b929dbe391244ac62a4eb3,EC-GAD-DAULE-LPI-GADIMCD-2025-03,MALECON,2.620000,u,2,PRV1-c65096e1e9aaa09fae6e9776,Precio documental observado en proyecto fuente; no equivale a precio de mercado actual.
INSV1-e2d659210cb6494f9e4e9ecf,EC-GAD-DAULE-LPI-GADIMCD-2025-03,MALECON,8.020000,h,1,PRV1-04d8162fd3bd299e952a6a59,Precio documental observado en proyecto fuente; no equivale a precio de mercado actual.
INSV1-e2e37a03ed85356a956f3239,EC-GAD-DAULE-LPI-GADIMCD-2025-01,REGENERACION,2.510000,u,2,PRV1-24f9f75081031b9cee72d4da,Precio documental observado en proyecto fuente; no equivale a precio de mercado actual.
INSV1-e364aa0784403733624ab9a2,EC-GAD-DAULE-LPI-GADIMCD-2025-03,MALECON,30.000000,h,1,PRV1-97f1f37d441855fc43fe360c,Precio documental observado en proyecto fuente; no equivale a precio de mercado actual.
INSV1-e3cc5e2aa28553f90098eaa8,EC-GAD-DAULE-LPI-GADIMCD-2025-01,REGENERACION,190.490000,u,4,PRV1-d10070b66a7ec7464c5d6f5d,Precio documental observado en proyecto fuente; no equivale a precio de mercado actual.
INSV1-e3f04d5e4a4f754a0880f595,EC-GAD-DAULE-LPI-GADIMCD-2025-01,REGENERACION,35.010000,u,2,PRV1-f06b469eda2234878e1a71f0,Precio documental observado en proyecto fuente; no equivale a precio de mercado actual.
INSV1-e41681f035ba8d1efceb4e60,EC-GAD-DAULE-LPI-GADIMCD-2025-01,REGENERACION,4.280000,h,2,PRV1-d0ed9674610f22d9c9a211bf,Precio documental observado en proyecto fuente; no equivale a precio de mercado actual.
INSV1-e41681f035ba8d1efceb4e60,EC-GAD-DAULE-LPI-GADIMCD-2025-03,MALECON,4.280000,h,39,PRV1-61030ef8f043dcc432f6d877,Precio documental observado en proyecto fuente; no equivale a precio de mercado actual.
INSV1-e43624d886a66925f44126a9,EC-GAD-DAULE-LPI-GADIMCD-2025-03,MALECON,33.150000,u,5,PRV1-aa2b4987ef99524107f8b6e0,Precio documental observado en proyecto fuente; no equivale a precio de mercado actual.
INSV1-e43f012367bca13eada2bf14,EC-GAD-DAULE-LPI-GADIMCD-2025-03,MALECON,4.450000,u,1,PRV1-8e7c9b61d1e063cb85122549,Precio documental observado en proyecto fuente; no equivale a precio de mercado actual.
INSV1-e44485d2d52e7abf006284a0,EC-GAD-DAULE-LPI-GADIMCD-2025-01,REGENERACION,3.010000,u,14,PRV1-6f71531cf2bac5ffe8f3441a,Precio documental observado en proyecto fuente; no equivale a precio de mercado actual.
INSV1-e450a9cb49b97497ea88f18a,EC-GAD-DAULE-LPI-GADIMCD-2025-03,MALECON,200.000000,u,1,PRV1-c5429caa4c600389ee996ae9,Precio documental observado en proyecto fuente; no equivale a precio de mercado actual.
INSV1-e4650279540c65e0f10e7eaa,EC-GAD-DAULE-LPI-GADIMCD-2025-03,MALECON,54.080000,u,2,PRV1-0d4e6cd875b1f429d1c3a6da,Precio documental observado en proyecto fuente; no equivale a precio de mercado actual.
INSV1-e46c0760d6d3ef82c57cfa35,EC-GAD-DAULE-LPI-GADIMCD-2025-03,MALECON,4.900000,u,1,PRV1-ec684f854605a023e6397218,Precio documental observado en proyecto fuente; no equivale a precio de mercado actual.
INSV1-e48f75cc0419e651f0d3dc00,EC-GAD-DAULE-LPI-GADIMCD-2025-03,MALECON,6.950000,u,1,PRV1-4578a93fbe62c31262cfc082,Precio documental observado en proyecto fuente; no equivale a precio de mercado actual.
INSV1-e4a4f0c44f884e216829887c,EC-GAD-DAULE-LPI-GADIMCD-2025-03,MALECON,0.750000,u,5,PRV1-dcfa7306c2d1d84a581093a7,Precio documental observado en proyecto fuente; no equivale a precio de mercado actual.
INSV1-e4c96246e93a48d14c54c7f7,EC-GAD-DAULE-LPI-GADIMCD-2025-03,MALECON,1.560000,u,3,PRV1-247961481257b173ba8eb515,Precio documental observado en proyecto fuente; no equivale a precio de mercado actual.
INSV1-e4fc5509c62aaa1af6d7bf84,EC-GAD-DAULE-LPI-GADIMCD-2025-01,REGENERACION,54.560000,u,7,PRV1-39e8e2dfe7a956cad78c9fb7,Precio documental observado en proyecto fuente; no equivale a precio de mercado actual.
INSV1-e5709b7b6db9b99743108a4c,EC-GAD-DAULE-LPI-GADIMCD-2025-03,MALECON,2.500000,kg,4,PRV1-3cf062ae05771d008742b3f4,Precio documental observado en proyecto fuente; no equivale a precio de mercado actual.
INSV1-e5729e9cf68baa73a7671704,EC-GAD-DAULE-LPI-GADIMCD-2025-03,MALECON,7.840000,m,2,PRV1-1654526e2b55b805a8ca1317,Precio documental observado en proyecto fuente; no equivale a precio de mercado actual.
INSV1-e57cbd245456998de87670a6,EC-GAD-DAULE-LPI-GADIMCD-2025-03,MALECON,4.290000,m,4,PRV1-e461f67f148566fe15285a8a,Precio documental observado en proyecto fuente; no equivale a precio de mercado actual.
INSV1-e69413e28e302954c18b10ca,EC-GAD-DAULE-LPI-GADIMCD-2025-03,MALECON,250.000000,u,1,PRV1-04962b0507ddf58e0d291c5e,Precio documental observado en proyecto fuente; no equivale a precio de mercado actual.
INSV1-e6d0c6b25b08878f7a63d627,EC-GAD-DAULE-LPI-GADIMCD-2025-01,REGENERACION,4.230000,h,20,PRV1-4f7651dc551817b2f0fb9b38,Precio documental observado en proyecto fuente; no equivale a precio de mercado actual.
INSV1-e72b132b696e2b6f6af45053,EC-GAD-DAULE-LPI-GADIMCD-2025-01,REGENERACION,3.510000,u,1,PRV1-d882b56f2e6134834cc9ef11,Precio documental observado en proyecto fuente; no equivale a precio de mercado actual.
INSV1-e769af67d6024d0ca0566c6b,EC-GAD-DAULE-LPI-GADIMCD-2025-03,MALECON,1152.730000,u,1,PRV1-d559002078c60a72c202711c,Precio documental observado en proyecto fuente; no equivale a precio de mercado actual.
INSV1-e80f02ce93fc5edea5b8ecba,EC-GAD-DAULE-LPI-GADIMCD-2025-03,MALECON,12.820000,m,2,PRV1-bfe15e4c054dceaa0028f82b,Precio documental observado en proyecto fuente; no equivale a precio de mercado actual.
INSV1-e84dcc0b17bbfab2a7da36b6,EC-GAD-DAULE-LPI-GADIMCD-2025-03,MALECON,8.000000,u,6,PRV1-30e250fda905df0da45936ca,Precio documental observado en proyecto fuente; no equivale a precio de mercado actual.
INSV1-e88d9df6caba3d301b17bcc5,EC-GAD-DAULE-LPI-GADIMCD-2025-03,MALECON,0.500000,u,1,PRV1-040fb001c9011497cb5a03fe,Precio documental observado en proyecto fuente; no equivale a precio de mercado actual.
INSV1-e8c3a5cfd7ae623020324af7,EC-GAD-DAULE-LPI-GADIMCD-2025-01,REGENERACION,9.750000,u,2,PRV1-1e03196a5b79e7feae8cc417,Precio documental observado en proyecto fuente; no equivale a precio de mercado actual.
INSV1-e8fa1b78519e3e604955a023,EC-GAD-DAULE-LPI-GADIMCD-2025-03,MALECON,18.290000,u,1,PRV1-355ed5ecfb2b496e80b84d3d,Precio documental observado en proyecto fuente; no equivale a precio de mercado actual.
INSV1-e9a8fe709865612fcdfe0134,EC-GAD-DAULE-LPI-GADIMCD-2025-03,MALECON,0.500000,h,4,PRV1-b541803a0229b431b8bcf223,Precio documental observado en proyecto fuente; no equivale a precio de mercado actual.
INSV1-e9ba21aaee5b0b32b214f3b6,EC-GAD-DAULE-LPI-GADIMCD-2025-03,MALECON,15.000000,m,1,PRV1-f4b8aa9275f763452cb99136,Precio documental observado en proyecto fuente; no equivale a precio de mercado actual.
INSV1-e9becdb0041f7bd5f1639d83,EC-GAD-DAULE-LPI-GADIMCD-2025-03,MALECON,25.500000,u,1,PRV1-24461cfffd9f1632ae976af9,Precio documental observado en proyecto fuente; no equivale a precio de mercado actual.
INSV1-ead40edd1320b095f98d37f6,EC-GAD-DAULE-LPI-GADIMCD-2025-01,REGENERACION,0.110000,m2,2,PRV1-1c403ab7dbed5adc29104bef,Precio documental observado en proyecto fuente; no equivale a precio de mercado actual.
INSV1-eb08b8e7a46517dc95cb9fb6,EC-GAD-DAULE-LPI-GADIMCD-2025-01,REGENERACION,3.010000,glb,2,PRV1-4d4a60531cf7f9fbe1e4c683,Precio documental observado en proyecto fuente; no equivale a precio de mercado actual.
INSV1-eb655cb9083c43c1ef04de43,EC-GAD-DAULE-LPI-GADIMCD-2025-03,MALECON,0.600000,u,1,PRV1-e8ff436e255752c4c57cacbf,Precio documental observado en proyecto fuente; no equivale a precio de mercado actual.
INSV1-eb7f7c67b6090399aa6c4f54,EC-GAD-DAULE-LPI-GADIMCD-2025-03,MALECON,6.950000,u,1,PRV1-448deb60b8cedb0e80a72842,Precio documental observado en proyecto fuente; no equivale a precio de mercado actual.
INSV1-eba5abea811b8ba9f559c874,EC-GAD-DAULE-LPI-GADIMCD-2025-03,MALECON,534.470000,u,1,PRV1-567436ec735f2b599bebd309,Precio documental observado en proyecto fuente; no equivale a precio de mercado actual.
INSV1-ebba33f3012487d73a63e062,EC-GAD-DAULE-LPI-GADIMCD-2025-03,MALECON,90.000000,u,1,PRV1-26b6cefe09e95509d24eb874,Precio documental observado en proyecto fuente; no equivale a precio de mercado actual.
INSV1-ebfed926ff94463183313651,EC-GAD-DAULE-LPI-GADIMCD-2025-03,MALECON,0.020000,h,4,PRV1-21ec676ab88dddf483f5c45f,Precio documental observado en proyecto fuente; no equivale a precio de mercado actual.
INSV1-ec16f7b88c079fdd94d63c76,EC-GAD-DAULE-LPI-GADIMCD-2025-03,MALECON,60.000000,u,1,PRV1-1ce9747e070eda2645cff0e9,Precio documental observado en proyecto fuente; no equivale a precio de mercado actual.
INSV1-ec1df010f7a6d7d48c0dc51a,EC-GAD-DAULE-LPI-GADIMCD-2025-03,MALECON,313.060000,u,1,PRV1-c582410ce04a0f68d714e480,Precio documental observado en proyecto fuente; no equivale a precio de mercado actual.
INSV1-ec476980eb66a6df16640be6,EC-GAD-DAULE-LPI-GADIMCD-2025-01,REGENERACION,4.060000,u,2,PRV1-c743a739ef1fe5d43dd4226d,Precio documental observado en proyecto fuente; no equivale a precio de mercado actual.
INSV1-ec56478868187928c4ffba6d,EC-GAD-DAULE-LPI-GADIMCD-2025-01,REGENERACION,4.230000,h,368,PRV1-c8e3149d9c340f3b619192ce,Precio documental observado en proyecto fuente; no equivale a precio de mercado actual.
INSV1-ec56478868187928c4ffba6d,EC-GAD-DAULE-LPI-GADIMCD-2025-03,MALECON,4.230000,h,946,PRV1-39da714b1163648f1b31c333,Precio documental observado en proyecto fuente; no equivale a precio de mercado actual.
INSV1-ec7ccfa298e80784a9f25487,EC-GAD-DAULE-LPI-GADIMCD-2025-03,MALECON,180.000000,u,22,PRV1-4977083aaaf160aec8cb50bb,Precio documental observado en proyecto fuente; no equivale a precio de mercado actual.
INSV1-ec8d346d36a66840fc28f990,EC-GAD-DAULE-LPI-GADIMCD-2025-01,REGENERACION,25.000000,u,2,PRV1-3b0127861b1e09fa46c9056e,Precio documental observado en proyecto fuente; no equivale a precio de mercado actual.
INSV1-ecaf735172cc35a085004631,EC-GAD-DAULE-LPI-GADIMCD-2025-03,MALECON,25.000000,h,2,PRV1-16bb36ad844bb5b3be3e45c8,Precio documental observado en proyecto fuente; no equivale a precio de mercado actual.
INSV1-ecbb81b1cb2b58fd4f939ec0,EC-GAD-DAULE-LPI-GADIMCD-2025-03,MALECON,525.640000,m2,2,PRV1-0ad87caeea5ac0904afb56b7,Precio documental observado en proyecto fuente; no equivale a precio de mercado actual.
INSV1-eceb695fd073887206815856,EC-GAD-DAULE-LPI-GADIMCD-2025-01,REGENERACION,2.010000,m2,4,PRV1-cb251b8dc0a32a8c7a1a514f,Precio documental observado en proyecto fuente; no equivale a precio de mercado actual.
INSV1-ed6151a0843a4cdaf83399f0,EC-GAD-DAULE-LPI-GADIMCD-2025-03,MALECON,6.000000,u,1,PRV1-3e4994ff2455e5158b31cb80,Precio documental observado en proyecto fuente; no equivale a precio de mercado actual.
INSV1-ed62fded4bc43a9d311fc41a,EC-GAD-DAULE-LPI-GADIMCD-2025-03,MALECON,1.200000,m,2,PRV1-2eb4c0845b24efe20e0145d0,Precio documental observado en proyecto fuente; no equivale a precio de mercado actual.
INSV1-ed7eb23b9d2a99bb5256ac24,EC-GAD-DAULE-LPI-GADIMCD-2025-03,MALECON,26.810000,m,1,PRV1-ce6522f855379698cfdf5039,Precio documental observado en proyecto fuente; no equivale a precio de mercado actual.
INSV1-ee2638092e861a92a8bbc8f4,EC-GAD-DAULE-LPI-GADIMCD-2025-01,REGENERACION,40.010000,u,2,PRV1-53ef36477533fb883d85714b,Precio documental observado en proyecto fuente; no equivale a precio de mercado actual.
INSV1-ee43979eab5b8b494d368a11,EC-GAD-DAULE-LPI-GADIMCD-2025-01,REGENERACION,45.000000,m,2,PRV1-1d5c65625f36c44bfeec4016,Precio documental observado en proyecto fuente; no equivale a precio de mercado actual.
INSV1-ee555a884ab973b8d4009e8d,EC-GAD-DAULE-LPI-GADIMCD-2025-03,MALECON,0.200000,m/km,29,PRV1-26cf78e909bbb01ae32c05ab,Precio documental observado en proyecto fuente; no equivale a precio de mercado actual.
INSV1-ee6b32bf080f76d694f4cd98,EC-GAD-DAULE-LPI-GADIMCD-2025-03,MALECON,196.830000,u,1,PRV1-fe580e179b4ebd68b928da5a,Precio documental observado en proyecto fuente; no equivale a precio de mercado actual.
INSV1-ee9423da11051eb599c7b032,EC-GAD-DAULE-LPI-GADIMCD-2025-01,REGENERACION,0.100000,m2,2,PRV1-597f6f68ab00ecda55b38f89,Precio documental observado en proyecto fuente; no equivale a precio de mercado actual.
INSV1-eed476ab2fe2bd9aceaaa746,EC-GAD-DAULE-LPI-GADIMCD-2025-03,MALECON,122.960000,u,3,PRV1-995570702a4d94eaf9ade69f,Precio documental observado en proyecto fuente; no equivale a precio de mercado actual.
INSV1-eeffb648d736838265d25e70,EC-GAD-DAULE-LPI-GADIMCD-2025-03,MALECON,1.390000,u,1,PRV1-b830630bc09418a3cfdf5c74,Precio documental observado en proyecto fuente; no equivale a precio de mercado actual.
INSV1-ef48368e3e77fdd0f178c9b6,EC-GAD-DAULE-LPI-GADIMCD-2025-03,MALECON,3.570000,m2,16,PRV1-fe2b7e857a8a1b68a5ac001a,Precio documental observado en proyecto fuente; no equivale a precio de mercado actual.
INSV1-ef49b13cffc373e39e741fd4,EC-GAD-DAULE-LPI-GADIMCD-2025-01,REGENERACION,240.010000,u,4,PRV1-01bcfe95aea44c9b04c2ec59,Precio documental observado en proyecto fuente; no equivale a precio de mercado actual.
INSV1-ef709b9c101db83b0783bc65,EC-GAD-DAULE-LPI-GADIMCD-2025-03,MALECON,3.920000,u,1,PRV1-58df8a6ab03324dd2d58c2f0,Precio documental observado en proyecto fuente; no equivale a precio de mercado actual.
INSV1-ef753e89849e78c33fbe95fc,EC-GAD-DAULE-LPI-GADIMCD-2025-03,MALECON,52.300000,m2,3,PRV1-7730d7c540c23fcf8aca6b06,Precio documental observado en proyecto fuente; no equivale a precio de mercado actual.
INSV1-ef879b836173a1628a39991b,EC-GAD-DAULE-LPI-GADIMCD-2025-01,REGENERACION,6.010000,galon,48,PRV1-6f5490c2516ceb4b1dc4711a,Precio documental observado en proyecto fuente; no equivale a precio de mercado actual.
INSV1-efcada2a579c0692b644c8e0,EC-GAD-DAULE-LPI-GADIMCD-2025-03,MALECON,50.000000,glb,1,PRV1-56e7623e6a3d020a2b6ff0d6,Precio documental observado en proyecto fuente; no equivale a precio de mercado actual.
INSV1-efd9fbdad1067fb0dd7eaaa4,EC-GAD-DAULE-LPI-GADIMCD-2025-01,REGENERACION,0.500000,h,6,PRV1-ee215db32f2b1265a7ebc8ce,Precio documental observado en proyecto fuente; no equivale a precio de mercado actual.
INSV1-efd9fbdad1067fb0dd7eaaa4,EC-GAD-DAULE-LPI-GADIMCD-2025-03,MALECON,0.500000,h,2,PRV1-cbf36b0de3ca100600c3cd2c,Precio documental observado en proyecto fuente; no equivale a precio de mercado actual.
INSV1-efe55a5f94e87dc073b8325a,EC-GAD-DAULE-LPI-GADIMCD-2025-03,MALECON,106.400000,u,13,PRV1-a7ac09c4047fc1bd2e3b9644,Precio documental observado en proyecto fuente; no equivale a precio de mercado actual.
INSV1-f01ecf9a4331b34c40c9d7c1,EC-GAD-DAULE-LPI-GADIMCD-2025-03,MALECON,183.000000,u,1,PRV1-134c32265b6975341384f53f,Precio documental observado en proyecto fuente; no equivale a precio de mercado actual.
INSV1-f050da975ebce3f701fb716f,EC-GAD-DAULE-LPI-GADIMCD-2025-01,REGENERACION,18.010000,u,2,PRV1-b6ab3a5799c83c551507d23b,Precio documental observado en proyecto fuente; no equivale a precio de mercado actual.
INSV1-f07b65a5021b13a77665ecc9,EC-GAD-DAULE-LPI-GADIMCD-2025-03,MALECON,8.010000,m2,4,PRV1-961070d9c833a3a8a250b270,Precio documental observado en proyecto fuente; no equivale a precio de mercado actual.
INSV1-f08462b01b798bdf283cd4e6,EC-GAD-DAULE-LPI-GADIMCD-2025-03,MALECON,3.000000,kg,2,PRV1-c3b1b5c82e764d1300fea35a,Precio documental observado en proyecto fuente; no equivale a precio de mercado actual.
INSV1-f0aef0d30137bc31b082d1a6,EC-GAD-DAULE-LPI-GADIMCD-2025-01,REGENERACION,30.000000,h,43,PRV1-ada050b9ca328a585b44d90c,Precio documental observado en proyecto fuente; no equivale a precio de mercado actual.
INSV1-f0aef0d30137bc31b082d1a6,EC-GAD-DAULE-LPI-GADIMCD-2025-03,MALECON,25.000000,h,46,PRV1-326e7383103a766836f00cfb,Precio documental observado en proyecto fuente; no equivale a precio de mercado actual.
INSV1-f0c062de961d0e86bf02b540,EC-GAD-DAULE-LPI-GADIMCD-2025-03,MALECON,1400.000000,u,1,PRV1-98e361d15983eeb871312acc,Precio documental observado en proyecto fuente; no equivale a precio de mercado actual.
INSV1-f0d014340e348e02acaf6ced,EC-GAD-DAULE-LPI-GADIMCD-2025-03,MALECON,12.250000,m3,2,PRV1-19325b118ac959609a8abfad,Precio documental observado en proyecto fuente; no equivale a precio de mercado actual.
INSV1-f1161a62d00e19f1a03711a7,EC-GAD-DAULE-LPI-GADIMCD-2025-01,REGENERACION,4.350000,h,3,PRV1-5af412f9f416276fb511480e,Precio documental observado en proyecto fuente; no equivale a precio de mercado actual.
INSV1-f1555df925c4d649b0cd68c5,EC-GAD-DAULE-LPI-GADIMCD-2025-03,MALECON,1200.000000,u,1,PRV1-e15c72451cd1535f2490bf01,Precio documental observado en proyecto fuente; no equivale a precio de mercado actual.
INSV1-f15f2266e28580a94b51ed05,EC-GAD-DAULE-LPI-GADIMCD-2025-03,MALECON,11.000000,u,6,PRV1-1b5b628c1f1f5d3757bd05ae,Precio documental observado en proyecto fuente; no equivale a precio de mercado actual.
INSV1-f162493a1c2e96df2fc9b513,EC-GAD-DAULE-LPI-GADIMCD-2025-03,MALECON,70.000000,u,1,PRV1-f34a6d7baab097b3cfb68396,Precio documental observado en proyecto fuente; no equivale a precio de mercado actual.
INSV1-f1870ee4d79b25303db8942e,EC-GAD-DAULE-LPI-GADIMCD-2025-01,REGENERACION,30.010000,galon,4,PRV1-37804beb9f273b1948669d55,Precio documental observado en proyecto fuente; no equivale a precio de mercado actual.
INSV1-f1bf600256d2e52e98eb037f,EC-GAD-DAULE-LPI-GADIMCD-2025-01,REGENERACION,12.040000,u,1,PRV1-ddca110aee3aa24b84907af7,Precio documental observado en proyecto fuente; no equivale a precio de mercado actual.
INSV1-f1cdeca7ab39e36f230238d1,EC-GAD-DAULE-LPI-GADIMCD-2025-01,REGENERACION,5.600000,m,4,PRV1-5ee2fb77dd709925d83980d5,Precio documental observado en proyecto fuente; no equivale a precio de mercado actual.
INSV1-f1d6a7299122b113b5581f56,EC-GAD-DAULE-LPI-GADIMCD-2025-01,REGENERACION,30.360000,m,2,PRV1-c542f0210cd503089fc02a89,Precio documental observado en proyecto fuente; no equivale a precio de mercado actual.
INSV1-f1eb6b80e839427bc26c57e1,EC-GAD-DAULE-LPI-GADIMCD-2025-03,MALECON,0.500000,u,2,PRV1-9ef94e947f43dde86bd177d9,Precio documental observado en proyecto fuente; no equivale a precio de mercado actual.
INSV1-f1eee6d6dc575f3f234ca233,EC-GAD-DAULE-LPI-GADIMCD-2025-03,MALECON,10.000000,sc,6,PRV1-018fde6593d2d292b476601f,Precio documental observado en proyecto fuente; no equivale a precio de mercado actual.
INSV1-f2395da013f90fb2f10726af,EC-GAD-DAULE-LPI-GADIMCD-2025-01,REGENERACION,431.010000,u,2,PRV1-8e3d47fa4d940930a2b8e5b6,Precio documental observado en proyecto fuente; no equivale a precio de mercado actual.
INSV1-f2a67e6b07cf302b9946008f,EC-GAD-DAULE-LPI-GADIMCD-2025-03,MALECON,9.500000,u,1,PRV1-6d3471bd58ef8b46d1626341,Precio documental observado en proyecto fuente; no equivale a precio de mercado actual.
INSV1-f36760bc9f1a1e29a0ab8fcf,EC-GAD-DAULE-LPI-GADIMCD-2025-03,MALECON,2.930000,kg,56,PRV1-8cbf9c1bb51f031cd8b4ab7c,Precio documental observado en proyecto fuente; no equivale a precio de mercado actual.
INSV1-f3b2721a6147b675ba359f32,EC-GAD-DAULE-LPI-GADIMCD-2025-03,MALECON,490.000000,u,2,PRV1-9d1eafd4a7d1b78f2f2dc02c,Precio documental observado en proyecto fuente; no equivale a precio de mercado actual.
INSV1-f3b847dc115864b9861f00bc,EC-GAD-DAULE-LPI-GADIMCD-2025-03,MALECON,559.000000,u,1,PRV1-4e0aa2a0a25c560fa666fc0f,Precio documental observado en proyecto fuente; no equivale a precio de mercado actual.
INSV1-f3bd02245b8e4ed675e21a35,EC-GAD-DAULE-LPI-GADIMCD-2025-03,MALECON,170.380000,u,1,PRV1-8f5b57baac073e4536a8d309,Precio documental observado en proyecto fuente; no equivale a precio de mercado actual.
INSV1-f3e8575d2d18a29755ef7c25,EC-GAD-DAULE-LPI-GADIMCD-2025-03,MALECON,167.000000,m2,3,PRV1-911a43df65bafba06f587b7f,Precio documental observado en proyecto fuente; no equivale a precio de mercado actual.
INSV1-f4584713ea2b2d541e68ca21,EC-GAD-DAULE-LPI-GADIMCD-2025-03,MALECON,1.500000,u,1,PRV1-40fe055ee06659425bd8fe94,Precio documental observado en proyecto fuente; no equivale a precio de mercado actual.
INSV1-f4a1b37ca8e856db26be8dfa,EC-GAD-DAULE-LPI-GADIMCD-2025-03,MALECON,116.630000,m3,38,PRV1-1c554109b96871c0217c3562,Precio documental observado en proyecto fuente; no equivale a precio de mercado actual.
INSV1-f4c59e2d0fe5d3268e223d90,EC-GAD-DAULE-LPI-GADIMCD-2025-03,MALECON,30.330000,u,1,PRV1-1cff7b09abb3d63ce38a4c5b,Precio documental observado en proyecto fuente; no equivale a precio de mercado actual.
INSV1-f4d1adce116d818fe9a1477a,EC-GAD-DAULE-LPI-GADIMCD-2025-03,MALECON,1.850000,kg,32,PRV1-888d679749cea7b802f8a568,Precio documental observado en proyecto fuente; no equivale a precio de mercado actual.
INSV1-f56d2a4a9dfc73f96e8f1659,EC-GAD-DAULE-LPI-GADIMCD-2025-03,MALECON,12.500000,u,1,PRV1-80f19aa7479fd3fa2d36ecef,Precio documental observado en proyecto fuente; no equivale a precio de mercado actual.
INSV1-f59d2176cdd6dc4ad60d1696,EC-GAD-DAULE-LPI-GADIMCD-2025-03,MALECON,127.810000,m2,2,PRV1-30e343c68a7aa3a9d611adec,Precio documental observado en proyecto fuente; no equivale a precio de mercado actual.
INSV1-f59f948ca41a438485b56fd0,EC-GAD-DAULE-LPI-GADIMCD-2025-03,MALECON,174.050000,u,3,PRV1-18c5e2e50b9a552bc69ec8ba,Precio documental observado en proyecto fuente; no equivale a precio de mercado actual.
INSV1-f5def86f6178123c3d1dc411,EC-GAD-DAULE-LPI-GADIMCD-2025-03,MALECON,1.210000,kg,2,PRV1-9c829dc9600e161abd9b6643,Precio documental observado en proyecto fuente; no equivale a precio de mercado actual.
INSV1-f6cb4e42ef7967418fb8cbe9,EC-GAD-DAULE-LPI-GADIMCD-2025-03,MALECON,198.000000,u,1,PRV1-f6bdb670db75ecb11dc9eb81,Precio documental observado en proyecto fuente; no equivale a precio de mercado actual.
INSV1-f794e33c757f8d043996ae13,EC-GAD-DAULE-LPI-GADIMCD-2025-03,MALECON,111.520000,m,1,PRV1-e3328964d85940d969a8ed23,Precio documental observado en proyecto fuente; no equivale a precio de mercado actual.
INSV1-f7a297ab48de62ff462fe52f,EC-GAD-DAULE-LPI-GADIMCD-2025-03,MALECON,55.040000,u,1,PRV1-b60b6528ca9d58d287e86019,Precio documental observado en proyecto fuente; no equivale a precio de mercado actual.
INSV1-f7ced7def770b9e44363e924,EC-GAD-DAULE-LPI-GADIMCD-2025-01,REGENERACION,1.710000,kg,9,PRV1-d16c781b1c0e9e2fc2bc85f4,Precio documental observado en proyecto fuente; no equivale a precio de mercado actual.
INSV1-f7ced7def770b9e44363e924,EC-GAD-DAULE-LPI-GADIMCD-2025-03,MALECON,1.700000,kg,4,PRV1-9972e27bad22b5229b36dea5,Precio documental observado en proyecto fuente; no equivale a precio de mercado actual.
INSV1-f80d7cecf2c788c6d0860d9c,EC-GAD-DAULE-LPI-GADIMCD-2025-03,MALECON,0.550000,rl,16,PRV1-5679c7075799540a9c9231e5,Precio documental observado en proyecto fuente; no equivale a precio de mercado actual.
INSV1-f8309d320b0175f0806b191a,EC-GAD-DAULE-LPI-GADIMCD-2025-03,MALECON,3600.000000,u,1,PRV1-de3541674c9e00370333f09a,Precio documental observado en proyecto fuente; no equivale a precio de mercado actual.
INSV1-f83f4f21e20c24a4327e0d14,EC-GAD-DAULE-LPI-GADIMCD-2025-03,MALECON,26.800000,u,1,PRV1-4a56412736a6d71e3586916d,Precio documental observado en proyecto fuente; no equivale a precio de mercado actual.
INSV1-f847ae3a24418967c226f219,EC-GAD-DAULE-LPI-GADIMCD-2025-01,REGENERACION,20.240000,m2,2,PRV1-63f2f60fe3192268b3192e67,Precio documental observado en proyecto fuente; no equivale a precio de mercado actual.
INSV1-f84ef90ddd0b2c6fc53685ff,EC-GAD-DAULE-LPI-GADIMCD-2025-03,MALECON,10.220000,u,1,PRV1-b56b6601e9d7bf511c6bb4de,Precio documental observado en proyecto fuente; no equivale a precio de mercado actual.
INSV1-f8a9867228c0de7e109f13b9,EC-GAD-DAULE-LPI-GADIMCD-2025-03,MALECON,1.360000,kg,2,PRV1-ba5bf769a46b103941d8b5a6,Precio documental observado en proyecto fuente; no equivale a precio de mercado actual.
INSV1-f8d27d486f761cbd010c2372,EC-GAD-DAULE-LPI-GADIMCD-2025-03,MALECON,15.000000,u,1,PRV1-bfdb7ec8ad6f819ca734da13,Precio documental observado en proyecto fuente; no equivale a precio de mercado actual.
INSV1-f8f67947443b9d388dd528b1,EC-GAD-DAULE-LPI-GADIMCD-2025-03,MALECON,1.500000,u,1,PRV1-3a289b120a8557bc293b2dfb,Precio documental observado en proyecto fuente; no equivale a precio de mercado actual.
INSV1-f91d37e379e1829967ffee06,EC-GAD-DAULE-LPI-GADIMCD-2025-01,REGENERACION,30.000000,u,10,PRV1-14f66df91bdd461c6dab0a9a,Precio documental observado en proyecto fuente; no equivale a precio de mercado actual.
INSV1-f95566efd6911d37efb95501,EC-GAD-DAULE-LPI-GADIMCD-2025-03,MALECON,25.000000,h,3,PRV1-9c89a8dedfa30cc8b18f6d76,Precio documental observado en proyecto fuente; no equivale a precio de mercado actual.
INSV1-f99ef438587facfcfe5ed7dc,EC-GAD-DAULE-LPI-GADIMCD-2025-03,MALECON,3.000000,u,2,PRV1-27e8a5e283a949714672b329,Precio documental observado en proyecto fuente; no equivale a precio de mercado actual.
INSV1-f9a5ce3f34cfe48cfd39ecb7,EC-GAD-DAULE-LPI-GADIMCD-2025-03,MALECON,90.000000,u,1,PRV1-57d0a6a2cb6a6188216370a4,Precio documental observado en proyecto fuente; no equivale a precio de mercado actual.
INSV1-f9e016399da24c5d3fc4e584,EC-GAD-DAULE-LPI-GADIMCD-2025-03,MALECON,38.820000,u,1,PRV1-f5ecbb1b92db5414c580fe15,Precio documental observado en proyecto fuente; no equivale a precio de mercado actual.
INSV1-f9ec6f80214f44d52f622b32,EC-GAD-DAULE-LPI-GADIMCD-2025-03,MALECON,136.650000,m3,6,PRV1-c70c348cf4a89284b608b6d9,Precio documental observado en proyecto fuente; no equivale a precio de mercado actual.
INSV1-fa567e6c731c5d222c825a64,EC-GAD-DAULE-LPI-GADIMCD-2025-03,MALECON,0.640000,u,1,PRV1-c5bd8ad3318fb9f58bbbb729,Precio documental observado en proyecto fuente; no equivale a precio de mercado actual.
INSV1-fa87f821220a8a8d824b1da1,EC-GAD-DAULE-LPI-GADIMCD-2025-03,MALECON,11123.000000,u,1,PRV1-1e7a923ead642281e4fc383a,Precio documental observado en proyecto fuente; no equivale a precio de mercado actual.
INSV1-fa8ca00e81f1a3a0e3c6a266,EC-GAD-DAULE-LPI-GADIMCD-2025-01,REGENERACION,5.500000,glb,8,PRV1-6476a6f991132a863fa50b8f,Precio documental observado en proyecto fuente; no equivale a precio de mercado actual.
INSV1-faa985f1599adff7aa505fdf,EC-GAD-DAULE-LPI-GADIMCD-2025-03,MALECON,1.500000,u,1,PRV1-9353b882b0925ec1476cad01,Precio documental observado en proyecto fuente; no equivale a precio de mercado actual.
INSV1-faaf2d0d4516f81f5e7c493d,EC-GAD-DAULE-LPI-GADIMCD-2025-01,REGENERACION,0.300000,u,2,PRV1-bda0917a6eb9094f3d1e082d,Precio documental observado en proyecto fuente; no equivale a precio de mercado actual.
INSV1-fabcebf53a28ed1bb4a3e571,EC-GAD-DAULE-LPI-GADIMCD-2025-03,MALECON,1.000000,u,1,PRV1-dfee6f7b435cb9f8241f1a30,Precio documental observado en proyecto fuente; no equivale a precio de mercado actual.
INSV1-fabd5602240cca5b5e2d2468,EC-GAD-DAULE-LPI-GADIMCD-2025-03,MALECON,10.600000,u,2,PRV1-d36af13bfd2ae40c6d0634b2,Precio documental observado en proyecto fuente; no equivale a precio de mercado actual.
INSV1-fabf4411323d5b985fff3602,EC-GAD-DAULE-LPI-GADIMCD-2025-01,REGENERACION,88.500000,u,2,PRV1-db68f358958e403762f78ca0,Precio documental observado en proyecto fuente; no equivale a precio de mercado actual.
INSV1-fac014a7129b7233a8ef32e7,EC-GAD-DAULE-LPI-GADIMCD-2025-03,MALECON,2.000000,u,1,PRV1-c3a03289882e1ffcf5f0e130,Precio documental observado en proyecto fuente; no equivale a precio de mercado actual.
INSV1-fb2e38a1c1902501a7b3dd73,EC-GAD-DAULE-LPI-GADIMCD-2025-03,MALECON,14.910000,u,1,PRV1-362a5a802ded9e7d6153d6f0,Precio documental observado en proyecto fuente; no equivale a precio de mercado actual.
INSV1-fb625e7e6e28ff6b8dc5f5b6,EC-GAD-DAULE-LPI-GADIMCD-2025-03,MALECON,2722.220000,u,1,PRV1-99098f3124791190ca4172fe,Precio documental observado en proyecto fuente; no equivale a precio de mercado actual.
INSV1-fbdb6f4a9a2426c31001fb07,EC-GAD-DAULE-LPI-GADIMCD-2025-03,MALECON,0.720000,kg,27,PRV1-2a5669f3375fcbbf337ed329,Precio documental observado en proyecto fuente; no equivale a precio de mercado actual.
INSV1-fbdc06394ad96bf668cadf0f,EC-GAD-DAULE-LPI-GADIMCD-2025-01,REGENERACION,16.380000,galon,5,PRV1-7d1dead9f517160b9feed40d,Precio documental observado en proyecto fuente; no equivale a precio de mercado actual.
INSV1-fc3a3570ad822c2a3b824381,EC-GAD-DAULE-LPI-GADIMCD-2025-03,MALECON,33.270000,u,1,PRV1-48b49de9a7b43d151d3c6d5e,Precio documental observado en proyecto fuente; no equivale a precio de mercado actual.
INSV1-fc59e6a5cd94967ef29745b7,EC-GAD-DAULE-LPI-GADIMCD-2025-03,MALECON,16.450000,m3,1,PRV1-dbace05e124a37444c61a2f8,Precio documental observado en proyecto fuente; no equivale a precio de mercado actual.
INSV1-fc73fb1276d8fc869bc427a7,EC-GAD-DAULE-LPI-GADIMCD-2025-03,MALECON,1.500000,kg,3,PRV1-aedf6cfa406c97a357615c2f,Precio documental observado en proyecto fuente; no equivale a precio de mercado actual.
INSV1-fc7543347f00882476862cf1,EC-GAD-DAULE-LPI-GADIMCD-2025-03,MALECON,61.600000,u,1,PRV1-ae2598575c6d82ecba7838d6,Precio documental observado en proyecto fuente; no equivale a precio de mercado actual.
INSV1-fce8616639286680f4e652e9,EC-GAD-DAULE-LPI-GADIMCD-2025-03,MALECON,25.000000,h,12,PRV1-6961fecce70bdbc890e910d4,Precio documental observado en proyecto fuente; no equivale a precio de mercado actual.
INSV1-fcf664053048188b45134b36,EC-GAD-DAULE-LPI-GADIMCD-2025-03,MALECON,72.000000,u,2,PRV1-d8831888a0421931c9029547,Precio documental observado en proyecto fuente; no equivale a precio de mercado actual.
INSV1-fd22a13a710f58d68e3594e7,EC-GAD-DAULE-LPI-GADIMCD-2025-01,REGENERACION,4.080000,m,11,PRV1-3b1a30b01be1025f8d15507f,Precio documental observado en proyecto fuente; no equivale a precio de mercado actual.
INSV1-fdbc1d35f72d19a583ee3a26,EC-GAD-DAULE-LPI-GADIMCD-2025-01,REGENERACION,125.110000,u,2,PRV1-832aebe8b76e524a761547be,Precio documental observado en proyecto fuente; no equivale a precio de mercado actual.
INSV1-fdc1d92f317edf12158626d9,EC-GAD-DAULE-LPI-GADIMCD-2025-03,MALECON,3.500000,m,2,PRV1-eba0b51b33ad27941d010223,Precio documental observado en proyecto fuente; no equivale a precio de mercado actual.
INSV1-fe1c4b88ce8b43140e64613b,EC-GAD-DAULE-LPI-GADIMCD-2025-03,MALECON,14.340000,u,1,PRV1-96e799cd3f89dc3ef5f2b36f,Precio documental observado en proyecto fuente; no equivale a precio de mercado actual.
INSV1-fe8c29b7f95572b3c93379cb,EC-GAD-DAULE-LPI-GADIMCD-2025-01,REGENERACION,375.000000,u,2,PRV1-a791c4ef8d435f960ebec0b4,Precio documental observado en proyecto fuente; no equivale a precio de mercado actual.
INSV1-fe9537c34546450ae6faef3a,EC-GAD-DAULE-LPI-GADIMCD-2025-03,MALECON,6.720000,u,1,PRV1-19c63d15ba65b0ad7a2feccc,Precio documental observado en proyecto fuente; no equivale a precio de mercado actual.
INSV1-fea047f0f909ca24cddfe470,EC-GAD-DAULE-LPI-GADIMCD-2025-03,MALECON,2.200000,kg,24,PRV1-0e47452a25005d5602b14f5f,Precio documental observado en proyecto fuente; no equivale a precio de mercado actual.
INSV1-fee6ef142cb959fc0502ab95,EC-GAD-DAULE-LPI-GADIMCD-2025-03,MALECON,7.000000,l,1,PRV1-20956ca22626e26e5c1476ab,Precio documental observado en proyecto fuente; no equivale a precio de mercado actual.
INSV1-feeb1fd489bb0471af4473ea,EC-GAD-DAULE-LPI-GADIMCD-2025-03,MALECON,9.500000,galón (us),2,PRV1-7aa1fd88bb7348ba0acb50a9,Precio documental observado en proyecto fuente; no equivale a precio de mercado actual.
INSV1-ff6468e7f0e83aa116ef8f5c,EC-GAD-DAULE-LPI-GADIMCD-2025-03,MALECON,133.980000,u,1,PRV1-b26e0130be931a54a8a9c2b6,Precio documental observado en proyecto fuente; no equivale a precio de mercado actual.
INSV1-ff8e291351963000d084e8e1,EC-GAD-DAULE-LPI-GADIMCD-2025-03,MALECON,12.500000,u,4,PRV1-774613bde3d8be73c2caa134,Precio documental observado en proyecto fuente; no equivale a precio de mercado actual.
INSV1-ffdee1241660e674bf48e081,EC-GAD-DAULE-LPI-GADIMCD-2025-01,REGENERACION,0.610000,kg,4,PRV1-58c19d2edd0b1f2bc1cf09e8,Precio documental observado en proyecto fuente; no equivale a precio de mercado actual.
